,type,properties.blockingAlertUuid,properties.city,properties.country,properties.delay,properties.endNode,properties.id,properties.length,properties.level,properties.line,properties.pubMillis,properties.roadType,properties.segments,properties.speed,properties.speedKMH,properties.street,properties.turnType,properties.type,properties.uuid,properties.utc_timestamp,properties.day_of_week,properties.weekday_weekend,geometry.type,geometry.coordinates,key_date_jams,X,Y,OBJECTID,CaseNumber,MaxInjuryS,CrashSever,RoadwayAcc,CaseYear,CollisionT,CrashDate,CrashTimeF,CrashType,LightCondi,RoadwayCha,RoadSurfac,TrafficCon,TrafficWay,WeatherCon,Commercial,DMVInsertD,NumberOfFa,NumberOfIn,NumberOfOt,NumberOfSe,NumberOfVe,PoliceDept,NonReporta,ReportingA,NonPublicW,UTMEasting,UTMNorthin,Intersecti,ClosestCro,CountyName,DirectionF,DistanceFr,MasterInte,CityTownNa,OnStreet,ReferenceM,ACCESS_CON,DIVIDED,FUNCTIONAL,MAINT_JURI,OWNING_JUR,NAME,POSTED_SPE,ApparentFa,key_date_crashes,jams_x,jams_y
0,Feature,,"Ronkonkoma, NY",US,55.0,I-495 W,1685987858.0,2586.0,1.0,"[{'x': -73.119989, 'y': 40.812752}, {'x': -73.121684, 'y': 40.812631}, {'x': -73.123422, 'y': 40.812542}, {'x': -73.125754, 'y': 40.812452}, {'x': -73.129053, 'y': 40.812368}, {'x': -73.131073, 'y': 40.812314}, {'x': -73.133541, 'y': 40.812246}, {'x': -73.135137, 'y': 40.812162}, {'x': -73.137382, 'y': 40.811991}, {'x': -73.139347, 'y': 40.811777}, {'x': -73.139821, 'y': 40.811721}, {'x': -73.142755, 'y': 40.811375}, {'x': -73.146614, 'y': 40.810931}, {'x': -73.148042, 'y': 40.810757}, {'x': -73.150441, 'y': 40.810464}]",1622723253756.0,3.0,"[{}, {}, {}, {}, {}]",18.42222222222222,66.32,I-495 W,NONE,NONE,1685987858.0,2021-06-03 12:27:33,3,False,LineString,"[[-73.119989, 40.812752], [-73.121684, 40.812631], [-73.123422, 40.812542], [-73.125754, 40.812452], [-73.129053, 40.812368], [-73.131073, 40.812314], [-73.133541, 40.812246], [-73.135137, 40.812162], [-73.137382, 40.811991], [-73.139347, 40.811777], [-73.139821, 40.811721], [-73.142755, 40.811375], [-73.146614, 40.810931], [-73.148042, 40.810757], [-73.150441, 40.810464]]",2021-06-03,-73.0898292702495,40.8150784186894,18245205,38879462,,PROPERTY DAMAGE,999,2021,OTHER,2021/06/03,1900-01-01 12:42:00,COLLISION WITH TREE,DAYLIGHT,STRAIGHT AND LEVEL,WET,NONE,NOT ENTERED,CLOUDY,0,1970/01/01,0,0,0,0,1,5101.0,0,SUFFOLK CO PD YAPHANK,No,661100.84072653,4519984.95383853,INTERSECTION-RELATED,Ramp,Suffolk,WEST,25.0,5030959.0,Brookhaven,I 495,495 07031190,88.0,T,11-Urban Principal Arterial Interstate,NYSDOT,NYSDOT,Long Island Expressway,55.0,"V1:(STEERING FAILURE,NOT APPLICABLE)",2021-06-03,-73.119989,40.812752
1,Feature,,"Lake Ronkonkoma, NY",US,43.0,I-495 W,1686128488.0,2364.0,1.0,"[{'x': -73.092148, 'y': 40.81516}, {'x': -73.097274, 'y': 40.814693}, {'x': -73.103059, 'y': 40.814156}, {'x': -73.107433, 'y': 40.813736}, {'x': -73.115681, 'y': 40.812989}, {'x': -73.119989, 'y': 40.812752}]",1622723604801.0,3.0,"[{}, {}, {}, {}]",19.280555555555555,69.41,I-495 W,NONE,NONE,1686128488.0,2021-06-03 12:33:24,3,False,LineString,"[[-73.092148, 40.81516], [-73.097274, 40.814693], [-73.103059, 40.814156], [-73.107433, 40.813736], [-73.115681, 40.812989], [-73.119989, 40.812752]]",2021-06-03,-73.0898292702495,40.8150784186894,18245205,38879462,,PROPERTY DAMAGE,999,2021,OTHER,2021/06/03,1900-01-01 12:42:00,COLLISION WITH TREE,DAYLIGHT,STRAIGHT AND LEVEL,WET,NONE,NOT ENTERED,CLOUDY,0,1970/01/01,0,0,0,0,1,5101.0,0,SUFFOLK CO PD YAPHANK,No,661100.84072653,4519984.95383853,INTERSECTION-RELATED,Ramp,Suffolk,WEST,25.0,5030959.0,Brookhaven,I 495,495 07031190,88.0,T,11-Urban Principal Arterial Interstate,NYSDOT,NYSDOT,Long Island Expressway,55.0,"V1:(STEERING FAILURE,NOT APPLICABLE)",2021-06-03,-73.092148,40.81516
2,Feature,,"Lake Ronkonkoma, NY",US,53.0,I-495 W,1687131164.0,2364.0,1.0,"[{'x': -73.092148, 'y': 40.81516}, {'x': -73.097274, 'y': 40.814693}, {'x': -73.103059, 'y': 40.814156}, {'x': -73.107433, 'y': 40.813736}, {'x': -73.115681, 'y': 40.812989}, {'x': -73.119989, 'y': 40.812752}]",1622725936504.0,3.0,"[{}, {}, {}, {}]",17.86111111111111,64.3,I-495 W,NONE,NONE,1687131164.0,2021-06-03 13:12:16,3,False,LineString,"[[-73.092148, 40.81516], [-73.097274, 40.814693], [-73.103059, 40.814156], [-73.107433, 40.813736], [-73.115681, 40.812989], [-73.119989, 40.812752]]",2021-06-03,-73.0898292702495,40.8150784186894,18245205,38879462,,PROPERTY DAMAGE,999,2021,OTHER,2021/06/03,1900-01-01 12:42:00,COLLISION WITH TREE,DAYLIGHT,STRAIGHT AND LEVEL,WET,NONE,NOT ENTERED,CLOUDY,0,1970/01/01,0,0,0,0,1,5101.0,0,SUFFOLK CO PD YAPHANK,No,661100.84072653,4519984.95383853,INTERSECTION-RELATED,Ramp,Suffolk,WEST,25.0,5030959.0,Brookhaven,I 495,495 07031190,88.0,T,11-Urban Principal Arterial Interstate,NYSDOT,NYSDOT,Long Island Expressway,55.0,"V1:(STEERING FAILURE,NOT APPLICABLE)",2021-06-03,-73.092148,40.81516
3,Feature,,"Port Chester, NY",US,107.0,I-95 S,1860962626.0,425.0,4.0,"[{'x': -73.659628, 'y': 40.99447}, {'x': -73.662815, 'y': 40.991506}]",1623148587468.0,3.0,[{}],3.430555555555556,12.35,I-95 S,NONE,NONE,1860962626.0,2021-06-08 10:36:27,1,False,LineString,"[[-73.659628, 40.99447], [-73.662815, 40.991506]]",2021-06-08,-73.6687508558052,40.9879078669021,18250805,38885427,,PROPERTY DAMAGE,999,2021,REAR END,2021/06/08,1900-01-01 10:42:00,COLLISION WITH MOTOR VEHICLE,DAYLIGHT,STRAIGHT AND LEVEL,DRY,NONE,NOT ENTERED,CLEAR,0,1970/01/01,0,0,0,0,2,15905.0,0,SP THRUWAY NEW ROCHELLE,No,611981.97826156,4538268.08146698,INTERSECTION-RELATED,,Westchester,NORTH-WEST,21.0,9018899.0,Rye,RAMP,287I87011111,88.0,T,11-Urban Principal Arterial Interstate,NYSDOT,NYSDOT,,55.0,"V1:(NOT APPLICABLE,NOT APPLICABLE) / V2:(FOLLOWING TOO CLOSELY,NOT APPLICABLE)",2021-06-08,-73.659628,40.99447
4,Feature,,"Fishkill, NY",US,96.0,I-84 W,1688579972.0,616.0,3.0,"[{'x': -73.970521, 'y': 41.518433}, {'x': -73.971711, 'y': 41.518174}, {'x': -73.973185, 'y': 41.517982}, {'x': -73.974589, 'y': 41.517906}, {'x': -73.976111, 'y': 41.517946}, {'x': -73.977823, 'y': 41.518059}]",1623372926311.0,3.0,[{}],5.105555555555555,18.38,I-84 W,NONE,NONE,1688579972.0,2021-06-11 00:55:26,4,False,LineString,"[[-73.970521, 41.518433], [-73.971711, 41.518174], [-73.973185, 41.517982], [-73.974589, 41.517906], [-73.976111, 41.517946], [-73.977823, 41.518059]]",2021-06-11,-73.9648687583486,41.5211875598814,18252653,38887365,A - SERIOUS INJURY,INJURY,2,2021,OTHER,2021/06/11,1900-01-01 01:12:00,COLL. W/EARTH ELE./ROCK CUT/DITCH,DARK-ROAD UNLIGHTED,STRAIGHT AND LEVEL,DRY,NONE,"TWO-WAY,DIVIDED,UNPROTECTED MEDIA",CLEAR,1,1970/01/01,0,1,0,1,1,11308.0,0,SP THRUWAY EAST FISHKILL,No,586367.33497083,4597133.6532478,Not an intersection crash,,Dutchess,,0.0,,Fishkill,I 84,84I82021017,88.0,T,11-Urban Principal Arterial Interstate,NYSDOT,NYSDOT,,55.0,"V1:(ILLNESS,NOT APPLICABLE)",2021-06-11,-73.970521,41.518433
5,Feature,,"Beacon, NY",US,73.0,I-84 W,1688976782.0,1276.0,2.0,"[{'x': -73.982007, 'y': 41.51804}, {'x': -73.997147, 'y': 41.519598}]",1623374001475.0,3.0,[{}],10.258333333333333,36.93,I-84 W,NONE,NONE,1688976782.0,2021-06-11 01:13:21,4,False,LineString,"[[-73.982007, 41.51804], [-73.997147, 41.519598]]",2021-06-11,-73.9648687583486,41.5211875598814,18252653,38887365,A - SERIOUS INJURY,INJURY,2,2021,OTHER,2021/06/11,1900-01-01 01:12:00,COLL. W/EARTH ELE./ROCK CUT/DITCH,DARK-ROAD UNLIGHTED,STRAIGHT AND LEVEL,DRY,NONE,"TWO-WAY,DIVIDED,UNPROTECTED MEDIA",CLEAR,1,1970/01/01,0,1,0,1,1,11308.0,0,SP THRUWAY EAST FISHKILL,No,586367.33497083,4597133.6532478,Not an intersection crash,,Dutchess,,0.0,,Fishkill,I 84,84I82021017,88.0,T,11-Urban Principal Arterial Interstate,NYSDOT,NYSDOT,,55.0,"V1:(ILLNESS,NOT APPLICABLE)",2021-06-11,-73.982007,41.51804
6,Feature,,"Beacon, NY",US,178.0,I-84 E,1689003888.0,1275.0,3.0,"[{'x': -73.997155, 'y': 41.51952}, {'x': -73.982019, 'y': 41.517973}]",1623374082875.0,3.0,[{}],5.461111111111111,19.66,I-84 E,NONE,NONE,1689003888.0,2021-06-11 01:14:42,4,False,LineString,"[[-73.997155, 41.51952], [-73.982019, 41.517973]]",2021-06-11,-73.9648687583486,41.5211875598814,18252653,38887365,A - SERIOUS INJURY,INJURY,2,2021,OTHER,2021/06/11,1900-01-01 01:12:00,COLL. W/EARTH ELE./ROCK CUT/DITCH,DARK-ROAD UNLIGHTED,STRAIGHT AND LEVEL,DRY,NONE,"TWO-WAY,DIVIDED,UNPROTECTED MEDIA",CLEAR,1,1970/01/01,0,1,0,1,1,11308.0,0,SP THRUWAY EAST FISHKILL,No,586367.33497083,4597133.6532478,Not an intersection crash,,Dutchess,,0.0,,Fishkill,I 84,84I82021017,88.0,T,11-Urban Principal Arterial Interstate,NYSDOT,NYSDOT,,55.0,"V1:(ILLNESS,NOT APPLICABLE)",2021-06-11,-73.997155,41.51952
7,Feature,,"Beacon, NY",US,154.0,I-84 E,1689003888.0,1275.0,3.0,"[{'x': -73.997155, 'y': 41.51952}, {'x': -73.982019, 'y': 41.517973}]",1623374082875.0,3.0,[{}],6.075,21.87,I-84 E,NONE,NONE,1689003888.0,2021-06-11 01:14:42,4,False,LineString,"[[-73.997155, 41.51952], [-73.982019, 41.517973]]",2021-06-11,-73.9648687583486,41.5211875598814,18252653,38887365,A - SERIOUS INJURY,INJURY,2,2021,OTHER,2021/06/11,1900-01-01 01:12:00,COLL. W/EARTH ELE./ROCK CUT/DITCH,DARK-ROAD UNLIGHTED,STRAIGHT AND LEVEL,DRY,NONE,"TWO-WAY,DIVIDED,UNPROTECTED MEDIA",CLEAR,1,1970/01/01,0,1,0,1,1,11308.0,0,SP THRUWAY EAST FISHKILL,No,586367.33497083,4597133.6532478,Not an intersection crash,,Dutchess,,0.0,,Fishkill,I 84,84I82021017,88.0,T,11-Urban Principal Arterial Interstate,NYSDOT,NYSDOT,,55.0,"V1:(ILLNESS,NOT APPLICABLE)",2021-06-11,-73.997155,41.51952
8,Feature,,"Beacon, NY",US,65.0,I-84 E,1689003888.0,1635.0,2.0,"[{'x': -73.997155, 'y': 41.51952}, {'x': -73.982019, 'y': 41.517973}, {'x': -73.979858, 'y': 41.517679}, {'x': -73.977743, 'y': 41.517726}]",1623374082875.0,3.0,"[{}, {}]",10.16388888888889,36.59,I-84 E,NONE,NONE,1689003888.0,2021-06-11 01:14:42,4,False,LineString,"[[-73.997155, 41.51952], [-73.982019, 41.517973], [-73.979858, 41.517679], [-73.977743, 41.517726]]",2021-06-11,-73.9648687583486,41.5211875598814,18252653,38887365,A - SERIOUS INJURY,INJURY,2,2021,OTHER,2021/06/11,1900-01-01 01:12:00,COLL. W/EARTH ELE./ROCK CUT/DITCH,DARK-ROAD UNLIGHTED,STRAIGHT AND LEVEL,DRY,NONE,"TWO-WAY,DIVIDED,UNPROTECTED MEDIA",CLEAR,1,1970/01/01,0,1,0,1,1,11308.0,0,SP THRUWAY EAST FISHKILL,No,586367.33497083,4597133.6532478,Not an intersection crash,,Dutchess,,0.0,,Fishkill,I 84,84I82021017,88.0,T,11-Urban Principal Arterial Interstate,NYSDOT,NYSDOT,,55.0,"V1:(ILLNESS,NOT APPLICABLE)",2021-06-11,-73.997155,41.51952
9,Feature,,"Beacon, NY",US,95.0,I-84 W,1689339426.0,1626.0,2.0,"[{'x': -73.977823, 'y': 41.518059}, {'x': -73.978635, 'y': 41.518082}, {'x': -73.980018, 'y': 41.517982}, {'x': -73.981316, 'y': 41.517969}, {'x': -73.982007, 'y': 41.51804}, {'x': -73.997147, 'y': 41.519598}]",1623375214936.0,3.0,"[{}, {}]",10.105555555555556,36.38,I-84 W,NONE,NONE,1689339426.0,2021-06-11 01:33:34,4,False,LineString,"[[-73.977823, 41.518059], [-73.978635, 41.518082], [-73.980018, 41.517982], [-73.981316, 41.517969], [-73.982007, 41.51804], [-73.997147, 41.519598]]",2021-06-11,-73.9648687583486,41.5211875598814,18252653,38887365,A - SERIOUS INJURY,INJURY,2,2021,OTHER,2021/06/11,1900-01-01 01:12:00,COLL. W/EARTH ELE./ROCK CUT/DITCH,DARK-ROAD UNLIGHTED,STRAIGHT AND LEVEL,DRY,NONE,"TWO-WAY,DIVIDED,UNPROTECTED MEDIA",CLEAR,1,1970/01/01,0,1,0,1,1,11308.0,0,SP THRUWAY EAST FISHKILL,No,586367.33497083,4597133.6532478,Not an intersection crash,,Dutchess,,0.0,,Fishkill,I 84,84I82021017,88.0,T,11-Urban Principal Arterial Interstate,NYSDOT,NYSDOT,,55.0,"V1:(ILLNESS,NOT APPLICABLE)",2021-06-11,-73.977823,41.518059
10,Feature,,"Bronx, NY",US,131.0,to I-95 S / Upper Level George Washington Br,1794226738.0,188.0,4.0,"[{'x': -73.927662, 'y': 40.845452}, {'x': -73.928785, 'y': 40.845721}, {'x': -73.929426, 'y': 40.845867}, {'x': -73.929793, 'y': 40.845942}]",1623554634407.0,3.0,[{}],1.3277777777777775,4.78,I-95 S,NONE,NONE,1794226738.0,2021-06-13 03:23:54,6,True,LineString,"[[-73.927662, 40.845452], [-73.928785, 40.845721], [-73.929426, 40.845867], [-73.929793, 40.845942]]",2021-06-13,-73.9266778373967,40.8451115544523,18257589,38892569,C - POSSIBLE INJURY,INJURY,888,2021,REAR END,2021/06/13,1900-01-01 03:33:00,COLLISION WITH MOTOR VEHICLE,DAWN,CURVE AND GRADE,DRY,NONE,NOT ENTERED,CLEAR,0,1970/01/01,0,1,1,0,2,3030.0,0,NYC PD,No,590479.79640235,4522117.502673,Not an intersection crash,Sedgwick Ave,Bronx,8.0,64.0,,Bronx,CROSS BRONX EXPY,95IX1M22001,88.0,T,11-Urban Principal Arterial Interstate,NYSDOT,NYSDOT,,50.0,"V1:(TIRE FAILURE/INADEQUATE,NOT ENTERED) / V2:(DRIVER INATTENTION,NOT ENTERED)",2021-06-13,-73.927662,40.845452
11,Feature,,"Bronx, NY",US,111.0,to I-95 S / Upper Level George Washington Br,1794344040.0,188.0,4.0,"[{'x': -73.927662, 'y': 40.845452}, {'x': -73.928785, 'y': 40.845721}, {'x': -73.929426, 'y': 40.845867}, {'x': -73.929793, 'y': 40.845942}]",1623555402301.0,3.0,[{}],1.5444444444444445,5.56,I-95 S,NONE,NONE,1794344040.0,2021-06-13 03:36:42,6,True,LineString,"[[-73.927662, 40.845452], [-73.928785, 40.845721], [-73.929426, 40.845867], [-73.929793, 40.845942]]",2021-06-13,-73.9266778373967,40.8451115544523,18257589,38892569,C - POSSIBLE INJURY,INJURY,888,2021,REAR END,2021/06/13,1900-01-01 03:33:00,COLLISION WITH MOTOR VEHICLE,DAWN,CURVE AND GRADE,DRY,NONE,NOT ENTERED,CLEAR,0,1970/01/01,0,1,1,0,2,3030.0,0,NYC PD,No,590479.79640235,4522117.502673,Not an intersection crash,Sedgwick Ave,Bronx,8.0,64.0,,Bronx,CROSS BRONX EXPY,95IX1M22001,88.0,T,11-Urban Principal Arterial Interstate,NYSDOT,NYSDOT,,50.0,"V1:(TIRE FAILURE/INADEQUATE,NOT ENTERED) / V2:(DRIVER INATTENTION,NOT ENTERED)",2021-06-13,-73.927662,40.845452
12,Feature,,"East Hills, NY",US,72.0,I-495 W,1866731018.0,1382.0,2.0,"[{'x': -73.622443, 'y': 40.783388}, {'x': -73.623077, 'y': 40.783441}, {'x': -73.623954, 'y': 40.783539}, {'x': -73.624863, 'y': 40.783722}, {'x': -73.626475, 'y': 40.78405}, {'x': -73.627818, 'y': 40.784307}, {'x': -73.628347, 'y': 40.784401}, {'x': -73.628882, 'y': 40.784481}, {'x': -73.629589, 'y': 40.784567}, {'x': -73.630311, 'y': 40.784628}, {'x': -73.631047, 'y': 40.784658}, {'x': -73.631773, 'y': 40.784655}, {'x': -73.632501, 'y': 40.78464}, {'x': -73.634199, 'y': 40.784607}, {'x': -73.634724, 'y': 40.784619}, {'x': -73.635307, 'y': 40.784631}, {'x': -73.636084, 'y': 40.784676}, {'x': -73.636803, 'y': 40.784742}, {'x': -73.638614, 'y': 40.784921}]",1623778379955.0,3.0,"[{}, {}, {}, {}, {}, {}]",11.38888888888889,41.0,I-495 W,NONE,NONE,1866731018.0,2021-06-15 17:32:59,1,False,LineString,"[[-73.622443, 40.783388], [-73.623077, 40.783441], [-73.623954, 40.783539], [-73.624863, 40.783722], [-73.626475, 40.78405], [-73.627818, 40.784307], [-73.628347, 40.784401], [-73.628882, 40.784481], [-73.629589, 40.784567], [-73.630311, 40.784628], [-73.631047, 40.784658], [-73.631773, 40.784655], [-73.632501, 40.78464], [-73.634199, 40.784607], [-73.634724, 40.784619], [-73.635307, 40.784631], [-73.636084, 40.784676], [-73.636803, 40.784742], [-73.638614, 40.784921]]",2021-06-15,-73.6489020912043,40.784802110646,18259736,38894828,,PROPERTY DAMAGE,999,2021,REAR END,2021/06/15,1900-01-01 17:45:00,COLLISION WITH MOTOR VEHICLE,DAYLIGHT,STRAIGHT/ GRADE,DRY,NONE,NOT ENTERED,CLEAR,0,1970/01/01,0,0,0,0,2,2900.0,0,NASSAU CO PD COMM BUR,No,613999.74535624,4515746.59130871,INTERSECTION-RELATED,,Nassau,,0.0,8073895.0,North Hempstead,I 495,495 03021042,88.0,T,11-Urban Principal Arterial Interstate,NYSDOT,NYSDOT,Long Island Expressway,45.0,"V1:(FOLLOWING TOO CLOSELY,NOT APPLICABLE) / V2:(NOT APPLICABLE,NOT APPLICABLE)",2021-06-15,-73.622443,40.783388
13,Feature,,"Buffalo, NY",US,104.0,to I-190 N / Niagara Falls,3912046.0,1313.0,3.0,"[{'x': -78.894192, 'y': 42.894841}, {'x': -78.896841, 'y': 42.897475}, {'x': -78.898558, 'y': 42.899276}, {'x': -78.898878, 'y': 42.899703}, {'x': -78.899195, 'y': 42.900158}, {'x': -78.89982, 'y': 42.901174}, {'x': -78.900637, 'y': 42.902596}, {'x': -78.900963, 'y': 42.903224}, {'x': -78.901151, 'y': 42.903801}, {'x': -78.901217, 'y': 42.904135}, {'x': -78.90123, 'y': 42.904405}, {'x': -78.901224, 'y': 42.905214}]",1623799107964.0,3.0,"[{}, {}, {}]",8.519444444444444,30.67,I-190 N,NONE,NONE,3912046.0,2021-06-15 23:18:27,1,False,LineString,"[[-78.894192, 42.894841], [-78.896841, 42.897475], [-78.898558, 42.899276], [-78.898878, 42.899703], [-78.899195, 42.900158], [-78.89982, 42.901174], [-78.900637, 42.902596], [-78.900963, 42.903224], [-78.901151, 42.903801], [-78.901217, 42.904135], [-78.90123, 42.904405], [-78.901224, 42.905214]]",2021-06-15,-78.8987428277625,42.8995317819769,18259609,38894701,,PROPERTY DAMAGE,999,2021,REAR END,2021/06/15,1900-01-01 23:15:00,COLLISION WITH MOTOR VEHICLE,DARK-ROAD LIGHTED,STRAIGHT/ GRADE,DRY,HIGHWAY WORK AREA,NOT ENTERED,CLEAR,0,1970/01/01,0,0,0,0,2,11404.0,0,NYSP THRUWAY BUFFALO,No,181684.3265954,4757036.17431993,Not an intersection crash,Ramp,Erie,4.0,221.0,,Buffalo,I 190,,88.0,T,11-Urban Principal Arterial Interstate,NYS Thruway,NYS Thruway,Niagara Thruway,55.0,"V1:(FOLLOWING TOO CLOSELY,NOT APPLICABLE) / V2:(NOT APPLICABLE,NOT APPLICABLE)",2021-06-15,-78.894192,42.894841
14,Feature,,"Buffalo, NY",US,135.0,to I-190 N / Niagara Falls,3912046.0,1677.0,3.0,"[{'x': -78.891543, 'y': 42.892207}, {'x': -78.896841, 'y': 42.897475}, {'x': -78.898558, 'y': 42.899276}, {'x': -78.898878, 'y': 42.899703}, {'x': -78.899195, 'y': 42.900158}, {'x': -78.89982, 'y': 42.901174}, {'x': -78.900637, 'y': 42.902596}, {'x': -78.900963, 'y': 42.903224}, {'x': -78.901151, 'y': 42.903801}, {'x': -78.901217, 'y': 42.904135}, {'x': -78.90123, 'y': 42.904405}, {'x': -78.901224, 'y': 42.905214}]",1623799107964.0,3.0,"[{}, {}, {}]",8.38888888888889,30.2,I-190 N,NONE,NONE,3912046.0,2021-06-15 23:18:27,1,False,LineString,"[[-78.891543, 42.892207], [-78.896841, 42.897475], [-78.898558, 42.899276], [-78.898878, 42.899703], [-78.899195, 42.900158], [-78.89982, 42.901174], [-78.900637, 42.902596], [-78.900963, 42.903224], [-78.901151, 42.903801], [-78.901217, 42.904135], [-78.90123, 42.904405], [-78.901224, 42.905214]]",2021-06-15,-78.8987428277625,42.8995317819769,18259609,38894701,,PROPERTY DAMAGE,999,2021,REAR END,2021/06/15,1900-01-01 23:15:00,COLLISION WITH MOTOR VEHICLE,DARK-ROAD LIGHTED,STRAIGHT/ GRADE,DRY,HIGHWAY WORK AREA,NOT ENTERED,CLEAR,0,1970/01/01,0,0,0,0,2,11404.0,0,NYSP THRUWAY BUFFALO,No,181684.3265954,4757036.17431993,Not an intersection crash,Ramp,Erie,4.0,221.0,,Buffalo,I 190,,88.0,T,11-Urban Principal Arterial Interstate,NYS Thruway,NYS Thruway,Niagara Thruway,55.0,"V1:(FOLLOWING TOO CLOSELY,NOT APPLICABLE) / V2:(NOT APPLICABLE,NOT APPLICABLE)",2021-06-15,-78.891543,42.892207
15,Feature,,"Syracuse, NY",US,103.0,to I-81 N / Watertown,69527180.0,1020.0,3.0,"[{'x': -76.142053, 'y': 43.038697}, {'x': -76.142085, 'y': 43.039003}, {'x': -76.142143, 'y': 43.039333}, {'x': -76.142256, 'y': 43.039878}, {'x': -76.142317, 'y': 43.040195}, {'x': -76.142362, 'y': 43.040497}, {'x': -76.142398, 'y': 43.040823}, {'x': -76.142422, 'y': 43.04117}, {'x': -76.142437, 'y': 43.041623}, {'x': -76.142438, 'y': 43.041833}, {'x': -76.142442, 'y': 43.043166}, {'x': -76.142462, 'y': 43.044484}, {'x': -76.142478, 'y': 43.047322}, {'x': -76.142425, 'y': 43.047859}]",1624542642153.0,3.0,"[{}, {}]",7.116666666666666,25.62,I-81 N,NONE,NONE,69527180.0,2021-06-24 13:50:42,3,False,LineString,"[[-76.142053, 43.038697], [-76.142085, 43.039003], [-76.142143, 43.039333], [-76.142256, 43.039878], [-76.142317, 43.040195], [-76.142362, 43.040497], [-76.142398, 43.040823], [-76.142422, 43.04117], [-76.142437, 43.041623], [-76.142438, 43.041833], [-76.142442, 43.043166], [-76.142462, 43.044484], [-76.142478, 43.047322], [-76.142425, 43.047859]]",2021-06-24,-76.1424979828585,43.0443730273274,18272108,38907830,A - SERIOUS INJURY,INJURY,999,2021,LEFT TURN (WITH OTHER CAR),2021/06/24,1900-01-01 14:18:00,COLLISION WITH MOTOR VEHICLE,DAYLIGHT,STRAIGHT AND LEVEL,DRY,TRAFFIC SIGNAL,"TWO-WAY,DIVIDED,POSITIVE MEDIA BARR",CLEAR,0,1970/01/01,0,2,1,1,2,3304.0,0,SUNY HEALTH SCIENCE PD,No,406943.48000073,4766375.68000111,AT-INTERSECTION,HARRISON ST,Onondaga,SOUTH-EAST,0.0,15000550.0,Syracuse,ALMOND ST,,0.0,F,14-Urban Principal Arterial Other,City or Village,City or Village,HARRISON STREET,30.0,"V1:(TURNING IMPROPER,TRAFFIC CONTROL DEVICES DISREGARDED) / V2:(NOT APPLICABLE,NOT APPLICABLE)",2021-06-24,-76.142053,43.038697
16,Feature,,"Bronx, NY",US,96.0,to I-295 S,118887958.0,683.0,3.0,"[{'x': -73.816916, 'y': 40.826446}, {'x': -73.816759, 'y': 40.826026}, {'x': -73.816426, 'y': 40.824943}, {'x': -73.816269, 'y': 40.824124}, {'x': -73.81592, 'y': 40.823059}, {'x': -73.815597, 'y': 40.822353}, {'x': -73.815307, 'y': 40.821923}, {'x': -73.815129, 'y': 40.821705}, {'x': -73.815011, 'y': 40.82156}, {'x': -73.814587, 'y': 40.821138}, {'x': -73.814147, 'y': 40.82078}]",1624640566255.0,3.0,"[{}, {}]",5.536111111111111,19.93,I-695 S,NONE,NONE,118887958.0,2021-06-25 17:02:46,4,False,LineString,"[[-73.816916, 40.826446], [-73.816759, 40.826026], [-73.816426, 40.824943], [-73.816269, 40.824124], [-73.81592, 40.823059], [-73.815597, 40.822353], [-73.815307, 40.821923], [-73.815129, 40.821705], [-73.815011, 40.82156], [-73.814587, 40.821138], [-73.814147, 40.82078]]",2021-06-25,-73.8239576647971,40.8243870202542,18273875,38909890,,PROPERTY DAMAGE,888,2021,OVERTAKING,2021/06/25,1900-01-01 16:45:00,COLLISION WITH MOTOR VEHICLE,DAYLIGHT,STRAIGHT AND LEVEL,DRY,NONE,NOT ENTERED,CLEAR,0,1970/01/01,0,0,0,0,2,3030.0,0,NYC PD,No,599170.03866087,4519928.06057526,Not an intersection crash,Ramp,Bronx,8.0,162.0,,Bronx,I 295,295IX1M22024,88.0,T,11-Urban Principal Arterial Interstate,NYSDOT,NYSDOT,CROSS BRONX EXP,50.0,"V1:(NOT ENTERED,NOT ENTERED) / V2:(REACTION TO OTHER UNINVOLVED VEHICL,NOT ENTERED)",2021-06-25,-73.816916,40.826446
17,Feature,,"Evans, NY",US,100.0,to Parking Area,267422526.0,2365.0,2.0,"[{'x': -78.912752, 'y': 42.707786}, {'x': -78.915693, 'y': 42.705748}, {'x': -78.919449, 'y': 42.702996}, {'x': -78.921541, 'y': 42.701341}, {'x': -78.924082, 'y': 42.699251}, {'x': -78.925315, 'y': 42.69822}, {'x': -78.927271, 'y': 42.696563}, {'x': -78.930161, 'y': 42.694167}, {'x': -78.930897, 'y': 42.69355}, {'x': -78.932078, 'y': 42.692518}, {'x': -78.932424, 'y': 42.692229}]",1624886561409.0,3.0,"[{}, {}]",12.655555555555557,45.56,I-90 W,NONE,SMALL,267422526.0,2021-06-28 13:22:41,0,False,LineString,"[[-78.912752, 42.707786], [-78.915693, 42.705748], [-78.919449, 42.702996], [-78.921541, 42.701341], [-78.924082, 42.699251], [-78.925315, 42.69822], [-78.927271, 42.696563], [-78.930161, 42.694167], [-78.930897, 42.69355], [-78.932078, 42.692518], [-78.932424, 42.692229]]",2021-06-28,-78.922788469947,42.7003097399215,18275491,38911725,,PROPERTY DAMAGE,2,2021,REAR END,2021/06/28,1900-01-01 13:35:00,COLLISION WITH MOTOR VEHICLE,DAYLIGHT,STRAIGHT AND LEVEL,DRY,HIGHWAY WORK AREA,"TWO-WAY,DIVIDED,UNPROTECTED MEDIA",CLEAR,1,1970/01/01,0,0,0,0,2,11404.0,0,NYSP THRUWAY BUFFALO,No,178689.96949591,4735001.02993365,Not an intersection crash,,Erie,,0.0,,Hamburg,I 90,,88.0,T,11-Urban Principal Arterial Interstate,NYS Thruway,NYS Thruway,NYS Thruway,65.0,"V1:(FOLLOWING TOO CLOSELY,NOT APPLICABLE) / V2:(NOT APPLICABLE,NOT APPLICABLE)",2021-06-28,-78.912752,42.707786