,type,properties.blockingAlertUuid,properties.city,properties.country,properties.delay,properties.endNode,properties.id,properties.length,properties.level,properties.line,properties.pubMillis,properties.roadType,properties.segments,properties.speed,properties.speedKMH,properties.street,properties.turnType,properties.type,properties.uuid,properties.utc_timestamp,properties.day_of_week,properties.weekday_weekend,geometry.type,geometry.coordinates,key_date_jams,X,Y,OBJECTID,CaseNumber,MaxInjuryS,CrashSever,RoadwayAcc,CaseYear,CollisionT,CrashDate,CrashTimeF,CrashType,LightCondi,RoadwayCha,RoadSurfac,TrafficCon,TrafficWay,WeatherCon,Commercial,DMVInsertD,NumberOfFa,NumberOfIn,NumberOfOt,NumberOfSe,NumberOfVe,PoliceDept,NonReporta,ReportingA,NonPublicW,UTMEasting,UTMNorthin,Intersecti,ClosestCro,CountyName,DirectionF,DistanceFr,MasterInte,CityTownNa,OnStreet,ReferenceM,ACCESS_CON,DIVIDED,FUNCTIONAL,MAINT_JURI,OWNING_JUR,NAME,POSTED_SPE,ApparentFa,key_date_crashes,jams_x,jams_y
18,Feature,,"Rye Brook, NY",US,109.0,I-287 E,558123462.0,744.0,3.0,"[{'x': -73.684817, 'y': 41.000612}, {'x': -73.684067, 'y': 41.000311}, {'x': -73.683167, 'y': 40.999846}, {'x': -73.682691, 'y': 40.999569}, {'x': -73.682427, 'y': 40.999394}, {'x': -73.682151, 'y': 40.999186}, {'x': -73.681679, 'y': 40.998782}, {'x': -73.68115, 'y': 40.998295}, {'x': -73.680812, 'y': 40.997947}, {'x': -73.680535, 'y': 40.997615}, {'x': -73.680191, 'y': 40.997104}, {'x': -73.679354, 'y': 40.995586}]",1624921400770.0,3.0,[{}],5.461111111111111,19.66,I-287 E,NONE,NONE,558123462.0,2021-06-28 23:03:20,0,False,LineString,"[[-73.684817, 41.000612], [-73.684067, 41.000311], [-73.683167, 40.999846], [-73.682691, 40.999569], [-73.682427, 40.999394], [-73.682151, 40.999186], [-73.681679, 40.998782], [-73.68115, 40.998295], [-73.680812, 40.997947], [-73.680535, 40.997615], [-73.680191, 40.997104], [-73.679354, 40.995586]]",2021-06-28,-73.6958007517611,40.9786235844964,18277907,38914334,,PROPERTY DAMAGE,999,2021,OVERTAKING,2021/06/28,1900-01-01 22:50:00,COLLISION WITH MOTOR VEHICLE,DARK-ROAD LIGHTED,STRAIGHT AND LEVEL,DRY,NONE,NOT ENTERED,CLEAR,0,1970/01/01,0,0,0,0,2,15905.0,0,SP THRUWAY NEW ROCHELLE,No,609721.92887439,4537203.07264389,INTERSECTION-RELATED,Ramp,Westchester,WEST,13.0,9016978.0,Rye,I 95,,88.0,T,11-Urban Principal Arterial Interstate,NYS Thruway,NYS Thruway,New England Thruway,55.0,"V1:(UNSAFE LANE CHANGE,NOT APPLICABLE) / V2:(NOT APPLICABLE,NOT APPLICABLE)",2021-06-28,-73.684817,41.000612
19,Feature,,"Pelham Manor, NY",US,105.0,I-95 N,615917558.0,1133.0,3.0,"[{'x': -73.80441, 'y': 40.886281}, {'x': -73.803722, 'y': 40.886592}, {'x': -73.803341, 'y': 40.886821}, {'x': -73.802968, 'y': 40.887087}, {'x': -73.802614, 'y': 40.887397}, {'x': -73.802318, 'y': 40.887703}, {'x': -73.802043, 'y': 40.888048}, {'x': -73.801777, 'y': 40.888438}, {'x': -73.800882, 'y': 40.889914}, {'x': -73.800375, 'y': 40.890794}, {'x': -73.800133, 'y': 40.891191}, {'x': -73.799862, 'y': 40.891686}, {'x': -73.798177, 'y': 40.895097}]",1625091039631.0,3.0,[{}],7.663888888888889,27.59,I-95 N,NONE,NONE,615917558.0,2021-06-30 22:10:39,2,False,LineString,"[[-73.80441, 40.886281], [-73.803722, 40.886592], [-73.803341, 40.886821], [-73.802968, 40.887087], [-73.802614, 40.887397], [-73.802318, 40.887703], [-73.802043, 40.888048], [-73.801777, 40.888438], [-73.800882, 40.889914], [-73.800375, 40.890794], [-73.800133, 40.891191], [-73.799862, 40.891686], [-73.798177, 40.895097]]",2021-06-30,-73.8158805575649,40.886674140916,18290444,38927450,,PROPERTY DAMAGE,888,2021,OTHER,2021/06/30,1900-01-01 22:00:00,COLLISION WITH MOTOR VEHICLE,UNKNOWN,UNKNOWN,UNKNOWN,UNKNOWN,NOT ENTERED,UNKNOWN,0,1970/01/01,0,0,0,0,2,,0,,No,599757.66445027,4526851.7363669,Not an intersection crash,,Bronx,,0.0,,Bronx,NEW ENGLAND TRWY,,88.0,T,11-Urban Principal Arterial Interstate,NYS Thruway,NYS Thruway,,50.0,"V1:(NOT ENTERED,NOT ENTERED) / V2:(NOT ENTERED,NOT ENTERED)",2021-06-30,-73.80441,40.886281
20,Feature,,"Bronx, NY",US,106.0,I-95 N / Bruckner Expwy,627328088.0,631.0,3.0,"[{'x': -73.824613, 'y': 40.836258}, {'x': -73.824738, 'y': 40.836416}, {'x': -73.825128, 'y': 40.837151}, {'x': -73.825375, 'y': 40.837773}, {'x': -73.825477, 'y': 40.838279}, {'x': -73.825553, 'y': 40.838818}, {'x': -73.825563, 'y': 40.840468}, {'x': -73.825587, 'y': 40.841349}, {'x': -73.825552, 'y': 40.84182}]",1625142739898.0,3.0,[{}],4.838888888888889,17.42,I-695 N,NONE,NONE,627328088.0,2021-07-01 12:32:19,3,False,LineString,"[[-73.824613, 40.836258], [-73.824738, 40.836416], [-73.825128, 40.837151], [-73.825375, 40.837773], [-73.825477, 40.838279], [-73.825553, 40.838818], [-73.825563, 40.840468], [-73.825587, 40.841349], [-73.825552, 40.84182]]",2021-07-01,-73.8261521748392,40.8539212866609,18284286,38920998,,PROPERTY DAMAGE,888,2021,OVERTAKING,2021/07/01,1900-01-01 12:09:00,COLLISION WITH MOTOR VEHICLE,DAYLIGHT,STRAIGHT AND LEVEL,DRY,NONE,NOT ENTERED,CLEAR,0,1970/01/01,0,0,0,0,2,3030.0,0,NYC PD,No,598941.05099469,4523204.17237541,Not an intersection crash,Ramp,Bronx,1.0,60.0,,Bronx,BRUCKNER EXPY,95IX1M21071,88.0,T,11-Urban Principal Arterial Interstate,NYSDOT,NYSDOT,Bruckner Expressway,50.0,"V1:(NOT ENTERED,NOT ENTERED) / V2:(UNKNOWN,NOT ENTERED)",2021-07-01,-73.824613,40.836258
21,Feature,,"Rye, NY",US,93.0,I-95 N,630007062.0,1553.0,2.0,"[{'x': -73.683291, 'y': 40.986345}, {'x': -73.681957, 'y': 40.986882}, {'x': -73.681343, 'y': 40.987075}, {'x': -73.68077, 'y': 40.987227}, {'x': -73.680383, 'y': 40.987327}, {'x': -73.67989, 'y': 40.987431}, {'x': -73.679414, 'y': 40.987521}, {'x': -73.678686, 'y': 40.987623}, {'x': -73.678109, 'y': 40.987679}, {'x': -73.677728, 'y': 40.987707}, {'x': -73.677504, 'y': 40.987724}, {'x': -73.676986, 'y': 40.987735}, {'x': -73.676692, 'y': 40.987747}, {'x': -73.676449, 'y': 40.987749}, {'x': -73.676123, 'y': 40.987744}, {'x': -73.675721, 'y': 40.987725}, {'x': -73.674973, 'y': 40.98766}, {'x': -73.673175, 'y': 40.987453}, {'x': -73.672052, 'y': 40.987346}, {'x': -73.671441, 'y': 40.987288}, {'x': -73.670908, 'y': 40.987267}, {'x': -73.670314, 'y': 40.987287}, {'x': -73.669799, 'y': 40.987334}, {'x': -73.669309, 'y': 40.987412}, {'x': -73.668516, 'y': 40.987581}, {'x': -73.667946, 'y': 40.987719}, {'x': -73.667478, 'y': 40.987867}, {'x': -73.667011, 'y': 40.988035}, {'x': -73.666544, 'y': 40.988232}, {'x': -73.665597, 'y': 40.988655}]",1625149694472.0,3.0,"[{}, {}, {}, {}, {}]",10.094444444444443,36.34,I-95 N,NONE,NONE,630007062.0,2021-07-01 14:28:14,3,False,LineString,"[[-73.683291, 40.986345], [-73.681957, 40.986882], [-73.681343, 40.987075], [-73.68077, 40.987227], [-73.680383, 40.987327], [-73.67989, 40.987431], [-73.679414, 40.987521], [-73.678686, 40.987623], [-73.678109, 40.987679], [-73.677728, 40.987707], [-73.677504, 40.987724], [-73.676986, 40.987735], [-73.676692, 40.987747], [-73.676449, 40.987749], [-73.676123, 40.987744], [-73.675721, 40.987725], [-73.674973, 40.98766], [-73.673175, 40.987453], [-73.672052, 40.987346], [-73.671441, 40.987288], [-73.670908, 40.987267], [-73.670314, 40.987287], [-73.669799, 40.987334], [-73.669309, 40.987412], [-73.668516, 40.987581], [-73.667946, 40.987719], [-73.667478, 40.987867], [-73.667011, 40.988035], [-73.666544, 40.988232], [-73.665597, 40.988655]]",2021-07-01,-73.6664620223871,40.9884260556444,18278310,38914738,B - INJURY,INJURY,999,2021,OTHER,2021/07/01,1900-01-01 14:18:00,COLLISION WITH GUIDERAIL - END,DAYLIGHT,CURVE AND LEVEL,WET,NONE,NOT ENTERED,CLEAR,0,1970/01/01,0,1,1,0,1,15904.0,0,NYSP THRUWAY TARRYTOWN,No,612173.63693626,4538328.54466992,INTERSECTION-RELATED,Ramp,Westchester,NORTH-WEST,1.0,9018904.0,Port Chester,I 95,,88.0,T,11-Urban Principal Arterial Interstate,NYS Thruway,NYS Thruway,,55.0,"V1:(FELL ASLEEP,NOT APPLICABLE)",2021-07-01,-73.683291,40.986345
22,Feature,,"Rye, NY",US,114.0,I-95 N,630007062.0,2195.0,2.0,"[{'x': -73.689395, 'y': 40.98291}, {'x': -73.688893, 'y': 40.983239}, {'x': -73.686626, 'y': 40.984681}, {'x': -73.685784, 'y': 40.985204}, {'x': -73.685249, 'y': 40.985507}, {'x': -73.684777, 'y': 40.985745}, {'x': -73.683291, 'y': 40.986345}, {'x': -73.681957, 'y': 40.986882}, {'x': -73.681343, 'y': 40.987075}, {'x': -73.68077, 'y': 40.987227}, {'x': -73.680383, 'y': 40.987327}, {'x': -73.67989, 'y': 40.987431}, {'x': -73.679414, 'y': 40.987521}, {'x': -73.678686, 'y': 40.987623}, {'x': -73.678109, 'y': 40.987679}, {'x': -73.677728, 'y': 40.987707}, {'x': -73.677504, 'y': 40.987724}, {'x': -73.676986, 'y': 40.987735}, {'x': -73.676692, 'y': 40.987747}, {'x': -73.676449, 'y': 40.987749}, {'x': -73.676123, 'y': 40.987744}, {'x': -73.675721, 'y': 40.987725}, {'x': -73.674973, 'y': 40.98766}, {'x': -73.673175, 'y': 40.987453}, {'x': -73.672052, 'y': 40.987346}, {'x': -73.671441, 'y': 40.987288}, {'x': -73.670908, 'y': 40.987267}, {'x': -73.670314, 'y': 40.987287}, {'x': -73.669799, 'y': 40.987334}, {'x': -73.669309, 'y': 40.987412}, {'x': -73.668516, 'y': 40.987581}, {'x': -73.667946, 'y': 40.987719}, {'x': -73.667478, 'y': 40.987867}, {'x': -73.667011, 'y': 40.988035}, {'x': -73.666544, 'y': 40.988232}, {'x': -73.665597, 'y': 40.988655}]",1625149694472.0,3.0,"[{}, {}, {}, {}, {}, {}, {}]",11.133333333333333,40.08,I-95 N,NONE,NONE,630007062.0,2021-07-01 14:28:14,3,False,LineString,"[[-73.689395, 40.98291], [-73.688893, 40.983239], [-73.686626, 40.984681], [-73.685784, 40.985204], [-73.685249, 40.985507], [-73.684777, 40.985745], [-73.683291, 40.986345], [-73.681957, 40.986882], [-73.681343, 40.987075], [-73.68077, 40.987227], [-73.680383, 40.987327], [-73.67989, 40.987431], [-73.679414, 40.987521], [-73.678686, 40.987623], [-73.678109, 40.987679], [-73.677728, 40.987707], [-73.677504, 40.987724], [-73.676986, 40.987735], [-73.676692, 40.987747], [-73.676449, 40.987749], [-73.676123, 40.987744], [-73.675721, 40.987725], [-73.674973, 40.98766], [-73.673175, 40.987453], [-73.672052, 40.987346], [-73.671441, 40.987288], [-73.670908, 40.987267], [-73.670314, 40.987287], [-73.669799, 40.987334], [-73.669309, 40.987412], [-73.668516, 40.987581], [-73.667946, 40.987719], [-73.667478, 40.987867], [-73.667011, 40.988035], [-73.666544, 40.988232], [-73.665597, 40.988655]]",2021-07-01,-73.6664620223871,40.9884260556444,18278310,38914738,B - INJURY,INJURY,999,2021,OTHER,2021/07/01,1900-01-01 14:18:00,COLLISION WITH GUIDERAIL - END,DAYLIGHT,CURVE AND LEVEL,WET,NONE,NOT ENTERED,CLEAR,0,1970/01/01,0,1,1,0,1,15904.0,0,NYSP THRUWAY TARRYTOWN,No,612173.63693626,4538328.54466992,INTERSECTION-RELATED,Ramp,Westchester,NORTH-WEST,1.0,9018904.0,Port Chester,I 95,,88.0,T,11-Urban Principal Arterial Interstate,NYS Thruway,NYS Thruway,,55.0,"V1:(FELL ASLEEP,NOT APPLICABLE)",2021-07-01,-73.689395,40.98291
23,Feature,,"Rochester, NY",US,67.0,Exit 12: Broad St / Stadiums,687156382.0,3561.0,1.0,"[{'x': -77.673539, 'y': 43.157181}, {'x': -77.671482, 'y': 43.157411}, {'x': -77.6708, 'y': 43.15746}, {'x': -77.66927, 'y': 43.157518}, {'x': -77.665592, 'y': 43.157496}, {'x': -77.665038, 'y': 43.157493}, {'x': -77.663408, 'y': 43.157468}, {'x': -77.662165, 'y': 43.157412}, {'x': -77.659789, 'y': 43.157253}, {'x': -77.659188, 'y': 43.157208}, {'x': -77.657828, 'y': 43.157102}, {'x': -77.657145, 'y': 43.15705}, {'x': -77.656465, 'y': 43.157011}, {'x': -77.655909, 'y': 43.156998}, {'x': -77.655337, 'y': 43.156997}, {'x': -77.654205, 'y': 43.157013}, {'x': -77.6501, 'y': 43.157059}, {'x': -77.647527, 'y': 43.157076}, {'x': -77.646637, 'y': 43.157073}, {'x': -77.644059, 'y': 43.157046}, {'x': -77.643278, 'y': 43.156984}, {'x': -77.641204, 'y': 43.156703}, {'x': -77.640055, 'y': 43.156589}, {'x': -77.638939, 'y': 43.156543}, {'x': -77.634266, 'y': 43.156538}, {'x': -77.63213, 'y': 43.156528}, {'x': -77.630889, 'y': 43.156526}, {'x': -77.630541, 'y': 43.156537}, {'x': -77.630203, 'y': 43.156558}, {'x': -77.629874, 'y': 43.156591}]",1625244725587.0,3.0,"[{}, {}, {}, {}, {}, {}, {}]",17.852777777777778,64.27,I-490 E,NONE,NONE,687156382.0,2021-07-02 16:52:05,4,False,LineString,"[[-77.673539, 43.157181], [-77.671482, 43.157411], [-77.6708, 43.15746], [-77.66927, 43.157518], [-77.665592, 43.157496], [-77.665038, 43.157493], [-77.663408, 43.157468], [-77.662165, 43.157412], [-77.659789, 43.157253], [-77.659188, 43.157208], [-77.657828, 43.157102], [-77.657145, 43.15705], [-77.656465, 43.157011], [-77.655909, 43.156998], [-77.655337, 43.156997], [-77.654205, 43.157013], [-77.6501, 43.157059], [-77.647527, 43.157076], [-77.646637, 43.157073], [-77.644059, 43.157046], [-77.643278, 43.156984], [-77.641204, 43.156703], [-77.640055, 43.156589], [-77.638939, 43.156543], [-77.634266, 43.156538], [-77.63213, 43.156528], [-77.630889, 43.156526], [-77.630541, 43.156537], [-77.630203, 43.156558], [-77.629874, 43.156591]]",2021-07-02,-77.6820295282294,43.1583857637491,18280701,38917193,,PROPERTY DAMAGE,999,2021,OTHER,2021/07/02,1900-01-01 17:19:00,COLLISION WITH CURBING,DAYLIGHT,CURVE AND GRADE,DRY,NONE,NOT ENTERED,CLOUDY,0,1970/01/01,0,0,0,0,1,2700.0,0,MONROE CO SO,No,281949.29514648,4781895.71593533,INTERSECTION-RELATED,Ramp,Monroe,WEST,12.0,5005569.0,Gates,I 490,490I43021177,88.0,T,11-Urban Principal Arterial Interstate,NYSDOT,NYSDOT,,55.0,"V1:(OBSTRUCTION/DEBRIS,NOT APPLICABLE)",2021-07-02,-77.673539,43.157181
24,Feature,,"Hauppauge, NY",US,75.0,to I-495 W / New York,601726520.0,1428.0,2.0,"[{'x': -73.211502, 'y': 40.809337}, {'x': -73.213337, 'y': 40.809281}, {'x': -73.215937, 'y': 40.809161}, {'x': -73.217611, 'y': 40.809054}, {'x': -73.219532, 'y': 40.808887}, {'x': -73.221406, 'y': 40.808679}, {'x': -73.22278, 'y': 40.808527}, {'x': -73.224149, 'y': 40.808351}, {'x': -73.228277, 'y': 40.807739}]",1625648800370.0,3.0,"[{}, {}]",11.625,41.85,I-495 W,NONE,NONE,601726520.0,2021-07-07 09:06:40,2,False,LineString,"[[-73.211502, 40.809337], [-73.213337, 40.809281], [-73.215937, 40.809161], [-73.217611, 40.809054], [-73.219532, 40.808887], [-73.221406, 40.808679], [-73.22278, 40.808527], [-73.224149, 40.808351], [-73.228277, 40.807739]]",2021-07-07,-73.2414415004216,40.8059034950691,18285573,38922326,,PROPERTY DAMAGE,999,2021,REAR END,2021/07/07,1900-01-01 08:51:00,COLLISION WITH MOTOR VEHICLE,DAYLIGHT,STRAIGHT AND LEVEL,DRY,NONE,NOT ENTERED,CLEAR,0,1970/01/01,0,0,0,0,2,5101.0,0,SUFFOLK CO PD YAPHANK,No,648333.92011341,4518698.73118048,INTERSECTION-RELATED,Ramp,Suffolk,NORTH-WEST,1.0,5027363.0,Islip,I 495,495 07031110,88.0,T,11-Urban Principal Arterial Interstate,NYSDOT,NYSDOT,Long Island Expressway,55.0,"V1:(NOT APPLICABLE,NOT APPLICABLE) / V2:(FOLLOWING TOO CLOSELY,UNSAFE SPEED)",2021-07-07,-73.211502,40.809337
25,Feature,,"Brewster, NY",US,70.0,Exit 68: I-684 / NY-22 / White Plains / Pawling,735684758.0,1469.0,2.0,"[{'x': -73.578443, 'y': 41.383471}, {'x': -73.578927, 'y': 41.38347}, {'x': -73.579685, 'y': 41.383482}, {'x': -73.580369, 'y': 41.383533}, {'x': -73.581438, 'y': 41.383653}, {'x': -73.582192, 'y': 41.383782}, {'x': -73.582333, 'y': 41.383813}, {'x': -73.582931, 'y': 41.383943}, {'x': -73.583303, 'y': 41.384024}, {'x': -73.584406, 'y': 41.384343}, {'x': -73.585138, 'y': 41.384598}, {'x': -73.585879, 'y': 41.384894}, {'x': -73.591752, 'y': 41.387656}, {'x': -73.592786, 'y': 41.388183}, {'x': -73.594177, 'y': 41.388819}]",1625932463526.0,3.0,"[{}, {}, {}]",12.002777777777778,43.21,I-84 W,NONE,NONE,735684758.0,2021-07-10 15:54:23,5,True,LineString,"[[-73.578443, 41.383471], [-73.578927, 41.38347], [-73.579685, 41.383482], [-73.580369, 41.383533], [-73.581438, 41.383653], [-73.582192, 41.383782], [-73.582333, 41.383813], [-73.582931, 41.383943], [-73.583303, 41.384024], [-73.584406, 41.384343], [-73.585138, 41.384598], [-73.585879, 41.384894], [-73.591752, 41.387656], [-73.592786, 41.388183], [-73.594177, 41.388819]]",2021-07-10,-73.5934617836857,41.38806641699,18301710,38939848,,PROPERTY DAMAGE,999,2021,OVERTAKING,2021/07/10,1900-01-01 16:16:00,COLLISION WITH MOTOR VEHICLE,DAYLIGHT,STRAIGHT AND LEVEL,DRY,NONE,NOT ENTERED,CLEAR,0,1970/01/01,0,0,0,0,2,11308.0,0,SP THRUWAY EAST FISHKILL,No,617597.0,4582792.0,INTERSECTION-RELATED,,Putnam,,0.0,7010282.0,Southeast,,,,,Unknown,Unknown,Unknown,,,"V1:(UNSAFE LANE CHANGE,NOT APPLICABLE) / V2:(NOT APPLICABLE,NOT APPLICABLE)",2021-07-10,-73.578443,41.383471
26,Feature,,"Albany, NY",US,573.0,Exit 1W: I-87 S / NY Thruway / I-90 W / New York / Buffalo,1146418462.0,225.0,4.0,"[{'x': -73.834423, 'y': 42.695051}, {'x': -73.834473, 'y': 42.695058}, {'x': -73.834907, 'y': 42.695099}, {'x': -73.835423, 'y': 42.695132}, {'x': -73.836296, 'y': 42.695151}, {'x': -73.837168, 'y': 42.695142}]",1626244193379.0,3.0,[{}],0.3861111111111111,1.39,I-90 W,NONE,NONE,1146418462.0,2021-07-14 06:29:53,2,False,LineString,"[[-73.834423, 42.695051], [-73.834473, 42.695058], [-73.834907, 42.695099], [-73.835423, 42.695132], [-73.836296, 42.695151], [-73.837168, 42.695142]]",2021-07-14,-73.8249649421948,42.7107120550462,18309020,38947825,,PROPERTY DAMAGE,999,2021,OVERTAKING,2021/07/14,1900-01-01 06:44:00,COLLISION WITH MOTOR VEHICLE,DAYLIGHT,STRAIGHT AND LEVEL,WET,NONE,NOT ENTERED,CLOUDY,0,1970/01/01,0,0,0,0,2,10102.0,0,NYSP LOUDONVILLE,No,596223.80999973,4729359.98999989,Not an intersection crash,[Route] 87,Albany,4.0,0.0,,Colonie,CENTRAL AVE,87I11082008,88.0,T,11-Urban Principal Arterial Interstate,NYSDOT,NYSDOT,Adirondack Northway,55.0,"V1:(UNSAFE LANE CHANGE,NOT APPLICABLE) / V2:(NOT APPLICABLE,NOT APPLICABLE)",2021-07-14,-73.834423,42.695051
27,Feature,,"Utica, NY",US,105.0,I-90 E,1282380382.0,3315.0,2.0,"[{'x': -75.201295, 'y': 43.11124}, {'x': -75.188087, 'y': 43.109842}, {'x': -75.187038, 'y': 43.10973}, {'x': -75.1852, 'y': 43.109482}, {'x': -75.184287, 'y': 43.109337}, {'x': -75.182906, 'y': 43.10909}, {'x': -75.181762, 'y': 43.108849}, {'x': -75.181065, 'y': 43.108702}, {'x': -75.179976, 'y': 43.108432}, {'x': -75.179215, 'y': 43.108244}, {'x': -75.17775, 'y': 43.107835}, {'x': -75.176523, 'y': 43.10745}, {'x': -75.175689, 'y': 43.107176}, {'x': -75.170016, 'y': 43.105159}, {'x': -75.167541, 'y': 43.104267}, {'x': -75.166225, 'y': 43.103763}, {'x': -75.165068, 'y': 43.10326}, {'x': -75.163261, 'y': 43.1024}, {'x': -75.162952, 'y': 43.102251}]",1626513187871.0,3.0,[{}],15.436111111111112,55.57,I-90 E,NONE,NONE,1282380382.0,2021-07-17 09:13:07,5,True,LineString,"[[-75.201295, 43.11124], [-75.188087, 43.109842], [-75.187038, 43.10973], [-75.1852, 43.109482], [-75.184287, 43.109337], [-75.182906, 43.10909], [-75.181762, 43.108849], [-75.181065, 43.108702], [-75.179976, 43.108432], [-75.179215, 43.108244], [-75.17775, 43.107835], [-75.176523, 43.10745], [-75.175689, 43.107176], [-75.170016, 43.105159], [-75.167541, 43.104267], [-75.166225, 43.103763], [-75.165068, 43.10326], [-75.163261, 43.1024], [-75.162952, 43.102251]]",2021-07-17,-75.2247500396233,43.1200620569832,18313133,38952063,,PROPERTY DAMAGE,999,2021,OTHER,2021/07/17,1900-01-01 08:55:00,COLLISION WITH GUIDE RAIL,DAYLIGHT,STRAIGHT AND LEVEL,WET,NONE,NOT ENTERED,RAIN,0,1970/01/01,0,0,0,0,1,3202.0,0,UTICA CITY PD,No,481716.70000267,4774172.12999916,INTERSECTION-RELATED,RAMP,Oneida,WEST,0.0,8037167.0,Utica,[Route] 49,790I26011015,88.0,T,11-Urban Principal Arterial Interstate,NYSDOT,NYSDOT,,55.0,"V1:(PAVEMENT SLIPPERY,NOT APPLICABLE)",2021-07-17,-75.201295,43.11124
28,Feature,,"New Rochelle, NY",US,69.0,I-95 S,1626514526.0,1484.0,2.0,"[{'x': -73.790446, 'y': 40.907107}, {'x': -73.790762, 'y': 40.906857}, {'x': -73.791198, 'y': 40.906437}, {'x': -73.791573, 'y': 40.905971}, {'x': -73.791895, 'y': 40.905472}, {'x': -73.792398, 'y': 40.904656}, {'x': -73.792462, 'y': 40.904558}, {'x': -73.793052, 'y': 40.903652}, {'x': -73.794198, 'y': 40.902227}, {'x': -73.794645, 'y': 40.901678}, {'x': -73.795665, 'y': 40.900528}, {'x': -73.795928, 'y': 40.900165}, {'x': -73.796158, 'y': 40.899774}, {'x': -73.79619, 'y': 40.89971}, {'x': -73.796408, 'y': 40.899285}, {'x': -73.797049, 'y': 40.897675}, {'x': -73.79721, 'y': 40.897339}, {'x': -73.797663, 'y': 40.896463}, {'x': -73.798173, 'y': 40.895522}, {'x': -73.798309, 'y': 40.895248}]",1627248120998.0,3.0,"[{}, {}, {}, {}]",12.208333333333334,43.95,I-95 S,NONE,NONE,1626514526.0,2021-07-25 21:22:00,6,True,LineString,"[[-73.790446, 40.907107], [-73.790762, 40.906857], [-73.791198, 40.906437], [-73.791573, 40.905971], [-73.791895, 40.905472], [-73.792398, 40.904656], [-73.792462, 40.904558], [-73.793052, 40.903652], [-73.794198, 40.902227], [-73.794645, 40.901678], [-73.795665, 40.900528], [-73.795928, 40.900165], [-73.796158, 40.899774], [-73.79619, 40.89971], [-73.796408, 40.899285], [-73.797049, 40.897675], [-73.79721, 40.897339], [-73.797663, 40.896463], [-73.798173, 40.895522], [-73.798309, 40.895248]]",2021-07-25,-73.7968914745227,40.8975841941047,18315356,38954550,,,999,2021,OTHER,2021/07/25,1900-01-01 21:33:00,COLLISION WITH GUIDE RAIL,DARK-ROAD LIGHTED,STRAIGHT/ GRADE,DRY,NONE,NOT ENTERED,CLEAR,0,1970/01/01,0,0,0,0,1,15905.0,0,SP THRUWAY NEW ROCHELLE,No,601340.80713736,4528084.69005235,INTERSECTION-RELATED,Ramp,Westchester,SOUTH-EAST,0.0,9012995.0,New Rochelle,I 95,,88.0,T,11-Urban Principal Arterial Interstate,NYS Thruway,NYS Thruway,New England Thruway,55.0,"V1:(ALCOHOL INVOLVEMENT,UNSAFE LANE CHANGE)",2021-07-25,-73.790446,40.907107
29,Feature,,"Holtsville, NY",US,63.0,I-495 W,1641366508.0,2227.0,1.0,"[{'x': -73.045772, 'y': 40.821475}, {'x': -73.047318, 'y': 40.821295}, {'x': -73.049399, 'y': 40.821022}, {'x': -73.051665, 'y': 40.820661}, {'x': -73.05379, 'y': 40.820317}, {'x': -73.054683, 'y': 40.820172}, {'x': -73.063105, 'y': 40.818807}, {'x': -73.071619, 'y': 40.81742}]",1627300125144.0,3.0,"[{}, {}, {}, {}]",16.166666666666668,58.2,I-495 W,NONE,NONE,1641366508.0,2021-07-26 11:48:45,0,False,LineString,"[[-73.045772, 40.821475], [-73.047318, 40.821295], [-73.049399, 40.821022], [-73.051665, 40.820661], [-73.05379, 40.820317], [-73.054683, 40.820172], [-73.063105, 40.818807], [-73.071619, 40.81742]]",2021-07-26,-73.026579622077,40.822831563804,18306480,38945224,,PROPERTY DAMAGE,999,2021,OVERTAKING,2021/07/26,1900-01-01 11:30:00,COLLISION WITH MOTOR VEHICLE,DAYLIGHT,STRAIGHT AND LEVEL,DRY,NONE,NOT ENTERED,CLEAR,0,1970/01/01,0,0,0,0,2,5101.0,0,SUFFOLK CO PD YAPHANK,No,666416.13795804,4520963.89217754,INTERSECTION-RELATED,Ramp,Suffolk,NORTH-WEST,5.0,5034991.0,Brookhaven,I 495,495 07031223,88.0,T,11-Urban Principal Arterial Interstate,NYSDOT,NYSDOT,Long Island Expressway,55.0,"V1:(UNKNOWN,PASSING OR LANE USAGE IMPROPERLY) / V2:(UNKNOWN,PASSING OR LANE USAGE IMPROPERLY)",2021-07-26,-73.045772,40.821475
30,Feature,,"East Hills, NY",US,74.0,I-495 W,1751596796.0,1382.0,2.0,"[{'x': -73.622443, 'y': 40.783388}, {'x': -73.623077, 'y': 40.783441}, {'x': -73.623954, 'y': 40.783539}, {'x': -73.624863, 'y': 40.783722}, {'x': -73.626475, 'y': 40.78405}, {'x': -73.627818, 'y': 40.784307}, {'x': -73.628347, 'y': 40.784401}, {'x': -73.628882, 'y': 40.784481}, {'x': -73.629589, 'y': 40.784567}, {'x': -73.630311, 'y': 40.784628}, {'x': -73.631047, 'y': 40.784658}, {'x': -73.631773, 'y': 40.784655}, {'x': -73.632501, 'y': 40.78464}, {'x': -73.634199, 'y': 40.784607}, {'x': -73.634724, 'y': 40.784619}, {'x': -73.635307, 'y': 40.784631}, {'x': -73.636084, 'y': 40.784676}, {'x': -73.636803, 'y': 40.784742}, {'x': -73.638614, 'y': 40.784921}]",1627644256967.0,3.0,"[{}, {}, {}, {}, {}, {}]",11.127777777777778,40.06,I-495 W,NONE,NONE,1751596796.0,2021-07-30 11:24:16,4,False,LineString,"[[-73.622443, 40.783388], [-73.623077, 40.783441], [-73.623954, 40.783539], [-73.624863, 40.783722], [-73.626475, 40.78405], [-73.627818, 40.784307], [-73.628347, 40.784401], [-73.628882, 40.784481], [-73.629589, 40.784567], [-73.630311, 40.784628], [-73.631047, 40.784658], [-73.631773, 40.784655], [-73.632501, 40.78464], [-73.634199, 40.784607], [-73.634724, 40.784619], [-73.635307, 40.784631], [-73.636084, 40.784676], [-73.636803, 40.784742], [-73.638614, 40.784921]]",2021-07-30,-73.6230790469602,40.7832260245278,18316551,38955767,,PROPERTY DAMAGE,999,2021,REAR END,2021/07/30,1900-01-01 11:20:00,COLLISION WITH MOTOR VEHICLE,DAYLIGHT,STRAIGHT AND LEVEL,DRY,TRAFFIC SIGNAL,NOT ENTERED,CLEAR,0,1970/01/01,0,0,0,0,2,2900.0,1,NASSAU CO PD COMM BUR,No,616181.39000065,4515605.52000118,AT-INTERSECTION,,Nassau,,0.0,8074603.0,Old Westbury,[Route] 495,495 03021056,88.0,T,11-Urban Principal Arterial Interstate,NYSDOT,NYSDOT,Long Island Expressway,45.0,"V1:(FOLLOWING TOO CLOSELY,NOT APPLICABLE) / V2:(NOT APPLICABLE,NOT APPLICABLE)",2021-07-30,-73.622443,40.783388