,type,properties.blockingAlertUuid,properties.city,properties.country,properties.delay,properties.endNode,properties.id,properties.length,properties.level,properties.line,properties.pubMillis,properties.roadType,properties.segments,properties.speed,properties.speedKMH,properties.street,properties.turnType,properties.type,properties.uuid,properties.utc_timestamp,properties.day_of_week,properties.weekday_weekend,geometry.type,geometry.coordinates,key_date_jams,X,Y,OBJECTID,CaseNumber,MaxInjuryS,CrashSever,RoadwayAcc,CaseYear,CollisionT,CrashDate,CrashTimeF,CrashType,LightCondi,RoadwayCha,RoadSurfac,TrafficCon,TrafficWay,WeatherCon,Commercial,DMVInsertD,NumberOfFa,NumberOfIn,NumberOfOt,NumberOfSe,NumberOfVe,PoliceDept,NonReporta,ReportingA,NonPublicW,UTMEasting,UTMNorthin,Intersecti,ClosestCro,CountyName,DirectionF,DistanceFr,MasterInte,CityTownNa,OnStreet,ReferenceM,ACCESS_CON,DIVIDED,FUNCTIONAL,MAINT_JURI,OWNING_JUR,NAME,POSTED_SPE,ApparentFa,key_date_crashes,jams_x,jams_y
31,Feature,,"East Hills, NY",US,70.0,I-495 W,1751596796.0,1382.0,2.0,"[{'x': -73.622443, 'y': 40.783388}, {'x': -73.623077, 'y': 40.783441}, {'x': -73.623954, 'y': 40.783539}, {'x': -73.624863, 'y': 40.783722}, {'x': -73.626475, 'y': 40.78405}, {'x': -73.627818, 'y': 40.784307}, {'x': -73.628347, 'y': 40.784401}, {'x': -73.628882, 'y': 40.784481}, {'x': -73.629589, 'y': 40.784567}, {'x': -73.630311, 'y': 40.784628}, {'x': -73.631047, 'y': 40.784658}, {'x': -73.631773, 'y': 40.784655}, {'x': -73.632501, 'y': 40.78464}, {'x': -73.634199, 'y': 40.784607}, {'x': -73.634724, 'y': 40.784619}, {'x': -73.635307, 'y': 40.784631}, {'x': -73.636084, 'y': 40.784676}, {'x': -73.636803, 'y': 40.784742}, {'x': -73.638614, 'y': 40.784921}]",1627644256967.0,3.0,"[{}, {}, {}, {}, {}, {}]",11.511111111111113,41.44,I-495 W,NONE,NONE,1751596796.0,2021-07-30 11:24:16,4,False,LineString,"[[-73.622443, 40.783388], [-73.623077, 40.783441], [-73.623954, 40.783539], [-73.624863, 40.783722], [-73.626475, 40.78405], [-73.627818, 40.784307], [-73.628347, 40.784401], [-73.628882, 40.784481], [-73.629589, 40.784567], [-73.630311, 40.784628], [-73.631047, 40.784658], [-73.631773, 40.784655], [-73.632501, 40.78464], [-73.634199, 40.784607], [-73.634724, 40.784619], [-73.635307, 40.784631], [-73.636084, 40.784676], [-73.636803, 40.784742], [-73.638614, 40.784921]]",2021-07-30,-73.6230790469602,40.7832260245278,18316551,38955767,,PROPERTY DAMAGE,999,2021,REAR END,2021/07/30,1900-01-01 11:20:00,COLLISION WITH MOTOR VEHICLE,DAYLIGHT,STRAIGHT AND LEVEL,DRY,TRAFFIC SIGNAL,NOT ENTERED,CLEAR,0,1970/01/01,0,0,0,0,2,2900.0,1,NASSAU CO PD COMM BUR,No,616181.39000065,4515605.52000118,AT-INTERSECTION,,Nassau,,0.0,8074603.0,Old Westbury,[Route] 495,495 03021056,88.0,T,11-Urban Principal Arterial Interstate,NYSDOT,NYSDOT,Long Island Expressway,45.0,"V1:(FOLLOWING TOO CLOSELY,NOT APPLICABLE) / V2:(NOT APPLICABLE,NOT APPLICABLE)",2021-07-30,-73.622443,40.783388
32,Feature,,"Buffalo, NY",US,86.0,to I-190 N / Niagara Falls,1796302162.0,949.0,3.0,"[{'x': -78.896841, 'y': 42.897475}, {'x': -78.898558, 'y': 42.899276}, {'x': -78.898878, 'y': 42.899703}, {'x': -78.899195, 'y': 42.900158}, {'x': -78.89982, 'y': 42.901174}, {'x': -78.900637, 'y': 42.902596}, {'x': -78.900963, 'y': 42.903224}, {'x': -78.901151, 'y': 42.903801}, {'x': -78.901217, 'y': 42.904135}, {'x': -78.90123, 'y': 42.904405}, {'x': -78.901224, 'y': 42.905214}]",1627686195118.0,3.0,"[{}, {}]",7.591666666666667,27.33,I-190 N,NONE,NONE,1796302162.0,2021-07-30 23:03:15,4,False,LineString,"[[-78.896841, 42.897475], [-78.898558, 42.899276], [-78.898878, 42.899703], [-78.899195, 42.900158], [-78.89982, 42.901174], [-78.900637, 42.902596], [-78.900963, 42.903224], [-78.901151, 42.903801], [-78.901217, 42.904135], [-78.90123, 42.904405], [-78.901224, 42.905214]]",2021-07-30,-78.8946466677025,42.8952350127458,18315476,38954670,,PROPERTY DAMAGE,999,2021,OTHER,2021/07/30,1900-01-01 22:33:00,COLLISION WITH MOTOR VEHICLE,DARK-ROAD LIGHTED,STRAIGHT AND LEVEL,DRY,NONE,NOT ENTERED,CLEAR,0,1970/01/01,0,0,0,0,3,11404.0,0,NYSP THRUWAY BUFFALO,No,181996.68362748,4756543.44362346,Not an intersection crash,,Erie,,0.0,,Buffalo,I 190,,88.0,T,11-Urban Principal Arterial Interstate,NYS Thruway,NYS Thruway,Niagara Thruway,55.0,"V1:(ALCOHOL INVOLVEMENT,FOLLOWING TOO CLOSELY) / V2:(NOT APPLICABLE,NOT APPLICABLE) / V3:(NOT APPLICABLE,NOT APPLICABLE)",2021-07-30,-78.896841,42.897475
33,Feature,,"Fishkill, NY",US,1172.0,Exit 46: US-9 / Poughkeepsie / Peekskill,1704821916.0,4602.0,4.0,"[{'x': -73.956387, 'y': 41.526865}, {'x': -73.955806, 'y': 41.527249}, {'x': -73.955188, 'y': 41.527617}, {'x': -73.954317, 'y': 41.528066}, {'x': -73.95294, 'y': 41.52865}, {'x': -73.951542, 'y': 41.529109}, {'x': -73.950147, 'y': 41.529434}, {'x': -73.948779, 'y': 41.529657}, {'x': -73.947579, 'y': 41.529769}, {'x': -73.946001, 'y': 41.529816}, {'x': -73.929781, 'y': 41.529754}, {'x': -73.924765, 'y': 41.529726}, {'x': -73.924584, 'y': 41.529712}, {'x': -73.923521, 'y': 41.529635}, {'x': -73.922096, 'y': 41.529432}, {'x': -73.920717, 'y': 41.529113}, {'x': -73.920009, 'y': 41.528903}, {'x': -73.9191, 'y': 41.528582}, {'x': -73.918473, 'y': 41.528335}, {'x': -73.917484, 'y': 41.527866}, {'x': -73.913221, 'y': 41.525475}, {'x': -73.91131, 'y': 41.524419}, {'x': -73.910324, 'y': 41.523962}, {'x': -73.909172, 'y': 41.523513}, {'x': -73.908664, 'y': 41.52334}, {'x': -73.90789, 'y': 41.523095}, {'x': -73.906864, 'y': 41.52284}, {'x': -73.906197, 'y': 41.522701}, {'x': -73.905468, 'y': 41.522569}, {'x': -73.904808, 'y': 41.522481}]",1628174543559.0,3.0,"[{}, {}, {}]",3.475,12.51,I-84 E,NONE,LARGE,1704821916.0,2021-08-05 14:42:23,3,False,LineString,"[[-73.956387, 41.526865], [-73.955806, 41.527249], [-73.955188, 41.527617], [-73.954317, 41.528066], [-73.95294, 41.52865], [-73.951542, 41.529109], [-73.950147, 41.529434], [-73.948779, 41.529657], [-73.947579, 41.529769], [-73.946001, 41.529816], [-73.929781, 41.529754], [-73.924765, 41.529726], [-73.924584, 41.529712], [-73.923521, 41.529635], [-73.922096, 41.529432], [-73.920717, 41.529113], [-73.920009, 41.528903], [-73.9191, 41.528582], [-73.918473, 41.528335], [-73.917484, 41.527866], [-73.913221, 41.525475], [-73.91131, 41.524419], [-73.910324, 41.523962], [-73.909172, 41.523513], [-73.908664, 41.52334], [-73.90789, 41.523095], [-73.906864, 41.52284], [-73.906197, 41.522701], [-73.905468, 41.522569], [-73.904808, 41.522481]]",2021-08-05,-73.9875884944715,41.518553329173,18322867,38962575,,PROPERTY DAMAGE,999,2021,REAR END,2021/08/05,1900-01-01 14:52:00,COLLISION WITH MOTOR VEHICLE,DAYLIGHT,STRAIGHT AND LEVEL,DRY,HIGHWAY WORK AREA,NOT ENTERED,CLEAR,0,1970/01/01,0,0,0,0,2,11308.0,0,SP THRUWAY EAST FISHKILL,No,584475.08968686,4596818.74032428,Not an intersection crash,,Dutchess,,0.0,,Fishkill,I 84,84I82021005,,,Unknown,Unknown,Unknown,,,"V1:(FOLLOWING TOO CLOSELY,NOT APPLICABLE) / V2:(NOT APPLICABLE,NOT APPLICABLE)",2021-08-05,-73.956387,41.526865
34,Feature,,"Fishkill, NY",US,827.0,to I-84 E,1704821916.0,5316.0,3.0,"[{'x': -73.97023, 'y': 41.518397}, {'x': -73.969166, 'y': 41.518705}, {'x': -73.967998, 'y': 41.519148}, {'x': -73.966865, 'y': 41.519684}, {'x': -73.965814, 'y': 41.520301}, {'x': -73.956387, 'y': 41.526865}, {'x': -73.955806, 'y': 41.527249}, {'x': -73.955188, 'y': 41.527617}, {'x': -73.954317, 'y': 41.528066}, {'x': -73.95294, 'y': 41.52865}, {'x': -73.951542, 'y': 41.529109}, {'x': -73.950147, 'y': 41.529434}, {'x': -73.948779, 'y': 41.529657}, {'x': -73.947579, 'y': 41.529769}, {'x': -73.946001, 'y': 41.529816}, {'x': -73.929781, 'y': 41.529754}, {'x': -73.924765, 'y': 41.529726}, {'x': -73.924584, 'y': 41.529712}, {'x': -73.923521, 'y': 41.529635}, {'x': -73.922096, 'y': 41.529432}, {'x': -73.920717, 'y': 41.529113}, {'x': -73.920009, 'y': 41.528903}, {'x': -73.9191, 'y': 41.528582}, {'x': -73.918473, 'y': 41.528335}, {'x': -73.917484, 'y': 41.527866}, {'x': -73.913221, 'y': 41.525475}]",1628174543559.0,3.0,"[{}, {}, {}]",5.272222222222222,18.98,I-84 E,NONE,LARGE,1704821916.0,2021-08-05 14:42:23,3,False,LineString,"[[-73.97023, 41.518397], [-73.969166, 41.518705], [-73.967998, 41.519148], [-73.966865, 41.519684], [-73.965814, 41.520301], [-73.956387, 41.526865], [-73.955806, 41.527249], [-73.955188, 41.527617], [-73.954317, 41.528066], [-73.95294, 41.52865], [-73.951542, 41.529109], [-73.950147, 41.529434], [-73.948779, 41.529657], [-73.947579, 41.529769], [-73.946001, 41.529816], [-73.929781, 41.529754], [-73.924765, 41.529726], [-73.924584, 41.529712], [-73.923521, 41.529635], [-73.922096, 41.529432], [-73.920717, 41.529113], [-73.920009, 41.528903], [-73.9191, 41.528582], [-73.918473, 41.528335], [-73.917484, 41.527866], [-73.913221, 41.525475]]",2021-08-05,-73.9875884944715,41.518553329173,18322867,38962575,,PROPERTY DAMAGE,999,2021,REAR END,2021/08/05,1900-01-01 14:52:00,COLLISION WITH MOTOR VEHICLE,DAYLIGHT,STRAIGHT AND LEVEL,DRY,HIGHWAY WORK AREA,NOT ENTERED,CLEAR,0,1970/01/01,0,0,0,0,2,11308.0,0,SP THRUWAY EAST FISHKILL,No,584475.08968686,4596818.74032428,Not an intersection crash,,Dutchess,,0.0,,Fishkill,I 84,84I82021005,,,Unknown,Unknown,Unknown,,,"V1:(FOLLOWING TOO CLOSELY,NOT APPLICABLE) / V2:(NOT APPLICABLE,NOT APPLICABLE)",2021-08-05,-73.97023,41.518397
35,Feature,,"Fishkill, NY",US,1489.0,Exit 46: US-9 / Poughkeepsie / Peekskill,1704821916.0,6689.0,4.0,"[{'x': -73.977169, 'y': 41.51774}, {'x': -73.975159, 'y': 41.5178}, {'x': -73.973867, 'y': 41.517839}, {'x': -73.972869, 'y': 41.517913}, {'x': -73.972016, 'y': 41.518026}, {'x': -73.970967, 'y': 41.51822}, {'x': -73.97023, 'y': 41.518397}, {'x': -73.969166, 'y': 41.518705}, {'x': -73.967998, 'y': 41.519148}, {'x': -73.966865, 'y': 41.519684}, {'x': -73.965814, 'y': 41.520301}, {'x': -73.956387, 'y': 41.526865}, {'x': -73.955806, 'y': 41.527249}, {'x': -73.955188, 'y': 41.527617}, {'x': -73.954317, 'y': 41.528066}, {'x': -73.95294, 'y': 41.52865}, {'x': -73.951542, 'y': 41.529109}, {'x': -73.950147, 'y': 41.529434}, {'x': -73.948779, 'y': 41.529657}, {'x': -73.947579, 'y': 41.529769}, {'x': -73.946001, 'y': 41.529816}, {'x': -73.929781, 'y': 41.529754}, {'x': -73.924765, 'y': 41.529726}, {'x': -73.924584, 'y': 41.529712}, {'x': -73.923521, 'y': 41.529635}, {'x': -73.922096, 'y': 41.529432}, {'x': -73.920717, 'y': 41.529113}, {'x': -73.920009, 'y': 41.528903}, {'x': -73.9191, 'y': 41.528582}, {'x': -73.918473, 'y': 41.528335}, {'x': -73.917484, 'y': 41.527866}, {'x': -73.913221, 'y': 41.525475}, {'x': -73.91131, 'y': 41.524419}, {'x': -73.910324, 'y': 41.523962}, {'x': -73.909172, 'y': 41.523513}, {'x': -73.908664, 'y': 41.52334}, {'x': -73.90789, 'y': 41.523095}, {'x': -73.906864, 'y': 41.52284}, {'x': -73.906197, 'y': 41.522701}, {'x': -73.905468, 'y': 41.522569}, {'x': -73.904808, 'y': 41.522481}]",1628174543559.0,3.0,"[{}, {}, {}, {}, {}]",3.883333333333333,13.98,I-84 E,NONE,LARGE,1704821916.0,2021-08-05 14:42:23,3,False,LineString,"[[-73.977169, 41.51774], [-73.975159, 41.5178], [-73.973867, 41.517839], [-73.972869, 41.517913], [-73.972016, 41.518026], [-73.970967, 41.51822], [-73.97023, 41.518397], [-73.969166, 41.518705], [-73.967998, 41.519148], [-73.966865, 41.519684], [-73.965814, 41.520301], [-73.956387, 41.526865], [-73.955806, 41.527249], [-73.955188, 41.527617], [-73.954317, 41.528066], [-73.95294, 41.52865], [-73.951542, 41.529109], [-73.950147, 41.529434], [-73.948779, 41.529657], [-73.947579, 41.529769], [-73.946001, 41.529816], [-73.929781, 41.529754], [-73.924765, 41.529726], [-73.924584, 41.529712], [-73.923521, 41.529635], [-73.922096, 41.529432], [-73.920717, 41.529113], [-73.920009, 41.528903], [-73.9191, 41.528582], [-73.918473, 41.528335], [-73.917484, 41.527866], [-73.913221, 41.525475], [-73.91131, 41.524419], [-73.910324, 41.523962], [-73.909172, 41.523513], [-73.908664, 41.52334], [-73.90789, 41.523095], [-73.906864, 41.52284], [-73.906197, 41.522701], [-73.905468, 41.522569], [-73.904808, 41.522481]]",2021-08-05,-73.9875884944715,41.518553329173,18322867,38962575,,PROPERTY DAMAGE,999,2021,REAR END,2021/08/05,1900-01-01 14:52:00,COLLISION WITH MOTOR VEHICLE,DAYLIGHT,STRAIGHT AND LEVEL,DRY,HIGHWAY WORK AREA,NOT ENTERED,CLEAR,0,1970/01/01,0,0,0,0,2,11308.0,0,SP THRUWAY EAST FISHKILL,No,584475.08968686,4596818.74032428,Not an intersection crash,,Dutchess,,0.0,,Fishkill,I 84,84I82021005,,,Unknown,Unknown,Unknown,,,"V1:(FOLLOWING TOO CLOSELY,NOT APPLICABLE) / V2:(NOT APPLICABLE,NOT APPLICABLE)",2021-08-05,-73.977169,41.51774
36,Feature,,"Port Chester, NY",US,111.0,I-95 S,1856917414.0,425.0,4.0,"[{'x': -73.659628, 'y': 40.99447}, {'x': -73.662815, 'y': 40.991506}]",1628468272086.0,3.0,[{}],3.344444444444445,12.04,I-95 S,NONE,NONE,1856917414.0,2021-08-09 00:17:52,0,False,LineString,"[[-73.659628, 40.99447], [-73.662815, 40.991506]]",2021-08-09,-73.6783054272018,40.9936396730808,18331863,38972136,,PROPERTY DAMAGE,888,2021,OTHER,2021/08/09,1900-01-01 00:00:00,COLLISION WITH OTHER,UNKNOWN,UNKNOWN,UNKNOWN,UNKNOWN,NOT ENTERED,UNKNOWN,0,1970/01/01,0,0,0,0,1,,0,,No,611168.61711192,4538892.18245852,INTERSECTION-RELATED,Ramp,Westchester,SOUTH-EAST,17.0,9018963.0,Port Chester,I 287,287I87011103,88.0,T,11-Urban Principal Arterial Interstate,NYS Thruway,NYSDOT,Cross Westchester Expressway,55.0,"V1:(NOT ENTERED,NOT ENTERED)",2021-08-09,-73.659628,40.99447
37,Feature,,"Tonawanda, NY",US,61.0,I-190 N,134333562.0,1864.0,1.0,"[{'x': -78.917823, 'y': 42.98907}, {'x': -78.923661, 'y': 42.991785}, {'x': -78.924249, 'y': 42.99204}, {'x': -78.924803, 'y': 42.992262}, {'x': -78.925531, 'y': 42.992548}, {'x': -78.926231, 'y': 42.992827}, {'x': -78.926641, 'y': 42.993008}, {'x': -78.927012, 'y': 42.993174}, {'x': -78.927557, 'y': 42.993436}, {'x': -78.928597, 'y': 42.994052}, {'x': -78.929228, 'y': 42.994384}, {'x': -78.93067, 'y': 42.995176}, {'x': -78.936583, 'y': 42.998601}]",1628896537852.0,3.0,"[{}, {}, {}, {}]",13.730555555555556,49.43,I-190 N,NONE,NONE,134333562.0,2021-08-13 23:15:37,4,False,LineString,"[[-78.917823, 42.98907], [-78.923661, 42.991785], [-78.924249, 42.99204], [-78.924803, 42.992262], [-78.925531, 42.992548], [-78.926231, 42.992827], [-78.926641, 42.993008], [-78.927012, 42.993174], [-78.927557, 42.993436], [-78.928597, 42.994052], [-78.929228, 42.994384], [-78.93067, 42.995176], [-78.936583, 42.998601]]",2021-08-13,-78.9379526669586,42.9989527909613,18332317,38972598,C - POSSIBLE INJURY,INJURY,999,2021,REAR END,2021/08/13,1900-01-01 23:26:00,COLLISION WITH MOTOR VEHICLE,DARK-ROAD LIGHTED,STRAIGHT AND LEVEL,WET,NONE,NOT ENTERED,RAIN,0,1970/01/01,0,1,1,0,2,11404.0,0,NYSP THRUWAY BUFFALO,No,179000.56590619,4768227.77759928,Not an intersection crash,,Erie,,0.0,,Grand Island,I 190,,88.0,T,11-Urban Principal Arterial Interstate,NYS Thruway,NYS Thruway,,55.0,"V1:(FOLLOWING TOO CLOSELY,REACTION TO OTHER UNINVOLVED VEHICL) / V2:(NOT APPLICABLE,NOT APPLICABLE)",2021-08-13,-78.917823,42.98907
38,Feature,,"Tonawanda, NY",US,554.0,I-190 N,134333562.0,2259.0,4.0,"[{'x': -78.914317, 'y': 42.986643}, {'x': -78.914658, 'y': 42.986967}, {'x': -78.91491, 'y': 42.987205}, {'x': -78.915168, 'y': 42.987429}, {'x': -78.915545, 'y': 42.987718}, {'x': -78.916128, 'y': 42.988102}, {'x': -78.916755, 'y': 42.988481}, {'x': -78.917822, 'y': 42.98907}, {'x': -78.917823, 'y': 42.98907}, {'x': -78.923661, 'y': 42.991785}, {'x': -78.924249, 'y': 42.99204}, {'x': -78.924803, 'y': 42.992262}, {'x': -78.925531, 'y': 42.992548}, {'x': -78.926231, 'y': 42.992827}, {'x': -78.926641, 'y': 42.993008}, {'x': -78.927012, 'y': 42.993174}, {'x': -78.927557, 'y': 42.993436}, {'x': -78.928597, 'y': 42.994052}, {'x': -78.929228, 'y': 42.994384}, {'x': -78.93067, 'y': 42.995176}, {'x': -78.936583, 'y': 42.998601}]",1628896537852.0,3.0,"[{}, {}, {}, {}, {}]",3.513888888888889,12.65,I-190 N,NONE,MEDIUM,134333562.0,2021-08-13 23:15:37,4,False,LineString,"[[-78.914317, 42.986643], [-78.914658, 42.986967], [-78.91491, 42.987205], [-78.915168, 42.987429], [-78.915545, 42.987718], [-78.916128, 42.988102], [-78.916755, 42.988481], [-78.917822, 42.98907], [-78.917823, 42.98907], [-78.923661, 42.991785], [-78.924249, 42.99204], [-78.924803, 42.992262], [-78.925531, 42.992548], [-78.926231, 42.992827], [-78.926641, 42.993008], [-78.927012, 42.993174], [-78.927557, 42.993436], [-78.928597, 42.994052], [-78.929228, 42.994384], [-78.93067, 42.995176], [-78.936583, 42.998601]]",2021-08-13,-78.9379526669586,42.9989527909613,18332317,38972598,C - POSSIBLE INJURY,INJURY,999,2021,REAR END,2021/08/13,1900-01-01 23:26:00,COLLISION WITH MOTOR VEHICLE,DARK-ROAD LIGHTED,STRAIGHT AND LEVEL,WET,NONE,NOT ENTERED,RAIN,0,1970/01/01,0,1,1,0,2,11404.0,0,NYSP THRUWAY BUFFALO,No,179000.56590619,4768227.77759928,Not an intersection crash,,Erie,,0.0,,Grand Island,I 190,,88.0,T,11-Urban Principal Arterial Interstate,NYS Thruway,NYS Thruway,,55.0,"V1:(FOLLOWING TOO CLOSELY,REACTION TO OTHER UNINVOLVED VEHICL) / V2:(NOT APPLICABLE,NOT APPLICABLE)",2021-08-13,-78.914317,42.986643
39,Feature,,"Tonawanda, NY",US,497.0,I-190 N,134333562.0,2259.0,4.0,"[{'x': -78.914317, 'y': 42.986643}, {'x': -78.914658, 'y': 42.986967}, {'x': -78.91491, 'y': 42.987205}, {'x': -78.915168, 'y': 42.987429}, {'x': -78.915545, 'y': 42.987718}, {'x': -78.916128, 'y': 42.988102}, {'x': -78.916755, 'y': 42.988481}, {'x': -78.917822, 'y': 42.98907}, {'x': -78.917823, 'y': 42.98907}, {'x': -78.923661, 'y': 42.991785}, {'x': -78.924249, 'y': 42.99204}, {'x': -78.924803, 'y': 42.992262}, {'x': -78.925531, 'y': 42.992548}, {'x': -78.926231, 'y': 42.992827}, {'x': -78.926641, 'y': 42.993008}, {'x': -78.927012, 'y': 42.993174}, {'x': -78.927557, 'y': 42.993436}, {'x': -78.928597, 'y': 42.994052}, {'x': -78.929228, 'y': 42.994384}, {'x': -78.93067, 'y': 42.995176}, {'x': -78.936583, 'y': 42.998601}]",1628896537852.0,3.0,"[{}, {}, {}, {}, {}]",3.85,13.86,I-190 N,NONE,MEDIUM,134333562.0,2021-08-13 23:15:37,4,False,LineString,"[[-78.914317, 42.986643], [-78.914658, 42.986967], [-78.91491, 42.987205], [-78.915168, 42.987429], [-78.915545, 42.987718], [-78.916128, 42.988102], [-78.916755, 42.988481], [-78.917822, 42.98907], [-78.917823, 42.98907], [-78.923661, 42.991785], [-78.924249, 42.99204], [-78.924803, 42.992262], [-78.925531, 42.992548], [-78.926231, 42.992827], [-78.926641, 42.993008], [-78.927012, 42.993174], [-78.927557, 42.993436], [-78.928597, 42.994052], [-78.929228, 42.994384], [-78.93067, 42.995176], [-78.936583, 42.998601]]",2021-08-13,-78.9379526669586,42.9989527909613,18332317,38972598,C - POSSIBLE INJURY,INJURY,999,2021,REAR END,2021/08/13,1900-01-01 23:26:00,COLLISION WITH MOTOR VEHICLE,DARK-ROAD LIGHTED,STRAIGHT AND LEVEL,WET,NONE,NOT ENTERED,RAIN,0,1970/01/01,0,1,1,0,2,11404.0,0,NYSP THRUWAY BUFFALO,No,179000.56590619,4768227.77759928,Not an intersection crash,,Erie,,0.0,,Grand Island,I 190,,88.0,T,11-Urban Principal Arterial Interstate,NYS Thruway,NYS Thruway,,55.0,"V1:(FOLLOWING TOO CLOSELY,REACTION TO OTHER UNINVOLVED VEHICL) / V2:(NOT APPLICABLE,NOT APPLICABLE)",2021-08-13,-78.914317,42.986643
40,Feature,,"Newburgh, NY",US,68.0,I-84 E,170935094.0,2065.0,2.0,"[{'x': -74.021447, 'y': 41.519424}, {'x': -74.018341, 'y': 41.519371}, {'x': -74.017462, 'y': 41.519416}, {'x': -74.016757, 'y': 41.519489}, {'x': -74.015767, 'y': 41.519681}, {'x': -74.014635, 'y': 41.520021}, {'x': -74.01288, 'y': 41.520608}, {'x': -74.01235, 'y': 41.520753}, {'x': -74.011569, 'y': 41.520828}, {'x': -74.011126, 'y': 41.52084}, {'x': -74.010373, 'y': 41.520808}, {'x': -73.997155, 'y': 41.51952}]",1628974888767.0,3.0,"[{}, {}, {}]",13.627777777777778,49.06,I-84 E,NONE,NONE,170935094.0,2021-08-14 21:01:28,5,True,LineString,"[[-74.021447, 41.519424], [-74.018341, 41.519371], [-74.017462, 41.519416], [-74.016757, 41.519489], [-74.015767, 41.519681], [-74.014635, 41.520021], [-74.01288, 41.520608], [-74.01235, 41.520753], [-74.011569, 41.520828], [-74.011126, 41.52084], [-74.010373, 41.520808], [-73.997155, 41.51952]]",2021-08-14,-73.9963900103826,41.519435647908,18337789,38978374,,PROPERTY DAMAGE,999,2021,OTHER,2021/08/14,1900-01-01 20:48:00,COLLISION WITH OTHER,DARK-ROAD LIGHTED,STRAIGHT AND LEVEL,DRY,NONE,NOT ENTERED,CLEAR,0,1970/01/01,0,0,0,0,1,11308.0,0,SP THRUWAY EAST FISHKILL,No,583739.54898632,4596908.13137876,Not an intersection crash,,Dutchess,,0.0,,Fishkill,I 84,84I82021000,,,Unknown,Unknown,Unknown,,,"V1:(OBSTRUCTION/DEBRIS,NOT APPLICABLE)",2021-08-14,-74.021447,41.519424
41,Feature,,"Newburgh, NY",US,68.0,I-84 E,170935094.0,2065.0,2.0,"[{'x': -74.021447, 'y': 41.519424}, {'x': -74.018341, 'y': 41.519371}, {'x': -74.017462, 'y': 41.519416}, {'x': -74.016757, 'y': 41.519489}, {'x': -74.015767, 'y': 41.519681}, {'x': -74.014635, 'y': 41.520021}, {'x': -74.01288, 'y': 41.520608}, {'x': -74.01235, 'y': 41.520753}, {'x': -74.011569, 'y': 41.520828}, {'x': -74.011126, 'y': 41.52084}, {'x': -74.010373, 'y': 41.520808}, {'x': -73.997155, 'y': 41.51952}]",1628974888767.0,3.0,"[{}, {}, {}]",13.627777777777778,49.06,I-84 E,NONE,NONE,170935094.0,2021-08-14 21:01:28,5,True,LineString,"[[-74.021447, 41.519424], [-74.018341, 41.519371], [-74.017462, 41.519416], [-74.016757, 41.519489], [-74.015767, 41.519681], [-74.014635, 41.520021], [-74.01288, 41.520608], [-74.01235, 41.520753], [-74.011569, 41.520828], [-74.011126, 41.52084], [-74.010373, 41.520808], [-73.997155, 41.51952]]",2021-08-14,-73.9968130526359,41.5199626317467,18337782,38978367,,PROPERTY DAMAGE,999,2021,OTHER,2021/08/14,1900-01-01 20:48:00,COLLISION WITH OTHER,DARK-ROAD LIGHTED,STRAIGHT AND LEVEL,DRY,NONE,NOT ENTERED,CLEAR,0,1970/01/01,0,0,0,0,1,11308.0,0,SP THRUWAY EAST FISHKILL,No,583703.57152006,4596966.22819225,Not an intersection crash,,Dutchess,,0.0,,Fishkill,I 84,84I82021000,88.0,T,11-Urban Principal Arterial Interstate,Other Toll Authority,Other Toll Authority,Newburgh-Beacon Bridge,55.0,"V1:(OBSTRUCTION/DEBRIS,NOT APPLICABLE)",2021-08-14,-74.021447,41.519424
42,Feature,,"Rye, NY",US,78.0,Exit 21: I-287 W / US-1 N / Port Chester / Mario Cuomo Br,553993120.0,1604.0,2.0,"[{'x': -73.69588, 'y': 40.978582}, {'x': -73.694945, 'y': 40.979281}, {'x': -73.694465, 'y': 40.979621}, {'x': -73.693972, 'y': 40.97995}, {'x': -73.691682, 'y': 40.981426}, {'x': -73.690539, 'y': 40.982172}, {'x': -73.689395, 'y': 40.98291}, {'x': -73.688893, 'y': 40.983239}, {'x': -73.686626, 'y': 40.984681}, {'x': -73.685784, 'y': 40.985204}, {'x': -73.685249, 'y': 40.985507}, {'x': -73.684777, 'y': 40.985745}, {'x': -73.683291, 'y': 40.986345}, {'x': -73.681957, 'y': 40.986882}, {'x': -73.681343, 'y': 40.987075}, {'x': -73.68077, 'y': 40.987227}]",1630074132222.0,3.0,"[{}, {}, {}, {}]",11.797222222222222,42.47,I-95 N,NONE,NONE,553993120.0,2021-08-27 14:22:12,4,False,LineString,"[[-73.69588, 40.978582], [-73.694945, 40.979281], [-73.694465, 40.979621], [-73.693972, 40.97995], [-73.691682, 40.981426], [-73.690539, 40.982172], [-73.689395, 40.98291], [-73.688893, 40.983239], [-73.686626, 40.984681], [-73.685784, 40.985204], [-73.685249, 40.985507], [-73.684777, 40.985745], [-73.683291, 40.986345], [-73.681957, 40.986882], [-73.681343, 40.987075], [-73.68077, 40.987227]]",2021-08-27,-73.6958738507152,40.9785709413189,18364699,39006675,B - INJURY,INJURY,2,2021,REAR END,2021/08/27,1900-01-01 14:16:00,COLLISION WITH MOTOR VEHICLE,DAYLIGHT,STRAIGHT AND LEVEL,DRY,NONE,"TWO-WAY,DIVIDED,POSITIVE MEDIA BARR",CLOUDY,1,1970/01/01,0,1,1,0,2,15905.0,0,SP THRUWAY NEW ROCHELLE,No,609715.86618741,4537197.13666902,INTERSECTION-RELATED,Ramp,Westchester,WEST,5.0,9016978.0,Rye,I 95,,88.0,T,11-Urban Principal Arterial Interstate,NYS Thruway,NYS Thruway,New England Thruway,55.0,"V1:(NOT APPLICABLE,NOT APPLICABLE) / V2:(FOLLOWING TOO CLOSELY,UNSAFE SPEED)",2021-08-27,-73.69588,40.978582