,type,properties.blockingAlertUuid,properties.city,properties.country,properties.delay,properties.endNode,properties.id,properties.length,properties.level,properties.line,properties.pubMillis,properties.roadType,properties.segments,properties.speed,properties.speedKMH,properties.street,properties.turnType,properties.type,properties.uuid,properties.utc_timestamp,properties.day_of_week,properties.weekday_weekend,geometry.type,geometry.coordinates,key_date_jams,X,Y,OBJECTID,CaseNumber,MaxInjuryS,CrashSever,RoadwayAcc,CaseYear,CollisionT,CrashDate,CrashTimeF,CrashType,LightCondi,RoadwayCha,RoadSurfac,TrafficCon,TrafficWay,WeatherCon,Commercial,DMVInsertD,NumberOfFa,NumberOfIn,NumberOfOt,NumberOfSe,NumberOfVe,PoliceDept,NonReporta,ReportingA,NonPublicW,UTMEasting,UTMNorthin,Intersecti,ClosestCro,CountyName,DirectionF,DistanceFr,MasterInte,CityTownNa,OnStreet,ReferenceM,ACCESS_CON,DIVIDED,FUNCTIONAL,MAINT_JURI,OWNING_JUR,NAME,POSTED_SPE,ApparentFa,key_date_crashes,jams_x,jams_y
53,Feature,,"Greenburgh, NY",US,53.0,I-287 W,1284197888.0,2221.0,1.0,"[{'x': -73.775321, 'y': 41.044208}, {'x': -73.778297, 'y': 41.04335}, {'x': -73.780167, 'y': 41.042873}, {'x': -73.781569, 'y': 41.042586}, {'x': -73.78253, 'y': 41.042441}, {'x': -73.783457, 'y': 41.042382}, {'x': -73.784031, 'y': 41.042383}, {'x': -73.784563, 'y': 41.042416}, {'x': -73.785169, 'y': 41.042488}, {'x': -73.785637, 'y': 41.042571}, {'x': -73.786475, 'y': 41.042818}, {'x': -73.786877, 'y': 41.042921}, {'x': -73.787561, 'y': 41.043212}, {'x': -73.788401, 'y': 41.043655}, {'x': -73.790321, 'y': 41.044735}, {'x': -73.790994, 'y': 41.045049}, {'x': -73.791614, 'y': 41.045286}, {'x': -73.792089, 'y': 41.04545}, {'x': -73.792649, 'y': 41.045613}, {'x': -73.793295, 'y': 41.045771}, {'x': -73.794273, 'y': 41.045935}, {'x': -73.794954, 'y': 41.046007}, {'x': -73.798833, 'y': 41.046216}, {'x': -73.799502, 'y': 41.046257}, {'x': -73.800138, 'y': 41.046314}]",1632841882968.0,3.0,"[{}, {}, {}]",17.033333333333335,61.32,I-287 W,NONE,NONE,1284197888.0,2021-09-28 15:11:22,1,False,LineString,"[[-73.775321, 41.044208], [-73.778297, 41.04335], [-73.780167, 41.042873], [-73.781569, 41.042586], [-73.78253, 41.042441], [-73.783457, 41.042382], [-73.784031, 41.042383], [-73.784563, 41.042416], [-73.785169, 41.042488], [-73.785637, 41.042571], [-73.786475, 41.042818], [-73.786877, 41.042921], [-73.787561, 41.043212], [-73.788401, 41.043655], [-73.790321, 41.044735], [-73.790994, 41.045049], [-73.791614, 41.045286], [-73.792089, 41.04545], [-73.792649, 41.045613], [-73.793295, 41.045771], [-73.794273, 41.045935], [-73.794954, 41.046007], [-73.798833, 41.046216], [-73.799502, 41.046257], [-73.800138, 41.046314]]",2021-09-28,-73.8000730860601,41.0463020467555,18394218,39038849,,PROPERTY DAMAGE,999,2021,OVERTAKING,2021/09/28,1900-01-01 15:21:00,COLLISION WITH MOTOR VEHICLE,DAYLIGHT,STRAIGHT AND LEVEL,DRY,NONE,NOT ENTERED,CLOUDY,0,1970/01/01,0,0,0,0,2,15904.0,0,NYSP THRUWAY TARRYTOWN,No,600846.06606578,4544590.53681435,INTERSECTION-RELATED,Ramp,Westchester,WEST,3.0,9017752.0,Greenburgh,I 287,287I87011023,88.0,T,11-Urban Principal Arterial Interstate,NYSDOT,NYSDOT,,55.0,"V1:(UNSAFE LANE CHANGE,NOT APPLICABLE) / V2:(NOT APPLICABLE,NOT APPLICABLE)",2021-09-28,-73.775321,41.044208
54,Feature,,"Preble, NY",US,60.0,I-81 N,1659712804.0,3406.0,1.0,"[{'x': -76.130301, 'y': 42.76635}, {'x': -76.129245, 'y': 42.768295}, {'x': -76.128759, 'y': 42.769269}, {'x': -76.128287, 'y': 42.770341}, {'x': -76.127934, 'y': 42.77122}, {'x': -76.127581, 'y': 42.772232}, {'x': -76.127285, 'y': 42.773179}, {'x': -76.127033, 'y': 42.774167}, {'x': -76.126925, 'y': 42.77466}, {'x': -76.126731, 'y': 42.77564}, {'x': -76.12668, 'y': 42.77598}, {'x': -76.126596, 'y': 42.776483}, {'x': -76.12645, 'y': 42.77795}, {'x': -76.126448, 'y': 42.777967}, {'x': -76.126431, 'y': 42.77816}, {'x': -76.126024, 'y': 42.783805}, {'x': -76.125924, 'y': 42.784766}, {'x': -76.125796, 'y': 42.785567}, {'x': -76.125694, 'y': 42.786205}, {'x': -76.124271, 'y': 42.792609}, {'x': -76.123963, 'y': 42.793884}, {'x': -76.123321, 'y': 42.796443}]",1633784207151.0,3.0,"[{}, {}]",20.40833333333333,73.47,I-81 N,NONE,SMALL,1659712804.0,2021-10-09 12:56:47,5,True,LineString,"[[-76.130301, 42.76635], [-76.129245, 42.768295], [-76.128759, 42.769269], [-76.128287, 42.770341], [-76.127934, 42.77122], [-76.127581, 42.772232], [-76.127285, 42.773179], [-76.127033, 42.774167], [-76.126925, 42.77466], [-76.126731, 42.77564], [-76.12668, 42.77598], [-76.126596, 42.776483], [-76.12645, 42.77795], [-76.126448, 42.777967], [-76.126431, 42.77816], [-76.126024, 42.783805], [-76.125924, 42.784766], [-76.125796, 42.785567], [-76.125694, 42.786205], [-76.124271, 42.792609], [-76.123963, 42.793884], [-76.123321, 42.796443]]",2021-10-09,-76.1276601876729,42.7720088887589,18403935,39049188,,PROPERTY DAMAGE,999,2021,REAR END,2021/10/09,1900-01-01 12:50:00,COLLISION WITH MOTOR VEHICLE,DAYLIGHT,STRAIGHT AND LEVEL,DRY,NONE,NOT ENTERED,CLOUDY,0,1970/01/01,0,0,0,0,2,11101.0,1,NYSP CORTLAND,No,407746.70029938,4736113.81004379,Not an intersection crash,,Cortland,,0.0,,Preble,I 81,81I32023115,88.0,T,1-Rural Principal Arterial Interstate,NYSDOT,NYSDOT,Interstate 81,65.0,"V1:(OTHER (VEHICLE),UNKNOWN) / V2:(UNKNOWN,UNKNOWN)",2021-10-09,-76.130301,42.76635
55,Feature,,"Preble, NY",US,1024.0,I-81 N,1659712804.0,3588.0,4.0,"[{'x': -76.131121, 'y': 42.764829}, {'x': -76.130599, 'y': 42.765802}, {'x': -76.129245, 'y': 42.768295}, {'x': -76.128759, 'y': 42.769269}, {'x': -76.128287, 'y': 42.770341}, {'x': -76.127934, 'y': 42.77122}, {'x': -76.127581, 'y': 42.772232}, {'x': -76.127285, 'y': 42.773179}, {'x': -76.127033, 'y': 42.774167}, {'x': -76.126925, 'y': 42.77466}, {'x': -76.126731, 'y': 42.77564}, {'x': -76.12668, 'y': 42.77598}, {'x': -76.126596, 'y': 42.776483}, {'x': -76.12645, 'y': 42.77795}, {'x': -76.126448, 'y': 42.777967}, {'x': -76.126431, 'y': 42.77816}, {'x': -76.126024, 'y': 42.783805}, {'x': -76.125924, 'y': 42.784766}, {'x': -76.125796, 'y': 42.785567}, {'x': -76.125694, 'y': 42.786205}, {'x': -76.124271, 'y': 42.792609}, {'x': -76.123963, 'y': 42.793884}, {'x': -76.123321, 'y': 42.796443}]",1633784207151.0,3.0,"[{}, {}]",3.158333333333333,11.37,I-81 N,NONE,LARGE,1659712804.0,2021-10-09 12:56:47,5,True,LineString,"[[-76.131121, 42.764829], [-76.130599, 42.765802], [-76.129245, 42.768295], [-76.128759, 42.769269], [-76.128287, 42.770341], [-76.127934, 42.77122], [-76.127581, 42.772232], [-76.127285, 42.773179], [-76.127033, 42.774167], [-76.126925, 42.77466], [-76.126731, 42.77564], [-76.12668, 42.77598], [-76.126596, 42.776483], [-76.12645, 42.77795], [-76.126448, 42.777967], [-76.126431, 42.77816], [-76.126024, 42.783805], [-76.125924, 42.784766], [-76.125796, 42.785567], [-76.125694, 42.786205], [-76.124271, 42.792609], [-76.123963, 42.793884], [-76.123321, 42.796443]]",2021-10-09,-76.1276601876729,42.7720088887589,18403935,39049188,,PROPERTY DAMAGE,999,2021,REAR END,2021/10/09,1900-01-01 12:50:00,COLLISION WITH MOTOR VEHICLE,DAYLIGHT,STRAIGHT AND LEVEL,DRY,NONE,NOT ENTERED,CLOUDY,0,1970/01/01,0,0,0,0,2,11101.0,1,NYSP CORTLAND,No,407746.70029938,4736113.81004379,Not an intersection crash,,Cortland,,0.0,,Preble,I 81,81I32023115,88.0,T,1-Rural Principal Arterial Interstate,NYSDOT,NYSDOT,Interstate 81,65.0,"V1:(OTHER (VEHICLE),UNKNOWN) / V2:(UNKNOWN,UNKNOWN)",2021-10-09,-76.131121,42.764829
56,Feature,,"Greenburgh, NY",US,75.0,I-287 E,107948020.0,2552.0,1.0,"[{'x': -73.803842, 'y': 41.047084}, {'x': -73.803606, 'y': 41.046974}, {'x': -73.802746, 'y': 41.046657}, {'x': -73.802242, 'y': 41.046531}, {'x': -73.801795, 'y': 41.04641}, {'x': -73.800746, 'y': 41.046181}, {'x': -73.79986, 'y': 41.046066}, {'x': -73.7992, 'y': 41.046019}, {'x': -73.798488, 'y': 41.045975}, {'x': -73.795253, 'y': 41.045842}, {'x': -73.794574, 'y': 41.045798}, {'x': -73.794336, 'y': 41.045771}, {'x': -73.793889, 'y': 41.045702}, {'x': -73.793387, 'y': 41.045611}, {'x': -73.793127, 'y': 41.045557}, {'x': -73.792773, 'y': 41.04547}, {'x': -73.792419, 'y': 41.045373}, {'x': -73.792129, 'y': 41.045284}, {'x': -73.791818, 'y': 41.045178}, {'x': -73.791281, 'y': 41.044978}, {'x': -73.790914, 'y': 41.044833}, {'x': -73.790337, 'y': 41.044561}, {'x': -73.7899, 'y': 41.044315}, {'x': -73.788428, 'y': 41.043473}, {'x': -73.787969, 'y': 41.043224}, {'x': -73.787561, 'y': 41.043026}, {'x': -73.787137, 'y': 41.042852}, {'x': -73.786732, 'y': 41.042708}, {'x': -73.786048, 'y': 41.042522}, {'x': -73.785415, 'y': 41.042383}, {'x': -73.784807, 'y': 41.042298}, {'x': -73.784284, 'y': 41.042249}, {'x': -73.783656, 'y': 41.042235}, {'x': -73.782972, 'y': 41.042251}, {'x': -73.782354, 'y': 41.042308}, {'x': -73.781565, 'y': 41.042427}, {'x': -73.780198, 'y': 41.042706}, {'x': -73.778797, 'y': 41.043029}, {'x': -73.775329, 'y': 41.044051}]",1634641961131.0,3.0,"[{}, {}, {}, {}]",15.441666666666666,55.59,I-287 E,NONE,NONE,107948020.0,2021-10-19 11:12:41,1,False,LineString,"[[-73.803842, 41.047084], [-73.803606, 41.046974], [-73.802746, 41.046657], [-73.802242, 41.046531], [-73.801795, 41.04641], [-73.800746, 41.046181], [-73.79986, 41.046066], [-73.7992, 41.046019], [-73.798488, 41.045975], [-73.795253, 41.045842], [-73.794574, 41.045798], [-73.794336, 41.045771], [-73.793889, 41.045702], [-73.793387, 41.045611], [-73.793127, 41.045557], [-73.792773, 41.04547], [-73.792419, 41.045373], [-73.792129, 41.045284], [-73.791818, 41.045178], [-73.791281, 41.044978], [-73.790914, 41.044833], [-73.790337, 41.044561], [-73.7899, 41.044315], [-73.788428, 41.043473], [-73.787969, 41.043224], [-73.787561, 41.043026], [-73.787137, 41.042852], [-73.786732, 41.042708], [-73.786048, 41.042522], [-73.785415, 41.042383], [-73.784807, 41.042298], [-73.784284, 41.042249], [-73.783656, 41.042235], [-73.782972, 41.042251], [-73.782354, 41.042308], [-73.781565, 41.042427], [-73.780198, 41.042706], [-73.778797, 41.043029], [-73.775329, 41.044051]]",2021-10-19,-73.8131456963416,41.0574054401813,18418591,39065065,,PROPERTY DAMAGE,2,2021,OVERTAKING,2021/10/19,1900-01-01 10:51:00,COLLISION WITH MOTOR VEHICLE,DAYLIGHT,CURVE AND GRADE,DRY,NONE,"TWO-WAY,DIVIDED,POSITIVE MEDIA BARR",CLEAR,1,1970/01/01,0,0,0,0,2,15904.0,0,NYSP THRUWAY TARRYTOWN,No,599730.60476518,4545808.13730522,INTERSECTION-RELATED,Ramp,Westchester,WEST,14.0,9019573.0,Elmsford,I 287,287I87011012,88.0,T,11-Urban Principal Arterial Interstate,NYSDOT,NYSDOT,,55.0,"V1:(UNSAFE LANE CHANGE,NOT APPLICABLE) / V2:(NOT APPLICABLE,NOT APPLICABLE)",2021-10-19,-73.803842,41.047084
57,Feature,,"Harrison, NY",US,66.0,Exit 9A: I-684 N / Brewster / Westchester Ave,211914172.0,1963.0,2.0,"[{'x': -73.754562, 'y': 41.034934}, {'x': -73.753767, 'y': 41.033585}, {'x': -73.753548, 'y': 41.033291}, {'x': -73.752878, 'y': 41.03258}, {'x': -73.752727, 'y': 41.03247}, {'x': -73.752402, 'y': 41.032209}, {'x': -73.752071, 'y': 41.031958}, {'x': -73.751585, 'y': 41.031673}, {'x': -73.751066, 'y': 41.031404}, {'x': -73.750465, 'y': 41.031149}, {'x': -73.749887, 'y': 41.030963}, {'x': -73.748887, 'y': 41.030723}, {'x': -73.748063, 'y': 41.030626}, {'x': -73.744915, 'y': 41.030455}, {'x': -73.744341, 'y': 41.030429}, {'x': -73.743766, 'y': 41.030383}, {'x': -73.742922, 'y': 41.03029}, {'x': -73.742277, 'y': 41.030196}, {'x': -73.741784, 'y': 41.03011}, {'x': -73.740959, 'y': 41.029926}, {'x': -73.740161, 'y': 41.02971}, {'x': -73.739144, 'y': 41.029378}, {'x': -73.738173, 'y': 41.028993}, {'x': -73.737485, 'y': 41.028649}, {'x': -73.734898, 'y': 41.027306}]",1634916851102.0,3.0,"[{}, {}, {}]",14.358333333333333,51.69,I-287 E,NONE,NONE,211914172.0,2021-10-22 15:34:11,4,False,LineString,"[[-73.754562, 41.034934], [-73.753767, 41.033585], [-73.753548, 41.033291], [-73.752878, 41.03258], [-73.752727, 41.03247], [-73.752402, 41.032209], [-73.752071, 41.031958], [-73.751585, 41.031673], [-73.751066, 41.031404], [-73.750465, 41.031149], [-73.749887, 41.030963], [-73.748887, 41.030723], [-73.748063, 41.030626], [-73.744915, 41.030455], [-73.744341, 41.030429], [-73.743766, 41.030383], [-73.742922, 41.03029], [-73.742277, 41.030196], [-73.741784, 41.03011], [-73.740959, 41.029926], [-73.740161, 41.02971], [-73.739144, 41.029378], [-73.738173, 41.028993], [-73.737485, 41.028649], [-73.734898, 41.027306]]",2021-10-22,-73.7419105923092,41.0301209228887,18420564,39067050,,PROPERTY DAMAGE,999,2021,REAR END,2021/10/22,1900-01-01 15:44:00,COLLISION WITH MOTOR VEHICLE,DAYLIGHT,STRAIGHT AND LEVEL,DRY,NONE,NOT ENTERED,CLEAR,0,1970/01/01,0,0,0,0,2,15904.0,0,NYSP THRUWAY TARRYTOWN,No,605760.25447723,4542863.07155547,INTERSECTION-RELATED,Ramp,Westchester,NORTH-WEST,0.0,9018340.0,White Plains,I 287,287I87011059,88.0,T,11-Urban Principal Arterial Interstate,NYS Thruway,NYSDOT,Cross Westchester Expressway,55.0,"V1:(DRIVER INATTENTION,FOLLOWING TOO CLOSELY) / V2:(NOT APPLICABLE,NOT APPLICABLE)",2021-10-22,-73.754562,41.034934
58,Feature,,"Au Sable, NY",US,85.0,I-87 S,212315494.0,6587.0,1.0,"[{'x': -73.501509, 'y': 44.547723}, {'x': -73.500064, 'y': 44.541451}, {'x': -73.499813, 'y': 44.540361}, {'x': -73.49756, 'y': 44.53062}, {'x': -73.497378, 'y': 44.529774}, {'x': -73.497276, 'y': 44.529186}, {'x': -73.497216, 'y': 44.528717}, {'x': -73.497127, 'y': 44.527773}, {'x': -73.497099, 'y': 44.526833}, {'x': -73.497108, 'y': 44.526359}, {'x': -73.497174, 'y': 44.525408}, {'x': -73.497301, 'y': 44.524417}, {'x': -73.498508, 'y': 44.517349}, {'x': -73.499946, 'y': 44.50904}, {'x': -73.500533, 'y': 44.505629}, {'x': -73.500593, 'y': 44.505281}, {'x': -73.501413, 'y': 44.500509}, {'x': -73.501533, 'y': 44.499657}, {'x': -73.501555, 'y': 44.49932}, {'x': -73.501555, 'y': 44.49899}, {'x': -73.501518, 'y': 44.498446}, {'x': -73.501444, 'y': 44.497998}, {'x': -73.501332, 'y': 44.497531}, {'x': -73.501159, 'y': 44.497034}, {'x': -73.500937, 'y': 44.496529}, {'x': -73.500714, 'y': 44.496114}, {'x': -73.500491, 'y': 44.495742}, {'x': -73.500234, 'y': 44.495391}, {'x': -73.50006, 'y': 44.495155}, {'x': -73.499769, 'y': 44.494832}, {'x': -73.499337, 'y': 44.494389}, {'x': -73.498634, 'y': 44.493782}, {'x': -73.498056, 'y': 44.493363}, {'x': -73.496372, 'y': 44.492219}, {'x': -73.494219, 'y': 44.49077}]",1635673393466.0,3.0,"[{}, {}, {}, {}, {}, {}]",22.6,81.36,I-87 S,NONE,NONE,212315494.0,2021-10-31 09:43:13,6,True,LineString,"[[-73.501509, 44.547723], [-73.500064, 44.541451], [-73.499813, 44.540361], [-73.49756, 44.53062], [-73.497378, 44.529774], [-73.497276, 44.529186], [-73.497216, 44.528717], [-73.497127, 44.527773], [-73.497099, 44.526833], [-73.497108, 44.526359], [-73.497174, 44.525408], [-73.497301, 44.524417], [-73.498508, 44.517349], [-73.499946, 44.50904], [-73.500533, 44.505629], [-73.500593, 44.505281], [-73.501413, 44.500509], [-73.501533, 44.499657], [-73.501555, 44.49932], [-73.501555, 44.49899], [-73.501518, 44.498446], [-73.501444, 44.497998], [-73.501332, 44.497531], [-73.501159, 44.497034], [-73.500937, 44.496529], [-73.500714, 44.496114], [-73.500491, 44.495742], [-73.500234, 44.495391], [-73.50006, 44.495155], [-73.499769, 44.494832], [-73.499337, 44.494389], [-73.498634, 44.493782], [-73.498056, 44.493363], [-73.496372, 44.492219], [-73.494219, 44.49077]]",2021-10-31,-73.4974397294113,44.5236136440208,18433719,39081655,,PROPERTY DAMAGE,999,2021,OTHER,2021/10/31,1900-01-01 09:40:00,COLLISION WITH GUIDE RAIL,DAYLIGHT,STRAIGHT/ GRADE,WET,NONE,NOT ENTERED,RAIN,0,1970/01/01,0,0,0,0,1,10906.0,0,STATE POLICE VALCOUR,No,619402.18813879,4931130.08472654,Not an intersection crash,Connecting Road,Clinton,1.0,701.0,,AuSable,I 87,87I71051024,88.0,T,1-Rural Principal Arterial Interstate,NYSDOT,NYSDOT,,65.0,"V1:(UNSAFE SPEED,NOT APPLICABLE)",2021-10-31,-73.501509,44.547723
59,Feature,,"Bronx, NY",US,128.0,to I-95 S / Upper Level George Washington Br,632560640.0,188.0,4.0,"[{'x': -73.927662, 'y': 40.845452}, {'x': -73.928785, 'y': 40.845721}, {'x': -73.929426, 'y': 40.845867}, {'x': -73.929793, 'y': 40.845942}]",1636197508166.0,3.0,[{}],1.352777777777778,4.87,I-95 S,NONE,NONE,632560640.0,2021-11-06 11:18:28,5,True,LineString,"[[-73.927662, 40.845452], [-73.928785, 40.845721], [-73.929426, 40.845867], [-73.929793, 40.845942]]",2021-11-06,-73.9267034799398,40.8452047969294,18444266,39093031,C - POSSIBLE INJURY,INJURY,888,2021,REAR END,2021/11/06,1900-01-01 11:40:00,COLLISION WITH MOTOR VEHICLE,DAYLIGHT,STRAIGHT AND LEVEL,DRY,NONE,NOT ENTERED,CLEAR,0,1970/01/01,0,1,1,0,2,3030.0,0,NYC PD,No,590477.50791954,4522127.8270069,Not an intersection crash,I 95,Bronx,1.0,9.0,,Bronx,I 87,87IX1M12035,88.0,T,11-Urban Principal Arterial Interstate,NYSDOT,NYSDOT,Major Deegan Exp,50.0,"V1:(NOT APPLICABLE,NOT APPLICABLE) / V2:(FOLLOWING TOO CLOSELY,UNSAFE SPEED)",2021-11-06,-73.927662,40.845452
60,Feature,,"Amherst, NY",US,64.0,Exit 2: Sweet Home Rd,588764222.0,2166.0,1.0,"[{'x': -78.804335, 'y': 42.999135}, {'x': -78.804184, 'y': 42.9993}, {'x': -78.80379, 'y': 42.999756}, {'x': -78.803461, 'y': 43.000229}, {'x': -78.80323, 'y': 43.00064}, {'x': -78.803032, 'y': 43.001115}, {'x': -78.802846, 'y': 43.001753}, {'x': -78.802725, 'y': 43.002518}, {'x': -78.802804, 'y': 43.004116}, {'x': -78.802875, 'y': 43.005656}, {'x': -78.802932, 'y': 43.007412}, {'x': -78.802911, 'y': 43.008509}, {'x': -78.802804, 'y': 43.009622}, {'x': -78.802569, 'y': 43.010966}, {'x': -78.802184, 'y': 43.012343}, {'x': -78.801782, 'y': 43.013421}, {'x': -78.801274, 'y': 43.014502}, {'x': -78.800208, 'y': 43.016195}, {'x': -78.799248, 'y': 43.017397}, {'x': -78.798897, 'y': 43.017798}]",1636951208007.0,3.0,"[{}, {}, {}, {}]",15.286111111111111,55.03,I-990 N,NONE,NONE,588764222.0,2021-11-15 04:40:08,0,False,LineString,"[[-78.804335, 42.999135], [-78.804184, 42.9993], [-78.80379, 42.999756], [-78.803461, 43.000229], [-78.80323, 43.00064], [-78.803032, 43.001115], [-78.802846, 43.001753], [-78.802725, 43.002518], [-78.802804, 43.004116], [-78.802875, 43.005656], [-78.802932, 43.007412], [-78.802911, 43.008509], [-78.802804, 43.009622], [-78.802569, 43.010966], [-78.802184, 43.012343], [-78.801782, 43.013421], [-78.801274, 43.014502], [-78.800208, 43.016195], [-78.799248, 43.017397], [-78.798897, 43.017798]]",2021-11-15,-78.7940229588345,42.9848510513526,18453160,39102841,,PROPERTY DAMAGE,999,2021,OTHER,2021/11/15,1900-01-01 04:46:00,COLL. W/LIGHT SUPPORT/UTILITY POLE,DARK-ROAD LIGHTED,STRAIGHT/ GRADE,SNOW/ICE,NONE,"TWO-WAY,DIVIDED,POSITIVE MEDIA BARR","SLEET/HAIL/FREEZING RAIN
",0,1970/01/01,0,0,0,0,1,1451.0,0,AMHERST TOWN PD,No,190663.30000057,4766120.80000058,Not an intersection crash,,Erie,,0.0,,Amherst,[Route] 290,290I53011074,88.0,T,11-Urban Principal Arterial Interstate,NYSDOT,NYSDOT,,55.0,"V1:(UNSAFE SPEED,NOT APPLICABLE)",2021-11-15,-78.804335,42.999135
61,Feature,,"Amherst, NY",US,62.0,Exit 2: Sweet Home Rd,588796188.0,2166.0,1.0,"[{'x': -78.804335, 'y': 42.999135}, {'x': -78.804184, 'y': 42.9993}, {'x': -78.80379, 'y': 42.999756}, {'x': -78.803461, 'y': 43.000229}, {'x': -78.80323, 'y': 43.00064}, {'x': -78.803032, 'y': 43.001115}, {'x': -78.802846, 'y': 43.001753}, {'x': -78.802725, 'y': 43.002518}, {'x': -78.802804, 'y': 43.004116}, {'x': -78.802875, 'y': 43.005656}, {'x': -78.802932, 'y': 43.007412}, {'x': -78.802911, 'y': 43.008509}, {'x': -78.802804, 'y': 43.009622}, {'x': -78.802569, 'y': 43.010966}, {'x': -78.802184, 'y': 43.012343}, {'x': -78.801782, 'y': 43.013421}, {'x': -78.801274, 'y': 43.014502}, {'x': -78.800208, 'y': 43.016195}, {'x': -78.799248, 'y': 43.017397}, {'x': -78.798897, 'y': 43.017798}]",1636951755193.0,3.0,"[{}, {}, {}, {}]",15.505555555555556,55.82,I-990 N,NONE,NONE,588796188.0,2021-11-15 04:49:15,0,False,LineString,"[[-78.804335, 42.999135], [-78.804184, 42.9993], [-78.80379, 42.999756], [-78.803461, 43.000229], [-78.80323, 43.00064], [-78.803032, 43.001115], [-78.802846, 43.001753], [-78.802725, 43.002518], [-78.802804, 43.004116], [-78.802875, 43.005656], [-78.802932, 43.007412], [-78.802911, 43.008509], [-78.802804, 43.009622], [-78.802569, 43.010966], [-78.802184, 43.012343], [-78.801782, 43.013421], [-78.801274, 43.014502], [-78.800208, 43.016195], [-78.799248, 43.017397], [-78.798897, 43.017798]]",2021-11-15,-78.7940229588345,42.9848510513526,18453160,39102841,,PROPERTY DAMAGE,999,2021,OTHER,2021/11/15,1900-01-01 04:46:00,COLL. W/LIGHT SUPPORT/UTILITY POLE,DARK-ROAD LIGHTED,STRAIGHT/ GRADE,SNOW/ICE,NONE,"TWO-WAY,DIVIDED,POSITIVE MEDIA BARR","SLEET/HAIL/FREEZING RAIN
",0,1970/01/01,0,0,0,0,1,1451.0,0,AMHERST TOWN PD,No,190663.30000057,4766120.80000058,Not an intersection crash,,Erie,,0.0,,Amherst,[Route] 290,290I53011074,88.0,T,11-Urban Principal Arterial Interstate,NYSDOT,NYSDOT,,55.0,"V1:(UNSAFE SPEED,NOT APPLICABLE)",2021-11-15,-78.804335,42.999135
62,Feature,,"Brewster, NY",US,81.0,Exit 68: I-684 / NY-22 Â» White Plains / Pawling,673911162.0,1469.0,2.0,"[{'x': -73.578443, 'y': 41.383471}, {'x': -73.578927, 'y': 41.38347}, {'x': -73.579685, 'y': 41.383482}, {'x': -73.580369, 'y': 41.383533}, {'x': -73.581438, 'y': 41.383653}, {'x': -73.582192, 'y': 41.383782}, {'x': -73.582333, 'y': 41.383813}, {'x': -73.582931, 'y': 41.383943}, {'x': -73.583303, 'y': 41.384024}, {'x': -73.584406, 'y': 41.384343}, {'x': -73.585138, 'y': 41.384598}, {'x': -73.585879, 'y': 41.384894}, {'x': -73.591752, 'y': 41.387656}, {'x': -73.592786, 'y': 41.388183}, {'x': -73.594177, 'y': 41.388819}]",1637235166014.0,3.0,"[{}, {}, {}]",11.01388888888889,39.65,I-84 W,NONE,NONE,673911162.0,2021-11-18 11:32:46,3,False,LineString,"[[-73.578443, 41.383471], [-73.578927, 41.38347], [-73.579685, 41.383482], [-73.580369, 41.383533], [-73.581438, 41.383653], [-73.582192, 41.383782], [-73.582333, 41.383813], [-73.582931, 41.383943], [-73.583303, 41.384024], [-73.584406, 41.384343], [-73.585138, 41.384598], [-73.585879, 41.384894], [-73.591752, 41.387656], [-73.592786, 41.388183], [-73.594177, 41.388819]]",2021-11-18,-73.5999878375879,41.3863159934576,18466421,39117131,C - POSSIBLE INJURY,INJURY,999,2021,REAR END,2021/11/18,1900-01-01 11:48:00,COLLISION WITH MOTOR VEHICLE,DAYLIGHT,STRAIGHT AND LEVEL,DRY,NO PASSING ZONE,NOT ENTERED,CLEAR,0,1970/01/01,0,1,1,0,2,15903.0,0,NYSP SOMERS,No,617054.49980597,4582588.82863039,INTERSECTION-RELATED,Connecting Road,Putnam,SOUTH-EAST,1.0,7010252.0,Southeast,I 684,684I84021028,88.0,T,11-Urban Principal Arterial Interstate,NYSDOT,NYSDOT,Interstate 684,55.0,"V1:(FOLLOWING TOO CLOSELY,NOT APPLICABLE) / V2:(NOT APPLICABLE,NOT APPLICABLE)",2021-11-18,-73.578443,41.383471
63,Feature,,"Pittsford, NY",US,217.0,Exit 25: NY-31F Â» Fairport / E Rochester,800679754.0,1881.0,4.0,"[{'x': -77.487395, 'y': 43.081417}, {'x': -77.487623, 'y': 43.081639}, {'x': -77.487856, 'y': 43.08185}, {'x': -77.488395, 'y': 43.082304}, {'x': -77.488957, 'y': 43.082734}, {'x': -77.489376, 'y': 43.083032}, {'x': -77.48974, 'y': 43.083271}, {'x': -77.490109, 'y': 43.083501}, {'x': -77.490851, 'y': 43.083921}, {'x': -77.491661, 'y': 43.084341}, {'x': -77.492061, 'y': 43.084548}, {'x': -77.493794, 'y': 43.085392}, {'x': -77.494536, 'y': 43.085756}, {'x': -77.495239, 'y': 43.086153}, {'x': -77.495697, 'y': 43.086428}, {'x': -77.49613, 'y': 43.086726}, {'x': -77.4964, 'y': 43.086919}, {'x': -77.497013, 'y': 43.087409}, {'x': -77.49742, 'y': 43.087764}, {'x': -77.497801, 'y': 43.088155}, {'x': -77.498332, 'y': 43.088748}, {'x': -77.498626, 'y': 43.089165}, {'x': -77.498939, 'y': 43.089616}, {'x': -77.499183, 'y': 43.09005}, {'x': -77.499557, 'y': 43.090836}, {'x': -77.499849, 'y': 43.091743}, {'x': -77.500509, 'y': 43.094069}, {'x': -77.500613, 'y': 43.094455}]",1637593278070.0,3.0,"[{}, {}, {}, {}]",6.688888888888889,24.08,I-490 W,NONE,NONE,800679754.0,2021-11-22 15:01:18,0,False,LineString,"[[-77.487395, 43.081417], [-77.487623, 43.081639], [-77.487856, 43.08185], [-77.488395, 43.082304], [-77.488957, 43.082734], [-77.489376, 43.083032], [-77.48974, 43.083271], [-77.490109, 43.083501], [-77.490851, 43.083921], [-77.491661, 43.084341], [-77.492061, 43.084548], [-77.493794, 43.085392], [-77.494536, 43.085756], [-77.495239, 43.086153], [-77.495697, 43.086428], [-77.49613, 43.086726], [-77.4964, 43.086919], [-77.497013, 43.087409], [-77.49742, 43.087764], [-77.497801, 43.088155], [-77.498332, 43.088748], [-77.498626, 43.089165], [-77.498939, 43.089616], [-77.499183, 43.09005], [-77.499557, 43.090836], [-77.499849, 43.091743], [-77.500509, 43.094069], [-77.500613, 43.094455]]",2021-11-22,-77.4852985180517,43.0789098572992,18469723,39120630,,PROPERTY DAMAGE,999,2021,REAR END,2021/11/22,1900-01-01 15:20:00,COLLISION WITH MOTOR VEHICLE,DAYLIGHT,STRAIGHT AND LEVEL,DRY,NONE,NOT ENTERED,CLOUDY,0,1970/01/01,0,0,0,0,2,2700.0,0,MONROE CO SO,No,297682.48067987,4772575.61158679,INTERSECTION-RELATED,Ramp,Monroe,SOUTH-EAST,27.0,5009486.0,Perinton,I 490,490I43023058,88.0,T,11-Urban Principal Arterial Interstate,NYSDOT,NYSDOT,I490,65.0,"V1:(FAILURE TO YIELD RIGHT OF WAY,FOLLOWING TOO CLOSELY) / V2:(NOT APPLICABLE,NOT APPLICABLE)",2021-11-22,-77.487395,43.081417