,type,properties.blockingAlertUuid,properties.city,properties.country,properties.delay,properties.endNode,properties.id,properties.length,properties.level,properties.line,properties.pubMillis,properties.roadType,properties.segments,properties.speed,properties.speedKMH,properties.street,properties.turnType,properties.type,properties.uuid,properties.utc_timestamp,properties.day_of_week,properties.weekday_weekend,geometry.type,geometry.coordinates,key_date_jams,X,Y,OBJECTID,CaseNumber,MaxInjuryS,CrashSever,RoadwayAcc,CaseYear,CollisionT,CrashDate,CrashTimeF,CrashType,LightCondi,RoadwayCha,RoadSurfac,TrafficCon,TrafficWay,WeatherCon,Commercial,DMVInsertD,NumberOfFa,NumberOfIn,NumberOfOt,NumberOfSe,NumberOfVe,PoliceDept,NonReporta,ReportingA,NonPublicW,UTMEasting,UTMNorthin,Intersecti,ClosestCro,CountyName,DirectionF,DistanceFr,MasterInte,CityTownNa,OnStreet,ReferenceM,ACCESS_CON,DIVIDED,FUNCTIONAL,MAINT_JURI,OWNING_JUR,NAME,POSTED_SPE,ApparentFa,key_date_crashes,jams_x,jams_y
64,Feature,,"Pittsford, NY",US,184.0,Exit 25: NY-31F Â» Fairport / E Rochester,800679754.0,1881.0,3.0,"[{'x': -77.487395, 'y': 43.081417}, {'x': -77.487623, 'y': 43.081639}, {'x': -77.487856, 'y': 43.08185}, {'x': -77.488395, 'y': 43.082304}, {'x': -77.488957, 'y': 43.082734}, {'x': -77.489376, 'y': 43.083032}, {'x': -77.48974, 'y': 43.083271}, {'x': -77.490109, 'y': 43.083501}, {'x': -77.490851, 'y': 43.083921}, {'x': -77.491661, 'y': 43.084341}, {'x': -77.492061, 'y': 43.084548}, {'x': -77.493794, 'y': 43.085392}, {'x': -77.494536, 'y': 43.085756}, {'x': -77.495239, 'y': 43.086153}, {'x': -77.495697, 'y': 43.086428}, {'x': -77.49613, 'y': 43.086726}, {'x': -77.4964, 'y': 43.086919}, {'x': -77.497013, 'y': 43.087409}, {'x': -77.49742, 'y': 43.087764}, {'x': -77.497801, 'y': 43.088155}, {'x': -77.498332, 'y': 43.088748}, {'x': -77.498626, 'y': 43.089165}, {'x': -77.498939, 'y': 43.089616}, {'x': -77.499183, 'y': 43.09005}, {'x': -77.499557, 'y': 43.090836}, {'x': -77.499849, 'y': 43.091743}, {'x': -77.500509, 'y': 43.094069}, {'x': -77.500613, 'y': 43.094455}]",1637593278070.0,3.0,"[{}, {}, {}, {}]",7.552777777777778,27.19,I-490 W,NONE,NONE,800679754.0,2021-11-22 15:01:18,0,False,LineString,"[[-77.487395, 43.081417], [-77.487623, 43.081639], [-77.487856, 43.08185], [-77.488395, 43.082304], [-77.488957, 43.082734], [-77.489376, 43.083032], [-77.48974, 43.083271], [-77.490109, 43.083501], [-77.490851, 43.083921], [-77.491661, 43.084341], [-77.492061, 43.084548], [-77.493794, 43.085392], [-77.494536, 43.085756], [-77.495239, 43.086153], [-77.495697, 43.086428], [-77.49613, 43.086726], [-77.4964, 43.086919], [-77.497013, 43.087409], [-77.49742, 43.087764], [-77.497801, 43.088155], [-77.498332, 43.088748], [-77.498626, 43.089165], [-77.498939, 43.089616], [-77.499183, 43.09005], [-77.499557, 43.090836], [-77.499849, 43.091743], [-77.500509, 43.094069], [-77.500613, 43.094455]]",2021-11-22,-77.4852985180517,43.0789098572992,18469723,39120630,,PROPERTY DAMAGE,999,2021,REAR END,2021/11/22,1900-01-01 15:20:00,COLLISION WITH MOTOR VEHICLE,DAYLIGHT,STRAIGHT AND LEVEL,DRY,NONE,NOT ENTERED,CLOUDY,0,1970/01/01,0,0,0,0,2,2700.0,0,MONROE CO SO,No,297682.48067987,4772575.61158679,INTERSECTION-RELATED,Ramp,Monroe,SOUTH-EAST,27.0,5009486.0,Perinton,I 490,490I43023058,88.0,T,11-Urban Principal Arterial Interstate,NYSDOT,NYSDOT,I490,65.0,"V1:(FAILURE TO YIELD RIGHT OF WAY,FOLLOWING TOO CLOSELY) / V2:(NOT APPLICABLE,NOT APPLICABLE)",2021-11-22,-77.487395,43.081417
65,Feature,,"Pittsford, NY",US,346.0,Exit 25: NY-31F Â» Fairport / E Rochester,800679754.0,2182.0,4.0,"[{'x': -77.485464, 'y': 43.079107}, {'x': -77.486261, 'y': 43.080186}, {'x': -77.487035, 'y': 43.081065}, {'x': -77.487395, 'y': 43.081417}, {'x': -77.487623, 'y': 43.081639}, {'x': -77.487856, 'y': 43.08185}, {'x': -77.488395, 'y': 43.082304}, {'x': -77.488957, 'y': 43.082734}, {'x': -77.489376, 'y': 43.083032}, {'x': -77.48974, 'y': 43.083271}, {'x': -77.490109, 'y': 43.083501}, {'x': -77.490851, 'y': 43.083921}, {'x': -77.491661, 'y': 43.084341}, {'x': -77.492061, 'y': 43.084548}, {'x': -77.493794, 'y': 43.085392}, {'x': -77.494536, 'y': 43.085756}, {'x': -77.495239, 'y': 43.086153}, {'x': -77.495697, 'y': 43.086428}, {'x': -77.49613, 'y': 43.086726}, {'x': -77.4964, 'y': 43.086919}, {'x': -77.497013, 'y': 43.087409}, {'x': -77.49742, 'y': 43.087764}, {'x': -77.497801, 'y': 43.088155}, {'x': -77.498332, 'y': 43.088748}, {'x': -77.498626, 'y': 43.089165}, {'x': -77.498939, 'y': 43.089616}, {'x': -77.499183, 'y': 43.09005}, {'x': -77.499557, 'y': 43.090836}, {'x': -77.499849, 'y': 43.091743}, {'x': -77.500509, 'y': 43.094069}, {'x': -77.500613, 'y': 43.094455}]",1637593278070.0,3.0,"[{}, {}, {}, {}, {}]",5.175,18.63,I-490 W,NONE,NONE,800679754.0,2021-11-22 15:01:18,0,False,LineString,"[[-77.485464, 43.079107], [-77.486261, 43.080186], [-77.487035, 43.081065], [-77.487395, 43.081417], [-77.487623, 43.081639], [-77.487856, 43.08185], [-77.488395, 43.082304], [-77.488957, 43.082734], [-77.489376, 43.083032], [-77.48974, 43.083271], [-77.490109, 43.083501], [-77.490851, 43.083921], [-77.491661, 43.084341], [-77.492061, 43.084548], [-77.493794, 43.085392], [-77.494536, 43.085756], [-77.495239, 43.086153], [-77.495697, 43.086428], [-77.49613, 43.086726], [-77.4964, 43.086919], [-77.497013, 43.087409], [-77.49742, 43.087764], [-77.497801, 43.088155], [-77.498332, 43.088748], [-77.498626, 43.089165], [-77.498939, 43.089616], [-77.499183, 43.09005], [-77.499557, 43.090836], [-77.499849, 43.091743], [-77.500509, 43.094069], [-77.500613, 43.094455]]",2021-11-22,-77.4852985180517,43.0789098572992,18469723,39120630,,PROPERTY DAMAGE,999,2021,REAR END,2021/11/22,1900-01-01 15:20:00,COLLISION WITH MOTOR VEHICLE,DAYLIGHT,STRAIGHT AND LEVEL,DRY,NONE,NOT ENTERED,CLOUDY,0,1970/01/01,0,0,0,0,2,2700.0,0,MONROE CO SO,No,297682.48067987,4772575.61158679,INTERSECTION-RELATED,Ramp,Monroe,SOUTH-EAST,27.0,5009486.0,Perinton,I 490,490I43023058,88.0,T,11-Urban Principal Arterial Interstate,NYSDOT,NYSDOT,I490,65.0,"V1:(FAILURE TO YIELD RIGHT OF WAY,FOLLOWING TOO CLOSELY) / V2:(NOT APPLICABLE,NOT APPLICABLE)",2021-11-22,-77.485464,43.079107
66,Feature,,"Pittsford, NY",US,305.0,Exit 25: NY-31F Â» Fairport / E Rochester,800679754.0,2182.0,4.0,"[{'x': -77.485464, 'y': 43.079107}, {'x': -77.486261, 'y': 43.080186}, {'x': -77.487035, 'y': 43.081065}, {'x': -77.487395, 'y': 43.081417}, {'x': -77.487623, 'y': 43.081639}, {'x': -77.487856, 'y': 43.08185}, {'x': -77.488395, 'y': 43.082304}, {'x': -77.488957, 'y': 43.082734}, {'x': -77.489376, 'y': 43.083032}, {'x': -77.48974, 'y': 43.083271}, {'x': -77.490109, 'y': 43.083501}, {'x': -77.490851, 'y': 43.083921}, {'x': -77.491661, 'y': 43.084341}, {'x': -77.492061, 'y': 43.084548}, {'x': -77.493794, 'y': 43.085392}, {'x': -77.494536, 'y': 43.085756}, {'x': -77.495239, 'y': 43.086153}, {'x': -77.495697, 'y': 43.086428}, {'x': -77.49613, 'y': 43.086726}, {'x': -77.4964, 'y': 43.086919}, {'x': -77.497013, 'y': 43.087409}, {'x': -77.49742, 'y': 43.087764}, {'x': -77.497801, 'y': 43.088155}, {'x': -77.498332, 'y': 43.088748}, {'x': -77.498626, 'y': 43.089165}, {'x': -77.498939, 'y': 43.089616}, {'x': -77.499183, 'y': 43.09005}, {'x': -77.499557, 'y': 43.090836}, {'x': -77.499849, 'y': 43.091743}, {'x': -77.500509, 'y': 43.094069}, {'x': -77.500613, 'y': 43.094455}]",1637593278070.0,3.0,"[{}, {}, {}, {}, {}]",5.716666666666667,20.58,I-490 W,NONE,NONE,800679754.0,2021-11-22 15:01:18,0,False,LineString,"[[-77.485464, 43.079107], [-77.486261, 43.080186], [-77.487035, 43.081065], [-77.487395, 43.081417], [-77.487623, 43.081639], [-77.487856, 43.08185], [-77.488395, 43.082304], [-77.488957, 43.082734], [-77.489376, 43.083032], [-77.48974, 43.083271], [-77.490109, 43.083501], [-77.490851, 43.083921], [-77.491661, 43.084341], [-77.492061, 43.084548], [-77.493794, 43.085392], [-77.494536, 43.085756], [-77.495239, 43.086153], [-77.495697, 43.086428], [-77.49613, 43.086726], [-77.4964, 43.086919], [-77.497013, 43.087409], [-77.49742, 43.087764], [-77.497801, 43.088155], [-77.498332, 43.088748], [-77.498626, 43.089165], [-77.498939, 43.089616], [-77.499183, 43.09005], [-77.499557, 43.090836], [-77.499849, 43.091743], [-77.500509, 43.094069], [-77.500613, 43.094455]]",2021-11-22,-77.4852985180517,43.0789098572992,18469723,39120630,,PROPERTY DAMAGE,999,2021,REAR END,2021/11/22,1900-01-01 15:20:00,COLLISION WITH MOTOR VEHICLE,DAYLIGHT,STRAIGHT AND LEVEL,DRY,NONE,NOT ENTERED,CLOUDY,0,1970/01/01,0,0,0,0,2,2700.0,0,MONROE CO SO,No,297682.48067987,4772575.61158679,INTERSECTION-RELATED,Ramp,Monroe,SOUTH-EAST,27.0,5009486.0,Perinton,I 490,490I43023058,88.0,T,11-Urban Principal Arterial Interstate,NYSDOT,NYSDOT,I490,65.0,"V1:(FAILURE TO YIELD RIGHT OF WAY,FOLLOWING TOO CLOSELY) / V2:(NOT APPLICABLE,NOT APPLICABLE)",2021-11-22,-77.485464,43.079107
67,Feature,,"Pittsford, NY",US,281.0,Exit 25: NY-31F Â» Fairport / E Rochester,800679754.0,2182.0,4.0,"[{'x': -77.485464, 'y': 43.079107}, {'x': -77.486261, 'y': 43.080186}, {'x': -77.487035, 'y': 43.081065}, {'x': -77.487395, 'y': 43.081417}, {'x': -77.487623, 'y': 43.081639}, {'x': -77.487856, 'y': 43.08185}, {'x': -77.488395, 'y': 43.082304}, {'x': -77.488957, 'y': 43.082734}, {'x': -77.489376, 'y': 43.083032}, {'x': -77.48974, 'y': 43.083271}, {'x': -77.490109, 'y': 43.083501}, {'x': -77.490851, 'y': 43.083921}, {'x': -77.491661, 'y': 43.084341}, {'x': -77.492061, 'y': 43.084548}, {'x': -77.493794, 'y': 43.085392}, {'x': -77.494536, 'y': 43.085756}, {'x': -77.495239, 'y': 43.086153}, {'x': -77.495697, 'y': 43.086428}, {'x': -77.49613, 'y': 43.086726}, {'x': -77.4964, 'y': 43.086919}, {'x': -77.497013, 'y': 43.087409}, {'x': -77.49742, 'y': 43.087764}, {'x': -77.497801, 'y': 43.088155}, {'x': -77.498332, 'y': 43.088748}, {'x': -77.498626, 'y': 43.089165}, {'x': -77.498939, 'y': 43.089616}, {'x': -77.499183, 'y': 43.09005}, {'x': -77.499557, 'y': 43.090836}, {'x': -77.499849, 'y': 43.091743}, {'x': -77.500509, 'y': 43.094069}, {'x': -77.500613, 'y': 43.094455}]",1637593278070.0,3.0,"[{}, {}, {}, {}, {}]",6.152777777777778,22.15,I-490 W,NONE,NONE,800679754.0,2021-11-22 15:01:18,0,False,LineString,"[[-77.485464, 43.079107], [-77.486261, 43.080186], [-77.487035, 43.081065], [-77.487395, 43.081417], [-77.487623, 43.081639], [-77.487856, 43.08185], [-77.488395, 43.082304], [-77.488957, 43.082734], [-77.489376, 43.083032], [-77.48974, 43.083271], [-77.490109, 43.083501], [-77.490851, 43.083921], [-77.491661, 43.084341], [-77.492061, 43.084548], [-77.493794, 43.085392], [-77.494536, 43.085756], [-77.495239, 43.086153], [-77.495697, 43.086428], [-77.49613, 43.086726], [-77.4964, 43.086919], [-77.497013, 43.087409], [-77.49742, 43.087764], [-77.497801, 43.088155], [-77.498332, 43.088748], [-77.498626, 43.089165], [-77.498939, 43.089616], [-77.499183, 43.09005], [-77.499557, 43.090836], [-77.499849, 43.091743], [-77.500509, 43.094069], [-77.500613, 43.094455]]",2021-11-22,-77.4852985180517,43.0789098572992,18469723,39120630,,PROPERTY DAMAGE,999,2021,REAR END,2021/11/22,1900-01-01 15:20:00,COLLISION WITH MOTOR VEHICLE,DAYLIGHT,STRAIGHT AND LEVEL,DRY,NONE,NOT ENTERED,CLOUDY,0,1970/01/01,0,0,0,0,2,2700.0,0,MONROE CO SO,No,297682.48067987,4772575.61158679,INTERSECTION-RELATED,Ramp,Monroe,SOUTH-EAST,27.0,5009486.0,Perinton,I 490,490I43023058,88.0,T,11-Urban Principal Arterial Interstate,NYSDOT,NYSDOT,I490,65.0,"V1:(FAILURE TO YIELD RIGHT OF WAY,FOLLOWING TOO CLOSELY) / V2:(NOT APPLICABLE,NOT APPLICABLE)",2021-11-22,-77.485464,43.079107
68,Feature,,"Syracuse, NY",US,74.0,I-81 S / Binghamton,1092064254.0,4006.0,1.0,"[{'x': -76.14262, 'y': 43.046396}, {'x': -76.142557, 'y': 43.041577}, {'x': -76.142554, 'y': 43.041271}, {'x': -76.142535, 'y': 43.041048}, {'x': -76.142519, 'y': 43.040838}, {'x': -76.142456, 'y': 43.040366}, {'x': -76.142277, 'y': 43.039466}, {'x': -76.142256, 'y': 43.039245}, {'x': -76.14221, 'y': 43.038941}, {'x': -76.142183, 'y': 43.038592}, {'x': -76.142186, 'y': 43.038213}, {'x': -76.142205, 'y': 43.037913}, {'x': -76.142229, 'y': 43.037629}, {'x': -76.142291, 'y': 43.037266}, {'x': -76.142344, 'y': 43.036938}, {'x': -76.142433, 'y': 43.036674}, {'x': -76.142757, 'y': 43.035709}, {'x': -76.14297, 'y': 43.034968}, {'x': -76.143004, 'y': 43.034744}, {'x': -76.143014, 'y': 43.034523}, {'x': -76.143008, 'y': 43.034177}, {'x': -76.142969, 'y': 43.033876}, {'x': -76.142856, 'y': 43.033329}, {'x': -76.142596, 'y': 43.032633}, {'x': -76.141493, 'y': 43.029673}, {'x': -76.141089, 'y': 43.028579}, {'x': -76.140768, 'y': 43.027723}, {'x': -76.140483, 'y': 43.026932}, {'x': -76.140276, 'y': 43.026224}, {'x': -76.140176, 'y': 43.025622}, {'x': -76.140165, 'y': 43.025362}, {'x': -76.140153, 'y': 43.025126}, {'x': -76.140157, 'y': 43.024889}, {'x': -76.140174, 'y': 43.024531}, {'x': -76.140265, 'y': 43.023754}, {'x': -76.140391, 'y': 43.022805}, {'x': -76.140521, 'y': 43.021533}, {'x': -76.14051, 'y': 43.019566}, {'x': -76.140452, 'y': 43.018965}, {'x': -76.140348, 'y': 43.018204}, {'x': -76.14017, 'y': 43.017335}, {'x': -76.139851, 'y': 43.016203}, {'x': -76.139533, 'y': 43.015302}, {'x': -76.139333, 'y': 43.014822}, {'x': -76.139105, 'y': 43.014337}, {'x': -76.138697, 'y': 43.013531}, {'x': -76.138335, 'y': 43.012904}, {'x': -76.137998, 'y': 43.01231}, {'x': -76.137163, 'y': 43.011111}]",1637647076791.0,3.0,"[{}, {}, {}, {}, {}]",17.969444444444445,64.69,I-81 S,NONE,NONE,1092064254.0,2021-11-23 05:57:56,1,False,LineString,"[[-76.14262, 43.046396], [-76.142557, 43.041577], [-76.142554, 43.041271], [-76.142535, 43.041048], [-76.142519, 43.040838], [-76.142456, 43.040366], [-76.142277, 43.039466], [-76.142256, 43.039245], [-76.14221, 43.038941], [-76.142183, 43.038592], [-76.142186, 43.038213], [-76.142205, 43.037913], [-76.142229, 43.037629], [-76.142291, 43.037266], [-76.142344, 43.036938], [-76.142433, 43.036674], [-76.142757, 43.035709], [-76.14297, 43.034968], [-76.143004, 43.034744], [-76.143014, 43.034523], [-76.143008, 43.034177], [-76.142969, 43.033876], [-76.142856, 43.033329], [-76.142596, 43.032633], [-76.141493, 43.029673], [-76.141089, 43.028579], [-76.140768, 43.027723], [-76.140483, 43.026932], [-76.140276, 43.026224], [-76.140176, 43.025622], [-76.140165, 43.025362], [-76.140153, 43.025126], [-76.140157, 43.024889], [-76.140174, 43.024531], [-76.140265, 43.023754], [-76.140391, 43.022805], [-76.140521, 43.021533], [-76.14051, 43.019566], [-76.140452, 43.018965], [-76.140348, 43.018204], [-76.14017, 43.017335], [-76.139851, 43.016203], [-76.139533, 43.015302], [-76.139333, 43.014822], [-76.139105, 43.014337], [-76.138697, 43.013531], [-76.138335, 43.012904], [-76.137998, 43.01231], [-76.137163, 43.011111]]",2021-11-23,-76.1424959894385,43.0427110134928,18467179,39117894,,PROPERTY DAMAGE,999,2021,OVERTAKING,2021/11/23,1900-01-01 06:00:00,COLLISION WITH MOTOR VEHICLE,DARK-ROAD LIGHTED,STRAIGHT AND LEVEL,WET,TRAFFIC SIGNAL,NOT ENTERED,SNOW,0,1970/01/01,0,0,0,0,2,3301.0,0,SYRACUSE PD,No,406941.12999958,4766191.11000126,AT-INTERSECTION,ADAMS ST,Onondaga,,0.0,7031654.0,Syracuse,ALMOND ST,,,,Unknown,Unknown,Unknown,,,"V1:(UNSAFE LANE CHANGE,VIEW OBSTRUCTED/LIMITED) / V2:(NOT APPLICABLE,NOT APPLICABLE)",2021-11-23,-76.14262,43.046396
69,Feature,,"Syracuse, NY",US,60.0,I-690 W,1092074052.0,3129.0,1.0,"[{'x': -76.150117, 'y': 43.052799}, {'x': -76.151387, 'y': 43.053513}, {'x': -76.151852, 'y': 43.05372}, {'x': -76.152175, 'y': 43.053834}, {'x': -76.152513, 'y': 43.053939}, {'x': -76.152796, 'y': 43.054023}, {'x': -76.152857, 'y': 43.054044}, {'x': -76.153168, 'y': 43.05411}, {'x': -76.153325, 'y': 43.054138}, {'x': -76.153591, 'y': 43.05418}, {'x': -76.15377, 'y': 43.054206}, {'x': -76.15411, 'y': 43.054246}, {'x': -76.154709, 'y': 43.054295}, {'x': -76.155753, 'y': 43.054353}, {'x': -76.156472, 'y': 43.054406}, {'x': -76.157375, 'y': 43.054474}, {'x': -76.157699, 'y': 43.054506}, {'x': -76.158466, 'y': 43.054632}, {'x': -76.159526, 'y': 43.054897}, {'x': -76.159985, 'y': 43.055001}, {'x': -76.160492, 'y': 43.055091}, {'x': -76.160782, 'y': 43.055131}, {'x': -76.161222, 'y': 43.055185}, {'x': -76.161736, 'y': 43.055265}, {'x': -76.1649, 'y': 43.055667}, {'x': -76.165843, 'y': 43.055783}, {'x': -76.166103, 'y': 43.055811}, {'x': -76.166394, 'y': 43.055851}, {'x': -76.166659, 'y': 43.05588}, {'x': -76.166973, 'y': 43.055905}, {'x': -76.167287, 'y': 43.055924}, {'x': -76.16788, 'y': 43.055954}, {'x': -76.170264, 'y': 43.056009}, {'x': -76.170592, 'y': 43.056016}, {'x': -76.171504, 'y': 43.056032}, {'x': -76.172425, 'y': 43.056059}, {'x': -76.173163, 'y': 43.056105}, {'x': -76.173646, 'y': 43.056173}, {'x': -76.17462, 'y': 43.056367}, {'x': -76.175362, 'y': 43.056592}, {'x': -76.175929, 'y': 43.056794}, {'x': -76.176808, 'y': 43.05708}, {'x': -76.177006, 'y': 43.057135}, {'x': -76.177403, 'y': 43.057213}, {'x': -76.177745, 'y': 43.057262}, {'x': -76.178697, 'y': 43.057299}, {'x': -76.179119, 'y': 43.057322}, {'x': -76.179435, 'y': 43.057359}, {'x': -76.179812, 'y': 43.057415}, {'x': -76.180115, 'y': 43.05749}, {'x': -76.18045, 'y': 43.057576}, {'x': -76.180743, 'y': 43.057685}, {'x': -76.184196, 'y': 43.059174}, {'x': -76.184856, 'y': 43.059432}, {'x': -76.186513, 'y': 43.060075}]",1637647340807.0,3.0,"[{}, {}, {}, {}, {}, {}]",17.81388888888889,64.13,I-690 W,NONE,NONE,1092074052.0,2021-11-23 06:02:20,1,False,LineString,"[[-76.150117, 43.052799], [-76.151387, 43.053513], [-76.151852, 43.05372], [-76.152175, 43.053834], [-76.152513, 43.053939], [-76.152796, 43.054023], [-76.152857, 43.054044], [-76.153168, 43.05411], [-76.153325, 43.054138], [-76.153591, 43.05418], [-76.15377, 43.054206], [-76.15411, 43.054246], [-76.154709, 43.054295], [-76.155753, 43.054353], [-76.156472, 43.054406], [-76.157375, 43.054474], [-76.157699, 43.054506], [-76.158466, 43.054632], [-76.159526, 43.054897], [-76.159985, 43.055001], [-76.160492, 43.055091], [-76.160782, 43.055131], [-76.161222, 43.055185], [-76.161736, 43.055265], [-76.1649, 43.055667], [-76.165843, 43.055783], [-76.166103, 43.055811], [-76.166394, 43.055851], [-76.166659, 43.05588], [-76.166973, 43.055905], [-76.167287, 43.055924], [-76.16788, 43.055954], [-76.170264, 43.056009], [-76.170592, 43.056016], [-76.171504, 43.056032], [-76.172425, 43.056059], [-76.173163, 43.056105], [-76.173646, 43.056173], [-76.17462, 43.056367], [-76.175362, 43.056592], [-76.175929, 43.056794], [-76.176808, 43.05708], [-76.177006, 43.057135], [-76.177403, 43.057213], [-76.177745, 43.057262], [-76.178697, 43.057299], [-76.179119, 43.057322], [-76.179435, 43.057359], [-76.179812, 43.057415], [-76.180115, 43.05749], [-76.18045, 43.057576], [-76.180743, 43.057685], [-76.184196, 43.059174], [-76.184856, 43.059432], [-76.186513, 43.060075]]",2021-11-23,-76.1424959894385,43.0427110134928,18467179,39117894,,PROPERTY DAMAGE,999,2021,OVERTAKING,2021/11/23,1900-01-01 06:00:00,COLLISION WITH MOTOR VEHICLE,DARK-ROAD LIGHTED,STRAIGHT AND LEVEL,WET,TRAFFIC SIGNAL,NOT ENTERED,SNOW,0,1970/01/01,0,0,0,0,2,3301.0,0,SYRACUSE PD,No,406941.12999958,4766191.11000126,AT-INTERSECTION,ADAMS ST,Onondaga,,0.0,7031654.0,Syracuse,ALMOND ST,,,,Unknown,Unknown,Unknown,,,"V1:(UNSAFE LANE CHANGE,VIEW OBSTRUCTED/LIMITED) / V2:(NOT APPLICABLE,NOT APPLICABLE)",2021-11-23,-76.150117,43.052799
70,Feature,,"Syracuse, NY",US,68.0,I-690 W,1092113830.0,3129.0,1.0,"[{'x': -76.150117, 'y': 43.052799}, {'x': -76.151387, 'y': 43.053513}, {'x': -76.151852, 'y': 43.05372}, {'x': -76.152175, 'y': 43.053834}, {'x': -76.152513, 'y': 43.053939}, {'x': -76.152796, 'y': 43.054023}, {'x': -76.152857, 'y': 43.054044}, {'x': -76.153168, 'y': 43.05411}, {'x': -76.153325, 'y': 43.054138}, {'x': -76.153591, 'y': 43.05418}, {'x': -76.15377, 'y': 43.054206}, {'x': -76.15411, 'y': 43.054246}, {'x': -76.154709, 'y': 43.054295}, {'x': -76.155753, 'y': 43.054353}, {'x': -76.156472, 'y': 43.054406}, {'x': -76.157375, 'y': 43.054474}, {'x': -76.157699, 'y': 43.054506}, {'x': -76.158466, 'y': 43.054632}, {'x': -76.159526, 'y': 43.054897}, {'x': -76.159985, 'y': 43.055001}, {'x': -76.160492, 'y': 43.055091}, {'x': -76.160782, 'y': 43.055131}, {'x': -76.161222, 'y': 43.055185}, {'x': -76.161736, 'y': 43.055265}, {'x': -76.1649, 'y': 43.055667}, {'x': -76.165843, 'y': 43.055783}, {'x': -76.166103, 'y': 43.055811}, {'x': -76.166394, 'y': 43.055851}, {'x': -76.166659, 'y': 43.05588}, {'x': -76.166973, 'y': 43.055905}, {'x': -76.167287, 'y': 43.055924}, {'x': -76.16788, 'y': 43.055954}, {'x': -76.170264, 'y': 43.056009}, {'x': -76.170592, 'y': 43.056016}, {'x': -76.171504, 'y': 43.056032}, {'x': -76.172425, 'y': 43.056059}, {'x': -76.173163, 'y': 43.056105}, {'x': -76.173646, 'y': 43.056173}, {'x': -76.17462, 'y': 43.056367}, {'x': -76.175362, 'y': 43.056592}, {'x': -76.175929, 'y': 43.056794}, {'x': -76.176808, 'y': 43.05708}, {'x': -76.177006, 'y': 43.057135}, {'x': -76.177403, 'y': 43.057213}, {'x': -76.177745, 'y': 43.057262}, {'x': -76.178697, 'y': 43.057299}, {'x': -76.179119, 'y': 43.057322}, {'x': -76.179435, 'y': 43.057359}, {'x': -76.179812, 'y': 43.057415}, {'x': -76.180115, 'y': 43.05749}, {'x': -76.18045, 'y': 43.057576}, {'x': -76.180743, 'y': 43.057685}, {'x': -76.184196, 'y': 43.059174}, {'x': -76.184856, 'y': 43.059432}, {'x': -76.186513, 'y': 43.060075}]",1637648520222.0,3.0,"[{}, {}, {}, {}, {}, {}]",16.969444444444445,61.09,I-690 W,NONE,NONE,1092113830.0,2021-11-23 06:22:00,1,False,LineString,"[[-76.150117, 43.052799], [-76.151387, 43.053513], [-76.151852, 43.05372], [-76.152175, 43.053834], [-76.152513, 43.053939], [-76.152796, 43.054023], [-76.152857, 43.054044], [-76.153168, 43.05411], [-76.153325, 43.054138], [-76.153591, 43.05418], [-76.15377, 43.054206], [-76.15411, 43.054246], [-76.154709, 43.054295], [-76.155753, 43.054353], [-76.156472, 43.054406], [-76.157375, 43.054474], [-76.157699, 43.054506], [-76.158466, 43.054632], [-76.159526, 43.054897], [-76.159985, 43.055001], [-76.160492, 43.055091], [-76.160782, 43.055131], [-76.161222, 43.055185], [-76.161736, 43.055265], [-76.1649, 43.055667], [-76.165843, 43.055783], [-76.166103, 43.055811], [-76.166394, 43.055851], [-76.166659, 43.05588], [-76.166973, 43.055905], [-76.167287, 43.055924], [-76.16788, 43.055954], [-76.170264, 43.056009], [-76.170592, 43.056016], [-76.171504, 43.056032], [-76.172425, 43.056059], [-76.173163, 43.056105], [-76.173646, 43.056173], [-76.17462, 43.056367], [-76.175362, 43.056592], [-76.175929, 43.056794], [-76.176808, 43.05708], [-76.177006, 43.057135], [-76.177403, 43.057213], [-76.177745, 43.057262], [-76.178697, 43.057299], [-76.179119, 43.057322], [-76.179435, 43.057359], [-76.179812, 43.057415], [-76.180115, 43.05749], [-76.18045, 43.057576], [-76.180743, 43.057685], [-76.184196, 43.059174], [-76.184856, 43.059432], [-76.186513, 43.060075]]",2021-11-23,-76.1424959894385,43.0427110134928,18467179,39117894,,PROPERTY DAMAGE,999,2021,OVERTAKING,2021/11/23,1900-01-01 06:00:00,COLLISION WITH MOTOR VEHICLE,DARK-ROAD LIGHTED,STRAIGHT AND LEVEL,WET,TRAFFIC SIGNAL,NOT ENTERED,SNOW,0,1970/01/01,0,0,0,0,2,3301.0,0,SYRACUSE PD,No,406941.12999958,4766191.11000126,AT-INTERSECTION,ADAMS ST,Onondaga,,0.0,7031654.0,Syracuse,ALMOND ST,,,,Unknown,Unknown,Unknown,,,"V1:(UNSAFE LANE CHANGE,VIEW OBSTRUCTED/LIMITED) / V2:(NOT APPLICABLE,NOT APPLICABLE)",2021-11-23,-76.150117,43.052799