,type,properties.blockingAlertUuid,properties.city,properties.country,properties.delay,properties.endNode,properties.id,properties.length,properties.level,properties.line,properties.pubMillis,properties.roadType,properties.segments,properties.speed,properties.speedKMH,properties.street,properties.turnType,properties.type,properties.uuid,properties.utc_timestamp,properties.day_of_week,properties.weekday_weekend,geometry.type,geometry.coordinates,key_date_jams,X,Y,OBJECTID,CaseNumber,MaxInjuryS,CrashSever,RoadwayAcc,CaseYear,CollisionT,CrashDate,CrashTimeF,CrashType,LightCondi,RoadwayCha,RoadSurfac,TrafficCon,TrafficWay,WeatherCon,Commercial,DMVInsertD,NumberOfFa,NumberOfIn,NumberOfOt,NumberOfSe,NumberOfVe,PoliceDept,NonReporta,ReportingA,NonPublicW,UTMEasting,UTMNorthin,Intersecti,ClosestCro,CountyName,DirectionF,DistanceFr,MasterInte,CityTownNa,OnStreet,ReferenceM,ACCESS_CON,DIVIDED,FUNCTIONAL,MAINT_JURI,OWNING_JUR,NAME,POSTED_SPE,ApparentFa,key_date_crashes,jams_x,jams_y
71,Feature,,"Cortland, NY",US,63.0,I-81 S,1092211620.0,1885.0,2.0,"[{'x': -76.181452, 'y': 42.613357}, {'x': -76.181332, 'y': 42.612934}, {'x': -76.181177, 'y': 42.612531}, {'x': -76.18102, 'y': 42.612211}, {'x': -76.180823, 'y': 42.611911}, {'x': -76.180486, 'y': 42.61144}, {'x': -76.180066, 'y': 42.610974}, {'x': -76.17991, 'y': 42.610831}, {'x': -76.179517, 'y': 42.610499}, {'x': -76.178929, 'y': 42.610087}, {'x': -76.178631, 'y': 42.609909}, {'x': -76.178286, 'y': 42.609731}, {'x': -76.177676, 'y': 42.609456}, {'x': -76.176949, 'y': 42.609204}, {'x': -76.176158, 'y': 42.609009}, {'x': -76.175471, 'y': 42.608892}, {'x': -76.174617, 'y': 42.608812}, {'x': -76.174146, 'y': 42.608806}, {'x': -76.170816, 'y': 42.608942}, {'x': -76.170154, 'y': 42.608973}, {'x': -76.168509, 'y': 42.609047}, {'x': -76.166445, 'y': 42.609143}, {'x': -76.165405, 'y': 42.60919}, {'x': -76.164381, 'y': 42.609225}, {'x': -76.163953, 'y': 42.609228}, {'x': -76.163546, 'y': 42.609214}, {'x': -76.162911, 'y': 42.609158}, {'x': -76.16262, 'y': 42.609116}, {'x': -76.162114, 'y': 42.609016}, {'x': -76.161631, 'y': 42.608886}]",1637652668903.0,3.0,"[{}, {}]",15.141666666666667,54.51,I-81 S,NONE,NONE,1092211620.0,2021-11-23 07:31:08,1,False,LineString,"[[-76.181452, 42.613357], [-76.181332, 42.612934], [-76.181177, 42.612531], [-76.18102, 42.612211], [-76.180823, 42.611911], [-76.180486, 42.61144], [-76.180066, 42.610974], [-76.17991, 42.610831], [-76.179517, 42.610499], [-76.178929, 42.610087], [-76.178631, 42.609909], [-76.178286, 42.609731], [-76.177676, 42.609456], [-76.176949, 42.609204], [-76.176158, 42.609009], [-76.175471, 42.608892], [-76.174617, 42.608812], [-76.174146, 42.608806], [-76.170816, 42.608942], [-76.170154, 42.608973], [-76.168509, 42.609047], [-76.166445, 42.609143], [-76.165405, 42.60919], [-76.164381, 42.609225], [-76.163953, 42.609228], [-76.163546, 42.609214], [-76.162911, 42.609158], [-76.16262, 42.609116], [-76.162114, 42.609016], [-76.161631, 42.608886]]",2021-11-23,-76.1796407804723,42.6217904077853,18470186,39121093,,PROPERTY DAMAGE,999,2021,OTHER,2021/11/23,1900-01-01 07:40:00,COLL. W/EARTH ELE./ROCK CUT/DITCH,DAYLIGHT,CURVE AND LEVEL,SNOW/ICE,NONE,"ONE-WAY,NOT DIVIDED",SNOW,0,1970/01/01,0,0,0,0,1,1100.0,0,CORTLAND CO SHERIFF DEPT,No,403261.2236433,4719491.05348352,Not an intersection crash,Ramp,Cortland,4.0,129.0,,Cortlandville,I 81,81I32023006,88.0,T,1-Rural Principal Arterial Interstate,NYSDOT,NYSDOT,Interstate 81,65.0,"V1:(PAVEMENT SLIPPERY,UNSAFE SPEED)",2021-11-23,-76.181452,42.613357
72,Feature,,"Brighton, NY",US,60.0,to I-390 N Â» Airport / Greece,1092214414.0,3228.0,1.0,"[{'x': -77.552867, 'y': 43.11202}, {'x': -77.553114, 'y': 43.111646}, {'x': -77.553398, 'y': 43.11129}, {'x': -77.553778, 'y': 43.110892}, {'x': -77.554178, 'y': 43.110523}, {'x': -77.554613, 'y': 43.110173}, {'x': -77.554996, 'y': 43.109917}, {'x': -77.555214, 'y': 43.1098}, {'x': -77.55551, 'y': 43.109643}, {'x': -77.556349, 'y': 43.109311}, {'x': -77.557156, 'y': 43.109065}, {'x': -77.55784, 'y': 43.10892}, {'x': -77.558776, 'y': 43.108804}, {'x': -77.560136, 'y': 43.108704}, {'x': -77.561855, 'y': 43.108569}, {'x': -77.568542, 'y': 43.108132}, {'x': -77.571736, 'y': 43.10804}, {'x': -77.574529, 'y': 43.107962}, {'x': -77.577479, 'y': 43.107878}, {'x': -77.578532, 'y': 43.107848}, {'x': -77.579585, 'y': 43.107843}, {'x': -77.580455, 'y': 43.107855}, {'x': -77.581361, 'y': 43.107898}, {'x': -77.582263, 'y': 43.107981}, {'x': -77.584208, 'y': 43.108225}, {'x': -77.588331, 'y': 43.108825}, {'x': -77.590503, 'y': 43.109159}]",1637652862635.0,3.0,"[{}, {}, {}]",18.275,65.79,I-590 S,NONE,NONE,1092214414.0,2021-11-23 07:34:22,1,False,LineString,"[[-77.552867, 43.11202], [-77.553114, 43.111646], [-77.553398, 43.11129], [-77.553778, 43.110892], [-77.554178, 43.110523], [-77.554613, 43.110173], [-77.554996, 43.109917], [-77.555214, 43.1098], [-77.55551, 43.109643], [-77.556349, 43.109311], [-77.557156, 43.109065], [-77.55784, 43.10892], [-77.558776, 43.108804], [-77.560136, 43.108704], [-77.561855, 43.108569], [-77.568542, 43.108132], [-77.571736, 43.10804], [-77.574529, 43.107962], [-77.577479, 43.107878], [-77.578532, 43.107848], [-77.579585, 43.107843], [-77.580455, 43.107855], [-77.581361, 43.107898], [-77.582263, 43.107981], [-77.584208, 43.108225], [-77.588331, 43.108825], [-77.590503, 43.109159]]",2021-11-23,-77.5531392463579,43.1298084334969,18468409,39119307,C - POSSIBLE INJURY,INJURY,999,2021,OTHER,2021/11/23,1900-01-01 07:11:00,COLLISION WITH GUIDE RAIL,DAYLIGHT,STRAIGHT AND LEVEL,SNOW/ICE,NONE,NOT ENTERED,CLEAR,0,1970/01/01,0,1,1,0,1,2700.0,0,MONROE CO SO,No,292331.84739037,4778394.25838312,INTERSECTION-RELATED,Ramp,Monroe,SOUTH-EAST,7.0,5010061.0,Brighton,[Route] 590,590I43011039,88.0,T,11-Urban Principal Arterial Interstate,NYSDOT,NYSDOT,Rochester Outer Loop,55.0,"V1:(UNSAFE SPEED,NOT APPLICABLE)",2021-11-23,-77.552867,43.11202
73,Feature,,"Brighton, NY",US,60.0,Exit 23: NY-441 / Linden Ave / Penfield,1092219558.0,2658.0,1.0,"[{'x': -77.554346, 'y': 43.14457}, {'x': -77.554092, 'y': 43.144551}, {'x': -77.553695, 'y': 43.144503}, {'x': -77.553337, 'y': 43.144442}, {'x': -77.552918, 'y': 43.144353}, {'x': -77.547854, 'y': 43.143188}, {'x': -77.546895, 'y': 43.142964}, {'x': -77.546, 'y': 43.142756}, {'x': -77.545651, 'y': 43.142659}, {'x': -77.545257, 'y': 43.142538}, {'x': -77.544816, 'y': 43.14239}, {'x': -77.544277, 'y': 43.142172}, {'x': -77.543753, 'y': 43.141922}, {'x': -77.543332, 'y': 43.141686}, {'x': -77.542931, 'y': 43.141437}, {'x': -77.54201, 'y': 43.140803}, {'x': -77.541389, 'y': 43.140414}, {'x': -77.541101, 'y': 43.140233}, {'x': -77.539942, 'y': 43.139612}, {'x': -77.538851, 'y': 43.139058}, {'x': -77.535616, 'y': 43.137355}, {'x': -77.535094, 'y': 43.137066}, {'x': -77.534055, 'y': 43.136502}, {'x': -77.533048, 'y': 43.135871}, {'x': -77.532085, 'y': 43.135199}, {'x': -77.531041, 'y': 43.134501}, {'x': -77.527509, 'y': 43.131759}]",1637653184274.0,3.0,"[{}, {}, {}, {}, {}]",16.680555555555557,60.05,I-490 E,NONE,NONE,1092219558.0,2021-11-23 07:39:44,1,False,LineString,"[[-77.554346, 43.14457], [-77.554092, 43.144551], [-77.553695, 43.144503], [-77.553337, 43.144442], [-77.552918, 43.144353], [-77.547854, 43.143188], [-77.546895, 43.142964], [-77.546, 43.142756], [-77.545651, 43.142659], [-77.545257, 43.142538], [-77.544816, 43.14239], [-77.544277, 43.142172], [-77.543753, 43.141922], [-77.543332, 43.141686], [-77.542931, 43.141437], [-77.54201, 43.140803], [-77.541389, 43.140414], [-77.541101, 43.140233], [-77.539942, 43.139612], [-77.538851, 43.139058], [-77.535616, 43.137355], [-77.535094, 43.137066], [-77.534055, 43.136502], [-77.533048, 43.135871], [-77.532085, 43.135199], [-77.531041, 43.134501], [-77.527509, 43.131759]]",2021-11-23,-77.5531392463579,43.1298084334969,18468409,39119307,C - POSSIBLE INJURY,INJURY,999,2021,OTHER,2021/11/23,1900-01-01 07:11:00,COLLISION WITH GUIDE RAIL,DAYLIGHT,STRAIGHT AND LEVEL,SNOW/ICE,NONE,NOT ENTERED,CLEAR,0,1970/01/01,0,1,1,0,1,2700.0,0,MONROE CO SO,No,292331.84739037,4778394.25838312,INTERSECTION-RELATED,Ramp,Monroe,SOUTH-EAST,7.0,5010061.0,Brighton,[Route] 590,590I43011039,88.0,T,11-Urban Principal Arterial Interstate,NYSDOT,NYSDOT,Rochester Outer Loop,55.0,"V1:(UNSAFE SPEED,NOT APPLICABLE)",2021-11-23,-77.554346,43.14457
74,Feature,,"North Harmony, NY",US,109.0,I-86 W,1216533568.0,6776.0,1.0,"[{'x': -79.480654, 'y': 42.157098}, {'x': -79.495994, 'y': 42.154876}, {'x': -79.500739, 'y': 42.154172}, {'x': -79.501863, 'y': 42.154005}, {'x': -79.504824, 'y': 42.153693}, {'x': -79.507268, 'y': 42.153532}, {'x': -79.509177, 'y': 42.153504}, {'x': -79.511511, 'y': 42.153548}, {'x': -79.514467, 'y': 42.153714}, {'x': -79.516715, 'y': 42.153984}, {'x': -79.519783, 'y': 42.154461}, {'x': -79.522723, 'y': 42.155002}, {'x': -79.526288, 'y': 42.155641}, {'x': -79.527023, 'y': 42.155765}, {'x': -79.528917, 'y': 42.156091}, {'x': -79.530794, 'y': 42.156397}, {'x': -79.531771, 'y': 42.156524}, {'x': -79.532779, 'y': 42.156643}, {'x': -79.533772, 'y': 42.156739}, {'x': -79.534759, 'y': 42.156799}, {'x': -79.537092, 'y': 42.1569}, {'x': -79.537631, 'y': 42.156922}, {'x': -79.549561, 'y': 42.156875}, {'x': -79.561743, 'y': 42.156793}]",1637930730050.0,3.0,[{}],20.183333333333334,72.66,I-86 W,NONE,NONE,1216533568.0,2021-11-26 12:45:30,4,False,LineString,"[[-79.480654, 42.157098], [-79.495994, 42.154876], [-79.500739, 42.154172], [-79.501863, 42.154005], [-79.504824, 42.153693], [-79.507268, 42.153532], [-79.509177, 42.153504], [-79.511511, 42.153548], [-79.514467, 42.153714], [-79.516715, 42.153984], [-79.519783, 42.154461], [-79.522723, 42.155002], [-79.526288, 42.155641], [-79.527023, 42.155765], [-79.528917, 42.156091], [-79.530794, 42.156397], [-79.531771, 42.156524], [-79.532779, 42.156643], [-79.533772, 42.156739], [-79.534759, 42.156799], [-79.537092, 42.1569], [-79.537631, 42.156922], [-79.549561, 42.156875], [-79.561743, 42.156793]]",2021-11-26,-79.5047606827054,42.1530080526253,18476001,39127596,,PROPERTY DAMAGE,999,2021,OTHER,2021/11/26,1900-01-01 12:25:00,COLLISION WITH GUIDERAIL - END,DAYLIGHT,STRAIGHT AND LEVEL,SLUSH,NONE,"TWO-WAY,DIVIDED,POSITIVE MEDIA BARR",SNOW,0,1970/01/01,0,0,0,0,1,600.0,0,CHAUTAUQUA COUNTY SHERIFF,No,127783.01603545,4676595.44392894,Not an intersection crash,,Chautauqua,,0.0,,North Harmony,I 86,17 52111138,88.0,T,1-Rural Principal Arterial Interstate,NYSDOT,NYSDOT,SOUTHERN TIER EXP,65.0,"V1:(UNSAFE LANE CHANGE,PASSING OR LANE USAGE IMPROPERLY)",2021-11-26,-79.480654,42.157098
75,Feature,,"Mina, NY",US,214.0,I-86 E,1216640866.0,12449.0,1.0,"[{'x': -79.761963, 'y': 42.129419}, {'x': -79.760536, 'y': 42.129422}, {'x': -79.759211, 'y': 42.129434}, {'x': -79.757382, 'y': 42.12945}, {'x': -79.755687, 'y': 42.129458}, {'x': -79.75397, 'y': 42.12949}, {'x': -79.75246, 'y': 42.129507}, {'x': -79.748187, 'y': 42.129529}, {'x': -79.745953, 'y': 42.129648}, {'x': -79.745436, 'y': 42.129695}, {'x': -79.744559, 'y': 42.129783}, {'x': -79.743403, 'y': 42.129955}, {'x': -79.741557, 'y': 42.130279}, {'x': -79.740798, 'y': 42.130458}, {'x': -79.739927, 'y': 42.13071}, {'x': -79.739296, 'y': 42.130916}, {'x': -79.738757, 'y': 42.131113}, {'x': -79.73792, 'y': 42.131456}, {'x': -79.736834, 'y': 42.131928}, {'x': -79.736834, 'y': 42.131927}, {'x': -79.735526, 'y': 42.132587}, {'x': -79.730288, 'y': 42.135337}, {'x': -79.726007, 'y': 42.137641}, {'x': -79.725088, 'y': 42.138091}, {'x': -79.723779, 'y': 42.138792}, {'x': -79.722613, 'y': 42.139406}, {'x': -79.722183, 'y': 42.139658}, {'x': -79.720624, 'y': 42.140461}, {'x': -79.719039, 'y': 42.141281}, {'x': -79.717876, 'y': 42.141801}, {'x': -79.717016, 'y': 42.142155}, {'x': -79.71502, 'y': 42.142921}, {'x': -79.71347, 'y': 42.143417}, {'x': -79.711732, 'y': 42.143853}, {'x': -79.710134, 'y': 42.144161}, {'x': -79.70906, 'y': 42.144332}, {'x': -79.707987, 'y': 42.144491}, {'x': -79.706682, 'y': 42.144638}, {'x': -79.705547, 'y': 42.144706}, {'x': -79.704673, 'y': 42.14474}, {'x': -79.703506, 'y': 42.144733}, {'x': -79.701908, 'y': 42.14469}, {'x': -79.700711, 'y': 42.144623}, {'x': -79.698667, 'y': 42.144405}, {'x': -79.695925, 'y': 42.144026}, {'x': -79.691121, 'y': 42.14333}, {'x': -79.689046, 'y': 42.143007}, {'x': -79.686491, 'y': 42.142635}, {'x': -79.685374, 'y': 42.14244}, {'x': -79.684464, 'y': 42.142331}, {'x': -79.682764, 'y': 42.142212}, {'x': -79.681804, 'y': 42.142188}, {'x': -79.681061, 'y': 42.142169}, {'x': -79.679967, 'y': 42.142201}, {'x': -79.679087, 'y': 42.142249}, {'x': -79.678175, 'y': 42.142364}, {'x': -79.677263, 'y': 42.142475}, {'x': -79.676437, 'y': 42.142603}, {'x': -79.675839, 'y': 42.142732}, {'x': -79.674932, 'y': 42.142947}, {'x': -79.673618, 'y': 42.143257}, {'x': -79.672545, 'y': 42.143567}, {'x': -79.671537, 'y': 42.143866}, {'x': -79.670582, 'y': 42.14414}, {'x': -79.66334, 'y': 42.146253}, {'x': -79.662419, 'y': 42.146512}, {'x': -79.661372, 'y': 42.146762}, {'x': -79.660705, 'y': 42.146905}, {'x': -79.659876, 'y': 42.147052}, {'x': -79.659176, 'y': 42.147156}, {'x': -79.658857, 'y': 42.147192}, {'x': -79.65747, 'y': 42.147293}, {'x': -79.656369, 'y': 42.147358}, {'x': -79.655605, 'y': 42.147376}, {'x': -79.653796, 'y': 42.147338}, {'x': -79.644277, 'y': 42.146981}, {'x': -79.637618, 'y': 42.146772}, {'x': -79.635845, 'y': 42.146689}, {'x': -79.628947, 'y': 42.146435}, {'x': -79.624991, 'y': 42.146329}, {'x': -79.623868, 'y': 42.146272}, {'x': -79.621872, 'y': 42.146214}, {'x': -79.618358, 'y': 42.146071}]",1637933757115.0,3.0,"[{}, {}, {}]",19.80555555555556,71.3,I-86 E,NONE,NONE,1216640866.0,2021-11-26 13:35:57,4,False,LineString,"[[-79.761963, 42.129419], [-79.760536, 42.129422], [-79.759211, 42.129434], [-79.757382, 42.12945], [-79.755687, 42.129458], [-79.75397, 42.12949], [-79.75246, 42.129507], [-79.748187, 42.129529], [-79.745953, 42.129648], [-79.745436, 42.129695], [-79.744559, 42.129783], [-79.743403, 42.129955], [-79.741557, 42.130279], [-79.740798, 42.130458], [-79.739927, 42.13071], [-79.739296, 42.130916], [-79.738757, 42.131113], [-79.73792, 42.131456], [-79.736834, 42.131928], [-79.736834, 42.131927], [-79.735526, 42.132587], [-79.730288, 42.135337], [-79.726007, 42.137641], [-79.725088, 42.138091], [-79.723779, 42.138792], [-79.722613, 42.139406], [-79.722183, 42.139658], [-79.720624, 42.140461], [-79.719039, 42.141281], [-79.717876, 42.141801], [-79.717016, 42.142155], [-79.71502, 42.142921], [-79.71347, 42.143417], [-79.711732, 42.143853], [-79.710134, 42.144161], [-79.70906, 42.144332], [-79.707987, 42.144491], [-79.706682, 42.144638], [-79.705547, 42.144706], [-79.704673, 42.14474], [-79.703506, 42.144733], [-79.701908, 42.14469], [-79.700711, 42.144623], [-79.698667, 42.144405], [-79.695925, 42.144026], [-79.691121, 42.14333], [-79.689046, 42.143007], [-79.686491, 42.142635], [-79.685374, 42.14244], [-79.684464, 42.142331], [-79.682764, 42.142212], [-79.681804, 42.142188], [-79.681061, 42.142169], [-79.679967, 42.142201], [-79.679087, 42.142249], [-79.678175, 42.142364], [-79.677263, 42.142475], [-79.676437, 42.142603], [-79.675839, 42.142732], [-79.674932, 42.142947], [-79.673618, 42.143257], [-79.672545, 42.143567], [-79.671537, 42.143866], [-79.670582, 42.14414], [-79.66334, 42.146253], [-79.662419, 42.146512], [-79.661372, 42.146762], [-79.660705, 42.146905], [-79.659876, 42.147052], [-79.659176, 42.147156], [-79.658857, 42.147192], [-79.65747, 42.147293], [-79.656369, 42.147358], [-79.655605, 42.147376], [-79.653796, 42.147338], [-79.644277, 42.146981], [-79.637618, 42.146772], [-79.635845, 42.146689], [-79.628947, 42.146435], [-79.624991, 42.146329], [-79.623868, 42.146272], [-79.621872, 42.146214], [-79.618358, 42.146071]]",2021-11-26,-79.7404758602332,42.1312666714395,18468034,39118930,,PROPERTY DAMAGE,999,2021,OTHER,2021/11/26,1900-01-01 13:28:00,COLLISION WITH GUIDE RAIL,DAYLIGHT,STRAIGHT AND LEVEL,SNOW/ICE,NONE,NOT ENTERED,SNOW,0,1970/01/01,0,0,0,0,1,10601.0,0,NYSP FALCONER,No,108167.79362336,4675237.744296,Not an intersection crash,,Chautauqua,,0.0,,Mina,I 86,17 52111011,88.0,T,1-Rural Principal Arterial Interstate,NYSDOT,NYSDOT,SOUTHERN TIER EXP,65.0,"V1:(UNSAFE SPEED,PAVEMENT SLIPPERY)",2021-11-26,-79.761963,42.129419
76,Feature,,"Mina, NY",US,184.0,I-86 E,1216692070.0,10322.0,1.0,"[{'x': -79.736834, 'y': 42.131927}, {'x': -79.735526, 'y': 42.132587}, {'x': -79.730288, 'y': 42.135337}, {'x': -79.726007, 'y': 42.137641}, {'x': -79.725088, 'y': 42.138091}, {'x': -79.723779, 'y': 42.138792}, {'x': -79.722613, 'y': 42.139406}, {'x': -79.722183, 'y': 42.139658}, {'x': -79.720624, 'y': 42.140461}, {'x': -79.719039, 'y': 42.141281}, {'x': -79.717876, 'y': 42.141801}, {'x': -79.717016, 'y': 42.142155}, {'x': -79.71502, 'y': 42.142921}, {'x': -79.71347, 'y': 42.143417}, {'x': -79.711732, 'y': 42.143853}, {'x': -79.710134, 'y': 42.144161}, {'x': -79.70906, 'y': 42.144332}, {'x': -79.707987, 'y': 42.144491}, {'x': -79.706682, 'y': 42.144638}, {'x': -79.705547, 'y': 42.144706}, {'x': -79.704673, 'y': 42.14474}, {'x': -79.703506, 'y': 42.144733}, {'x': -79.701908, 'y': 42.14469}, {'x': -79.700711, 'y': 42.144623}, {'x': -79.698667, 'y': 42.144405}, {'x': -79.695925, 'y': 42.144026}, {'x': -79.691121, 'y': 42.14333}, {'x': -79.689046, 'y': 42.143007}, {'x': -79.686491, 'y': 42.142635}, {'x': -79.685374, 'y': 42.14244}, {'x': -79.684464, 'y': 42.142331}, {'x': -79.682764, 'y': 42.142212}, {'x': -79.681804, 'y': 42.142188}, {'x': -79.681061, 'y': 42.142169}, {'x': -79.679967, 'y': 42.142201}, {'x': -79.679087, 'y': 42.142249}, {'x': -79.678175, 'y': 42.142364}, {'x': -79.677263, 'y': 42.142475}, {'x': -79.676437, 'y': 42.142603}, {'x': -79.675839, 'y': 42.142732}, {'x': -79.674932, 'y': 42.142947}, {'x': -79.673618, 'y': 42.143257}, {'x': -79.672545, 'y': 42.143567}, {'x': -79.671537, 'y': 42.143866}, {'x': -79.670582, 'y': 42.14414}, {'x': -79.66334, 'y': 42.146253}, {'x': -79.662419, 'y': 42.146512}, {'x': -79.661372, 'y': 42.146762}, {'x': -79.660705, 'y': 42.146905}, {'x': -79.659876, 'y': 42.147052}, {'x': -79.659176, 'y': 42.147156}, {'x': -79.658857, 'y': 42.147192}, {'x': -79.65747, 'y': 42.147293}, {'x': -79.656369, 'y': 42.147358}, {'x': -79.655605, 'y': 42.147376}, {'x': -79.653796, 'y': 42.147338}, {'x': -79.644277, 'y': 42.146981}, {'x': -79.637618, 'y': 42.146772}, {'x': -79.635845, 'y': 42.146689}, {'x': -79.628947, 'y': 42.146435}, {'x': -79.624991, 'y': 42.146329}, {'x': -79.623868, 'y': 42.146272}, {'x': -79.621872, 'y': 42.146214}, {'x': -79.618358, 'y': 42.146071}]",1637934964401.0,3.0,[{}],19.53611111111111,70.33,I-86 E,NONE,NONE,1216692070.0,2021-11-26 13:56:04,4,False,LineString,"[[-79.736834, 42.131927], [-79.735526, 42.132587], [-79.730288, 42.135337], [-79.726007, 42.137641], [-79.725088, 42.138091], [-79.723779, 42.138792], [-79.722613, 42.139406], [-79.722183, 42.139658], [-79.720624, 42.140461], [-79.719039, 42.141281], [-79.717876, 42.141801], [-79.717016, 42.142155], [-79.71502, 42.142921], [-79.71347, 42.143417], [-79.711732, 42.143853], [-79.710134, 42.144161], [-79.70906, 42.144332], [-79.707987, 42.144491], [-79.706682, 42.144638], [-79.705547, 42.144706], [-79.704673, 42.14474], [-79.703506, 42.144733], [-79.701908, 42.14469], [-79.700711, 42.144623], [-79.698667, 42.144405], [-79.695925, 42.144026], [-79.691121, 42.14333], [-79.689046, 42.143007], [-79.686491, 42.142635], [-79.685374, 42.14244], [-79.684464, 42.142331], [-79.682764, 42.142212], [-79.681804, 42.142188], [-79.681061, 42.142169], [-79.679967, 42.142201], [-79.679087, 42.142249], [-79.678175, 42.142364], [-79.677263, 42.142475], [-79.676437, 42.142603], [-79.675839, 42.142732], [-79.674932, 42.142947], [-79.673618, 42.143257], [-79.672545, 42.143567], [-79.671537, 42.143866], [-79.670582, 42.14414], [-79.66334, 42.146253], [-79.662419, 42.146512], [-79.661372, 42.146762], [-79.660705, 42.146905], [-79.659876, 42.147052], [-79.659176, 42.147156], [-79.658857, 42.147192], [-79.65747, 42.147293], [-79.656369, 42.147358], [-79.655605, 42.147376], [-79.653796, 42.147338], [-79.644277, 42.146981], [-79.637618, 42.146772], [-79.635845, 42.146689], [-79.628947, 42.146435], [-79.624991, 42.146329], [-79.623868, 42.146272], [-79.621872, 42.146214], [-79.618358, 42.146071]]",2021-11-26,-79.7404758602332,42.1312666714395,18468034,39118930,,PROPERTY DAMAGE,999,2021,OTHER,2021/11/26,1900-01-01 13:28:00,COLLISION WITH GUIDE RAIL,DAYLIGHT,STRAIGHT AND LEVEL,SNOW/ICE,NONE,NOT ENTERED,SNOW,0,1970/01/01,0,0,0,0,1,10601.0,0,NYSP FALCONER,No,108167.79362336,4675237.744296,Not an intersection crash,,Chautauqua,,0.0,,Mina,I 86,17 52111011,88.0,T,1-Rural Principal Arterial Interstate,NYSDOT,NYSDOT,SOUTHERN TIER EXP,65.0,"V1:(UNSAFE SPEED,PAVEMENT SLIPPERY)",2021-11-26,-79.736834,42.131927