,type,properties.blockingAlertUuid,properties.city,properties.country,properties.delay,properties.endNode,properties.id,properties.length,properties.level,properties.line,properties.pubMillis,properties.roadType,properties.segments,properties.speed,properties.speedKMH,properties.street,properties.turnType,properties.type,properties.uuid,properties.utc_timestamp,properties.day_of_week,properties.weekday_weekend,geometry.type,geometry.coordinates,key_date_jams,X,Y,OBJECTID,CaseNumber,MaxInjuryS,CrashSever,RoadwayAcc,CaseYear,CollisionT,CrashDate,CrashTimeF,CrashType,LightCondi,RoadwayCha,RoadSurfac,TrafficCon,TrafficWay,WeatherCon,Commercial,DMVInsertD,NumberOfFa,NumberOfIn,NumberOfOt,NumberOfSe,NumberOfVe,PoliceDept,NonReporta,ReportingA,NonPublicW,UTMEasting,UTMNorthin,Intersecti,ClosestCro,CountyName,DirectionF,DistanceFr,MasterInte,CityTownNa,OnStreet,ReferenceM,ACCESS_CON,DIVIDED,FUNCTIONAL,MAINT_JURI,OWNING_JUR,NAME,POSTED_SPE,ApparentFa,key_date_crashes,jams_x,jams_y
77,Feature,,"Mina, NY",US,188.0,I-86 E,1216811024.0,10322.0,1.0,"[{'x': -79.736834, 'y': 42.131927}, {'x': -79.735526, 'y': 42.132587}, {'x': -79.730288, 'y': 42.135337}, {'x': -79.726007, 'y': 42.137641}, {'x': -79.725088, 'y': 42.138091}, {'x': -79.723779, 'y': 42.138792}, {'x': -79.722613, 'y': 42.139406}, {'x': -79.722183, 'y': 42.139658}, {'x': -79.720624, 'y': 42.140461}, {'x': -79.719039, 'y': 42.141281}, {'x': -79.717876, 'y': 42.141801}, {'x': -79.717016, 'y': 42.142155}, {'x': -79.71502, 'y': 42.142921}, {'x': -79.71347, 'y': 42.143417}, {'x': -79.711732, 'y': 42.143853}, {'x': -79.710134, 'y': 42.144161}, {'x': -79.70906, 'y': 42.144332}, {'x': -79.707987, 'y': 42.144491}, {'x': -79.706682, 'y': 42.144638}, {'x': -79.705547, 'y': 42.144706}, {'x': -79.704673, 'y': 42.14474}, {'x': -79.703506, 'y': 42.144733}, {'x': -79.701908, 'y': 42.14469}, {'x': -79.700711, 'y': 42.144623}, {'x': -79.698667, 'y': 42.144405}, {'x': -79.695925, 'y': 42.144026}, {'x': -79.691121, 'y': 42.14333}, {'x': -79.689046, 'y': 42.143007}, {'x': -79.686491, 'y': 42.142635}, {'x': -79.685374, 'y': 42.14244}, {'x': -79.684464, 'y': 42.142331}, {'x': -79.682764, 'y': 42.142212}, {'x': -79.681804, 'y': 42.142188}, {'x': -79.681061, 'y': 42.142169}, {'x': -79.679967, 'y': 42.142201}, {'x': -79.679087, 'y': 42.142249}, {'x': -79.678175, 'y': 42.142364}, {'x': -79.677263, 'y': 42.142475}, {'x': -79.676437, 'y': 42.142603}, {'x': -79.675839, 'y': 42.142732}, {'x': -79.674932, 'y': 42.142947}, {'x': -79.673618, 'y': 42.143257}, {'x': -79.672545, 'y': 42.143567}, {'x': -79.671537, 'y': 42.143866}, {'x': -79.670582, 'y': 42.14414}, {'x': -79.66334, 'y': 42.146253}, {'x': -79.662419, 'y': 42.146512}, {'x': -79.661372, 'y': 42.146762}, {'x': -79.660705, 'y': 42.146905}, {'x': -79.659876, 'y': 42.147052}, {'x': -79.659176, 'y': 42.147156}, {'x': -79.658857, 'y': 42.147192}, {'x': -79.65747, 'y': 42.147293}, {'x': -79.656369, 'y': 42.147358}, {'x': -79.655605, 'y': 42.147376}, {'x': -79.653796, 'y': 42.147338}, {'x': -79.644277, 'y': 42.146981}, {'x': -79.637618, 'y': 42.146772}, {'x': -79.635845, 'y': 42.146689}, {'x': -79.628947, 'y': 42.146435}, {'x': -79.624991, 'y': 42.146329}, {'x': -79.623868, 'y': 42.146272}, {'x': -79.621872, 'y': 42.146214}, {'x': -79.618358, 'y': 42.146071}]",1637937541552.0,3.0,[{}],19.39444444444445,69.82,I-86 E,NONE,NONE,1216811024.0,2021-11-26 14:39:01,4,False,LineString,"[[-79.736834, 42.131927], [-79.735526, 42.132587], [-79.730288, 42.135337], [-79.726007, 42.137641], [-79.725088, 42.138091], [-79.723779, 42.138792], [-79.722613, 42.139406], [-79.722183, 42.139658], [-79.720624, 42.140461], [-79.719039, 42.141281], [-79.717876, 42.141801], [-79.717016, 42.142155], [-79.71502, 42.142921], [-79.71347, 42.143417], [-79.711732, 42.143853], [-79.710134, 42.144161], [-79.70906, 42.144332], [-79.707987, 42.144491], [-79.706682, 42.144638], [-79.705547, 42.144706], [-79.704673, 42.14474], [-79.703506, 42.144733], [-79.701908, 42.14469], [-79.700711, 42.144623], [-79.698667, 42.144405], [-79.695925, 42.144026], [-79.691121, 42.14333], [-79.689046, 42.143007], [-79.686491, 42.142635], [-79.685374, 42.14244], [-79.684464, 42.142331], [-79.682764, 42.142212], [-79.681804, 42.142188], [-79.681061, 42.142169], [-79.679967, 42.142201], [-79.679087, 42.142249], [-79.678175, 42.142364], [-79.677263, 42.142475], [-79.676437, 42.142603], [-79.675839, 42.142732], [-79.674932, 42.142947], [-79.673618, 42.143257], [-79.672545, 42.143567], [-79.671537, 42.143866], [-79.670582, 42.14414], [-79.66334, 42.146253], [-79.662419, 42.146512], [-79.661372, 42.146762], [-79.660705, 42.146905], [-79.659876, 42.147052], [-79.659176, 42.147156], [-79.658857, 42.147192], [-79.65747, 42.147293], [-79.656369, 42.147358], [-79.655605, 42.147376], [-79.653796, 42.147338], [-79.644277, 42.146981], [-79.637618, 42.146772], [-79.635845, 42.146689], [-79.628947, 42.146435], [-79.624991, 42.146329], [-79.623868, 42.146272], [-79.621872, 42.146214], [-79.618358, 42.146071]]",2021-11-26,-79.74129463103,42.1310605954479,18479132,39130785,C - POSSIBLE INJURY,INJURY,999,2021,OTHER,2021/11/26,1900-01-01 14:52:00,COLLISION WITH GUIDE RAIL,DAYLIGHT,STRAIGHT AND LEVEL,SNOW/ICE,NONE,NOT ENTERED,SNOW,0,1970/01/01,0,1,1,0,1,10601.0,0,NYSP FALCONER,No,108098.82765137,4675218.6215742,Not an intersection crash,,Chautauqua,,0.0,,Mina,I 86,17 52111011,88.0,T,1-Rural Principal Arterial Interstate,NYSDOT,NYSDOT,SOUTHERN TIER EXP,65.0,"V1:(UNSAFE SPEED,PAVEMENT SLIPPERY)",2021-11-26,-79.736834,42.131927
78,Feature,,"Mina, NY",US,216.0,I-86 E,1216811024.0,12449.0,1.0,"[{'x': -79.761963, 'y': 42.129419}, {'x': -79.760536, 'y': 42.129422}, {'x': -79.759211, 'y': 42.129434}, {'x': -79.757382, 'y': 42.12945}, {'x': -79.755687, 'y': 42.129458}, {'x': -79.75397, 'y': 42.12949}, {'x': -79.75246, 'y': 42.129507}, {'x': -79.748187, 'y': 42.129529}, {'x': -79.745953, 'y': 42.129648}, {'x': -79.745436, 'y': 42.129695}, {'x': -79.744559, 'y': 42.129783}, {'x': -79.743403, 'y': 42.129955}, {'x': -79.741557, 'y': 42.130279}, {'x': -79.740798, 'y': 42.130458}, {'x': -79.739927, 'y': 42.13071}, {'x': -79.739296, 'y': 42.130916}, {'x': -79.738757, 'y': 42.131113}, {'x': -79.73792, 'y': 42.131456}, {'x': -79.736834, 'y': 42.131928}, {'x': -79.736834, 'y': 42.131927}, {'x': -79.735526, 'y': 42.132587}, {'x': -79.730288, 'y': 42.135337}, {'x': -79.726007, 'y': 42.137641}, {'x': -79.725088, 'y': 42.138091}, {'x': -79.723779, 'y': 42.138792}, {'x': -79.722613, 'y': 42.139406}, {'x': -79.722183, 'y': 42.139658}, {'x': -79.720624, 'y': 42.140461}, {'x': -79.719039, 'y': 42.141281}, {'x': -79.717876, 'y': 42.141801}, {'x': -79.717016, 'y': 42.142155}, {'x': -79.71502, 'y': 42.142921}, {'x': -79.71347, 'y': 42.143417}, {'x': -79.711732, 'y': 42.143853}, {'x': -79.710134, 'y': 42.144161}, {'x': -79.70906, 'y': 42.144332}, {'x': -79.707987, 'y': 42.144491}, {'x': -79.706682, 'y': 42.144638}, {'x': -79.705547, 'y': 42.144706}, {'x': -79.704673, 'y': 42.14474}, {'x': -79.703506, 'y': 42.144733}, {'x': -79.701908, 'y': 42.14469}, {'x': -79.700711, 'y': 42.144623}, {'x': -79.698667, 'y': 42.144405}, {'x': -79.695925, 'y': 42.144026}, {'x': -79.691121, 'y': 42.14333}, {'x': -79.689046, 'y': 42.143007}, {'x': -79.686491, 'y': 42.142635}, {'x': -79.685374, 'y': 42.14244}, {'x': -79.684464, 'y': 42.142331}, {'x': -79.682764, 'y': 42.142212}, {'x': -79.681804, 'y': 42.142188}, {'x': -79.681061, 'y': 42.142169}, {'x': -79.679967, 'y': 42.142201}, {'x': -79.679087, 'y': 42.142249}, {'x': -79.678175, 'y': 42.142364}, {'x': -79.677263, 'y': 42.142475}, {'x': -79.676437, 'y': 42.142603}, {'x': -79.675839, 'y': 42.142732}, {'x': -79.674932, 'y': 42.142947}, {'x': -79.673618, 'y': 42.143257}, {'x': -79.672545, 'y': 42.143567}, {'x': -79.671537, 'y': 42.143866}, {'x': -79.670582, 'y': 42.14414}, {'x': -79.66334, 'y': 42.146253}, {'x': -79.662419, 'y': 42.146512}, {'x': -79.661372, 'y': 42.146762}, {'x': -79.660705, 'y': 42.146905}, {'x': -79.659876, 'y': 42.147052}, {'x': -79.659176, 'y': 42.147156}, {'x': -79.658857, 'y': 42.147192}, {'x': -79.65747, 'y': 42.147293}, {'x': -79.656369, 'y': 42.147358}, {'x': -79.655605, 'y': 42.147376}, {'x': -79.653796, 'y': 42.147338}, {'x': -79.644277, 'y': 42.146981}, {'x': -79.637618, 'y': 42.146772}, {'x': -79.635845, 'y': 42.146689}, {'x': -79.628947, 'y': 42.146435}, {'x': -79.624991, 'y': 42.146329}, {'x': -79.623868, 'y': 42.146272}, {'x': -79.621872, 'y': 42.146214}, {'x': -79.618358, 'y': 42.146071}]",1637937541552.0,3.0,"[{}, {}, {}]",19.747222222222224,71.09,I-86 E,NONE,NONE,1216811024.0,2021-11-26 14:39:01,4,False,LineString,"[[-79.761963, 42.129419], [-79.760536, 42.129422], [-79.759211, 42.129434], [-79.757382, 42.12945], [-79.755687, 42.129458], [-79.75397, 42.12949], [-79.75246, 42.129507], [-79.748187, 42.129529], [-79.745953, 42.129648], [-79.745436, 42.129695], [-79.744559, 42.129783], [-79.743403, 42.129955], [-79.741557, 42.130279], [-79.740798, 42.130458], [-79.739927, 42.13071], [-79.739296, 42.130916], [-79.738757, 42.131113], [-79.73792, 42.131456], [-79.736834, 42.131928], [-79.736834, 42.131927], [-79.735526, 42.132587], [-79.730288, 42.135337], [-79.726007, 42.137641], [-79.725088, 42.138091], [-79.723779, 42.138792], [-79.722613, 42.139406], [-79.722183, 42.139658], [-79.720624, 42.140461], [-79.719039, 42.141281], [-79.717876, 42.141801], [-79.717016, 42.142155], [-79.71502, 42.142921], [-79.71347, 42.143417], [-79.711732, 42.143853], [-79.710134, 42.144161], [-79.70906, 42.144332], [-79.707987, 42.144491], [-79.706682, 42.144638], [-79.705547, 42.144706], [-79.704673, 42.14474], [-79.703506, 42.144733], [-79.701908, 42.14469], [-79.700711, 42.144623], [-79.698667, 42.144405], [-79.695925, 42.144026], [-79.691121, 42.14333], [-79.689046, 42.143007], [-79.686491, 42.142635], [-79.685374, 42.14244], [-79.684464, 42.142331], [-79.682764, 42.142212], [-79.681804, 42.142188], [-79.681061, 42.142169], [-79.679967, 42.142201], [-79.679087, 42.142249], [-79.678175, 42.142364], [-79.677263, 42.142475], [-79.676437, 42.142603], [-79.675839, 42.142732], [-79.674932, 42.142947], [-79.673618, 42.143257], [-79.672545, 42.143567], [-79.671537, 42.143866], [-79.670582, 42.14414], [-79.66334, 42.146253], [-79.662419, 42.146512], [-79.661372, 42.146762], [-79.660705, 42.146905], [-79.659876, 42.147052], [-79.659176, 42.147156], [-79.658857, 42.147192], [-79.65747, 42.147293], [-79.656369, 42.147358], [-79.655605, 42.147376], [-79.653796, 42.147338], [-79.644277, 42.146981], [-79.637618, 42.146772], [-79.635845, 42.146689], [-79.628947, 42.146435], [-79.624991, 42.146329], [-79.623868, 42.146272], [-79.621872, 42.146214], [-79.618358, 42.146071]]",2021-11-26,-79.74129463103,42.1310605954479,18479132,39130785,C - POSSIBLE INJURY,INJURY,999,2021,OTHER,2021/11/26,1900-01-01 14:52:00,COLLISION WITH GUIDE RAIL,DAYLIGHT,STRAIGHT AND LEVEL,SNOW/ICE,NONE,NOT ENTERED,SNOW,0,1970/01/01,0,1,1,0,1,10601.0,0,NYSP FALCONER,No,108098.82765137,4675218.6215742,Not an intersection crash,,Chautauqua,,0.0,,Mina,I 86,17 52111011,88.0,T,1-Rural Principal Arterial Interstate,NYSDOT,NYSDOT,SOUTHERN TIER EXP,65.0,"V1:(UNSAFE SPEED,PAVEMENT SLIPPERY)",2021-11-26,-79.761963,42.129419
79,Feature,,"Almond, NY",US,148.0,I-86 E,1287258796.0,8894.0,1.0,"[{'x': -77.830091, 'y': 42.3195}, {'x': -77.828995, 'y': 42.319406}, {'x': -77.828224, 'y': 42.3193}, {'x': -77.827491, 'y': 42.31916}, {'x': -77.825785, 'y': 42.318722}, {'x': -77.823838, 'y': 42.318188}, {'x': -77.822584, 'y': 42.317865}, {'x': -77.821717, 'y': 42.317676}, {'x': -77.820981, 'y': 42.317539}, {'x': -77.820203, 'y': 42.317419}, {'x': -77.818661, 'y': 42.317239}, {'x': -77.81687, 'y': 42.317149}, {'x': -77.816136, 'y': 42.317138}, {'x': -77.81472, 'y': 42.317185}, {'x': -77.805665, 'y': 42.317695}, {'x': -77.804112, 'y': 42.317724}, {'x': -77.803037, 'y': 42.317719}, {'x': -77.801707, 'y': 42.317695}, {'x': -77.800112, 'y': 42.317612}, {'x': -77.798433, 'y': 42.317482}, {'x': -77.79055, 'y': 42.316617}, {'x': -77.789377, 'y': 42.316516}, {'x': -77.787992, 'y': 42.316438}, {'x': -77.786551, 'y': 42.316385}, {'x': -77.78557, 'y': 42.316371}, {'x': -77.78395, 'y': 42.316381}, {'x': -77.783028, 'y': 42.316412}, {'x': -77.779273, 'y': 42.316628}, {'x': -77.776398, 'y': 42.31677}, {'x': -77.775421, 'y': 42.316784}, {'x': -77.774789, 'y': 42.316772}, {'x': -77.773583, 'y': 42.316719}, {'x': -77.772803, 'y': 42.316653}, {'x': -77.772044, 'y': 42.316568}, {'x': -77.770943, 'y': 42.316407}, {'x': -77.762703, 'y': 42.314936}, {'x': -77.761474, 'y': 42.314784}, {'x': -77.760194, 'y': 42.314691}, {'x': -77.759276, 'y': 42.314673}, {'x': -77.758282, 'y': 42.314688}, {'x': -77.757139, 'y': 42.314769}, {'x': -77.756331, 'y': 42.31485}, {'x': -77.755648, 'y': 42.314955}, {'x': -77.754492, 'y': 42.315164}, {'x': -77.753396, 'y': 42.315426}, {'x': -77.752648, 'y': 42.315642}, {'x': -77.751928, 'y': 42.315888}, {'x': -77.750838, 'y': 42.316296}, {'x': -77.75016, 'y': 42.316604}, {'x': -77.74934, 'y': 42.31701}, {'x': -77.748563, 'y': 42.317446}, {'x': -77.747583, 'y': 42.318074}, {'x': -77.747429, 'y': 42.318186}, {'x': -77.74651, 'y': 42.318913}, {'x': -77.746024, 'y': 42.319341}, {'x': -77.745699, 'y': 42.319642}, {'x': -77.74427, 'y': 42.321209}, {'x': -77.743964, 'y': 42.32155}, {'x': -77.742218, 'y': 42.323472}, {'x': -77.740753, 'y': 42.325071}, {'x': -77.740603, 'y': 42.325238}, {'x': -77.740419, 'y': 42.32544}, {'x': -77.737871, 'y': 42.328296}, {'x': -77.736894, 'y': 42.329351}, {'x': -77.736561, 'y': 42.329722}, {'x': -77.736244, 'y': 42.330062}, {'x': -77.735791, 'y': 42.33055}, {'x': -77.734257, 'y': 42.33225}]",1638103378888.0,3.0,"[{}, {}, {}, {}, {}]",20.447222222222223,73.61,I-86 E,NONE,NONE,1287258796.0,2021-11-28 12:42:58,6,True,LineString,"[[-77.830091, 42.3195], [-77.828995, 42.319406], [-77.828224, 42.3193], [-77.827491, 42.31916], [-77.825785, 42.318722], [-77.823838, 42.318188], [-77.822584, 42.317865], [-77.821717, 42.317676], [-77.820981, 42.317539], [-77.820203, 42.317419], [-77.818661, 42.317239], [-77.81687, 42.317149], [-77.816136, 42.317138], [-77.81472, 42.317185], [-77.805665, 42.317695], [-77.804112, 42.317724], [-77.803037, 42.317719], [-77.801707, 42.317695], [-77.800112, 42.317612], [-77.798433, 42.317482], [-77.79055, 42.316617], [-77.789377, 42.316516], [-77.787992, 42.316438], [-77.786551, 42.316385], [-77.78557, 42.316371], [-77.78395, 42.316381], [-77.783028, 42.316412], [-77.779273, 42.316628], [-77.776398, 42.31677], [-77.775421, 42.316784], [-77.774789, 42.316772], [-77.773583, 42.316719], [-77.772803, 42.316653], [-77.772044, 42.316568], [-77.770943, 42.316407], [-77.762703, 42.314936], [-77.761474, 42.314784], [-77.760194, 42.314691], [-77.759276, 42.314673], [-77.758282, 42.314688], [-77.757139, 42.314769], [-77.756331, 42.31485], [-77.755648, 42.314955], [-77.754492, 42.315164], [-77.753396, 42.315426], [-77.752648, 42.315642], [-77.751928, 42.315888], [-77.750838, 42.316296], [-77.75016, 42.316604], [-77.74934, 42.31701], [-77.748563, 42.317446], [-77.747583, 42.318074], [-77.747429, 42.318186], [-77.74651, 42.318913], [-77.746024, 42.319341], [-77.745699, 42.319642], [-77.74427, 42.321209], [-77.743964, 42.32155], [-77.742218, 42.323472], [-77.740753, 42.325071], [-77.740603, 42.325238], [-77.740419, 42.32544], [-77.737871, 42.328296], [-77.736894, 42.329351], [-77.736561, 42.329722], [-77.736244, 42.330062], [-77.735791, 42.33055], [-77.734257, 42.33225]]",2021-11-28,-77.8220313288399,42.3183216395966,18486194,39138508,,PROPERTY DAMAGE,999,2021,OTHER,2021/11/28,1900-01-01 12:36:00,COLLISION WITH TREE,DAYLIGHT,STRAIGHT AT HILLCREST,WET,NONE,NOT ENTERED,SNOW,0,1970/01/01,0,0,0,0,1,10201.0,0,NYSP WELLSVILLE,No,267445.55416123,4688977.49071664,Not an intersection crash,Connecting Road,Allegany,8.0,435.0,,Almond,I 86,17 61032293,88.0,T,1-Rural Principal Arterial Interstate,NYSDOT,NYSDOT,SOUTHERN TIER EXP,65.0,"V1:(UNSAFE SPEED,PAVEMENT SLIPPERY)",2021-11-28,-77.830091,42.3195
80,Feature,,"Almond, NY",US,143.0,I-86 E,1287258796.0,8894.0,1.0,"[{'x': -77.830091, 'y': 42.3195}, {'x': -77.828995, 'y': 42.319406}, {'x': -77.828224, 'y': 42.3193}, {'x': -77.827491, 'y': 42.31916}, {'x': -77.825785, 'y': 42.318722}, {'x': -77.823838, 'y': 42.318188}, {'x': -77.822584, 'y': 42.317865}, {'x': -77.821717, 'y': 42.317676}, {'x': -77.820981, 'y': 42.317539}, {'x': -77.820203, 'y': 42.317419}, {'x': -77.818661, 'y': 42.317239}, {'x': -77.81687, 'y': 42.317149}, {'x': -77.816136, 'y': 42.317138}, {'x': -77.81472, 'y': 42.317185}, {'x': -77.805665, 'y': 42.317695}, {'x': -77.804112, 'y': 42.317724}, {'x': -77.803037, 'y': 42.317719}, {'x': -77.801707, 'y': 42.317695}, {'x': -77.800112, 'y': 42.317612}, {'x': -77.798433, 'y': 42.317482}, {'x': -77.79055, 'y': 42.316617}, {'x': -77.789377, 'y': 42.316516}, {'x': -77.787992, 'y': 42.316438}, {'x': -77.786551, 'y': 42.316385}, {'x': -77.78557, 'y': 42.316371}, {'x': -77.78395, 'y': 42.316381}, {'x': -77.783028, 'y': 42.316412}, {'x': -77.779273, 'y': 42.316628}, {'x': -77.776398, 'y': 42.31677}, {'x': -77.775421, 'y': 42.316784}, {'x': -77.774789, 'y': 42.316772}, {'x': -77.773583, 'y': 42.316719}, {'x': -77.772803, 'y': 42.316653}, {'x': -77.772044, 'y': 42.316568}, {'x': -77.770943, 'y': 42.316407}, {'x': -77.762703, 'y': 42.314936}, {'x': -77.761474, 'y': 42.314784}, {'x': -77.760194, 'y': 42.314691}, {'x': -77.759276, 'y': 42.314673}, {'x': -77.758282, 'y': 42.314688}, {'x': -77.757139, 'y': 42.314769}, {'x': -77.756331, 'y': 42.31485}, {'x': -77.755648, 'y': 42.314955}, {'x': -77.754492, 'y': 42.315164}, {'x': -77.753396, 'y': 42.315426}, {'x': -77.752648, 'y': 42.315642}, {'x': -77.751928, 'y': 42.315888}, {'x': -77.750838, 'y': 42.316296}, {'x': -77.75016, 'y': 42.316604}, {'x': -77.74934, 'y': 42.31701}, {'x': -77.748563, 'y': 42.317446}, {'x': -77.747583, 'y': 42.318074}, {'x': -77.747429, 'y': 42.318186}, {'x': -77.74651, 'y': 42.318913}, {'x': -77.746024, 'y': 42.319341}, {'x': -77.745699, 'y': 42.319642}, {'x': -77.74427, 'y': 42.321209}, {'x': -77.743964, 'y': 42.32155}, {'x': -77.742218, 'y': 42.323472}, {'x': -77.740753, 'y': 42.325071}, {'x': -77.740603, 'y': 42.325238}, {'x': -77.740419, 'y': 42.32544}, {'x': -77.737871, 'y': 42.328296}, {'x': -77.736894, 'y': 42.329351}, {'x': -77.736561, 'y': 42.329722}, {'x': -77.736244, 'y': 42.330062}, {'x': -77.735791, 'y': 42.33055}, {'x': -77.734257, 'y': 42.33225}]",1638103378888.0,3.0,"[{}, {}, {}, {}, {}]",20.65833333333333,74.37,I-86 E,NONE,NONE,1287258796.0,2021-11-28 12:42:58,6,True,LineString,"[[-77.830091, 42.3195], [-77.828995, 42.319406], [-77.828224, 42.3193], [-77.827491, 42.31916], [-77.825785, 42.318722], [-77.823838, 42.318188], [-77.822584, 42.317865], [-77.821717, 42.317676], [-77.820981, 42.317539], [-77.820203, 42.317419], [-77.818661, 42.317239], [-77.81687, 42.317149], [-77.816136, 42.317138], [-77.81472, 42.317185], [-77.805665, 42.317695], [-77.804112, 42.317724], [-77.803037, 42.317719], [-77.801707, 42.317695], [-77.800112, 42.317612], [-77.798433, 42.317482], [-77.79055, 42.316617], [-77.789377, 42.316516], [-77.787992, 42.316438], [-77.786551, 42.316385], [-77.78557, 42.316371], [-77.78395, 42.316381], [-77.783028, 42.316412], [-77.779273, 42.316628], [-77.776398, 42.31677], [-77.775421, 42.316784], [-77.774789, 42.316772], [-77.773583, 42.316719], [-77.772803, 42.316653], [-77.772044, 42.316568], [-77.770943, 42.316407], [-77.762703, 42.314936], [-77.761474, 42.314784], [-77.760194, 42.314691], [-77.759276, 42.314673], [-77.758282, 42.314688], [-77.757139, 42.314769], [-77.756331, 42.31485], [-77.755648, 42.314955], [-77.754492, 42.315164], [-77.753396, 42.315426], [-77.752648, 42.315642], [-77.751928, 42.315888], [-77.750838, 42.316296], [-77.75016, 42.316604], [-77.74934, 42.31701], [-77.748563, 42.317446], [-77.747583, 42.318074], [-77.747429, 42.318186], [-77.74651, 42.318913], [-77.746024, 42.319341], [-77.745699, 42.319642], [-77.74427, 42.321209], [-77.743964, 42.32155], [-77.742218, 42.323472], [-77.740753, 42.325071], [-77.740603, 42.325238], [-77.740419, 42.32544], [-77.737871, 42.328296], [-77.736894, 42.329351], [-77.736561, 42.329722], [-77.736244, 42.330062], [-77.735791, 42.33055], [-77.734257, 42.33225]]",2021-11-28,-77.8220313288399,42.3183216395966,18486194,39138508,,PROPERTY DAMAGE,999,2021,OTHER,2021/11/28,1900-01-01 12:36:00,COLLISION WITH TREE,DAYLIGHT,STRAIGHT AT HILLCREST,WET,NONE,NOT ENTERED,SNOW,0,1970/01/01,0,0,0,0,1,10201.0,0,NYSP WELLSVILLE,No,267445.55416123,4688977.49071664,Not an intersection crash,Connecting Road,Allegany,8.0,435.0,,Almond,I 86,17 61032293,88.0,T,1-Rural Principal Arterial Interstate,NYSDOT,NYSDOT,SOUTHERN TIER EXP,65.0,"V1:(UNSAFE SPEED,PAVEMENT SLIPPERY)",2021-11-28,-77.830091,42.3195
81,Feature,,"Southeast, NY",US,49.0,I-84 E,1290952794.0,2390.0,1.0,"[{'x': -73.571406, 'y': 41.383429}, {'x': -73.564636, 'y': 41.384136}, {'x': -73.562987, 'y': 41.384298}, {'x': -73.561406, 'y': 41.384464}, {'x': -73.559643, 'y': 41.38464}, {'x': -73.557455, 'y': 41.384879}, {'x': -73.556784, 'y': 41.384968}, {'x': -73.556166, 'y': 41.385062}, {'x': -73.55534, 'y': 41.38521}, {'x': -73.554623, 'y': 41.385359}, {'x': -73.553907, 'y': 41.385534}, {'x': -73.553192, 'y': 41.385729}, {'x': -73.552369, 'y': 41.38597}, {'x': -73.551605, 'y': 41.386229}, {'x': -73.547388, 'y': 41.387736}, {'x': -73.546614, 'y': 41.388}, {'x': -73.545878, 'y': 41.388235}, {'x': -73.545104, 'y': 41.38846}, {'x': -73.54396, 'y': 41.388761}]",1638117946847.0,3.0,[{}],18.84722222222222,67.85,I-84 E,NONE,NONE,1290952794.0,2021-11-28 16:45:46,6,True,LineString,"[[-73.571406, 41.383429], [-73.564636, 41.384136], [-73.562987, 41.384298], [-73.561406, 41.384464], [-73.559643, 41.38464], [-73.557455, 41.384879], [-73.556784, 41.384968], [-73.556166, 41.385062], [-73.55534, 41.38521], [-73.554623, 41.385359], [-73.553907, 41.385534], [-73.553192, 41.385729], [-73.552369, 41.38597], [-73.551605, 41.386229], [-73.547388, 41.387736], [-73.546614, 41.388], [-73.545878, 41.388235], [-73.545104, 41.38846], [-73.54396, 41.388761]]",2021-11-28,-73.5964338121363,41.3933539582094,18477180,39128793,,PROPERTY DAMAGE,999,2021,REAR END,2021/11/28,1900-01-01 17:06:00,COLLISION WITH MOTOR VEHICLE,DARK-ROAD UNLIGHTED,STRAIGHT/ GRADE,WET,NONE,NOT ENTERED,CLEAR,0,1970/01/01,0,0,0,0,2,15903.0,0,NYSP SOMERS,No,617339.0,4583375.0,INTERSECTION-RELATED,,Putnam,,0.0,7010263.0,Southeast,,,,,Unknown,Unknown,Unknown,,,"V1:(UNSAFE SPEED,FOLLOWING TOO CLOSELY) / V2:(NOT APPLICABLE,NOT APPLICABLE)",2021-11-28,-73.571406,41.383429
82,Feature,,"Southeast, NY",US,48.0,I-84 E,1290952794.0,2574.0,1.0,"[{'x': -73.573583, 'y': 41.383202}, {'x': -73.564636, 'y': 41.384136}, {'x': -73.562987, 'y': 41.384298}, {'x': -73.561406, 'y': 41.384464}, {'x': -73.559643, 'y': 41.38464}, {'x': -73.557455, 'y': 41.384879}, {'x': -73.556784, 'y': 41.384968}, {'x': -73.556166, 'y': 41.385062}, {'x': -73.55534, 'y': 41.38521}, {'x': -73.554623, 'y': 41.385359}, {'x': -73.553907, 'y': 41.385534}, {'x': -73.553192, 'y': 41.385729}, {'x': -73.552369, 'y': 41.38597}, {'x': -73.551605, 'y': 41.386229}, {'x': -73.547388, 'y': 41.387736}, {'x': -73.546614, 'y': 41.388}, {'x': -73.545878, 'y': 41.388235}, {'x': -73.545104, 'y': 41.38846}, {'x': -73.54396, 'y': 41.388761}]",1638117946847.0,3.0,[{}],19.41111111111111,69.88,I-84 E,NONE,NONE,1290952794.0,2021-11-28 16:45:46,6,True,LineString,"[[-73.573583, 41.383202], [-73.564636, 41.384136], [-73.562987, 41.384298], [-73.561406, 41.384464], [-73.559643, 41.38464], [-73.557455, 41.384879], [-73.556784, 41.384968], [-73.556166, 41.385062], [-73.55534, 41.38521], [-73.554623, 41.385359], [-73.553907, 41.385534], [-73.553192, 41.385729], [-73.552369, 41.38597], [-73.551605, 41.386229], [-73.547388, 41.387736], [-73.546614, 41.388], [-73.545878, 41.388235], [-73.545104, 41.38846], [-73.54396, 41.388761]]",2021-11-28,-73.5964338121363,41.3933539582094,18477180,39128793,,PROPERTY DAMAGE,999,2021,REAR END,2021/11/28,1900-01-01 17:06:00,COLLISION WITH MOTOR VEHICLE,DARK-ROAD UNLIGHTED,STRAIGHT/ GRADE,WET,NONE,NOT ENTERED,CLEAR,0,1970/01/01,0,0,0,0,2,15903.0,0,NYSP SOMERS,No,617339.0,4583375.0,INTERSECTION-RELATED,,Putnam,,0.0,7010263.0,Southeast,,,,,Unknown,Unknown,Unknown,,,"V1:(UNSAFE SPEED,FOLLOWING TOO CLOSELY) / V2:(NOT APPLICABLE,NOT APPLICABLE)",2021-11-28,-73.573583,41.383202
83,Feature,,"Southeast, NY",US,56.0,I-84 E,1292784646.0,2758.0,1.0,"[{'x': -73.57795, 'y': 41.382834}, {'x': -73.576441, 'y': 41.382904}, {'x': -73.564636, 'y': 41.384136}, {'x': -73.562987, 'y': 41.384298}, {'x': -73.561406, 'y': 41.384464}, {'x': -73.559643, 'y': 41.38464}, {'x': -73.557455, 'y': 41.384879}, {'x': -73.556784, 'y': 41.384968}, {'x': -73.556166, 'y': 41.385062}, {'x': -73.55534, 'y': 41.38521}, {'x': -73.554623, 'y': 41.385359}, {'x': -73.553907, 'y': 41.385534}, {'x': -73.553192, 'y': 41.385729}, {'x': -73.552369, 'y': 41.38597}, {'x': -73.551605, 'y': 41.386229}, {'x': -73.547388, 'y': 41.387736}, {'x': -73.546614, 'y': 41.388}, {'x': -73.546022, 'y': 41.388188}]",1638119612113.0,3.0,[{}],18.70833333333333,67.35,I-84 E,NONE,NONE,1292784646.0,2021-11-28 17:13:32,6,True,LineString,"[[-73.57795, 41.382834], [-73.576441, 41.382904], [-73.564636, 41.384136], [-73.562987, 41.384298], [-73.561406, 41.384464], [-73.559643, 41.38464], [-73.557455, 41.384879], [-73.556784, 41.384968], [-73.556166, 41.385062], [-73.55534, 41.38521], [-73.554623, 41.385359], [-73.553907, 41.385534], [-73.553192, 41.385729], [-73.552369, 41.38597], [-73.551605, 41.386229], [-73.547388, 41.387736], [-73.546614, 41.388], [-73.546022, 41.388188]]",2021-11-28,-73.5964338121363,41.3933539582094,18477180,39128793,,PROPERTY DAMAGE,999,2021,REAR END,2021/11/28,1900-01-01 17:06:00,COLLISION WITH MOTOR VEHICLE,DARK-ROAD UNLIGHTED,STRAIGHT/ GRADE,WET,NONE,NOT ENTERED,CLEAR,0,1970/01/01,0,0,0,0,2,15903.0,0,NYSP SOMERS,No,617339.0,4583375.0,INTERSECTION-RELATED,,Putnam,,0.0,7010263.0,Southeast,,,,,Unknown,Unknown,Unknown,,,"V1:(UNSAFE SPEED,FOLLOWING TOO CLOSELY) / V2:(NOT APPLICABLE,NOT APPLICABLE)",2021-11-28,-73.57795,41.382834