,type,properties.blockingAlertUuid,properties.city,properties.country,properties.delay,properties.endNode,properties.id,properties.length,properties.level,properties.line,properties.pubMillis,properties.roadType,properties.segments,properties.speed,properties.speedKMH,properties.street,properties.turnType,properties.type,properties.uuid,properties.utc_timestamp,properties.day_of_week,properties.weekday_weekend,geometry.type,geometry.coordinates,key_date_jams,X,Y,OBJECTID,CaseNumber,MaxInjuryS,CrashSever,RoadwayAcc,CaseYear,CollisionT,CrashDate,CrashTimeF,CrashType,LightCondi,RoadwayCha,RoadSurfac,TrafficCon,TrafficWay,WeatherCon,Commercial,DMVInsertD,NumberOfFa,NumberOfIn,NumberOfOt,NumberOfSe,NumberOfVe,PoliceDept,NonReporta,ReportingA,NonPublicW,UTMEasting,UTMNorthin,Intersecti,ClosestCro,CountyName,DirectionF,DistanceFr,MasterInte,CityTownNa,OnStreet,ReferenceM,ACCESS_CON,DIVIDED,FUNCTIONAL,MAINT_JURI,OWNING_JUR,NAME,POSTED_SPE,ApparentFa,key_date_crashes,jams_x,jams_y
84,Feature,,"Buffalo, NY",US,92.0,to I-190 N,1761328394.0,1161.0,3.0,"[{'x': -78.816804, 'y': 42.87181}, {'x': -78.818503, 'y': 42.870558}, {'x': -78.818945, 'y': 42.870216}, {'x': -78.819407, 'y': 42.869913}, {'x': -78.8198, 'y': 42.86968}, {'x': -78.820225, 'y': 42.869453}, {'x': -78.820899, 'y': 42.869132}, {'x': -78.821612, 'y': 42.868861}, {'x': -78.822266, 'y': 42.868674}, {'x': -78.822918, 'y': 42.868553}, {'x': -78.824372, 'y': 42.868358}, {'x': -78.825855, 'y': 42.868175}, {'x': -78.827081, 'y': 42.868071}, {'x': -78.82839, 'y': 42.868004}, {'x': -78.82898, 'y': 42.868016}, {'x': -78.829398, 'y': 42.868057}]",1639586036140.0,3.0,"[{}, {}]",8.505555555555556,30.62,I-190 N,NONE,NONE,1761328394.0,2021-12-15 16:33:56,2,False,LineString,"[[-78.816804, 42.87181], [-78.818503, 42.870558], [-78.818945, 42.870216], [-78.819407, 42.869913], [-78.8198, 42.86968], [-78.820225, 42.869453], [-78.820899, 42.869132], [-78.821612, 42.868861], [-78.822266, 42.868674], [-78.822918, 42.868553], [-78.824372, 42.868358], [-78.825855, 42.868175], [-78.827081, 42.868071], [-78.82839, 42.868004], [-78.82898, 42.868016], [-78.829398, 42.868057]]",2021-12-15,-78.7901353310965,42.8702468770824,18498810,39152016,,PROPERTY DAMAGE,999,2021,REAR END,2021/12/15,1900-01-01 16:57:00,COLLISION WITH MOTOR VEHICLE,DARK-ROAD UNLIGHTED,CURVE AND GRADE,DRY,NONE,NOT ENTERED,CLOUDY,0,1970/01/01,0,0,0,0,2,11404.0,0,NYSP THRUWAY BUFFALO,No,190406.0,4753378.0,Not an intersection crash,,Erie,,0.0,,West Seneca,,,,,Unknown,Unknown,Unknown,,,"V1:(FOLLOWING TOO CLOSELY,NOT APPLICABLE) / V2:(NOT APPLICABLE,NOT APPLICABLE)",2021-12-15,-78.816804,42.87181
85,Feature,,"Perinton, NY",US,65.0,I-490 E,1702577526.0,3194.0,1.0,"[{'x': -77.471332, 'y': 43.060545}, {'x': -77.471301, 'y': 43.058739}, {'x': -77.471314, 'y': 43.056997}, {'x': -77.471306, 'y': 43.056532}, {'x': -77.471161, 'y': 43.055749}, {'x': -77.471024, 'y': 43.055267}, {'x': -77.470809, 'y': 43.054725}, {'x': -77.47047, 'y': 43.054053}, {'x': -77.470188, 'y': 43.053567}, {'x': -77.469604, 'y': 43.052839}, {'x': -77.469276, 'y': 43.052544}, {'x': -77.468795, 'y': 43.05211}, {'x': -77.468466, 'y': 43.051815}, {'x': -77.467385, 'y': 43.051042}, {'x': -77.46614, 'y': 43.050254}, {'x': -77.465571, 'y': 43.049764}, {'x': -77.464965, 'y': 43.049136}, {'x': -77.464331, 'y': 43.048239}, {'x': -77.464109, 'y': 43.04776}, {'x': -77.463662, 'y': 43.046568}, {'x': -77.463298, 'y': 43.045338}, {'x': -77.463159, 'y': 43.044844}, {'x': -77.462857, 'y': 43.043503}, {'x': -77.462543, 'y': 43.04162}, {'x': -77.462352, 'y': 43.040639}, {'x': -77.462273, 'y': 43.040332}, {'x': -77.462018, 'y': 43.039724}, {'x': -77.461697, 'y': 43.039173}, {'x': -77.461485, 'y': 43.038916}, {'x': -77.46097, 'y': 43.038336}, {'x': -77.457544, 'y': 43.03466}]",1640219447245.0,3.0,"[{}, {}, {}, {}, {}]",18.15,65.34,I-490 E,NONE,NONE,1702577526.0,2021-12-23 00:30:47,3,False,LineString,"[[-77.471332, 43.060545], [-77.471301, 43.058739], [-77.471314, 43.056997], [-77.471306, 43.056532], [-77.471161, 43.055749], [-77.471024, 43.055267], [-77.470809, 43.054725], [-77.47047, 43.054053], [-77.470188, 43.053567], [-77.469604, 43.052839], [-77.469276, 43.052544], [-77.468795, 43.05211], [-77.468466, 43.051815], [-77.467385, 43.051042], [-77.46614, 43.050254], [-77.465571, 43.049764], [-77.464965, 43.049136], [-77.464331, 43.048239], [-77.464109, 43.04776], [-77.463662, 43.046568], [-77.463298, 43.045338], [-77.463159, 43.044844], [-77.462857, 43.043503], [-77.462543, 43.04162], [-77.462352, 43.040639], [-77.462273, 43.040332], [-77.462018, 43.039724], [-77.461697, 43.039173], [-77.461485, 43.038916], [-77.46097, 43.038336], [-77.457544, 43.03466]]",2021-12-23,-77.4702020494534,43.0540400512319,18562586,39221389,,PROPERTY DAMAGE,999,2021,OTHER,2021/12/23,1900-01-01 00:43:00,COLLISION WITH GUIDE RAIL,DARK-ROAD LIGHTED,STRAIGHT AND LEVEL,SNOW/ICE,NONE,NOT ENTERED,SNOW,0,1970/01/01,0,0,0,0,1,2700.0,0,MONROE CO SO,No,298830.11,4769777.33,INTERSECTION-RELATED,I 490,Monroe,NORTH,0.0,5001843.0,Perinton,RAMP,,88.0,T,11-Urban Principal Arterial Interstate,NYSDOT,NYSDOT,I490,65.0,"V1:(PAVEMENT SLIPPERY,UNSAFE SPEED)",2021-12-23,-77.471332,43.060545
86,Feature,,"Greater Marathon Area, NY",US,87.0,I-81 S,1743495256.0,4925.0,1.0,"[{'x': -76.038669, 'y': 42.451157}, {'x': -76.036903, 'y': 42.448153}, {'x': -76.036149, 'y': 42.44691}, {'x': -76.035746, 'y': 42.446324}, {'x': -76.035513, 'y': 42.446016}, {'x': -76.034902, 'y': 42.445311}, {'x': -76.034422, 'y': 42.444835}, {'x': -76.032771, 'y': 42.443361}, {'x': -76.032246, 'y': 42.442909}, {'x': -76.031919, 'y': 42.4426}, {'x': -76.031621, 'y': 42.44227}, {'x': -76.0313, 'y': 42.44189}, {'x': -76.031013, 'y': 42.441498}, {'x': -76.030005, 'y': 42.439953}, {'x': -76.02791, 'y': 42.436836}, {'x': -76.02757, 'y': 42.436358}, {'x': -76.026609, 'y': 42.435098}, {'x': -76.02588, 'y': 42.434152}, {'x': -76.025782, 'y': 42.434026}, {'x': -76.023137, 'y': 42.430672}, {'x': -76.021629, 'y': 42.428773}, {'x': -76.020865, 'y': 42.42778}, {'x': -76.019813, 'y': 42.426432}, {'x': -76.019501, 'y': 42.425966}, {'x': -76.01922, 'y': 42.425496}, {'x': -76.018979, 'y': 42.425019}, {'x': -76.018763, 'y': 42.424524}, {'x': -76.018559, 'y': 42.42397}, {'x': -76.018473, 'y': 42.423666}, {'x': -76.018281, 'y': 42.422848}, {'x': -76.017635, 'y': 42.418906}, {'x': -76.017401, 'y': 42.417573}, {'x': -76.01699, 'y': 42.415153}, {'x': -76.016775, 'y': 42.414228}, {'x': -76.016072, 'y': 42.411626}, {'x': -76.015877, 'y': 42.410909}]",1640315199583.0,3.0,"[{}, {}]",20.038888888888888,72.14,I-81 S,NONE,NONE,1743495256.0,2021-12-24 03:06:39,4,False,LineString,"[[-76.038669, 42.451157], [-76.036903, 42.448153], [-76.036149, 42.44691], [-76.035746, 42.446324], [-76.035513, 42.446016], [-76.034902, 42.445311], [-76.034422, 42.444835], [-76.032771, 42.443361], [-76.032246, 42.442909], [-76.031919, 42.4426], [-76.031621, 42.44227], [-76.0313, 42.44189], [-76.031013, 42.441498], [-76.030005, 42.439953], [-76.02791, 42.436836], [-76.02757, 42.436358], [-76.026609, 42.435098], [-76.02588, 42.434152], [-76.025782, 42.434026], [-76.023137, 42.430672], [-76.021629, 42.428773], [-76.020865, 42.42778], [-76.019813, 42.426432], [-76.019501, 42.425966], [-76.01922, 42.425496], [-76.018979, 42.425019], [-76.018763, 42.424524], [-76.018559, 42.42397], [-76.018473, 42.423666], [-76.018281, 42.422848], [-76.017635, 42.418906], [-76.017401, 42.417573], [-76.01699, 42.415153], [-76.016775, 42.414228], [-76.016072, 42.411626], [-76.015877, 42.410909]]",2021-12-24,-76.0408576613811,42.45486692456,18510003,39164018,,PROPERTY DAMAGE,999,2021,OTHER,2021/12/24,1900-01-01 02:38:00,COLL. W/EARTH ELE./ROCK CUT/DITCH,DARK-ROAD UNLIGHTED,STRAIGHT AND LEVEL,SNOW/ICE,NONE,NOT ENTERED,SNOW,0,1970/01/01,0,0,0,0,1,11101.0,0,NYSP CORTLAND,No,414414.84505181,4700806.35649512,Not an intersection crash,Connecting Road,Cortland,4.0,218.0,,Marathon,I 81,81I32021035,88.0,T,1-Rural Principal Arterial Interstate,NYSDOT,NYSDOT,,65.0,"V1:(UNSAFE SPEED,PAVEMENT SLIPPERY)",2021-12-24,-76.038669,42.451157
87,Feature,,"Albany, NY",US,65.0,I-787 N,1744837474.0,1942.0,2.0,"[{'x': -73.73908, 'y': 42.659405}, {'x': -73.738955, 'y': 42.659543}, {'x': -73.738482, 'y': 42.660021}, {'x': -73.737973, 'y': 42.660565}, {'x': -73.737498, 'y': 42.661112}, {'x': -73.737018, 'y': 42.661723}, {'x': -73.736638, 'y': 42.662248}, {'x': -73.735848, 'y': 42.663443}, {'x': -73.734754, 'y': 42.665156}, {'x': -73.734433, 'y': 42.665634}, {'x': -73.734056, 'y': 42.66614}, {'x': -73.733681, 'y': 42.6666}, {'x': -73.732938, 'y': 42.667379}, {'x': -73.732617, 'y': 42.667741}, {'x': -73.727829, 'y': 42.672249}, {'x': -73.727829, 'y': 42.67225}, {'x': -73.727046, 'y': 42.672991}, {'x': -73.72619, 'y': 42.673994}]",1640329426520.0,3.0,"[{}, {}]",14.647222222222222,52.73,I-787 N,NONE,NONE,1744837474.0,2021-12-24 07:03:46,4,False,LineString,"[[-73.73908, 42.659405], [-73.738955, 42.659543], [-73.738482, 42.660021], [-73.737973, 42.660565], [-73.737498, 42.661112], [-73.737018, 42.661723], [-73.736638, 42.662248], [-73.735848, 42.663443], [-73.734754, 42.665156], [-73.734433, 42.665634], [-73.734056, 42.66614], [-73.733681, 42.6666], [-73.732938, 42.667379], [-73.732617, 42.667741], [-73.727829, 42.672249], [-73.727829, 42.67225], [-73.727046, 42.672991], [-73.72619, 42.673994]]",2021-12-24,-73.7290482156332,42.6713407570213,18511530,39165688,,PROPERTY DAMAGE,999,2021,HEAD ON,2021/12/24,1900-01-01 06:41:00,COLLISION WITH MOTOR VEHICLE,DARK-ROAD UNLIGHTED,STRAIGHT AND LEVEL,SNOW/ICE,NONE,NOT ENTERED,SNOW,0,1970/01/01,0,0,0,0,2,10102.0,0,NYSP LOUDONVILLE,No,604144.31523853,4725101.76424514,Not an intersection crash,Ramp,Albany,4.0,163.0,,Albany,I 787,787I11011041,88.0,T,11-Urban Principal Arterial Interstate,NYSDOT,NYSDOT,,55.0,"V1:(UNSAFE SPEED,PAVEMENT SLIPPERY) / V2:(NOT APPLICABLE,NOT APPLICABLE)",2021-12-24,-73.73908,42.659405
88,Feature,,"Menands, NY",US,82.0,to I-787 N Â» Cohoes,1744849492.0,2428.0,2.0,"[{'x': -73.72619, 'y': 42.673994}, {'x': -73.725897, 'y': 42.674397}, {'x': -73.725723, 'y': 42.674678}, {'x': -73.725276, 'y': 42.675557}, {'x': -73.725096, 'y': 42.67596}, {'x': -73.724952, 'y': 42.676314}, {'x': -73.723297, 'y': 42.680281}, {'x': -73.72293, 'y': 42.681062}, {'x': -73.722649, 'y': 42.681583}, {'x': -73.72225, 'y': 42.682239}, {'x': -73.721822, 'y': 42.682855}, {'x': -73.721716, 'y': 42.682998}, {'x': -73.721396, 'y': 42.683404}, {'x': -73.721079, 'y': 42.683777}, {'x': -73.720758, 'y': 42.684141}, {'x': -73.720515, 'y': 42.684405}, {'x': -73.720317, 'y': 42.68461}, {'x': -73.720079, 'y': 42.684846}, {'x': -73.719823, 'y': 42.685087}, {'x': -73.719265, 'y': 42.685591}, {'x': -73.718481, 'y': 42.686253}, {'x': -73.71787, 'y': 42.686769}, {'x': -73.716356, 'y': 42.688059}, {'x': -73.713362, 'y': 42.690563}, {'x': -73.711826, 'y': 42.691932}, {'x': -73.711417, 'y': 42.692319}, {'x': -73.711279, 'y': 42.692487}]",1640329694732.0,3.0,"[{}, {}, {}]",14.61111111111111,52.6,I-787 N,NONE,NONE,1744849492.0,2021-12-24 07:08:14,4,False,LineString,"[[-73.72619, 42.673994], [-73.725897, 42.674397], [-73.725723, 42.674678], [-73.725276, 42.675557], [-73.725096, 42.67596], [-73.724952, 42.676314], [-73.723297, 42.680281], [-73.72293, 42.681062], [-73.722649, 42.681583], [-73.72225, 42.682239], [-73.721822, 42.682855], [-73.721716, 42.682998], [-73.721396, 42.683404], [-73.721079, 42.683777], [-73.720758, 42.684141], [-73.720515, 42.684405], [-73.720317, 42.68461], [-73.720079, 42.684846], [-73.719823, 42.685087], [-73.719265, 42.685591], [-73.718481, 42.686253], [-73.71787, 42.686769], [-73.716356, 42.688059], [-73.713362, 42.690563], [-73.711826, 42.691932], [-73.711417, 42.692319], [-73.711279, 42.692487]]",2021-12-24,-73.71561098927,42.6886804368417,18511637,39165795,,PROPERTY DAMAGE,999,2021,OTHER,2021/12/24,1900-01-01 07:24:00,COLLISION WITH GUIDE RAIL,DAYLIGHT,STRAIGHT AND LEVEL,SNOW/ICE,NONE,NOT ENTERED,SNOW,0,1970/01/01,0,0,0,0,1,10102.0,0,NYSP LOUDONVILLE,No,605216.13815933,4727043.88333105,Not an intersection crash,Connecting Road,Albany,4.0,65.0,,Menands,I 787,787I11012012,88.0,T,11-Urban Principal Arterial Interstate,NYSDOT,NYSDOT,Interstate 787,55.0,"V1:(UNSAFE SPEED,PAVEMENT SLIPPERY)",2021-12-24,-73.72619,42.673994
89,Feature,,"Menands, NY",US,82.0,to I-787 N Â» Cohoes,1744849492.0,2428.0,2.0,"[{'x': -73.72619, 'y': 42.673994}, {'x': -73.725897, 'y': 42.674397}, {'x': -73.725723, 'y': 42.674678}, {'x': -73.725276, 'y': 42.675557}, {'x': -73.725096, 'y': 42.67596}, {'x': -73.724952, 'y': 42.676314}, {'x': -73.723297, 'y': 42.680281}, {'x': -73.72293, 'y': 42.681062}, {'x': -73.722649, 'y': 42.681583}, {'x': -73.72225, 'y': 42.682239}, {'x': -73.721822, 'y': 42.682855}, {'x': -73.721716, 'y': 42.682998}, {'x': -73.721396, 'y': 42.683404}, {'x': -73.721079, 'y': 42.683777}, {'x': -73.720758, 'y': 42.684141}, {'x': -73.720515, 'y': 42.684405}, {'x': -73.720317, 'y': 42.68461}, {'x': -73.720079, 'y': 42.684846}, {'x': -73.719823, 'y': 42.685087}, {'x': -73.719265, 'y': 42.685591}, {'x': -73.718481, 'y': 42.686253}, {'x': -73.71787, 'y': 42.686769}, {'x': -73.716356, 'y': 42.688059}, {'x': -73.713362, 'y': 42.690563}, {'x': -73.711826, 'y': 42.691932}, {'x': -73.711417, 'y': 42.692319}, {'x': -73.711279, 'y': 42.692487}]",1640329694732.0,3.0,"[{}, {}, {}]",14.61111111111111,52.6,I-787 N,NONE,NONE,1744849492.0,2021-12-24 07:08:14,4,False,LineString,"[[-73.72619, 42.673994], [-73.725897, 42.674397], [-73.725723, 42.674678], [-73.725276, 42.675557], [-73.725096, 42.67596], [-73.724952, 42.676314], [-73.723297, 42.680281], [-73.72293, 42.681062], [-73.722649, 42.681583], [-73.72225, 42.682239], [-73.721822, 42.682855], [-73.721716, 42.682998], [-73.721396, 42.683404], [-73.721079, 42.683777], [-73.720758, 42.684141], [-73.720515, 42.684405], [-73.720317, 42.68461], [-73.720079, 42.684846], [-73.719823, 42.685087], [-73.719265, 42.685591], [-73.718481, 42.686253], [-73.71787, 42.686769], [-73.716356, 42.688059], [-73.713362, 42.690563], [-73.711826, 42.691932], [-73.711417, 42.692319], [-73.711279, 42.692487]]",2021-12-24,-73.7290482156332,42.6713407570213,18511530,39165688,,PROPERTY DAMAGE,999,2021,HEAD ON,2021/12/24,1900-01-01 06:41:00,COLLISION WITH MOTOR VEHICLE,DARK-ROAD UNLIGHTED,STRAIGHT AND LEVEL,SNOW/ICE,NONE,NOT ENTERED,SNOW,0,1970/01/01,0,0,0,0,2,10102.0,0,NYSP LOUDONVILLE,No,604144.31523853,4725101.76424514,Not an intersection crash,Ramp,Albany,4.0,163.0,,Albany,I 787,787I11011041,88.0,T,11-Urban Principal Arterial Interstate,NYSDOT,NYSDOT,,55.0,"V1:(UNSAFE SPEED,PAVEMENT SLIPPERY) / V2:(NOT APPLICABLE,NOT APPLICABLE)",2021-12-24,-73.72619,42.673994
90,Feature,,"Kirkwood, NY",US,240.0,I-81 S,15671078.0,12294.0,1.0,"[{'x': -75.812457, 'y': 42.093005}, {'x': -75.812274, 'y': 42.092609}, {'x': -75.812109, 'y': 42.092186}, {'x': -75.811048, 'y': 42.088956}, {'x': -75.810611, 'y': 42.087724}, {'x': -75.810486, 'y': 42.087437}, {'x': -75.810072, 'y': 42.086644}, {'x': -75.809663, 'y': 42.08601}, {'x': -75.806596, 'y': 42.081974}, {'x': -75.806248, 'y': 42.081516}, {'x': -75.803468, 'y': 42.077856}, {'x': -75.803014, 'y': 42.077165}, {'x': -75.802383, 'y': 42.076053}, {'x': -75.80213, 'y': 42.075524}, {'x': -75.80186, 'y': 42.074868}, {'x': -75.800708, 'y': 42.07143}, {'x': -75.800552, 'y': 42.070966}, {'x': -75.799357, 'y': 42.067398}, {'x': -75.799199, 'y': 42.066928}, {'x': -75.798976, 'y': 42.066264}, {'x': -75.798827, 'y': 42.065677}, {'x': -75.798765, 'y': 42.06532}, {'x': -75.798716, 'y': 42.064637}, {'x': -75.798714, 'y': 42.064351}, {'x': -75.799412, 'y': 42.056832}, {'x': -75.799439, 'y': 42.056069}, {'x': -75.79941, 'y': 42.055521}, {'x': -75.799319, 'y': 42.054841}, {'x': -75.799227, 'y': 42.054395}, {'x': -75.799033, 'y': 42.053707}, {'x': -75.798822, 'y': 42.053136}, {'x': -75.798594, 'y': 42.052622}, {'x': -75.798388, 'y': 42.05223}, {'x': -75.794601, 'y': 42.045425}, {'x': -75.791653, 'y': 42.040104}, {'x': -75.790571, 'y': 42.038151}, {'x': -75.790271, 'y': 42.037551}, {'x': -75.790118, 'y': 42.037204}, {'x': -75.789878, 'y': 42.03658}, {'x': -75.787854, 'y': 42.030494}, {'x': -75.785478, 'y': 42.023377}, {'x': -75.785223, 'y': 42.022755}, {'x': -75.785049, 'y': 42.02241}, {'x': -75.784806, 'y': 42.021996}, {'x': -75.784552, 'y': 42.021628}, {'x': -75.784255, 'y': 42.021241}, {'x': -75.783738, 'y': 42.020681}, {'x': -75.783452, 'y': 42.020404}, {'x': -75.783187, 'y': 42.020175}, {'x': -75.782695, 'y': 42.019787}, {'x': -75.782201, 'y': 42.019441}, {'x': -75.781274, 'y': 42.018898}, {'x': -75.780546, 'y': 42.018562}, {'x': -75.779799, 'y': 42.018267}, {'x': -75.778579, 'y': 42.017873}, {'x': -75.770127, 'y': 42.015255}, {'x': -75.769234, 'y': 42.014952}, {'x': -75.768424, 'y': 42.014632}, {'x': -75.767371, 'y': 42.014178}, {'x': -75.766502, 'y': 42.01375}, {'x': -75.76558, 'y': 42.013247}, {'x': -75.764846, 'y': 42.012812}, {'x': -75.76426, 'y': 42.012422}, {'x': -75.763627, 'y': 42.01197}, {'x': -75.76281, 'y': 42.011327}, {'x': -75.756686, 'y': 42.006129}, {'x': -75.755897, 'y': 42.005316}, {'x': -75.755189, 'y': 42.004459}, {'x': -75.754826, 'y': 42.003976}, {'x': -75.754346, 'y': 42.003271}, {'x': -75.754031, 'y': 42.002743}, {'x': -75.753772, 'y': 42.002271}, {'x': -75.753464, 'y': 42.001636}, {'x': -75.753182, 'y': 42.000959}, {'x': -75.753021, 'y': 42.000513}, {'x': -75.752843, 'y': 41.999978}, {'x': -75.752355, 'y': 41.997965}]",1640947850036.0,3.0,"[{}, {}, {}, {}, {}, {}, {}, {}, {}, {}]",19.169444444444444,69.01,I-81 S,NONE,NONE,15671078.0,2021-12-31 10:50:50,4,False,LineString,"[[-75.812457, 42.093005], [-75.812274, 42.092609], [-75.812109, 42.092186], [-75.811048, 42.088956], [-75.810611, 42.087724], [-75.810486, 42.087437], [-75.810072, 42.086644], [-75.809663, 42.08601], [-75.806596, 42.081974], [-75.806248, 42.081516], [-75.803468, 42.077856], [-75.803014, 42.077165], [-75.802383, 42.076053], [-75.80213, 42.075524], [-75.80186, 42.074868], [-75.800708, 42.07143], [-75.800552, 42.070966], [-75.799357, 42.067398], [-75.799199, 42.066928], [-75.798976, 42.066264], [-75.798827, 42.065677], [-75.798765, 42.06532], [-75.798716, 42.064637], [-75.798714, 42.064351], [-75.799412, 42.056832], [-75.799439, 42.056069], [-75.79941, 42.055521], [-75.799319, 42.054841], [-75.799227, 42.054395], [-75.799033, 42.053707], [-75.798822, 42.053136], [-75.798594, 42.052622], [-75.798388, 42.05223], [-75.794601, 42.045425], [-75.791653, 42.040104], [-75.790571, 42.038151], [-75.790271, 42.037551], [-75.790118, 42.037204], [-75.789878, 42.03658], [-75.787854, 42.030494], [-75.785478, 42.023377], [-75.785223, 42.022755], [-75.785049, 42.02241], [-75.784806, 42.021996], [-75.784552, 42.021628], [-75.784255, 42.021241], [-75.783738, 42.020681], [-75.783452, 42.020404], [-75.783187, 42.020175], [-75.782695, 42.019787], [-75.782201, 42.019441], [-75.781274, 42.018898], [-75.780546, 42.018562], [-75.779799, 42.018267], [-75.778579, 42.017873], [-75.770127, 42.015255], [-75.769234, 42.014952], [-75.768424, 42.014632], [-75.767371, 42.014178], [-75.766502, 42.01375], [-75.76558, 42.013247], [-75.764846, 42.012812], [-75.76426, 42.012422], [-75.763627, 42.01197], [-75.76281, 42.011327], [-75.756686, 42.006129], [-75.755897, 42.005316], [-75.755189, 42.004459], [-75.754826, 42.003976], [-75.754346, 42.003271], [-75.754031, 42.002743], [-75.753772, 42.002271], [-75.753464, 42.001636], [-75.753182, 42.000959], [-75.753021, 42.000513], [-75.752843, 41.999978], [-75.752355, 41.997965]]",2021-12-31,-75.8002411603147,42.0700814784487,18519268,39174041,,PROPERTY DAMAGE,999,2021,REAR END,2021/12/31,1900-01-01 10:20:00,COLLISION WITH MOTOR VEHICLE,DAYLIGHT,STRAIGHT/ GRADE,DRY,NONE,NOT ENTERED,CLOUDY,0,1970/01/01,0,0,0,0,2,10301.0,0,NYSP BINGHAMTON,No,433798.47538637,4657867.11270876,Not an intersection crash,,Broome,,0.0,,Kirkwood,I 81,81I91011059,88.0,T,11-Urban Principal Arterial Interstate,NYSDOT,NYSDOT,,65.0,"V1:(NOT APPLICABLE,NOT APPLICABLE) / V2:(FELL ASLEEP,FOLLOWING TOO CLOSELY)",2021-12-31,-75.812457,42.093005
91,Feature,,"Au Sable, NY",US,320.0,I-87 N,34668824.0,4733.0,3.0,"[{'x': -73.500012, 'y': 44.505625}, {'x': -73.499393, 'y': 44.509187}, {'x': -73.498002, 'y': 44.517275}, {'x': -73.496758, 'y': 44.524579}, {'x': -73.496569, 'y': 44.525785}, {'x': -73.496514, 'y': 44.526226}, {'x': -73.496466, 'y': 44.526743}, {'x': -73.49642, 'y': 44.527676}, {'x': -73.496452, 'y': 44.528612}, {'x': -73.496532, 'y': 44.52957}, {'x': -73.496577, 'y': 44.529899}, {'x': -73.496878, 'y': 44.531468}, {'x': -73.498955, 'y': 44.540432}, {'x': -73.499222, 'y': 44.541583}, {'x': -73.500655, 'y': 44.547821}]",1641108985814.0,3.0,[{}],10.094444444444443,36.34,I-87 N,NONE,NONE,34668824.0,2022-01-02 07:36:25,6,True,LineString,"[[-73.500012, 44.505625], [-73.499393, 44.509187], [-73.498002, 44.517275], [-73.496758, 44.524579], [-73.496569, 44.525785], [-73.496514, 44.526226], [-73.496466, 44.526743], [-73.49642, 44.527676], [-73.496452, 44.528612], [-73.496532, 44.52957], [-73.496577, 44.529899], [-73.496878, 44.531468], [-73.498955, 44.540432], [-73.499222, 44.541583], [-73.500655, 44.547821]]",2022-01-02,-73.4975756147177,44.5197793429997,18521089,39176023,,PROPERTY DAMAGE,999,2022,OTHER,2022/01/02,1900-01-01 08:00:00,COLL. W/EARTH ELE./ROCK CUT/DITCH,DAYLIGHT,STRAIGHT AND LEVEL,SNOW/ICE,NONE,NOT ENTERED,SNOW,0,1970/01/01,0,0,0,0,1,10906.0,0,STATE POLICE VALCOUR,No,619399.2226016,4930703.97701785,Not an intersection crash,Connecting Road,Clinton,1.0,280.0,,AuSable,I 87,87I71051021,88.0,T,1-Rural Principal Arterial Interstate,NYSDOT,NYSDOT,Adirondack Northway,65.0,"V1:(UNSAFE SPEED,PAVEMENT SLIPPERY)",2022-01-02,-73.500012,44.505625
92,Feature,,"Au Sable, NY",US,309.0,I-87 N,34668824.0,4733.0,3.0,"[{'x': -73.500012, 'y': 44.505625}, {'x': -73.499393, 'y': 44.509187}, {'x': -73.498002, 'y': 44.517275}, {'x': -73.496758, 'y': 44.524579}, {'x': -73.496569, 'y': 44.525785}, {'x': -73.496514, 'y': 44.526226}, {'x': -73.496466, 'y': 44.526743}, {'x': -73.49642, 'y': 44.527676}, {'x': -73.496452, 'y': 44.528612}, {'x': -73.496532, 'y': 44.52957}, {'x': -73.496577, 'y': 44.529899}, {'x': -73.496878, 'y': 44.531468}, {'x': -73.498955, 'y': 44.540432}, {'x': -73.499222, 'y': 44.541583}, {'x': -73.500655, 'y': 44.547821}]",1641108985814.0,3.0,[{}],10.352777777777778,37.27,I-87 N,NONE,NONE,34668824.0,2022-01-02 07:36:25,6,True,LineString,"[[-73.500012, 44.505625], [-73.499393, 44.509187], [-73.498002, 44.517275], [-73.496758, 44.524579], [-73.496569, 44.525785], [-73.496514, 44.526226], [-73.496466, 44.526743], [-73.49642, 44.527676], [-73.496452, 44.528612], [-73.496532, 44.52957], [-73.496577, 44.529899], [-73.496878, 44.531468], [-73.498955, 44.540432], [-73.499222, 44.541583], [-73.500655, 44.547821]]",2022-01-02,-73.4975756147177,44.5197793429997,18521089,39176023,,PROPERTY DAMAGE,999,2022,OTHER,2022/01/02,1900-01-01 08:00:00,COLL. W/EARTH ELE./ROCK CUT/DITCH,DAYLIGHT,STRAIGHT AND LEVEL,SNOW/ICE,NONE,NOT ENTERED,SNOW,0,1970/01/01,0,0,0,0,1,10906.0,0,STATE POLICE VALCOUR,No,619399.2226016,4930703.97701785,Not an intersection crash,Connecting Road,Clinton,1.0,280.0,,AuSable,I 87,87I71051021,88.0,T,1-Rural Principal Arterial Interstate,NYSDOT,NYSDOT,Adirondack Northway,65.0,"V1:(UNSAFE SPEED,PAVEMENT SLIPPERY)",2022-01-02,-73.500012,44.505625