,type,properties.blockingAlertUuid,properties.city,properties.country,properties.delay,properties.endNode,properties.id,properties.length,properties.level,properties.line,properties.pubMillis,properties.roadType,properties.segments,properties.speed,properties.speedKMH,properties.street,properties.turnType,properties.type,properties.uuid,properties.utc_timestamp,properties.day_of_week,properties.weekday_weekend,geometry.type,geometry.coordinates,key_date_jams,X,Y,OBJECTID,CaseNumber,MaxInjuryS,CrashSever,RoadwayAcc,CaseYear,CollisionT,CrashDate,CrashTimeF,CrashType,LightCondi,RoadwayCha,RoadSurfac,TrafficCon,TrafficWay,WeatherCon,Commercial,DMVInsertD,NumberOfFa,NumberOfIn,NumberOfOt,NumberOfSe,NumberOfVe,PoliceDept,NonReporta,ReportingA,NonPublicW,UTMEasting,UTMNorthin,Intersecti,ClosestCro,CountyName,DirectionF,DistanceFr,MasterInte,CityTownNa,OnStreet,ReferenceM,ACCESS_CON,DIVIDED,FUNCTIONAL,MAINT_JURI,OWNING_JUR,NAME,POSTED_SPE,ApparentFa,key_date_crashes,jams_x,jams_y
106,Feature,,"Syracuse, NY",US,84.0,I-81 N,114757646.0,5450.0,1.0,"[{'x': -76.142053, 'y': 43.038697}, {'x': -76.142085, 'y': 43.039003}, {'x': -76.142143, 'y': 43.039333}, {'x': -76.142256, 'y': 43.039878}, {'x': -76.142317, 'y': 43.040195}, {'x': -76.142362, 'y': 43.040497}, {'x': -76.142398, 'y': 43.040823}, {'x': -76.142422, 'y': 43.04117}, {'x': -76.142437, 'y': 43.041623}, {'x': -76.142438, 'y': 43.041833}, {'x': -76.142442, 'y': 43.043166}, {'x': -76.142462, 'y': 43.044484}, {'x': -76.142478, 'y': 43.047322}, {'x': -76.142425, 'y': 43.047859}, {'x': -76.142458, 'y': 43.04855}, {'x': -76.14261, 'y': 43.049121}, {'x': -76.142687, 'y': 43.04931}, {'x': -76.142747, 'y': 43.049472}, {'x': -76.143054, 'y': 43.049916}, {'x': -76.143201, 'y': 43.05008}, {'x': -76.143502, 'y': 43.050368}, {'x': -76.143854, 'y': 43.050629}, {'x': -76.144202, 'y': 43.050849}, {'x': -76.144437, 'y': 43.05097}, {'x': -76.144869, 'y': 43.051157}, {'x': -76.145251, 'y': 43.051271}, {'x': -76.145684, 'y': 43.051373}, {'x': -76.145926, 'y': 43.051413}, {'x': -76.146213, 'y': 43.051451}, {'x': -76.146439, 'y': 43.051478}, {'x': -76.148027, 'y': 43.051572}, {'x': -76.148598, 'y': 43.051666}, {'x': -76.149088, 'y': 43.051803}, {'x': -76.149384, 'y': 43.051917}, {'x': -76.149892, 'y': 43.052162}, {'x': -76.150212, 'y': 43.052368}, {'x': -76.150604, 'y': 43.052691}, {'x': -76.150848, 'y': 43.052959}, {'x': -76.151203, 'y': 43.053418}, {'x': -76.151576, 'y': 43.053883}, {'x': -76.152057, 'y': 43.05439}, {'x': -76.152752, 'y': 43.055146}, {'x': -76.152852, 'y': 43.055262}, {'x': -76.153154, 'y': 43.055728}, {'x': -76.15328, 'y': 43.055972}, {'x': -76.153631, 'y': 43.057071}, {'x': -76.153858, 'y': 43.057812}, {'x': -76.153938, 'y': 43.058044}, {'x': -76.154027, 'y': 43.058257}, {'x': -76.154148, 'y': 43.058492}, {'x': -76.154292, 'y': 43.05872}, {'x': -76.154574, 'y': 43.059128}, {'x': -76.154928, 'y': 43.059611}, {'x': -76.155183, 'y': 43.059958}, {'x': -76.155371, 'y': 43.060239}, {'x': -76.155931, 'y': 43.060908}, {'x': -76.1562, 'y': 43.061186}, {'x': -76.156485, 'y': 43.061416}, {'x': -76.157586, 'y': 43.062176}, {'x': -76.157866, 'y': 43.062375}, {'x': -76.158112, 'y': 43.062583}, {'x': -76.158364, 'y': 43.062819}, {'x': -76.158576, 'y': 43.063064}, {'x': -76.159714, 'y': 43.064378}, {'x': -76.15992, 'y': 43.064567}, {'x': -76.160436, 'y': 43.064952}, {'x': -76.160763, 'y': 43.065146}, {'x': -76.161259, 'y': 43.065388}, {'x': -76.163614, 'y': 43.066331}, {'x': -76.163746, 'y': 43.066385}, {'x': -76.164695, 'y': 43.066772}, {'x': -76.165155, 'y': 43.067021}, {'x': -76.165575, 'y': 43.0673}, {'x': -76.165967, 'y': 43.067623}, {'x': -76.166976, 'y': 43.068559}, {'x': -76.167471, 'y': 43.06902}, {'x': -76.168089, 'y': 43.069614}, {'x': -76.168299, 'y': 43.069823}, {'x': -76.168557, 'y': 43.070119}, {'x': -76.168732, 'y': 43.07034}, {'x': -76.169113, 'y': 43.070894}, {'x': -76.169229, 'y': 43.071078}, {'x': -76.169389, 'y': 43.071365}, {'x': -76.16959, 'y': 43.07181}, {'x': -76.170159, 'y': 43.073065}, {'x': -76.170629, 'y': 43.074143}, {'x': -76.170786, 'y': 43.074495}, {'x': -76.171279, 'y': 43.075621}, {'x': -76.171899, 'y': 43.077032}, {'x': -76.1722, 'y': 43.077739}, {'x': -76.172354, 'y': 43.078089}, {'x': -76.172481, 'y': 43.078451}]",1641604646084.0,3.0,"[{}, {}, {}, {}, {}, {}, {}, {}, {}, {}, {}, {}, {}, {}, {}]",18.39444444444445,66.22,I-81 N,NONE,NONE,114757646.0,2022-01-08 01:17:26,5,True,LineString,"[[-76.142053, 43.038697], [-76.142085, 43.039003], [-76.142143, 43.039333], [-76.142256, 43.039878], [-76.142317, 43.040195], [-76.142362, 43.040497], [-76.142398, 43.040823], [-76.142422, 43.04117], [-76.142437, 43.041623], [-76.142438, 43.041833], [-76.142442, 43.043166], [-76.142462, 43.044484], [-76.142478, 43.047322], [-76.142425, 43.047859], [-76.142458, 43.04855], [-76.14261, 43.049121], [-76.142687, 43.04931], [-76.142747, 43.049472], [-76.143054, 43.049916], [-76.143201, 43.05008], [-76.143502, 43.050368], [-76.143854, 43.050629], [-76.144202, 43.050849], [-76.144437, 43.05097], [-76.144869, 43.051157], [-76.145251, 43.051271], [-76.145684, 43.051373], [-76.145926, 43.051413], [-76.146213, 43.051451], [-76.146439, 43.051478], [-76.148027, 43.051572], [-76.148598, 43.051666], [-76.149088, 43.051803], [-76.149384, 43.051917], [-76.149892, 43.052162], [-76.150212, 43.052368], [-76.150604, 43.052691], [-76.150848, 43.052959], [-76.151203, 43.053418], [-76.151576, 43.053883], [-76.152057, 43.05439], [-76.152752, 43.055146], [-76.152852, 43.055262], [-76.153154, 43.055728], [-76.15328, 43.055972], [-76.153631, 43.057071], [-76.153858, 43.057812], [-76.153938, 43.058044], [-76.154027, 43.058257], [-76.154148, 43.058492], [-76.154292, 43.05872], [-76.154574, 43.059128], [-76.154928, 43.059611], [-76.155183, 43.059958], [-76.155371, 43.060239], [-76.155931, 43.060908], [-76.1562, 43.061186], [-76.156485, 43.061416], [-76.157586, 43.062176], [-76.157866, 43.062375], [-76.158112, 43.062583], [-76.158364, 43.062819], [-76.158576, 43.063064], [-76.159714, 43.064378], [-76.15992, 43.064567], [-76.160436, 43.064952], [-76.160763, 43.065146], [-76.161259, 43.065388], [-76.163614, 43.066331], [-76.163746, 43.066385], [-76.164695, 43.066772], [-76.165155, 43.067021], [-76.165575, 43.0673], [-76.165967, 43.067623], [-76.166976, 43.068559], [-76.167471, 43.06902], [-76.168089, 43.069614], [-76.168299, 43.069823], [-76.168557, 43.070119], [-76.168732, 43.07034], [-76.169113, 43.070894], [-76.169229, 43.071078], [-76.169389, 43.071365], [-76.16959, 43.07181], [-76.170159, 43.073065], [-76.170629, 43.074143], [-76.170786, 43.074495], [-76.171279, 43.075621], [-76.171899, 43.077032], [-76.1722, 43.077739], [-76.172354, 43.078089], [-76.172481, 43.078451]]",2022-01-08,-76.1519085888192,43.0537413027933,18541182,39198087,C - POSSIBLE INJURY,INJURY,888,2022,OVERTAKING,2022/01/08,1900-01-01 01:37:00,COLLISION WITH MOTOR VEHICLE,DARK-ROAD LIGHTED,STRAIGHT AND LEVEL,SNOW/ICE,NONE,NOT ENTERED,CLEAR,0,1970/01/01,0,2,2,0,2,3301.0,0,SYRACUSE PD,No,406191.2580669,4767426.5115591,INTERSECTION-RELATED,,Onondaga,,0.0,7031541.0,Syracuse,I 690,690I33012024,88.0,T,11-Urban Principal Arterial Interstate,NYSDOT,NYSDOT,,55.0,"V1:(UNKNOWN,NOT ENTERED) / V2:(UNKNOWN,NOT ENTERED)",2022-01-08,-76.142053,43.038697
107,Feature,,"Syracuse, NY",US,68.0,I-690 E,114785376.0,4071.0,1.0,"[{'x': -76.136206, 'y': 43.051436}, {'x': -76.132966, 'y': 43.051429}, {'x': -76.130015, 'y': 43.051479}, {'x': -76.129378, 'y': 43.051521}, {'x': -76.128822, 'y': 43.051576}, {'x': -76.127988, 'y': 43.05169}, {'x': -76.127284, 'y': 43.051822}, {'x': -76.126864, 'y': 43.051911}, {'x': -76.126101, 'y': 43.052102}, {'x': -76.125196, 'y': 43.05237}, {'x': -76.124515, 'y': 43.052577}, {'x': -76.123376, 'y': 43.052921}, {'x': -76.122313, 'y': 43.053224}, {'x': -76.121569, 'y': 43.053416}, {'x': -76.120694, 'y': 43.053626}, {'x': -76.118124, 'y': 43.054211}, {'x': -76.115783, 'y': 43.054754}, {'x': -76.115404, 'y': 43.054841}, {'x': -76.111723, 'y': 43.055687}, {'x': -76.111146, 'y': 43.055861}, {'x': -76.109179, 'y': 43.056574}, {'x': -76.10848, 'y': 43.056814}, {'x': -76.108219, 'y': 43.056879}, {'x': -76.107896, 'y': 43.05695}, {'x': -76.105049, 'y': 43.057498}, {'x': -76.103095, 'y': 43.057861}, {'x': -76.099652, 'y': 43.058541}, {'x': -76.096574, 'y': 43.059144}, {'x': -76.096045, 'y': 43.059234}, {'x': -76.094867, 'y': 43.059387}, {'x': -76.093989, 'y': 43.059456}, {'x': -76.09325, 'y': 43.05948}, {'x': -76.092545, 'y': 43.059481}, {'x': -76.091832, 'y': 43.059461}, {'x': -76.091199, 'y': 43.059427}, {'x': -76.090181, 'y': 43.059315}, {'x': -76.089553, 'y': 43.059227}, {'x': -76.08802, 'y': 43.058975}]",1641604816319.0,3.0,"[{}, {}, {}, {}, {}, {}, {}, {}, {}, {}, {}]",18.70555555555556,67.34,I-690 E,NONE,NONE,114785376.0,2022-01-08 01:20:16,5,True,LineString,"[[-76.136206, 43.051436], [-76.132966, 43.051429], [-76.130015, 43.051479], [-76.129378, 43.051521], [-76.128822, 43.051576], [-76.127988, 43.05169], [-76.127284, 43.051822], [-76.126864, 43.051911], [-76.126101, 43.052102], [-76.125196, 43.05237], [-76.124515, 43.052577], [-76.123376, 43.052921], [-76.122313, 43.053224], [-76.121569, 43.053416], [-76.120694, 43.053626], [-76.118124, 43.054211], [-76.115783, 43.054754], [-76.115404, 43.054841], [-76.111723, 43.055687], [-76.111146, 43.055861], [-76.109179, 43.056574], [-76.10848, 43.056814], [-76.108219, 43.056879], [-76.107896, 43.05695], [-76.105049, 43.057498], [-76.103095, 43.057861], [-76.099652, 43.058541], [-76.096574, 43.059144], [-76.096045, 43.059234], [-76.094867, 43.059387], [-76.093989, 43.059456], [-76.09325, 43.05948], [-76.092545, 43.059481], [-76.091832, 43.059461], [-76.091199, 43.059427], [-76.090181, 43.059315], [-76.089553, 43.059227], [-76.08802, 43.058975]]",2022-01-08,-76.1519085888192,43.0537413027933,18541182,39198087,C - POSSIBLE INJURY,INJURY,888,2022,OVERTAKING,2022/01/08,1900-01-01 01:37:00,COLLISION WITH MOTOR VEHICLE,DARK-ROAD LIGHTED,STRAIGHT AND LEVEL,SNOW/ICE,NONE,NOT ENTERED,CLEAR,0,1970/01/01,0,2,2,0,2,3301.0,0,SYRACUSE PD,No,406191.2580669,4767426.5115591,INTERSECTION-RELATED,,Onondaga,,0.0,7031541.0,Syracuse,I 690,690I33012024,88.0,T,11-Urban Principal Arterial Interstate,NYSDOT,NYSDOT,,55.0,"V1:(UNKNOWN,NOT ENTERED) / V2:(UNKNOWN,NOT ENTERED)",2022-01-08,-76.136206,43.051436
108,Feature,,"Syracuse, NY",US,63.0,to I-690 W Â» Baldwinsville,115022688.0,3397.0,1.0,"[{'x': -76.121577, 'y': 43.053554}, {'x': -76.122213, 'y': 43.053389}, {'x': -76.12292, 'y': 43.053195}, {'x': -76.123626, 'y': 43.052984}, {'x': -76.125033, 'y': 43.05256}, {'x': -76.125914, 'y': 43.052296}, {'x': -76.12638, 'y': 43.052168}, {'x': -76.126851, 'y': 43.052056}, {'x': -76.127305, 'y': 43.051955}, {'x': -76.127363, 'y': 43.051942}, {'x': -76.127985, 'y': 43.051829}, {'x': -76.128739, 'y': 43.051724}, {'x': -76.129298, 'y': 43.051662}, {'x': -76.129867, 'y': 43.051616}, {'x': -76.132634, 'y': 43.051554}, {'x': -76.134616, 'y': 43.051552}, {'x': -76.135088, 'y': 43.051553}, {'x': -76.135383, 'y': 43.051562}, {'x': -76.135872, 'y': 43.051591}, {'x': -76.136318, 'y': 43.051624}, {'x': -76.136635, 'y': 43.051654}, {'x': -76.137129, 'y': 43.051686}, {'x': -76.137735, 'y': 43.051709}, {'x': -76.138864, 'y': 43.051737}, {'x': -76.141156, 'y': 43.051781}, {'x': -76.1426, 'y': 43.051712}, {'x': -76.144047, 'y': 43.051588}, {'x': -76.144672, 'y': 43.051568}, {'x': -76.145245, 'y': 43.051578}, {'x': -76.145848, 'y': 43.051606}, {'x': -76.146428, 'y': 43.051665}, {'x': -76.147396, 'y': 43.05182}, {'x': -76.14743, 'y': 43.051827}, {'x': -76.147844, 'y': 43.05191}, {'x': -76.148154, 'y': 43.051987}, {'x': -76.148824, 'y': 43.05219}, {'x': -76.149167, 'y': 43.052338}, {'x': -76.150117, 'y': 43.052799}, {'x': -76.151387, 'y': 43.053513}, {'x': -76.151852, 'y': 43.05372}, {'x': -76.152175, 'y': 43.053834}, {'x': -76.152513, 'y': 43.053939}, {'x': -76.152796, 'y': 43.054023}, {'x': -76.152857, 'y': 43.054044}, {'x': -76.153168, 'y': 43.05411}, {'x': -76.153325, 'y': 43.054138}, {'x': -76.153591, 'y': 43.05418}, {'x': -76.15377, 'y': 43.054206}, {'x': -76.15411, 'y': 43.054246}, {'x': -76.154709, 'y': 43.054295}, {'x': -76.155753, 'y': 43.054353}, {'x': -76.156472, 'y': 43.054406}, {'x': -76.157375, 'y': 43.054474}, {'x': -76.157699, 'y': 43.054506}, {'x': -76.158466, 'y': 43.054632}, {'x': -76.159526, 'y': 43.054897}, {'x': -76.159985, 'y': 43.055001}, {'x': -76.160492, 'y': 43.055091}, {'x': -76.160782, 'y': 43.055131}, {'x': -76.161222, 'y': 43.055185}, {'x': -76.161736, 'y': 43.055265}]",1641606404968.0,3.0,"[{}, {}, {}, {}, {}, {}, {}, {}, {}, {}, {}]",17.680555555555557,63.65,I-690 W,NONE,NONE,115022688.0,2022-01-08 01:46:44,5,True,LineString,"[[-76.121577, 43.053554], [-76.122213, 43.053389], [-76.12292, 43.053195], [-76.123626, 43.052984], [-76.125033, 43.05256], [-76.125914, 43.052296], [-76.12638, 43.052168], [-76.126851, 43.052056], [-76.127305, 43.051955], [-76.127363, 43.051942], [-76.127985, 43.051829], [-76.128739, 43.051724], [-76.129298, 43.051662], [-76.129867, 43.051616], [-76.132634, 43.051554], [-76.134616, 43.051552], [-76.135088, 43.051553], [-76.135383, 43.051562], [-76.135872, 43.051591], [-76.136318, 43.051624], [-76.136635, 43.051654], [-76.137129, 43.051686], [-76.137735, 43.051709], [-76.138864, 43.051737], [-76.141156, 43.051781], [-76.1426, 43.051712], [-76.144047, 43.051588], [-76.144672, 43.051568], [-76.145245, 43.051578], [-76.145848, 43.051606], [-76.146428, 43.051665], [-76.147396, 43.05182], [-76.14743, 43.051827], [-76.147844, 43.05191], [-76.148154, 43.051987], [-76.148824, 43.05219], [-76.149167, 43.052338], [-76.150117, 43.052799], [-76.151387, 43.053513], [-76.151852, 43.05372], [-76.152175, 43.053834], [-76.152513, 43.053939], [-76.152796, 43.054023], [-76.152857, 43.054044], [-76.153168, 43.05411], [-76.153325, 43.054138], [-76.153591, 43.05418], [-76.15377, 43.054206], [-76.15411, 43.054246], [-76.154709, 43.054295], [-76.155753, 43.054353], [-76.156472, 43.054406], [-76.157375, 43.054474], [-76.157699, 43.054506], [-76.158466, 43.054632], [-76.159526, 43.054897], [-76.159985, 43.055001], [-76.160492, 43.055091], [-76.160782, 43.055131], [-76.161222, 43.055185], [-76.161736, 43.055265]]",2022-01-08,-76.1519085888192,43.0537413027933,18541182,39198087,C - POSSIBLE INJURY,INJURY,888,2022,OVERTAKING,2022/01/08,1900-01-01 01:37:00,COLLISION WITH MOTOR VEHICLE,DARK-ROAD LIGHTED,STRAIGHT AND LEVEL,SNOW/ICE,NONE,NOT ENTERED,CLEAR,0,1970/01/01,0,2,2,0,2,3301.0,0,SYRACUSE PD,No,406191.2580669,4767426.5115591,INTERSECTION-RELATED,,Onondaga,,0.0,7031541.0,Syracuse,I 690,690I33012024,88.0,T,11-Urban Principal Arterial Interstate,NYSDOT,NYSDOT,,55.0,"V1:(UNKNOWN,NOT ENTERED) / V2:(UNKNOWN,NOT ENTERED)",2022-01-08,-76.121577,43.053554
109,Feature,,"Syracuse, NY",US,66.0,I-81 S / Binghamton,115064898.0,3210.0,1.0,"[{'x': -76.142256, 'y': 43.039245}, {'x': -76.14221, 'y': 43.038941}, {'x': -76.142183, 'y': 43.038592}, {'x': -76.142186, 'y': 43.038213}, {'x': -76.142205, 'y': 43.037913}, {'x': -76.142229, 'y': 43.037629}, {'x': -76.142291, 'y': 43.037266}, {'x': -76.142344, 'y': 43.036938}, {'x': -76.142433, 'y': 43.036674}, {'x': -76.142757, 'y': 43.035709}, {'x': -76.14297, 'y': 43.034968}, {'x': -76.143004, 'y': 43.034744}, {'x': -76.143014, 'y': 43.034523}, {'x': -76.143008, 'y': 43.034177}, {'x': -76.142969, 'y': 43.033876}, {'x': -76.142856, 'y': 43.033329}, {'x': -76.142596, 'y': 43.032633}, {'x': -76.141493, 'y': 43.029673}, {'x': -76.141089, 'y': 43.028579}, {'x': -76.140768, 'y': 43.027723}, {'x': -76.140483, 'y': 43.026932}, {'x': -76.140276, 'y': 43.026224}, {'x': -76.140176, 'y': 43.025622}, {'x': -76.140165, 'y': 43.025362}, {'x': -76.140153, 'y': 43.025126}, {'x': -76.140157, 'y': 43.024889}, {'x': -76.140174, 'y': 43.024531}, {'x': -76.140265, 'y': 43.023754}, {'x': -76.140391, 'y': 43.022805}, {'x': -76.140521, 'y': 43.021533}, {'x': -76.14051, 'y': 43.019566}, {'x': -76.140452, 'y': 43.018965}, {'x': -76.140348, 'y': 43.018204}, {'x': -76.14017, 'y': 43.017335}, {'x': -76.139851, 'y': 43.016203}, {'x': -76.139533, 'y': 43.015302}, {'x': -76.139333, 'y': 43.014822}, {'x': -76.139105, 'y': 43.014337}, {'x': -76.138697, 'y': 43.013531}, {'x': -76.138335, 'y': 43.012904}, {'x': -76.137998, 'y': 43.01231}, {'x': -76.137163, 'y': 43.011111}]",1641606733052.0,3.0,"[{}, {}, {}, {}]",17.46388888888889,62.87,I-81 S,NONE,NONE,115064898.0,2022-01-08 01:52:13,5,True,LineString,"[[-76.142256, 43.039245], [-76.14221, 43.038941], [-76.142183, 43.038592], [-76.142186, 43.038213], [-76.142205, 43.037913], [-76.142229, 43.037629], [-76.142291, 43.037266], [-76.142344, 43.036938], [-76.142433, 43.036674], [-76.142757, 43.035709], [-76.14297, 43.034968], [-76.143004, 43.034744], [-76.143014, 43.034523], [-76.143008, 43.034177], [-76.142969, 43.033876], [-76.142856, 43.033329], [-76.142596, 43.032633], [-76.141493, 43.029673], [-76.141089, 43.028579], [-76.140768, 43.027723], [-76.140483, 43.026932], [-76.140276, 43.026224], [-76.140176, 43.025622], [-76.140165, 43.025362], [-76.140153, 43.025126], [-76.140157, 43.024889], [-76.140174, 43.024531], [-76.140265, 43.023754], [-76.140391, 43.022805], [-76.140521, 43.021533], [-76.14051, 43.019566], [-76.140452, 43.018965], [-76.140348, 43.018204], [-76.14017, 43.017335], [-76.139851, 43.016203], [-76.139533, 43.015302], [-76.139333, 43.014822], [-76.139105, 43.014337], [-76.138697, 43.013531], [-76.138335, 43.012904], [-76.137998, 43.01231], [-76.137163, 43.011111]]",2022-01-08,-76.1519085888192,43.0537413027933,18541182,39198087,C - POSSIBLE INJURY,INJURY,888,2022,OVERTAKING,2022/01/08,1900-01-01 01:37:00,COLLISION WITH MOTOR VEHICLE,DARK-ROAD LIGHTED,STRAIGHT AND LEVEL,SNOW/ICE,NONE,NOT ENTERED,CLEAR,0,1970/01/01,0,2,2,0,2,3301.0,0,SYRACUSE PD,No,406191.2580669,4767426.5115591,INTERSECTION-RELATED,,Onondaga,,0.0,7031541.0,Syracuse,I 690,690I33012024,88.0,T,11-Urban Principal Arterial Interstate,NYSDOT,NYSDOT,,55.0,"V1:(UNKNOWN,NOT ENTERED) / V2:(UNKNOWN,NOT ENTERED)",2022-01-08,-76.142256,43.039245
110,Feature,,"Syracuse, NY",US,84.0,I-81 S / Binghamton,115064898.0,4518.0,1.0,"[{'x': -76.14453, 'y': 43.050618}, {'x': -76.144349, 'y': 43.050497}, {'x': -76.144189, 'y': 43.050379}, {'x': -76.14386, 'y': 43.050088}, {'x': -76.143627, 'y': 43.049853}, {'x': -76.143317, 'y': 43.049477}, {'x': -76.14311, 'y': 43.049168}, {'x': -76.142949, 'y': 43.048836}, {'x': -76.14284, 'y': 43.048555}, {'x': -76.142733, 'y': 43.048185}, {'x': -76.142686, 'y': 43.047926}, {'x': -76.142663, 'y': 43.046799}, {'x': -76.14262, 'y': 43.046396}, {'x': -76.142557, 'y': 43.041577}, {'x': -76.142554, 'y': 43.041271}, {'x': -76.142535, 'y': 43.041048}, {'x': -76.142519, 'y': 43.040838}, {'x': -76.142456, 'y': 43.040366}, {'x': -76.142277, 'y': 43.039466}, {'x': -76.142256, 'y': 43.039245}, {'x': -76.14221, 'y': 43.038941}, {'x': -76.142183, 'y': 43.038592}, {'x': -76.142186, 'y': 43.038213}, {'x': -76.142205, 'y': 43.037913}, {'x': -76.142229, 'y': 43.037629}, {'x': -76.142291, 'y': 43.037266}, {'x': -76.142344, 'y': 43.036938}, {'x': -76.142433, 'y': 43.036674}, {'x': -76.142757, 'y': 43.035709}, {'x': -76.14297, 'y': 43.034968}, {'x': -76.143004, 'y': 43.034744}, {'x': -76.143014, 'y': 43.034523}, {'x': -76.143008, 'y': 43.034177}, {'x': -76.142969, 'y': 43.033876}, {'x': -76.142856, 'y': 43.033329}, {'x': -76.142596, 'y': 43.032633}, {'x': -76.141493, 'y': 43.029673}, {'x': -76.141089, 'y': 43.028579}, {'x': -76.140768, 'y': 43.027723}, {'x': -76.140483, 'y': 43.026932}, {'x': -76.140276, 'y': 43.026224}, {'x': -76.140176, 'y': 43.025622}, {'x': -76.140165, 'y': 43.025362}, {'x': -76.140153, 'y': 43.025126}, {'x': -76.140157, 'y': 43.024889}, {'x': -76.140174, 'y': 43.024531}, {'x': -76.140265, 'y': 43.023754}, {'x': -76.140391, 'y': 43.022805}, {'x': -76.140521, 'y': 43.021533}, {'x': -76.14051, 'y': 43.019566}, {'x': -76.140452, 'y': 43.018965}, {'x': -76.140348, 'y': 43.018204}, {'x': -76.14017, 'y': 43.017335}, {'x': -76.139851, 'y': 43.016203}, {'x': -76.139533, 'y': 43.015302}, {'x': -76.139333, 'y': 43.014822}, {'x': -76.139105, 'y': 43.014337}, {'x': -76.138697, 'y': 43.013531}, {'x': -76.138335, 'y': 43.012904}, {'x': -76.137998, 'y': 43.01231}, {'x': -76.137163, 'y': 43.011111}]",1641606733052.0,3.0,"[{}, {}, {}, {}, {}, {}, {}]",17.622222222222224,63.44,I-81 S,NONE,NONE,115064898.0,2022-01-08 01:52:13,5,True,LineString,"[[-76.14453, 43.050618], [-76.144349, 43.050497], [-76.144189, 43.050379], [-76.14386, 43.050088], [-76.143627, 43.049853], [-76.143317, 43.049477], [-76.14311, 43.049168], [-76.142949, 43.048836], [-76.14284, 43.048555], [-76.142733, 43.048185], [-76.142686, 43.047926], [-76.142663, 43.046799], [-76.14262, 43.046396], [-76.142557, 43.041577], [-76.142554, 43.041271], [-76.142535, 43.041048], [-76.142519, 43.040838], [-76.142456, 43.040366], [-76.142277, 43.039466], [-76.142256, 43.039245], [-76.14221, 43.038941], [-76.142183, 43.038592], [-76.142186, 43.038213], [-76.142205, 43.037913], [-76.142229, 43.037629], [-76.142291, 43.037266], [-76.142344, 43.036938], [-76.142433, 43.036674], [-76.142757, 43.035709], [-76.14297, 43.034968], [-76.143004, 43.034744], [-76.143014, 43.034523], [-76.143008, 43.034177], [-76.142969, 43.033876], [-76.142856, 43.033329], [-76.142596, 43.032633], [-76.141493, 43.029673], [-76.141089, 43.028579], [-76.140768, 43.027723], [-76.140483, 43.026932], [-76.140276, 43.026224], [-76.140176, 43.025622], [-76.140165, 43.025362], [-76.140153, 43.025126], [-76.140157, 43.024889], [-76.140174, 43.024531], [-76.140265, 43.023754], [-76.140391, 43.022805], [-76.140521, 43.021533], [-76.14051, 43.019566], [-76.140452, 43.018965], [-76.140348, 43.018204], [-76.14017, 43.017335], [-76.139851, 43.016203], [-76.139533, 43.015302], [-76.139333, 43.014822], [-76.139105, 43.014337], [-76.138697, 43.013531], [-76.138335, 43.012904], [-76.137998, 43.01231], [-76.137163, 43.011111]]",2022-01-08,-76.1519085888192,43.0537413027933,18541182,39198087,C - POSSIBLE INJURY,INJURY,888,2022,OVERTAKING,2022/01/08,1900-01-01 01:37:00,COLLISION WITH MOTOR VEHICLE,DARK-ROAD LIGHTED,STRAIGHT AND LEVEL,SNOW/ICE,NONE,NOT ENTERED,CLEAR,0,1970/01/01,0,2,2,0,2,3301.0,0,SYRACUSE PD,No,406191.2580669,4767426.5115591,INTERSECTION-RELATED,,Onondaga,,0.0,7031541.0,Syracuse,I 690,690I33012024,88.0,T,11-Urban Principal Arterial Interstate,NYSDOT,NYSDOT,,55.0,"V1:(UNKNOWN,NOT ENTERED) / V2:(UNKNOWN,NOT ENTERED)",2022-01-08,-76.14453,43.050618