,type,properties.blockingAlertUuid,properties.city,properties.country,properties.delay,properties.endNode,properties.id,properties.length,properties.level,properties.line,properties.pubMillis,properties.roadType,properties.segments,properties.speed,properties.speedKMH,properties.street,properties.turnType,properties.type,properties.uuid,properties.utc_timestamp,properties.day_of_week,properties.weekday_weekend,geometry.type,geometry.coordinates,key_date_jams,X,Y,OBJECTID,CaseNumber,MaxInjuryS,CrashSever,RoadwayAcc,CaseYear,CollisionT,CrashDate,CrashTimeF,CrashType,LightCondi,RoadwayCha,RoadSurfac,TrafficCon,TrafficWay,WeatherCon,Commercial,DMVInsertD,NumberOfFa,NumberOfIn,NumberOfOt,NumberOfSe,NumberOfVe,PoliceDept,NonReporta,ReportingA,NonPublicW,UTMEasting,UTMNorthin,Intersecti,ClosestCro,CountyName,DirectionF,DistanceFr,MasterInte,CityTownNa,OnStreet,ReferenceM,ACCESS_CON,DIVIDED,FUNCTIONAL,MAINT_JURI,OWNING_JUR,NAME,POSTED_SPE,ApparentFa,key_date_crashes,jams_x,jams_y
111,Feature,,"Syracuse, NY",US,60.0,I-81 S / Binghamton,115100348.0,3210.0,1.0,"[{'x': -76.142256, 'y': 43.039245}, {'x': -76.14221, 'y': 43.038941}, {'x': -76.142183, 'y': 43.038592}, {'x': -76.142186, 'y': 43.038213}, {'x': -76.142205, 'y': 43.037913}, {'x': -76.142229, 'y': 43.037629}, {'x': -76.142291, 'y': 43.037266}, {'x': -76.142344, 'y': 43.036938}, {'x': -76.142433, 'y': 43.036674}, {'x': -76.142757, 'y': 43.035709}, {'x': -76.14297, 'y': 43.034968}, {'x': -76.143004, 'y': 43.034744}, {'x': -76.143014, 'y': 43.034523}, {'x': -76.143008, 'y': 43.034177}, {'x': -76.142969, 'y': 43.033876}, {'x': -76.142856, 'y': 43.033329}, {'x': -76.142596, 'y': 43.032633}, {'x': -76.141493, 'y': 43.029673}, {'x': -76.141089, 'y': 43.028579}, {'x': -76.140768, 'y': 43.027723}, {'x': -76.140483, 'y': 43.026932}, {'x': -76.140276, 'y': 43.026224}, {'x': -76.140176, 'y': 43.025622}, {'x': -76.140165, 'y': 43.025362}, {'x': -76.140153, 'y': 43.025126}, {'x': -76.140157, 'y': 43.024889}, {'x': -76.140174, 'y': 43.024531}, {'x': -76.140265, 'y': 43.023754}, {'x': -76.140391, 'y': 43.022805}, {'x': -76.140521, 'y': 43.021533}, {'x': -76.14051, 'y': 43.019566}, {'x': -76.140452, 'y': 43.018965}, {'x': -76.140348, 'y': 43.018204}, {'x': -76.14017, 'y': 43.017335}, {'x': -76.139851, 'y': 43.016203}, {'x': -76.139533, 'y': 43.015302}, {'x': -76.139333, 'y': 43.014822}, {'x': -76.139105, 'y': 43.014337}, {'x': -76.138697, 'y': 43.013531}, {'x': -76.138335, 'y': 43.012904}, {'x': -76.137998, 'y': 43.01231}, {'x': -76.137163, 'y': 43.011111}]",1641607062153.0,3.0,"[{}, {}, {}, {}]",18.072222222222223,65.06,I-81 S,NONE,NONE,115100348.0,2022-01-08 01:57:42,5,True,LineString,"[[-76.142256, 43.039245], [-76.14221, 43.038941], [-76.142183, 43.038592], [-76.142186, 43.038213], [-76.142205, 43.037913], [-76.142229, 43.037629], [-76.142291, 43.037266], [-76.142344, 43.036938], [-76.142433, 43.036674], [-76.142757, 43.035709], [-76.14297, 43.034968], [-76.143004, 43.034744], [-76.143014, 43.034523], [-76.143008, 43.034177], [-76.142969, 43.033876], [-76.142856, 43.033329], [-76.142596, 43.032633], [-76.141493, 43.029673], [-76.141089, 43.028579], [-76.140768, 43.027723], [-76.140483, 43.026932], [-76.140276, 43.026224], [-76.140176, 43.025622], [-76.140165, 43.025362], [-76.140153, 43.025126], [-76.140157, 43.024889], [-76.140174, 43.024531], [-76.140265, 43.023754], [-76.140391, 43.022805], [-76.140521, 43.021533], [-76.14051, 43.019566], [-76.140452, 43.018965], [-76.140348, 43.018204], [-76.14017, 43.017335], [-76.139851, 43.016203], [-76.139533, 43.015302], [-76.139333, 43.014822], [-76.139105, 43.014337], [-76.138697, 43.013531], [-76.138335, 43.012904], [-76.137998, 43.01231], [-76.137163, 43.011111]]",2022-01-08,-76.1519085888192,43.0537413027933,18541182,39198087,C - POSSIBLE INJURY,INJURY,888,2022,OVERTAKING,2022/01/08,1900-01-01 01:37:00,COLLISION WITH MOTOR VEHICLE,DARK-ROAD LIGHTED,STRAIGHT AND LEVEL,SNOW/ICE,NONE,NOT ENTERED,CLEAR,0,1970/01/01,0,2,2,0,2,3301.0,0,SYRACUSE PD,No,406191.2580669,4767426.5115591,INTERSECTION-RELATED,,Onondaga,,0.0,7031541.0,Syracuse,I 690,690I33012024,88.0,T,11-Urban Principal Arterial Interstate,NYSDOT,NYSDOT,,55.0,"V1:(UNKNOWN,NOT ENTERED) / V2:(UNKNOWN,NOT ENTERED)",2022-01-08,-76.142256,43.039245
112,Feature,,"Syracuse, NY",US,63.0,to I-690 E,115119012.0,3537.0,1.0,"[{'x': -76.162898, 'y': 43.055277}, {'x': -76.162667, 'y': 43.055253}, {'x': -76.161218, 'y': 43.055066}, {'x': -76.160766, 'y': 43.054994}, {'x': -76.160362, 'y': 43.054914}, {'x': -76.159999, 'y': 43.054841}, {'x': -76.158918, 'y': 43.054566}, {'x': -76.158424, 'y': 43.05447}, {'x': -76.158079, 'y': 43.054392}, {'x': -76.157697, 'y': 43.054336}, {'x': -76.157476, 'y': 43.054312}, {'x': -76.15719, 'y': 43.054289}, {'x': -76.156808, 'y': 43.054266}, {'x': -76.154966, 'y': 43.054128}, {'x': -76.154713, 'y': 43.054109}, {'x': -76.154338, 'y': 43.054074}, {'x': -76.153917, 'y': 43.054026}, {'x': -76.153625, 'y': 43.053975}, {'x': -76.153402, 'y': 43.053922}, {'x': -76.153032, 'y': 43.053828}, {'x': -76.15259, 'y': 43.053675}, {'x': -76.152126, 'y': 43.053453}, {'x': -76.151832, 'y': 43.05327}, {'x': -76.151523, 'y': 43.053036}, {'x': -76.15049, 'y': 43.052105}, {'x': -76.15015, 'y': 43.051864}, {'x': -76.149712, 'y': 43.051622}, {'x': -76.149394, 'y': 43.051471}, {'x': -76.149086, 'y': 43.051353}, {'x': -76.149087, 'y': 43.051353}, {'x': -76.14859, 'y': 43.0512}, {'x': -76.14818, 'y': 43.051119}, {'x': -76.147895, 'y': 43.051082}, {'x': -76.147509, 'y': 43.05106}, {'x': -76.147126, 'y': 43.051057}, {'x': -76.146726, 'y': 43.051078}, {'x': -76.146305, 'y': 43.051109}, {'x': -76.145932, 'y': 43.051131}, {'x': -76.142569, 'y': 43.051452}, {'x': -76.141528, 'y': 43.051515}, {'x': -76.140342, 'y': 43.051511}, {'x': -76.138073, 'y': 43.051464}, {'x': -76.136206, 'y': 43.051436}, {'x': -76.132966, 'y': 43.051429}, {'x': -76.130015, 'y': 43.051479}, {'x': -76.129378, 'y': 43.051521}, {'x': -76.128822, 'y': 43.051576}, {'x': -76.127988, 'y': 43.05169}, {'x': -76.127284, 'y': 43.051822}, {'x': -76.126864, 'y': 43.051911}, {'x': -76.126101, 'y': 43.052102}, {'x': -76.125196, 'y': 43.05237}, {'x': -76.124515, 'y': 43.052577}, {'x': -76.123376, 'y': 43.052921}, {'x': -76.122313, 'y': 43.053224}, {'x': -76.121569, 'y': 43.053416}]",1641607225984.0,3.0,"[{}, {}, {}, {}, {}, {}, {}, {}, {}, {}, {}]",17.336111111111112,62.41,I-690 E,NONE,NONE,115119012.0,2022-01-08 02:00:25,5,True,LineString,"[[-76.162898, 43.055277], [-76.162667, 43.055253], [-76.161218, 43.055066], [-76.160766, 43.054994], [-76.160362, 43.054914], [-76.159999, 43.054841], [-76.158918, 43.054566], [-76.158424, 43.05447], [-76.158079, 43.054392], [-76.157697, 43.054336], [-76.157476, 43.054312], [-76.15719, 43.054289], [-76.156808, 43.054266], [-76.154966, 43.054128], [-76.154713, 43.054109], [-76.154338, 43.054074], [-76.153917, 43.054026], [-76.153625, 43.053975], [-76.153402, 43.053922], [-76.153032, 43.053828], [-76.15259, 43.053675], [-76.152126, 43.053453], [-76.151832, 43.05327], [-76.151523, 43.053036], [-76.15049, 43.052105], [-76.15015, 43.051864], [-76.149712, 43.051622], [-76.149394, 43.051471], [-76.149086, 43.051353], [-76.149087, 43.051353], [-76.14859, 43.0512], [-76.14818, 43.051119], [-76.147895, 43.051082], [-76.147509, 43.05106], [-76.147126, 43.051057], [-76.146726, 43.051078], [-76.146305, 43.051109], [-76.145932, 43.051131], [-76.142569, 43.051452], [-76.141528, 43.051515], [-76.140342, 43.051511], [-76.138073, 43.051464], [-76.136206, 43.051436], [-76.132966, 43.051429], [-76.130015, 43.051479], [-76.129378, 43.051521], [-76.128822, 43.051576], [-76.127988, 43.05169], [-76.127284, 43.051822], [-76.126864, 43.051911], [-76.126101, 43.052102], [-76.125196, 43.05237], [-76.124515, 43.052577], [-76.123376, 43.052921], [-76.122313, 43.053224], [-76.121569, 43.053416]]",2022-01-08,-76.1519085888192,43.0537413027933,18541182,39198087,C - POSSIBLE INJURY,INJURY,888,2022,OVERTAKING,2022/01/08,1900-01-01 01:37:00,COLLISION WITH MOTOR VEHICLE,DARK-ROAD LIGHTED,STRAIGHT AND LEVEL,SNOW/ICE,NONE,NOT ENTERED,CLEAR,0,1970/01/01,0,2,2,0,2,3301.0,0,SYRACUSE PD,No,406191.2580669,4767426.5115591,INTERSECTION-RELATED,,Onondaga,,0.0,7031541.0,Syracuse,I 690,690I33012024,88.0,T,11-Urban Principal Arterial Interstate,NYSDOT,NYSDOT,,55.0,"V1:(UNKNOWN,NOT ENTERED) / V2:(UNKNOWN,NOT ENTERED)",2022-01-08,-76.162898,43.055277
113,Feature,,"Syracuse, NY",US,70.0,Exit 17: S State St / S Salina St / Brighton Ave,115154864.0,4264.0,1.0,"[{'x': -76.160992, 'y': 43.06509}, {'x': -76.160441, 'y': 43.064759}, {'x': -76.160008, 'y': 43.064423}, {'x': -76.159606, 'y': 43.064028}, {'x': -76.158933, 'y': 43.063226}, {'x': -76.158555, 'y': 43.062801}, {'x': -76.158137, 'y': 43.062398}, {'x': -76.157725, 'y': 43.062084}, {'x': -76.156517, 'y': 43.061245}, {'x': -76.156315, 'y': 43.061068}, {'x': -76.156043, 'y': 43.06079}, {'x': -76.155675, 'y': 43.060331}, {'x': -76.155054, 'y': 43.059507}, {'x': -76.154672, 'y': 43.058945}, {'x': -76.154463, 'y': 43.058623}, {'x': -76.154309, 'y': 43.058359}, {'x': -76.154211, 'y': 43.05817}, {'x': -76.154123, 'y': 43.057908}, {'x': -76.154011, 'y': 43.057558}, {'x': -76.153594, 'y': 43.056408}, {'x': -76.15346, 'y': 43.056009}, {'x': -76.153227, 'y': 43.055543}, {'x': -76.153002, 'y': 43.055233}, {'x': -76.152732, 'y': 43.054909}, {'x': -76.152379, 'y': 43.054552}, {'x': -76.151729, 'y': 43.053891}, {'x': -76.151451, 'y': 43.053548}, {'x': -76.151114, 'y': 43.053087}, {'x': -76.151017, 'y': 43.05296}, {'x': -76.150878, 'y': 43.052796}, {'x': -76.150634, 'y': 43.052532}, {'x': -76.150433, 'y': 43.052367}, {'x': -76.150267, 'y': 43.052246}, {'x': -76.15006, 'y': 43.052122}, {'x': -76.149819, 'y': 43.051985}, {'x': -76.149536, 'y': 43.051841}, {'x': -76.149301, 'y': 43.051756}, {'x': -76.149057, 'y': 43.051672}, {'x': -76.148848, 'y': 43.051609}, {'x': -76.148623, 'y': 43.051557}, {'x': -76.148223, 'y': 43.05148}, {'x': -76.147807, 'y': 43.051436}, {'x': -76.146946, 'y': 43.051358}, {'x': -76.146455, 'y': 43.051299}, {'x': -76.146168, 'y': 43.051252}, {'x': -76.145839, 'y': 43.05118}, {'x': -76.145563, 'y': 43.051111}, {'x': -76.145362, 'y': 43.051042}, {'x': -76.145188, 'y': 43.050969}, {'x': -76.144983, 'y': 43.050881}, {'x': -76.144723, 'y': 43.050752}, {'x': -76.14453, 'y': 43.050618}, {'x': -76.144349, 'y': 43.050497}, {'x': -76.144189, 'y': 43.050379}, {'x': -76.14386, 'y': 43.050088}, {'x': -76.143627, 'y': 43.049853}, {'x': -76.143317, 'y': 43.049477}, {'x': -76.14311, 'y': 43.049168}, {'x': -76.142949, 'y': 43.048836}, {'x': -76.14284, 'y': 43.048555}, {'x': -76.142733, 'y': 43.048185}, {'x': -76.142686, 'y': 43.047926}, {'x': -76.142663, 'y': 43.046799}, {'x': -76.14262, 'y': 43.046396}, {'x': -76.142557, 'y': 43.041577}, {'x': -76.142554, 'y': 43.041271}, {'x': -76.142535, 'y': 43.041048}, {'x': -76.142519, 'y': 43.040838}, {'x': -76.142456, 'y': 43.040366}, {'x': -76.142277, 'y': 43.039466}, {'x': -76.142256, 'y': 43.039245}, {'x': -76.14221, 'y': 43.038941}, {'x': -76.142183, 'y': 43.038592}, {'x': -76.142186, 'y': 43.038213}, {'x': -76.142205, 'y': 43.037913}, {'x': -76.142229, 'y': 43.037629}, {'x': -76.142291, 'y': 43.037266}, {'x': -76.142344, 'y': 43.036938}, {'x': -76.142433, 'y': 43.036674}, {'x': -76.142757, 'y': 43.035709}, {'x': -76.14297, 'y': 43.034968}, {'x': -76.143004, 'y': 43.034744}, {'x': -76.143014, 'y': 43.034523}, {'x': -76.143008, 'y': 43.034177}, {'x': -76.142969, 'y': 43.033876}, {'x': -76.142856, 'y': 43.033329}, {'x': -76.142596, 'y': 43.032633}]",1641607553944.0,3.0,"[{}, {}, {}, {}, {}, {}, {}, {}, {}, {}]",17.461111111111112,62.86,I-81 S,NONE,NONE,115154864.0,2022-01-08 02:05:53,5,True,LineString,"[[-76.160992, 43.06509], [-76.160441, 43.064759], [-76.160008, 43.064423], [-76.159606, 43.064028], [-76.158933, 43.063226], [-76.158555, 43.062801], [-76.158137, 43.062398], [-76.157725, 43.062084], [-76.156517, 43.061245], [-76.156315, 43.061068], [-76.156043, 43.06079], [-76.155675, 43.060331], [-76.155054, 43.059507], [-76.154672, 43.058945], [-76.154463, 43.058623], [-76.154309, 43.058359], [-76.154211, 43.05817], [-76.154123, 43.057908], [-76.154011, 43.057558], [-76.153594, 43.056408], [-76.15346, 43.056009], [-76.153227, 43.055543], [-76.153002, 43.055233], [-76.152732, 43.054909], [-76.152379, 43.054552], [-76.151729, 43.053891], [-76.151451, 43.053548], [-76.151114, 43.053087], [-76.151017, 43.05296], [-76.150878, 43.052796], [-76.150634, 43.052532], [-76.150433, 43.052367], [-76.150267, 43.052246], [-76.15006, 43.052122], [-76.149819, 43.051985], [-76.149536, 43.051841], [-76.149301, 43.051756], [-76.149057, 43.051672], [-76.148848, 43.051609], [-76.148623, 43.051557], [-76.148223, 43.05148], [-76.147807, 43.051436], [-76.146946, 43.051358], [-76.146455, 43.051299], [-76.146168, 43.051252], [-76.145839, 43.05118], [-76.145563, 43.051111], [-76.145362, 43.051042], [-76.145188, 43.050969], [-76.144983, 43.050881], [-76.144723, 43.050752], [-76.14453, 43.050618], [-76.144349, 43.050497], [-76.144189, 43.050379], [-76.14386, 43.050088], [-76.143627, 43.049853], [-76.143317, 43.049477], [-76.14311, 43.049168], [-76.142949, 43.048836], [-76.14284, 43.048555], [-76.142733, 43.048185], [-76.142686, 43.047926], [-76.142663, 43.046799], [-76.14262, 43.046396], [-76.142557, 43.041577], [-76.142554, 43.041271], [-76.142535, 43.041048], [-76.142519, 43.040838], [-76.142456, 43.040366], [-76.142277, 43.039466], [-76.142256, 43.039245], [-76.14221, 43.038941], [-76.142183, 43.038592], [-76.142186, 43.038213], [-76.142205, 43.037913], [-76.142229, 43.037629], [-76.142291, 43.037266], [-76.142344, 43.036938], [-76.142433, 43.036674], [-76.142757, 43.035709], [-76.14297, 43.034968], [-76.143004, 43.034744], [-76.143014, 43.034523], [-76.143008, 43.034177], [-76.142969, 43.033876], [-76.142856, 43.033329], [-76.142596, 43.032633]]",2022-01-08,-76.1519085888192,43.0537413027933,18541182,39198087,C - POSSIBLE INJURY,INJURY,888,2022,OVERTAKING,2022/01/08,1900-01-01 01:37:00,COLLISION WITH MOTOR VEHICLE,DARK-ROAD LIGHTED,STRAIGHT AND LEVEL,SNOW/ICE,NONE,NOT ENTERED,CLEAR,0,1970/01/01,0,2,2,0,2,3301.0,0,SYRACUSE PD,No,406191.2580669,4767426.5115591,INTERSECTION-RELATED,,Onondaga,,0.0,7031541.0,Syracuse,I 690,690I33012024,88.0,T,11-Urban Principal Arterial Interstate,NYSDOT,NYSDOT,,55.0,"V1:(UNKNOWN,NOT ENTERED) / V2:(UNKNOWN,NOT ENTERED)",2022-01-08,-76.160992,43.06509
114,Feature,,"Greater Marathon Area, NY",US,84.0,I-81 N,116002414.0,5065.0,1.0,"[{'x': -76.033054, 'y': 42.443916}, {'x': -76.034024, 'y': 42.444816}, {'x': -76.034713, 'y': 42.445491}, {'x': -76.03497, 'y': 42.445775}, {'x': -76.035717, 'y': 42.446739}, {'x': -76.036026, 'y': 42.447233}, {'x': -76.037183, 'y': 42.449188}, {'x': -76.03832, 'y': 42.451234}, {'x': -76.038696, 'y': 42.451919}, {'x': -76.041396, 'y': 42.456821}, {'x': -76.046435, 'y': 42.465961}, {'x': -76.04765, 'y': 42.468156}, {'x': -76.048588, 'y': 42.469633}, {'x': -76.049279, 'y': 42.470603}, {'x': -76.049997, 'y': 42.471551}, {'x': -76.05082, 'y': 42.472529}, {'x': -76.05168, 'y': 42.473496}, {'x': -76.056002, 'y': 42.477899}, {'x': -76.061274, 'y': 42.483237}, {'x': -76.061929, 'y': 42.483872}]",1641624548249.0,3.0,[{}],20.45833333333333,73.65,I-81 N,NONE,NONE,116002414.0,2022-01-08 06:49:08,5,True,LineString,"[[-76.033054, 42.443916], [-76.034024, 42.444816], [-76.034713, 42.445491], [-76.03497, 42.445775], [-76.035717, 42.446739], [-76.036026, 42.447233], [-76.037183, 42.449188], [-76.03832, 42.451234], [-76.038696, 42.451919], [-76.041396, 42.456821], [-76.046435, 42.465961], [-76.04765, 42.468156], [-76.048588, 42.469633], [-76.049279, 42.470603], [-76.049997, 42.471551], [-76.05082, 42.472529], [-76.05168, 42.473496], [-76.056002, 42.477899], [-76.061274, 42.483237], [-76.061929, 42.483872]]",2022-01-08,-76.0472673169303,42.4674803237331,18530692,39186654,,PROPERTY DAMAGE,999,2022,OTHER,2022/01/08,1900-01-01 07:01:00,COLL. W/EARTH ELE./ROCK CUT/DITCH,DAYLIGHT,STRAIGHT AND LEVEL,SNOW/ICE,NONE,NOT ENTERED,CLOUDY,0,1970/01/01,0,0,0,0,1,11102.0,0,NYSP MARATHON SATELLITE,No,413905.0864174,4702213.42539413,Not an intersection crash,Connecting Road,Cortland,1.0,182.0,,Marathon,I 81,81I32021044,88.0,T,1-Rural Principal Arterial Interstate,NYSDOT,NYSDOT,Interstate 81,65.0,"V1:(UNSAFE SPEED,PAVEMENT SLIPPERY)",2022-01-08,-76.033054,42.443916
115,Feature,,"Greater Marathon Area, NY",US,83.0,I-81 N,116002414.0,5065.0,1.0,"[{'x': -76.033054, 'y': 42.443916}, {'x': -76.034024, 'y': 42.444816}, {'x': -76.034713, 'y': 42.445491}, {'x': -76.03497, 'y': 42.445775}, {'x': -76.035717, 'y': 42.446739}, {'x': -76.036026, 'y': 42.447233}, {'x': -76.037183, 'y': 42.449188}, {'x': -76.03832, 'y': 42.451234}, {'x': -76.038696, 'y': 42.451919}, {'x': -76.041396, 'y': 42.456821}, {'x': -76.046435, 'y': 42.465961}, {'x': -76.04765, 'y': 42.468156}, {'x': -76.048588, 'y': 42.469633}, {'x': -76.049279, 'y': 42.470603}, {'x': -76.049997, 'y': 42.471551}, {'x': -76.05082, 'y': 42.472529}, {'x': -76.05168, 'y': 42.473496}, {'x': -76.056002, 'y': 42.477899}, {'x': -76.061274, 'y': 42.483237}, {'x': -76.061929, 'y': 42.483872}]",1641624548249.0,3.0,[{}],20.538888888888888,73.94,I-81 N,NONE,NONE,116002414.0,2022-01-08 06:49:08,5,True,LineString,"[[-76.033054, 42.443916], [-76.034024, 42.444816], [-76.034713, 42.445491], [-76.03497, 42.445775], [-76.035717, 42.446739], [-76.036026, 42.447233], [-76.037183, 42.449188], [-76.03832, 42.451234], [-76.038696, 42.451919], [-76.041396, 42.456821], [-76.046435, 42.465961], [-76.04765, 42.468156], [-76.048588, 42.469633], [-76.049279, 42.470603], [-76.049997, 42.471551], [-76.05082, 42.472529], [-76.05168, 42.473496], [-76.056002, 42.477899], [-76.061274, 42.483237], [-76.061929, 42.483872]]",2022-01-08,-76.0472673169303,42.4674803237331,18530692,39186654,,PROPERTY DAMAGE,999,2022,OTHER,2022/01/08,1900-01-01 07:01:00,COLL. W/EARTH ELE./ROCK CUT/DITCH,DAYLIGHT,STRAIGHT AND LEVEL,SNOW/ICE,NONE,NOT ENTERED,CLOUDY,0,1970/01/01,0,0,0,0,1,11102.0,0,NYSP MARATHON SATELLITE,No,413905.0864174,4702213.42539413,Not an intersection crash,Connecting Road,Cortland,1.0,182.0,,Marathon,I 81,81I32021044,88.0,T,1-Rural Principal Arterial Interstate,NYSDOT,NYSDOT,Interstate 81,65.0,"V1:(UNSAFE SPEED,PAVEMENT SLIPPERY)",2022-01-08,-76.033054,42.443916
116,Feature,,"Greater Marathon Area, NY",US,92.0,I-81 S,116013474.0,5109.0,1.0,"[{'x': -76.038669, 'y': 42.451157}, {'x': -76.036903, 'y': 42.448153}, {'x': -76.036149, 'y': 42.44691}, {'x': -76.035746, 'y': 42.446324}, {'x': -76.035513, 'y': 42.446016}, {'x': -76.034902, 'y': 42.445311}, {'x': -76.034422, 'y': 42.444835}, {'x': -76.032771, 'y': 42.443361}, {'x': -76.032246, 'y': 42.442909}, {'x': -76.031919, 'y': 42.4426}, {'x': -76.031621, 'y': 42.44227}, {'x': -76.0313, 'y': 42.44189}, {'x': -76.031013, 'y': 42.441498}, {'x': -76.030005, 'y': 42.439953}, {'x': -76.02791, 'y': 42.436836}, {'x': -76.02757, 'y': 42.436358}, {'x': -76.026609, 'y': 42.435098}, {'x': -76.02588, 'y': 42.434152}, {'x': -76.025782, 'y': 42.434026}, {'x': -76.023137, 'y': 42.430672}, {'x': -76.021629, 'y': 42.428773}, {'x': -76.020865, 'y': 42.42778}, {'x': -76.019813, 'y': 42.426432}, {'x': -76.019501, 'y': 42.425966}, {'x': -76.01922, 'y': 42.425496}, {'x': -76.018979, 'y': 42.425019}, {'x': -76.018763, 'y': 42.424524}, {'x': -76.018559, 'y': 42.42397}, {'x': -76.018473, 'y': 42.423666}, {'x': -76.018281, 'y': 42.422848}, {'x': -76.017635, 'y': 42.418906}, {'x': -76.017401, 'y': 42.417573}, {'x': -76.01699, 'y': 42.415153}, {'x': -76.016775, 'y': 42.414228}, {'x': -76.016072, 'y': 42.411626}, {'x': -76.015673, 'y': 42.410159}, {'x': -76.015431, 'y': 42.40929}]",1641625154559.0,3.0,"[{}, {}]",19.819444444444443,71.35,I-81 S,NONE,NONE,116013474.0,2022-01-08 06:59:14,5,True,LineString,"[[-76.038669, 42.451157], [-76.036903, 42.448153], [-76.036149, 42.44691], [-76.035746, 42.446324], [-76.035513, 42.446016], [-76.034902, 42.445311], [-76.034422, 42.444835], [-76.032771, 42.443361], [-76.032246, 42.442909], [-76.031919, 42.4426], [-76.031621, 42.44227], [-76.0313, 42.44189], [-76.031013, 42.441498], [-76.030005, 42.439953], [-76.02791, 42.436836], [-76.02757, 42.436358], [-76.026609, 42.435098], [-76.02588, 42.434152], [-76.025782, 42.434026], [-76.023137, 42.430672], [-76.021629, 42.428773], [-76.020865, 42.42778], [-76.019813, 42.426432], [-76.019501, 42.425966], [-76.01922, 42.425496], [-76.018979, 42.425019], [-76.018763, 42.424524], [-76.018559, 42.42397], [-76.018473, 42.423666], [-76.018281, 42.422848], [-76.017635, 42.418906], [-76.017401, 42.417573], [-76.01699, 42.415153], [-76.016775, 42.414228], [-76.016072, 42.411626], [-76.015673, 42.410159], [-76.015431, 42.40929]]",2022-01-08,-76.0472673169303,42.4674803237331,18530692,39186654,,PROPERTY DAMAGE,999,2022,OTHER,2022/01/08,1900-01-01 07:01:00,COLL. W/EARTH ELE./ROCK CUT/DITCH,DAYLIGHT,STRAIGHT AND LEVEL,SNOW/ICE,NONE,NOT ENTERED,CLOUDY,0,1970/01/01,0,0,0,0,1,11102.0,0,NYSP MARATHON SATELLITE,No,413905.0864174,4702213.42539413,Not an intersection crash,Connecting Road,Cortland,1.0,182.0,,Marathon,I 81,81I32021044,88.0,T,1-Rural Principal Arterial Interstate,NYSDOT,NYSDOT,Interstate 81,65.0,"V1:(UNSAFE SPEED,PAVEMENT SLIPPERY)",2022-01-08,-76.038669,42.451157