,type,properties.blockingAlertUuid,properties.city,properties.country,properties.delay,properties.endNode,properties.id,properties.length,properties.level,properties.line,properties.pubMillis,properties.roadType,properties.segments,properties.speed,properties.speedKMH,properties.street,properties.turnType,properties.type,properties.uuid,properties.utc_timestamp,properties.day_of_week,properties.weekday_weekend,geometry.type,geometry.coordinates,key_date_jams,X,Y,OBJECTID,CaseNumber,MaxInjuryS,CrashSever,RoadwayAcc,CaseYear,CollisionT,CrashDate,CrashTimeF,CrashType,LightCondi,RoadwayCha,RoadSurfac,TrafficCon,TrafficWay,WeatherCon,Commercial,DMVInsertD,NumberOfFa,NumberOfIn,NumberOfOt,NumberOfSe,NumberOfVe,PoliceDept,NonReporta,ReportingA,NonPublicW,UTMEasting,UTMNorthin,Intersecti,ClosestCro,CountyName,DirectionF,DistanceFr,MasterInte,CityTownNa,OnStreet,ReferenceM,ACCESS_CON,DIVIDED,FUNCTIONAL,MAINT_JURI,OWNING_JUR,NAME,POSTED_SPE,ApparentFa,key_date_crashes,jams_x,jams_y
128,Feature,,"Virgil, NY",US,152.0,I-81 N,123493174.0,7092.0,1.0,"[{'x': -76.06193, 'y': 42.483873}, {'x': -76.062656, 'y': 42.484547}, {'x': -76.06319, 'y': 42.485018}, {'x': -76.064682, 'y': 42.486235}, {'x': -76.064959, 'y': 42.486461}, {'x': -76.068808, 'y': 42.48957}, {'x': -76.069448, 'y': 42.49017}, {'x': -76.069929, 'y': 42.490694}, {'x': -76.070257, 'y': 42.491108}, {'x': -76.070579, 'y': 42.491576}, {'x': -76.070882, 'y': 42.492093}, {'x': -76.071105, 'y': 42.492525}, {'x': -76.071339, 'y': 42.493088}, {'x': -76.071521, 'y': 42.493668}, {'x': -76.071633, 'y': 42.494118}, {'x': -76.072171, 'y': 42.497039}, {'x': -76.072352, 'y': 42.497865}, {'x': -76.072482, 'y': 42.498288}, {'x': -76.072569, 'y': 42.498511}, {'x': -76.072921, 'y': 42.499258}, {'x': -76.073175, 'y': 42.499683}, {'x': -76.073642, 'y': 42.500336}, {'x': -76.074163, 'y': 42.500927}, {'x': -76.07473, 'y': 42.501533}, {'x': -76.075096, 'y': 42.501924}, {'x': -76.075619, 'y': 42.502518}, {'x': -76.075919, 'y': 42.502903}, {'x': -76.076654, 'y': 42.503941}, {'x': -76.077165, 'y': 42.504814}, {'x': -76.077467, 'y': 42.505391}, {'x': -76.077837, 'y': 42.506213}, {'x': -76.078165, 'y': 42.507129}, {'x': -76.078337, 'y': 42.507684}, {'x': -76.078454, 'y': 42.508166}, {'x': -76.078635, 'y': 42.509189}, {'x': -76.078694, 'y': 42.509681}, {'x': -76.078734, 'y': 42.51043}, {'x': -76.078727, 'y': 42.511295}, {'x': -76.078575, 'y': 42.512953}, {'x': -76.078548, 'y': 42.513919}, {'x': -76.078581, 'y': 42.514672}, {'x': -76.07867, 'y': 42.51538}, {'x': -76.078803, 'y': 42.516134}, {'x': -76.078902, 'y': 42.516559}, {'x': -76.079097, 'y': 42.517299}, {'x': -76.079267, 'y': 42.517792}, {'x': -76.079456, 'y': 42.518279}, {'x': -76.079695, 'y': 42.518826}, {'x': -76.079978, 'y': 42.519404}, {'x': -76.08043, 'y': 42.520204}, {'x': -76.080711, 'y': 42.520651}, {'x': -76.081467, 'y': 42.52169}, {'x': -76.081765, 'y': 42.522043}, {'x': -76.08233, 'y': 42.522673}, {'x': -76.084171, 'y': 42.524594}, {'x': -76.084589, 'y': 42.525069}, {'x': -76.084946, 'y': 42.525536}, {'x': -76.085385, 'y': 42.526184}, {'x': -76.08574, 'y': 42.52682}, {'x': -76.08603, 'y': 42.527465}, {'x': -76.086167, 'y': 42.527816}, {'x': -76.086382, 'y': 42.528507}, {'x': -76.086514, 'y': 42.529102}, {'x': -76.086586, 'y': 42.52959}, {'x': -76.086637, 'y': 42.530331}, {'x': -76.086617, 'y': 42.533051}, {'x': -76.086617, 'y': 42.533079}, {'x': -76.086616, 'y': 42.533523}, {'x': -76.08668, 'y': 42.534339}, {'x': -76.086792, 'y': 42.535044}, {'x': -76.086877, 'y': 42.535438}, {'x': -76.087029, 'y': 42.535954}, {'x': -76.087268, 'y': 42.536619}, {'x': -76.087642, 'y': 42.537414}, {'x': -76.088041, 'y': 42.538124}, {'x': -76.088527, 'y': 42.538841}, {'x': -76.089525, 'y': 42.540246}, {'x': -76.090784, 'y': 42.542137}]",1641737183052.0,3.0,[{}],18.975,68.31,I-81 N,NONE,NONE,123493174.0,2022-01-09 14:06:23,6,True,LineString,"[[-76.06193, 42.483873], [-76.062656, 42.484547], [-76.06319, 42.485018], [-76.064682, 42.486235], [-76.064959, 42.486461], [-76.068808, 42.48957], [-76.069448, 42.49017], [-76.069929, 42.490694], [-76.070257, 42.491108], [-76.070579, 42.491576], [-76.070882, 42.492093], [-76.071105, 42.492525], [-76.071339, 42.493088], [-76.071521, 42.493668], [-76.071633, 42.494118], [-76.072171, 42.497039], [-76.072352, 42.497865], [-76.072482, 42.498288], [-76.072569, 42.498511], [-76.072921, 42.499258], [-76.073175, 42.499683], [-76.073642, 42.500336], [-76.074163, 42.500927], [-76.07473, 42.501533], [-76.075096, 42.501924], [-76.075619, 42.502518], [-76.075919, 42.502903], [-76.076654, 42.503941], [-76.077165, 42.504814], [-76.077467, 42.505391], [-76.077837, 42.506213], [-76.078165, 42.507129], [-76.078337, 42.507684], [-76.078454, 42.508166], [-76.078635, 42.509189], [-76.078694, 42.509681], [-76.078734, 42.51043], [-76.078727, 42.511295], [-76.078575, 42.512953], [-76.078548, 42.513919], [-76.078581, 42.514672], [-76.07867, 42.51538], [-76.078803, 42.516134], [-76.078902, 42.516559], [-76.079097, 42.517299], [-76.079267, 42.517792], [-76.079456, 42.518279], [-76.079695, 42.518826], [-76.079978, 42.519404], [-76.08043, 42.520204], [-76.080711, 42.520651], [-76.081467, 42.52169], [-76.081765, 42.522043], [-76.08233, 42.522673], [-76.084171, 42.524594], [-76.084589, 42.525069], [-76.084946, 42.525536], [-76.085385, 42.526184], [-76.08574, 42.52682], [-76.08603, 42.527465], [-76.086167, 42.527816], [-76.086382, 42.528507], [-76.086514, 42.529102], [-76.086586, 42.52959], [-76.086637, 42.530331], [-76.086617, 42.533051], [-76.086617, 42.533079], [-76.086616, 42.533523], [-76.08668, 42.534339], [-76.086792, 42.535044], [-76.086877, 42.535438], [-76.087029, 42.535954], [-76.087268, 42.536619], [-76.087642, 42.537414], [-76.088041, 42.538124], [-76.088527, 42.538841], [-76.089525, 42.540246], [-76.090784, 42.542137]]",2022-01-09,-76.0732394239618,42.4997753706439,18533783,39189927,,PROPERTY DAMAGE,999,2022,OTHER,2022/01/09,1900-01-01 13:39:00,COLLISION WITH GUIDE RAIL,DAYLIGHT,CURVE AND GRADE,SNOW/ICE,NONE,NOT ENTERED,"SLEET/HAIL/FREEZING RAIN
",0,1970/01/01,0,0,0,0,1,11101.0,0,NYSP CORTLAND,No,411815.29240334,4705826.14708595,Not an intersection crash,Connecting Road,Cortland,4.0,149.0,,Virgil,I 81,81I32021070,88.0,T,1-Rural Principal Arterial Interstate,NYSDOT,NYSDOT,Interstate 81,65.0,"V1:(UNSAFE SPEED,PAVEMENT SLIPPERY)",2022-01-09,-76.06193,42.483873
129,Feature,,"Syracuse, NY",US,65.0,I-690 E,136884102.0,3239.0,1.0,"[{'x': -76.126101, 'y': 43.052102}, {'x': -76.125196, 'y': 43.05237}, {'x': -76.124515, 'y': 43.052577}, {'x': -76.123376, 'y': 43.052921}, {'x': -76.122313, 'y': 43.053224}, {'x': -76.121569, 'y': 43.053416}, {'x': -76.120694, 'y': 43.053626}, {'x': -76.118124, 'y': 43.054211}, {'x': -76.115783, 'y': 43.054754}, {'x': -76.115404, 'y': 43.054841}, {'x': -76.111723, 'y': 43.055687}, {'x': -76.111146, 'y': 43.055861}, {'x': -76.109179, 'y': 43.056574}, {'x': -76.10848, 'y': 43.056814}, {'x': -76.108219, 'y': 43.056879}, {'x': -76.107896, 'y': 43.05695}, {'x': -76.105049, 'y': 43.057498}, {'x': -76.103095, 'y': 43.057861}, {'x': -76.099652, 'y': 43.058541}, {'x': -76.096574, 'y': 43.059144}, {'x': -76.096045, 'y': 43.059234}, {'x': -76.094867, 'y': 43.059387}, {'x': -76.093989, 'y': 43.059456}, {'x': -76.09325, 'y': 43.05948}, {'x': -76.092545, 'y': 43.059481}, {'x': -76.091832, 'y': 43.059461}, {'x': -76.091199, 'y': 43.059427}, {'x': -76.090181, 'y': 43.059315}, {'x': -76.089553, 'y': 43.059227}, {'x': -76.08802, 'y': 43.058975}]",1641877753218.0,3.0,"[{}, {}, {}, {}, {}, {}, {}, {}]",17.655555555555555,63.56,I-690 E,NONE,NONE,136884102.0,2022-01-11 05:09:13,1,False,LineString,"[[-76.126101, 43.052102], [-76.125196, 43.05237], [-76.124515, 43.052577], [-76.123376, 43.052921], [-76.122313, 43.053224], [-76.121569, 43.053416], [-76.120694, 43.053626], [-76.118124, 43.054211], [-76.115783, 43.054754], [-76.115404, 43.054841], [-76.111723, 43.055687], [-76.111146, 43.055861], [-76.109179, 43.056574], [-76.10848, 43.056814], [-76.108219, 43.056879], [-76.107896, 43.05695], [-76.105049, 43.057498], [-76.103095, 43.057861], [-76.099652, 43.058541], [-76.096574, 43.059144], [-76.096045, 43.059234], [-76.094867, 43.059387], [-76.093989, 43.059456], [-76.09325, 43.05948], [-76.092545, 43.059481], [-76.091832, 43.059461], [-76.091199, 43.059427], [-76.090181, 43.059315], [-76.089553, 43.059227], [-76.08802, 43.058975]]",2022-01-11,-76.1409366318706,43.0287394909984,18541006,39197899,,PROPERTY DAMAGE,999,2022,OTHER,2022/01/11,1900-01-01 05:39:00,COLLISION WITH GUIDE RAIL,DARK-ROAD LIGHTED,STRAIGHT AND LEVEL,SNOW/ICE,NONE,NOT ENTERED,SNOW,0,1970/01/01,0,0,0,0,1,3301.0,0,SYRACUSE PD,No,407047.05641289,4764637.83707046,INTERSECTION-RELATED,Ramp,Onondaga,SOUTH-EAST,25.0,7030560.0,Syracuse,I 81,81I33032029,88.0,T,11-Urban Principal Arterial Interstate,NYSDOT,NYSDOT,Interstate 81,55.0,"V1:(UNSAFE SPEED,PAVEMENT SLIPPERY)",2022-01-11,-76.126101,43.052102
130,Feature,,"Syracuse, NY",US,72.0,I-690 E,136909396.0,4071.0,1.0,"[{'x': -76.136206, 'y': 43.051436}, {'x': -76.132966, 'y': 43.051429}, {'x': -76.130015, 'y': 43.051479}, {'x': -76.129378, 'y': 43.051521}, {'x': -76.128822, 'y': 43.051576}, {'x': -76.127988, 'y': 43.05169}, {'x': -76.127284, 'y': 43.051822}, {'x': -76.126864, 'y': 43.051911}, {'x': -76.126101, 'y': 43.052102}, {'x': -76.125196, 'y': 43.05237}, {'x': -76.124515, 'y': 43.052577}, {'x': -76.123376, 'y': 43.052921}, {'x': -76.122313, 'y': 43.053224}, {'x': -76.121569, 'y': 43.053416}, {'x': -76.120694, 'y': 43.053626}, {'x': -76.118124, 'y': 43.054211}, {'x': -76.115783, 'y': 43.054754}, {'x': -76.115404, 'y': 43.054841}, {'x': -76.111723, 'y': 43.055687}, {'x': -76.111146, 'y': 43.055861}, {'x': -76.109179, 'y': 43.056574}, {'x': -76.10848, 'y': 43.056814}, {'x': -76.108219, 'y': 43.056879}, {'x': -76.107896, 'y': 43.05695}, {'x': -76.105049, 'y': 43.057498}, {'x': -76.103095, 'y': 43.057861}, {'x': -76.099652, 'y': 43.058541}, {'x': -76.096574, 'y': 43.059144}, {'x': -76.096045, 'y': 43.059234}, {'x': -76.094867, 'y': 43.059387}, {'x': -76.093989, 'y': 43.059456}, {'x': -76.09325, 'y': 43.05948}, {'x': -76.092545, 'y': 43.059481}, {'x': -76.091832, 'y': 43.059461}, {'x': -76.091199, 'y': 43.059427}, {'x': -76.090181, 'y': 43.059315}, {'x': -76.089553, 'y': 43.059227}, {'x': -76.08802, 'y': 43.058975}]",1641879159552.0,3.0,"[{}, {}, {}, {}, {}, {}, {}, {}, {}, {}, {}]",18.366666666666667,66.12,I-690 E,NONE,NONE,136909396.0,2022-01-11 05:32:39,1,False,LineString,"[[-76.136206, 43.051436], [-76.132966, 43.051429], [-76.130015, 43.051479], [-76.129378, 43.051521], [-76.128822, 43.051576], [-76.127988, 43.05169], [-76.127284, 43.051822], [-76.126864, 43.051911], [-76.126101, 43.052102], [-76.125196, 43.05237], [-76.124515, 43.052577], [-76.123376, 43.052921], [-76.122313, 43.053224], [-76.121569, 43.053416], [-76.120694, 43.053626], [-76.118124, 43.054211], [-76.115783, 43.054754], [-76.115404, 43.054841], [-76.111723, 43.055687], [-76.111146, 43.055861], [-76.109179, 43.056574], [-76.10848, 43.056814], [-76.108219, 43.056879], [-76.107896, 43.05695], [-76.105049, 43.057498], [-76.103095, 43.057861], [-76.099652, 43.058541], [-76.096574, 43.059144], [-76.096045, 43.059234], [-76.094867, 43.059387], [-76.093989, 43.059456], [-76.09325, 43.05948], [-76.092545, 43.059481], [-76.091832, 43.059461], [-76.091199, 43.059427], [-76.090181, 43.059315], [-76.089553, 43.059227], [-76.08802, 43.058975]]",2022-01-11,-76.1409366318706,43.0287394909984,18541006,39197899,,PROPERTY DAMAGE,999,2022,OTHER,2022/01/11,1900-01-01 05:39:00,COLLISION WITH GUIDE RAIL,DARK-ROAD LIGHTED,STRAIGHT AND LEVEL,SNOW/ICE,NONE,NOT ENTERED,SNOW,0,1970/01/01,0,0,0,0,1,3301.0,0,SYRACUSE PD,No,407047.05641289,4764637.83707046,INTERSECTION-RELATED,Ramp,Onondaga,SOUTH-EAST,25.0,7030560.0,Syracuse,I 81,81I33032029,88.0,T,11-Urban Principal Arterial Interstate,NYSDOT,NYSDOT,Interstate 81,55.0,"V1:(UNSAFE SPEED,PAVEMENT SLIPPERY)",2022-01-11,-76.136206,43.051436
131,Feature,,"Syracuse, NY",US,77.0,I-690 W,136930500.0,3129.0,1.0,"[{'x': -76.150117, 'y': 43.052799}, {'x': -76.151387, 'y': 43.053513}, {'x': -76.151852, 'y': 43.05372}, {'x': -76.152175, 'y': 43.053834}, {'x': -76.152513, 'y': 43.053939}, {'x': -76.152796, 'y': 43.054023}, {'x': -76.152857, 'y': 43.054044}, {'x': -76.153168, 'y': 43.05411}, {'x': -76.153325, 'y': 43.054138}, {'x': -76.153591, 'y': 43.05418}, {'x': -76.15377, 'y': 43.054206}, {'x': -76.15411, 'y': 43.054246}, {'x': -76.154709, 'y': 43.054295}, {'x': -76.155753, 'y': 43.054353}, {'x': -76.156472, 'y': 43.054406}, {'x': -76.157375, 'y': 43.054474}, {'x': -76.157699, 'y': 43.054506}, {'x': -76.158466, 'y': 43.054632}, {'x': -76.159526, 'y': 43.054897}, {'x': -76.159985, 'y': 43.055001}, {'x': -76.160492, 'y': 43.055091}, {'x': -76.160782, 'y': 43.055131}, {'x': -76.161222, 'y': 43.055185}, {'x': -76.161736, 'y': 43.055265}, {'x': -76.1649, 'y': 43.055667}, {'x': -76.165843, 'y': 43.055783}, {'x': -76.166103, 'y': 43.055811}, {'x': -76.166394, 'y': 43.055851}, {'x': -76.166659, 'y': 43.05588}, {'x': -76.166973, 'y': 43.055905}, {'x': -76.167287, 'y': 43.055924}, {'x': -76.16788, 'y': 43.055954}, {'x': -76.170264, 'y': 43.056009}, {'x': -76.170592, 'y': 43.056016}, {'x': -76.171504, 'y': 43.056032}, {'x': -76.172425, 'y': 43.056059}, {'x': -76.173163, 'y': 43.056105}, {'x': -76.173646, 'y': 43.056173}, {'x': -76.17462, 'y': 43.056367}, {'x': -76.175362, 'y': 43.056592}, {'x': -76.175929, 'y': 43.056794}, {'x': -76.176808, 'y': 43.05708}, {'x': -76.177006, 'y': 43.057135}, {'x': -76.177403, 'y': 43.057213}, {'x': -76.177745, 'y': 43.057262}, {'x': -76.178697, 'y': 43.057299}, {'x': -76.179119, 'y': 43.057322}, {'x': -76.179435, 'y': 43.057359}, {'x': -76.179812, 'y': 43.057415}, {'x': -76.180115, 'y': 43.05749}, {'x': -76.18045, 'y': 43.057576}, {'x': -76.180743, 'y': 43.057685}, {'x': -76.184196, 'y': 43.059174}, {'x': -76.184856, 'y': 43.059432}, {'x': -76.186513, 'y': 43.060075}]",1641880552320.0,3.0,"[{}, {}, {}, {}, {}, {}]",16.02777777777778,57.7,I-690 W,NONE,NONE,136930500.0,2022-01-11 05:55:52,1,False,LineString,"[[-76.150117, 43.052799], [-76.151387, 43.053513], [-76.151852, 43.05372], [-76.152175, 43.053834], [-76.152513, 43.053939], [-76.152796, 43.054023], [-76.152857, 43.054044], [-76.153168, 43.05411], [-76.153325, 43.054138], [-76.153591, 43.05418], [-76.15377, 43.054206], [-76.15411, 43.054246], [-76.154709, 43.054295], [-76.155753, 43.054353], [-76.156472, 43.054406], [-76.157375, 43.054474], [-76.157699, 43.054506], [-76.158466, 43.054632], [-76.159526, 43.054897], [-76.159985, 43.055001], [-76.160492, 43.055091], [-76.160782, 43.055131], [-76.161222, 43.055185], [-76.161736, 43.055265], [-76.1649, 43.055667], [-76.165843, 43.055783], [-76.166103, 43.055811], [-76.166394, 43.055851], [-76.166659, 43.05588], [-76.166973, 43.055905], [-76.167287, 43.055924], [-76.16788, 43.055954], [-76.170264, 43.056009], [-76.170592, 43.056016], [-76.171504, 43.056032], [-76.172425, 43.056059], [-76.173163, 43.056105], [-76.173646, 43.056173], [-76.17462, 43.056367], [-76.175362, 43.056592], [-76.175929, 43.056794], [-76.176808, 43.05708], [-76.177006, 43.057135], [-76.177403, 43.057213], [-76.177745, 43.057262], [-76.178697, 43.057299], [-76.179119, 43.057322], [-76.179435, 43.057359], [-76.179812, 43.057415], [-76.180115, 43.05749], [-76.18045, 43.057576], [-76.180743, 43.057685], [-76.184196, 43.059174], [-76.184856, 43.059432], [-76.186513, 43.060075]]",2022-01-11,-76.1409366318706,43.0287394909984,18541006,39197899,,PROPERTY DAMAGE,999,2022,OTHER,2022/01/11,1900-01-01 05:39:00,COLLISION WITH GUIDE RAIL,DARK-ROAD LIGHTED,STRAIGHT AND LEVEL,SNOW/ICE,NONE,NOT ENTERED,SNOW,0,1970/01/01,0,0,0,0,1,3301.0,0,SYRACUSE PD,No,407047.05641289,4764637.83707046,INTERSECTION-RELATED,Ramp,Onondaga,SOUTH-EAST,25.0,7030560.0,Syracuse,I 81,81I33032029,88.0,T,11-Urban Principal Arterial Interstate,NYSDOT,NYSDOT,Interstate 81,55.0,"V1:(UNSAFE SPEED,PAVEMENT SLIPPERY)",2022-01-11,-76.150117,43.052799
132,Feature,,"Syracuse, NY",US,70.0,I-690 W,136930500.0,3129.0,1.0,"[{'x': -76.150117, 'y': 43.052799}, {'x': -76.151387, 'y': 43.053513}, {'x': -76.151852, 'y': 43.05372}, {'x': -76.152175, 'y': 43.053834}, {'x': -76.152513, 'y': 43.053939}, {'x': -76.152796, 'y': 43.054023}, {'x': -76.152857, 'y': 43.054044}, {'x': -76.153168, 'y': 43.05411}, {'x': -76.153325, 'y': 43.054138}, {'x': -76.153591, 'y': 43.05418}, {'x': -76.15377, 'y': 43.054206}, {'x': -76.15411, 'y': 43.054246}, {'x': -76.154709, 'y': 43.054295}, {'x': -76.155753, 'y': 43.054353}, {'x': -76.156472, 'y': 43.054406}, {'x': -76.157375, 'y': 43.054474}, {'x': -76.157699, 'y': 43.054506}, {'x': -76.158466, 'y': 43.054632}, {'x': -76.159526, 'y': 43.054897}, {'x': -76.159985, 'y': 43.055001}, {'x': -76.160492, 'y': 43.055091}, {'x': -76.160782, 'y': 43.055131}, {'x': -76.161222, 'y': 43.055185}, {'x': -76.161736, 'y': 43.055265}, {'x': -76.1649, 'y': 43.055667}, {'x': -76.165843, 'y': 43.055783}, {'x': -76.166103, 'y': 43.055811}, {'x': -76.166394, 'y': 43.055851}, {'x': -76.166659, 'y': 43.05588}, {'x': -76.166973, 'y': 43.055905}, {'x': -76.167287, 'y': 43.055924}, {'x': -76.16788, 'y': 43.055954}, {'x': -76.170264, 'y': 43.056009}, {'x': -76.170592, 'y': 43.056016}, {'x': -76.171504, 'y': 43.056032}, {'x': -76.172425, 'y': 43.056059}, {'x': -76.173163, 'y': 43.056105}, {'x': -76.173646, 'y': 43.056173}, {'x': -76.17462, 'y': 43.056367}, {'x': -76.175362, 'y': 43.056592}, {'x': -76.175929, 'y': 43.056794}, {'x': -76.176808, 'y': 43.05708}, {'x': -76.177006, 'y': 43.057135}, {'x': -76.177403, 'y': 43.057213}, {'x': -76.177745, 'y': 43.057262}, {'x': -76.178697, 'y': 43.057299}, {'x': -76.179119, 'y': 43.057322}, {'x': -76.179435, 'y': 43.057359}, {'x': -76.179812, 'y': 43.057415}, {'x': -76.180115, 'y': 43.05749}, {'x': -76.18045, 'y': 43.057576}, {'x': -76.180743, 'y': 43.057685}, {'x': -76.184196, 'y': 43.059174}, {'x': -76.184856, 'y': 43.059432}, {'x': -76.186513, 'y': 43.060075}]",1641880552320.0,3.0,"[{}, {}, {}, {}, {}, {}]",16.65,59.94,I-690 W,NONE,NONE,136930500.0,2022-01-11 05:55:52,1,False,LineString,"[[-76.150117, 43.052799], [-76.151387, 43.053513], [-76.151852, 43.05372], [-76.152175, 43.053834], [-76.152513, 43.053939], [-76.152796, 43.054023], [-76.152857, 43.054044], [-76.153168, 43.05411], [-76.153325, 43.054138], [-76.153591, 43.05418], [-76.15377, 43.054206], [-76.15411, 43.054246], [-76.154709, 43.054295], [-76.155753, 43.054353], [-76.156472, 43.054406], [-76.157375, 43.054474], [-76.157699, 43.054506], [-76.158466, 43.054632], [-76.159526, 43.054897], [-76.159985, 43.055001], [-76.160492, 43.055091], [-76.160782, 43.055131], [-76.161222, 43.055185], [-76.161736, 43.055265], [-76.1649, 43.055667], [-76.165843, 43.055783], [-76.166103, 43.055811], [-76.166394, 43.055851], [-76.166659, 43.05588], [-76.166973, 43.055905], [-76.167287, 43.055924], [-76.16788, 43.055954], [-76.170264, 43.056009], [-76.170592, 43.056016], [-76.171504, 43.056032], [-76.172425, 43.056059], [-76.173163, 43.056105], [-76.173646, 43.056173], [-76.17462, 43.056367], [-76.175362, 43.056592], [-76.175929, 43.056794], [-76.176808, 43.05708], [-76.177006, 43.057135], [-76.177403, 43.057213], [-76.177745, 43.057262], [-76.178697, 43.057299], [-76.179119, 43.057322], [-76.179435, 43.057359], [-76.179812, 43.057415], [-76.180115, 43.05749], [-76.18045, 43.057576], [-76.180743, 43.057685], [-76.184196, 43.059174], [-76.184856, 43.059432], [-76.186513, 43.060075]]",2022-01-11,-76.1409366318706,43.0287394909984,18541006,39197899,,PROPERTY DAMAGE,999,2022,OTHER,2022/01/11,1900-01-01 05:39:00,COLLISION WITH GUIDE RAIL,DARK-ROAD LIGHTED,STRAIGHT AND LEVEL,SNOW/ICE,NONE,NOT ENTERED,SNOW,0,1970/01/01,0,0,0,0,1,3301.0,0,SYRACUSE PD,No,407047.05641289,4764637.83707046,INTERSECTION-RELATED,Ramp,Onondaga,SOUTH-EAST,25.0,7030560.0,Syracuse,I 81,81I33032029,88.0,T,11-Urban Principal Arterial Interstate,NYSDOT,NYSDOT,Interstate 81,55.0,"V1:(UNSAFE SPEED,PAVEMENT SLIPPERY)",2022-01-11,-76.150117,43.052799