,type,properties.blockingAlertUuid,properties.city,properties.country,properties.delay,properties.endNode,properties.id,properties.length,properties.level,properties.line,properties.pubMillis,properties.roadType,properties.segments,properties.speed,properties.speedKMH,properties.street,properties.turnType,properties.type,properties.uuid,properties.utc_timestamp,properties.day_of_week,properties.weekday_weekend,geometry.type,geometry.coordinates,key_date_jams,X,Y,OBJECTID,CaseNumber,MaxInjuryS,CrashSever,RoadwayAcc,CaseYear,CollisionT,CrashDate,CrashTimeF,CrashType,LightCondi,RoadwayCha,RoadSurfac,TrafficCon,TrafficWay,WeatherCon,Commercial,DMVInsertD,NumberOfFa,NumberOfIn,NumberOfOt,NumberOfSe,NumberOfVe,PoliceDept,NonReporta,ReportingA,NonPublicW,UTMEasting,UTMNorthin,Intersecti,ClosestCro,CountyName,DirectionF,DistanceFr,MasterInte,CityTownNa,OnStreet,ReferenceM,ACCESS_CON,DIVIDED,FUNCTIONAL,MAINT_JURI,OWNING_JUR,NAME,POSTED_SPE,ApparentFa,key_date_crashes,jams_x,jams_y
133,Feature,,"Syracuse, NY",US,60.0,to I-690 W Â» Fairgrounds / Baldwinsville,136940928.0,2610.0,1.0,"[{'x': -76.14111, 'y': 43.02922}, {'x': -76.141373, 'y': 43.029935}, {'x': -76.141524, 'y': 43.030286}, {'x': -76.142546, 'y': 43.03301}, {'x': -76.142667, 'y': 43.033377}, {'x': -76.142832, 'y': 43.034076}, {'x': -76.142849, 'y': 43.0342}, {'x': -76.142843, 'y': 43.034583}, {'x': -76.142719, 'y': 43.035368}, {'x': -76.142256, 'y': 43.036733}, {'x': -76.142106, 'y': 43.037324}, {'x': -76.142036, 'y': 43.037828}, {'x': -76.142044, 'y': 43.038361}, {'x': -76.142053, 'y': 43.038697}, {'x': -76.142085, 'y': 43.039003}, {'x': -76.142143, 'y': 43.039333}, {'x': -76.142256, 'y': 43.039878}, {'x': -76.142317, 'y': 43.040195}, {'x': -76.142362, 'y': 43.040497}, {'x': -76.142398, 'y': 43.040823}, {'x': -76.142422, 'y': 43.04117}, {'x': -76.142437, 'y': 43.041623}, {'x': -76.142438, 'y': 43.041833}, {'x': -76.142442, 'y': 43.043166}, {'x': -76.142462, 'y': 43.044484}, {'x': -76.142478, 'y': 43.047322}, {'x': -76.142425, 'y': 43.047859}, {'x': -76.142458, 'y': 43.04855}, {'x': -76.14261, 'y': 43.049121}, {'x': -76.142687, 'y': 43.04931}, {'x': -76.142747, 'y': 43.049472}, {'x': -76.143054, 'y': 43.049916}, {'x': -76.143201, 'y': 43.05008}, {'x': -76.143502, 'y': 43.050368}, {'x': -76.143854, 'y': 43.050629}, {'x': -76.144202, 'y': 43.050849}, {'x': -76.144437, 'y': 43.05097}, {'x': -76.144869, 'y': 43.051157}, {'x': -76.145251, 'y': 43.051271}, {'x': -76.145684, 'y': 43.051373}]",1641881275345.0,3.0,"[{}, {}, {}, {}, {}]",16.0,57.6,I-81 N,NONE,NONE,136940928.0,2022-01-11 06:07:55,1,False,LineString,"[[-76.14111, 43.02922], [-76.141373, 43.029935], [-76.141524, 43.030286], [-76.142546, 43.03301], [-76.142667, 43.033377], [-76.142832, 43.034076], [-76.142849, 43.0342], [-76.142843, 43.034583], [-76.142719, 43.035368], [-76.142256, 43.036733], [-76.142106, 43.037324], [-76.142036, 43.037828], [-76.142044, 43.038361], [-76.142053, 43.038697], [-76.142085, 43.039003], [-76.142143, 43.039333], [-76.142256, 43.039878], [-76.142317, 43.040195], [-76.142362, 43.040497], [-76.142398, 43.040823], [-76.142422, 43.04117], [-76.142437, 43.041623], [-76.142438, 43.041833], [-76.142442, 43.043166], [-76.142462, 43.044484], [-76.142478, 43.047322], [-76.142425, 43.047859], [-76.142458, 43.04855], [-76.14261, 43.049121], [-76.142687, 43.04931], [-76.142747, 43.049472], [-76.143054, 43.049916], [-76.143201, 43.05008], [-76.143502, 43.050368], [-76.143854, 43.050629], [-76.144202, 43.050849], [-76.144437, 43.05097], [-76.144869, 43.051157], [-76.145251, 43.051271], [-76.145684, 43.051373]]",2022-01-11,-76.1409366318706,43.0287394909984,18541006,39197899,,PROPERTY DAMAGE,999,2022,OTHER,2022/01/11,1900-01-01 05:39:00,COLLISION WITH GUIDE RAIL,DARK-ROAD LIGHTED,STRAIGHT AND LEVEL,SNOW/ICE,NONE,NOT ENTERED,SNOW,0,1970/01/01,0,0,0,0,1,3301.0,0,SYRACUSE PD,No,407047.05641289,4764637.83707046,INTERSECTION-RELATED,Ramp,Onondaga,SOUTH-EAST,25.0,7030560.0,Syracuse,I 81,81I33032029,88.0,T,11-Urban Principal Arterial Interstate,NYSDOT,NYSDOT,Interstate 81,55.0,"V1:(UNSAFE SPEED,PAVEMENT SLIPPERY)",2022-01-11,-76.14111,43.02922
134,Feature,,"Chenango, NY",US,143.0,I-81 N,136958618.0,9477.0,1.0,"[{'x': -75.896542, 'y': 42.150044}, {'x': -75.896521, 'y': 42.150276}, {'x': -75.896516, 'y': 42.150514}, {'x': -75.896552, 'y': 42.15106}, {'x': -75.896627, 'y': 42.151408}, {'x': -75.896843, 'y': 42.152108}, {'x': -75.897309, 'y': 42.153279}, {'x': -75.897745, 'y': 42.154452}, {'x': -75.897832, 'y': 42.154698}, {'x': -75.897891, 'y': 42.154977}, {'x': -75.897935, 'y': 42.155238}, {'x': -75.897955, 'y': 42.155526}, {'x': -75.89796, 'y': 42.155672}, {'x': -75.897956, 'y': 42.155924}, {'x': -75.897925, 'y': 42.156197}, {'x': -75.897841, 'y': 42.156654}, {'x': -75.896355, 'y': 42.16295}, {'x': -75.895627, 'y': 42.166091}, {'x': -75.895559, 'y': 42.166515}, {'x': -75.895549, 'y': 42.166801}, {'x': -75.895554, 'y': 42.167186}, {'x': -75.895602, 'y': 42.167563}, {'x': -75.895667, 'y': 42.167884}, {'x': -75.89592, 'y': 42.168765}, {'x': -75.897222, 'y': 42.173128}, {'x': -75.897604, 'y': 42.174391}, {'x': -75.89804, 'y': 42.175605}, {'x': -75.898288, 'y': 42.17622}, {'x': -75.898761, 'y': 42.177285}, {'x': -75.901557, 'y': 42.182919}, {'x': -75.901877, 'y': 42.18373}, {'x': -75.902048, 'y': 42.184393}, {'x': -75.902144, 'y': 42.185029}, {'x': -75.902175, 'y': 42.185499}, {'x': -75.902156, 'y': 42.186013}, {'x': -75.902067, 'y': 42.186692}, {'x': -75.901963, 'y': 42.187121}, {'x': -75.901756, 'y': 42.187778}, {'x': -75.899324, 'y': 42.194767}, {'x': -75.898904, 'y': 42.196035}, {'x': -75.898752, 'y': 42.196621}, {'x': -75.898623, 'y': 42.197204}, {'x': -75.898492, 'y': 42.197891}, {'x': -75.898415, 'y': 42.198388}, {'x': -75.898348, 'y': 42.19898}, {'x': -75.898295, 'y': 42.199783}, {'x': -75.898286, 'y': 42.200798}, {'x': -75.898311, 'y': 42.201403}, {'x': -75.898432, 'y': 42.202591}, {'x': -75.898526, 'y': 42.203196}, {'x': -75.898729, 'y': 42.204189}, {'x': -75.898812, 'y': 42.204509}, {'x': -75.899043, 'y': 42.205281}, {'x': -75.899405, 'y': 42.206301}, {'x': -75.899874, 'y': 42.207407}, {'x': -75.907397, 'y': 42.221606}, {'x': -75.907847, 'y': 42.222425}, {'x': -75.908201, 'y': 42.222975}, {'x': -75.908724, 'y': 42.223582}, {'x': -75.909017, 'y': 42.223872}, {'x': -75.912, 'y': 42.226575}, {'x': -75.912668, 'y': 42.227242}, {'x': -75.912956, 'y': 42.227591}, {'x': -75.913198, 'y': 42.227932}, {'x': -75.913513, 'y': 42.228469}, {'x': -75.913689, 'y': 42.228843}, {'x': -75.913827, 'y': 42.229188}, {'x': -75.913972, 'y': 42.22972}, {'x': -75.91432, 'y': 42.231354}]",1641882518435.0,3.0,"[{}, {}, {}]",20.72222222222222,74.6,I-81 N,NONE,NONE,136958618.0,2022-01-11 06:28:38,1,False,LineString,"[[-75.896542, 42.150044], [-75.896521, 42.150276], [-75.896516, 42.150514], [-75.896552, 42.15106], [-75.896627, 42.151408], [-75.896843, 42.152108], [-75.897309, 42.153279], [-75.897745, 42.154452], [-75.897832, 42.154698], [-75.897891, 42.154977], [-75.897935, 42.155238], [-75.897955, 42.155526], [-75.89796, 42.155672], [-75.897956, 42.155924], [-75.897925, 42.156197], [-75.897841, 42.156654], [-75.896355, 42.16295], [-75.895627, 42.166091], [-75.895559, 42.166515], [-75.895549, 42.166801], [-75.895554, 42.167186], [-75.895602, 42.167563], [-75.895667, 42.167884], [-75.89592, 42.168765], [-75.897222, 42.173128], [-75.897604, 42.174391], [-75.89804, 42.175605], [-75.898288, 42.17622], [-75.898761, 42.177285], [-75.901557, 42.182919], [-75.901877, 42.18373], [-75.902048, 42.184393], [-75.902144, 42.185029], [-75.902175, 42.185499], [-75.902156, 42.186013], [-75.902067, 42.186692], [-75.901963, 42.187121], [-75.901756, 42.187778], [-75.899324, 42.194767], [-75.898904, 42.196035], [-75.898752, 42.196621], [-75.898623, 42.197204], [-75.898492, 42.197891], [-75.898415, 42.198388], [-75.898348, 42.19898], [-75.898295, 42.199783], [-75.898286, 42.200798], [-75.898311, 42.201403], [-75.898432, 42.202591], [-75.898526, 42.203196], [-75.898729, 42.204189], [-75.898812, 42.204509], [-75.899043, 42.205281], [-75.899405, 42.206301], [-75.899874, 42.207407], [-75.907397, 42.221606], [-75.907847, 42.222425], [-75.908201, 42.222975], [-75.908724, 42.223582], [-75.909017, 42.223872], [-75.912, 42.226575], [-75.912668, 42.227242], [-75.912956, 42.227591], [-75.913198, 42.227932], [-75.913513, 42.228469], [-75.913689, 42.228843], [-75.913827, 42.229188], [-75.913972, 42.22972], [-75.91432, 42.231354]]",2022-01-11,-75.9067445412205,42.1222714397177,18553572,39211562,,PROPERTY DAMAGE,999,2022,OTHER,2022/01/11,1900-01-01 06:00:00,COLLISION WITH GUIDE RAIL,DARK-ROAD LIGHTED,CURVE AND GRADE,SNOW/ICE,NONE,NOT ENTERED,SNOW,0,1970/01/01,0,0,0,0,1,300.0,0,BROOME CO SO,No,425049.18436704,4663749.82415037,Not an intersection crash,Ramp,Broome,4.0,107.0,,Dickinson,I 81,81I91013003,88.0,T,11-Urban Principal Arterial Interstate,NYSDOT,NYSDOT,Interstate 81,65.0,"V1:(PAVEMENT SLIPPERY,NOT APPLICABLE)",2022-01-11,-75.896542,42.150044
135,Feature,,"Tonawanda, NY",US,92.0,to I-290 E,136971132.0,4394.0,1.0,"[{'x': -78.849249, 'y': 43.00084}, {'x': -78.848299, 'y': 43.000923}, {'x': -78.847262, 'y': 43.000925}, {'x': -78.844988, 'y': 43.000932}, {'x': -78.840326, 'y': 43.00094}, {'x': -78.83817, 'y': 43.000983}, {'x': -78.837376, 'y': 43.001046}, {'x': -78.8369, 'y': 43.001111}, {'x': -78.83682, 'y': 43.00112}, {'x': -78.836082, 'y': 43.001203}, {'x': -78.834395, 'y': 43.001501}, {'x': -78.833432, 'y': 43.001711}, {'x': -78.832365, 'y': 43.001989}, {'x': -78.831321, 'y': 43.002305}, {'x': -78.830114, 'y': 43.002727}, {'x': -78.828567, 'y': 43.003282}, {'x': -78.82819, 'y': 43.003406}, {'x': -78.827698, 'y': 43.003561}, {'x': -78.827487, 'y': 43.003618}, {'x': -78.826962, 'y': 43.003746}, {'x': -78.825466, 'y': 43.004006}, {'x': -78.824736, 'y': 43.004071}, {'x': -78.823739, 'y': 43.004118}, {'x': -78.822891, 'y': 43.004122}, {'x': -78.822472, 'y': 43.004113}, {'x': -78.822376, 'y': 43.004107}, {'x': -78.822304, 'y': 43.004103}, {'x': -78.821569, 'y': 43.004053}, {'x': -78.820999, 'y': 43.003988}, {'x': -78.820651, 'y': 43.003946}, {'x': -78.819503, 'y': 43.003758}, {'x': -78.819139, 'y': 43.003685}, {'x': -78.817944, 'y': 43.003392}, {'x': -78.817478, 'y': 43.003256}, {'x': -78.817017, 'y': 43.003103}, {'x': -78.816491, 'y': 43.002921}, {'x': -78.815971, 'y': 43.002724}, {'x': -78.81552, 'y': 43.002522}, {'x': -78.815072, 'y': 43.002313}, {'x': -78.814818, 'y': 43.002193}, {'x': -78.814275, 'y': 43.001914}, {'x': -78.813645, 'y': 43.001574}, {'x': -78.811247, 'y': 42.999852}, {'x': -78.802836, 'y': 42.993381}, {'x': -78.802019, 'y': 42.992742}]",1641883306416.0,3.0,"[{}, {}, {}, {}, {}, {}, {}, {}]",17.408333333333335,62.67,I-290 E,NONE,NONE,136971132.0,2022-01-11 06:41:46,1,False,LineString,"[[-78.849249, 43.00084], [-78.848299, 43.000923], [-78.847262, 43.000925], [-78.844988, 43.000932], [-78.840326, 43.00094], [-78.83817, 43.000983], [-78.837376, 43.001046], [-78.8369, 43.001111], [-78.83682, 43.00112], [-78.836082, 43.001203], [-78.834395, 43.001501], [-78.833432, 43.001711], [-78.832365, 43.001989], [-78.831321, 43.002305], [-78.830114, 43.002727], [-78.828567, 43.003282], [-78.82819, 43.003406], [-78.827698, 43.003561], [-78.827487, 43.003618], [-78.826962, 43.003746], [-78.825466, 43.004006], [-78.824736, 43.004071], [-78.823739, 43.004118], [-78.822891, 43.004122], [-78.822472, 43.004113], [-78.822376, 43.004107], [-78.822304, 43.004103], [-78.821569, 43.004053], [-78.820999, 43.003988], [-78.820651, 43.003946], [-78.819503, 43.003758], [-78.819139, 43.003685], [-78.817944, 43.003392], [-78.817478, 43.003256], [-78.817017, 43.003103], [-78.816491, 43.002921], [-78.815971, 43.002724], [-78.81552, 43.002522], [-78.815072, 43.002313], [-78.814818, 43.002193], [-78.814275, 43.001914], [-78.813645, 43.001574], [-78.811247, 42.999852], [-78.802836, 42.993381], [-78.802019, 42.992742]]",2022-01-11,-78.8552150666622,42.9986685959644,18537841,39194249,,PROPERTY DAMAGE,999,2022,OTHER,2022/01/11,1900-01-01 06:21:00,COLLISION WITH MOTOR VEHICLE,DARK-ROAD LIGHTED,STRAIGHT AND LEVEL,SNOW/ICE,NONE,"ONE-WAY,NOT DIVIDED",CLOUDY,1,1970/01/01,0,0,0,0,3,1472.0,0,TONAWANDA TOWN PD,No,185744.13650065,4767882.88910705,Not an intersection crash,Ramp,Erie,7.0,211.0,,Tonawanda,I 290,290I53011033,88.0,T,11-Urban Principal Arterial Interstate,NYSDOT,NYSDOT,Youngmann Memorial Highway,55.0,"V1:(UNSAFE SPEED,PAVEMENT SLIPPERY) / V2:(NOT APPLICABLE,NOT APPLICABLE) / V3:(NOT APPLICABLE,NOT APPLICABLE)",2022-01-11,-78.849249,43.00084
136,Feature,,"Tonawanda, NY",US,97.0,Exit 4: I-990 N Â» University at Buffalo / N Campus / Lockport,136981312.0,3637.0,1.0,"[{'x': -78.857202, 'y': 42.997598}, {'x': -78.856699, 'y': 42.997872}, {'x': -78.856312, 'y': 42.99808}, {'x': -78.855459, 'y': 42.998535}, {'x': -78.855219, 'y': 42.998667}, {'x': -78.854402, 'y': 42.999116}, {'x': -78.853542, 'y': 42.999569}, {'x': -78.853437, 'y': 42.999626}, {'x': -78.852653, 'y': 42.999952}, {'x': -78.851924, 'y': 43.000234}, {'x': -78.850776, 'y': 43.000564}, {'x': -78.849543, 'y': 43.000799}, {'x': -78.849249, 'y': 43.00084}, {'x': -78.848299, 'y': 43.000923}, {'x': -78.847262, 'y': 43.000925}, {'x': -78.844988, 'y': 43.000932}, {'x': -78.840326, 'y': 43.00094}, {'x': -78.83817, 'y': 43.000983}, {'x': -78.837376, 'y': 43.001046}, {'x': -78.8369, 'y': 43.001111}, {'x': -78.83682, 'y': 43.00112}, {'x': -78.836082, 'y': 43.001203}, {'x': -78.834395, 'y': 43.001501}, {'x': -78.833432, 'y': 43.001711}, {'x': -78.832365, 'y': 43.001989}, {'x': -78.831321, 'y': 43.002305}, {'x': -78.830114, 'y': 43.002727}, {'x': -78.828567, 'y': 43.003282}, {'x': -78.82819, 'y': 43.003406}, {'x': -78.827698, 'y': 43.003561}, {'x': -78.827487, 'y': 43.003618}, {'x': -78.826962, 'y': 43.003746}, {'x': -78.825466, 'y': 43.004006}, {'x': -78.824736, 'y': 43.004071}, {'x': -78.823739, 'y': 43.004118}, {'x': -78.822891, 'y': 43.004122}, {'x': -78.822472, 'y': 43.004113}, {'x': -78.822376, 'y': 43.004107}, {'x': -78.822304, 'y': 43.004103}, {'x': -78.821569, 'y': 43.004053}, {'x': -78.820999, 'y': 43.003988}, {'x': -78.820651, 'y': 43.003946}, {'x': -78.819503, 'y': 43.003758}, {'x': -78.819139, 'y': 43.003685}, {'x': -78.817944, 'y': 43.003392}, {'x': -78.817478, 'y': 43.003256}, {'x': -78.817017, 'y': 43.003103}, {'x': -78.816491, 'y': 43.002921}, {'x': -78.815971, 'y': 43.002724}, {'x': -78.81552, 'y': 43.002522}, {'x': -78.815072, 'y': 43.002313}]",1641883699598.0,3.0,"[{}, {}, {}, {}, {}, {}, {}, {}, {}]",15.838888888888889,57.02,I-290 E,NONE,NONE,136981312.0,2022-01-11 06:48:19,1,False,LineString,"[[-78.857202, 42.997598], [-78.856699, 42.997872], [-78.856312, 42.99808], [-78.855459, 42.998535], [-78.855219, 42.998667], [-78.854402, 42.999116], [-78.853542, 42.999569], [-78.853437, 42.999626], [-78.852653, 42.999952], [-78.851924, 43.000234], [-78.850776, 43.000564], [-78.849543, 43.000799], [-78.849249, 43.00084], [-78.848299, 43.000923], [-78.847262, 43.000925], [-78.844988, 43.000932], [-78.840326, 43.00094], [-78.83817, 43.000983], [-78.837376, 43.001046], [-78.8369, 43.001111], [-78.83682, 43.00112], [-78.836082, 43.001203], [-78.834395, 43.001501], [-78.833432, 43.001711], [-78.832365, 43.001989], [-78.831321, 43.002305], [-78.830114, 43.002727], [-78.828567, 43.003282], [-78.82819, 43.003406], [-78.827698, 43.003561], [-78.827487, 43.003618], [-78.826962, 43.003746], [-78.825466, 43.004006], [-78.824736, 43.004071], [-78.823739, 43.004118], [-78.822891, 43.004122], [-78.822472, 43.004113], [-78.822376, 43.004107], [-78.822304, 43.004103], [-78.821569, 43.004053], [-78.820999, 43.003988], [-78.820651, 43.003946], [-78.819503, 43.003758], [-78.819139, 43.003685], [-78.817944, 43.003392], [-78.817478, 43.003256], [-78.817017, 43.003103], [-78.816491, 43.002921], [-78.815971, 43.002724], [-78.81552, 43.002522], [-78.815072, 43.002313]]",2022-01-11,-78.8552150666622,42.9986685959644,18537841,39194249,,PROPERTY DAMAGE,999,2022,OTHER,2022/01/11,1900-01-01 06:21:00,COLLISION WITH MOTOR VEHICLE,DARK-ROAD LIGHTED,STRAIGHT AND LEVEL,SNOW/ICE,NONE,"ONE-WAY,NOT DIVIDED",CLOUDY,1,1970/01/01,0,0,0,0,3,1472.0,0,TONAWANDA TOWN PD,No,185744.13650065,4767882.88910705,Not an intersection crash,Ramp,Erie,7.0,211.0,,Tonawanda,I 290,290I53011033,88.0,T,11-Urban Principal Arterial Interstate,NYSDOT,NYSDOT,Youngmann Memorial Highway,55.0,"V1:(UNSAFE SPEED,PAVEMENT SLIPPERY) / V2:(NOT APPLICABLE,NOT APPLICABLE) / V3:(NOT APPLICABLE,NOT APPLICABLE)",2022-01-11,-78.857202,42.997598
137,Feature,,"Colonie, NY",US,173.0,to I-87 N,136984156.0,4367.0,2.0,"[{'x': -73.830498, 'y': 42.706674}, {'x': -73.829659, 'y': 42.707403}, {'x': -73.829253, 'y': 42.707721}, {'x': -73.828466, 'y': 42.708256}, {'x': -73.826457, 'y': 42.709528}, {'x': -73.824338, 'y': 42.710854}, {'x': -73.823436, 'y': 42.711413}, {'x': -73.820703, 'y': 42.713114}, {'x': -73.819602, 'y': 42.713773}, {'x': -73.818212, 'y': 42.714672}, {'x': -73.817274, 'y': 42.715294}, {'x': -73.816947, 'y': 42.71553}, {'x': -73.815916, 'y': 42.716358}, {'x': -73.815011, 'y': 42.717119}, {'x': -73.814518, 'y': 42.717557}, {'x': -73.81445, 'y': 42.717614}, {'x': -73.8141, 'y': 42.717912}, {'x': -73.812135, 'y': 42.719582}, {'x': -73.811165, 'y': 42.720303}, {'x': -73.808949, 'y': 42.721787}, {'x': -73.808492, 'y': 42.722077}, {'x': -73.807827, 'y': 42.72248}, {'x': -73.807054, 'y': 42.722928}, {'x': -73.805872, 'y': 42.72357}, {'x': -73.805168, 'y': 42.723932}, {'x': -73.804235, 'y': 42.724389}, {'x': -73.803256, 'y': 42.724835}, {'x': -73.801502, 'y': 42.7256}, {'x': -73.799105, 'y': 42.726639}, {'x': -73.796028, 'y': 42.727961}, {'x': -73.795362, 'y': 42.728254}, {'x': -73.794073, 'y': 42.728825}, {'x': -73.793306, 'y': 42.729201}, {'x': -73.792703, 'y': 42.729518}, {'x': -73.791969, 'y': 42.729944}, {'x': -73.7912, 'y': 42.730444}, {'x': -73.790482, 'y': 42.730942}, {'x': -73.789942, 'y': 42.731365}, {'x': -73.789655, 'y': 42.731593}]",1641883896789.0,3.0,"[{}, {}, {}, {}, {}, {}, {}, {}, {}, {}]",13.344444444444443,48.04,I-87 N,NONE,NONE,136984156.0,2022-01-11 06:51:36,1,False,LineString,"[[-73.830498, 42.706674], [-73.829659, 42.707403], [-73.829253, 42.707721], [-73.828466, 42.708256], [-73.826457, 42.709528], [-73.824338, 42.710854], [-73.823436, 42.711413], [-73.820703, 42.713114], [-73.819602, 42.713773], [-73.818212, 42.714672], [-73.817274, 42.715294], [-73.816947, 42.71553], [-73.815916, 42.716358], [-73.815011, 42.717119], [-73.814518, 42.717557], [-73.81445, 42.717614], [-73.8141, 42.717912], [-73.812135, 42.719582], [-73.811165, 42.720303], [-73.808949, 42.721787], [-73.808492, 42.722077], [-73.807827, 42.72248], [-73.807054, 42.722928], [-73.805872, 42.72357], [-73.805168, 42.723932], [-73.804235, 42.724389], [-73.803256, 42.724835], [-73.801502, 42.7256], [-73.799105, 42.726639], [-73.796028, 42.727961], [-73.795362, 42.728254], [-73.794073, 42.728825], [-73.793306, 42.729201], [-73.792703, 42.729518], [-73.791969, 42.729944], [-73.7912, 42.730444], [-73.790482, 42.730942], [-73.789942, 42.731365], [-73.789655, 42.731593]]",2022-01-11,-73.8116701159906,42.6880506788312,18548906,39206621,,PROPERTY DAMAGE,999,2022,OTHER,2022/01/11,1900-01-01 06:40:00,COLLISION WITH OTHER,DARK-ROAD UNLIGHTED,STRAIGHT/ GRADE,WET,NONE,NOT ENTERED,CLOUDY,0,1970/01/01,0,0,0,0,1,10102.0,1,NYSP LOUDONVILLE,No,597347.93684286,4726858.80366906,Not an intersection crash,Ramp,Albany,8.0,183.0,,Albany,I 90,90I11011018,88.0,T,11-Urban Principal Arterial Interstate,NYSDOT,NYSDOT,,55.0,"V1:(OBSTRUCTION/DEBRIS,NOT APPLICABLE)",2022-01-11,-73.830498,42.706674
138,Feature,,"East Fishkill, NY",US,220.0,I-84 W,203765634.0,16569.0,1.0,"[{'x': -73.68324, 'y': 41.513235}, {'x': -73.683449, 'y': 41.513596}, {'x': -73.684174, 'y': 41.514593}, {'x': -73.684469, 'y': 41.514966}, {'x': -73.684999, 'y': 41.515529}, {'x': -73.68554, 'y': 41.51608}, {'x': -73.686321, 'y': 41.516787}, {'x': -73.687047, 'y': 41.517458}, {'x': -73.687608, 'y': 41.517965}, {'x': -73.68907, 'y': 41.519231}, {'x': -73.690227, 'y': 41.520322}, {'x': -73.690941, 'y': 41.521058}, {'x': -73.691859, 'y': 41.522095}, {'x': -73.692899, 'y': 41.523359}, {'x': -73.693955, 'y': 41.524798}, {'x': -73.694797, 'y': 41.525858}, {'x': -73.695143, 'y': 41.526324}, {'x': -73.695953, 'y': 41.527326}, {'x': -73.696635, 'y': 41.528061}, {'x': -73.697248, 'y': 41.528692}, {'x': -73.698326, 'y': 41.529695}, {'x': -73.700034, 'y': 41.531057}, {'x': -73.702115, 'y': 41.532483}, {'x': -73.704147, 'y': 41.533826}, {'x': -73.704846, 'y': 41.534341}, {'x': -73.70546, 'y': 41.534821}, {'x': -73.706174, 'y': 41.535474}, {'x': -73.707005, 'y': 41.536253}, {'x': -73.709189, 'y': 41.538701}, {'x': -73.711728, 'y': 41.541616}, {'x': -73.713264, 'y': 41.543209}, {'x': -73.714237, 'y': 41.544024}, {'x': -73.715315, 'y': 41.544764}, {'x': -73.71593, 'y': 41.545148}, {'x': -73.71688, 'y': 41.545673}, {'x': -73.717862, 'y': 41.546131}, {'x': -73.718726, 'y': 41.546475}, {'x': -73.720096, 'y': 41.546938}, {'x': -73.721002, 'y': 41.547215}, {'x': -73.722399, 'y': 41.547502}, {'x': -73.723935, 'y': 41.547697}, {'x': -73.727705, 'y': 41.548024}, {'x': -73.734424, 'y': 41.548584}, {'x': -73.736486, 'y': 41.548754}, {'x': -73.738222, 'y': 41.548756}, {'x': -73.739756, 'y': 41.548661}, {'x': -73.741398, 'y': 41.548429}, {'x': -73.743315, 'y': 41.547978}, {'x': -73.744647, 'y': 41.547562}, {'x': -73.747407, 'y': 41.546467}, {'x': -73.748363, 'y': 41.546051}, {'x': -73.757443, 'y': 41.542309}, {'x': -73.759189, 'y': 41.541679}, {'x': -73.760993, 'y': 41.541122}, {'x': -73.763059, 'y': 41.540598}, {'x': -73.764989, 'y': 41.540208}, {'x': -73.767021, 'y': 41.539883}, {'x': -73.769541, 'y': 41.539543}, {'x': -73.770409, 'y': 41.539442}, {'x': -73.771243, 'y': 41.539305}, {'x': -73.776548, 'y': 41.538553}, {'x': -73.77723, 'y': 41.538435}, {'x': -73.777765, 'y': 41.538316}, {'x': -73.778796, 'y': 41.538045}, {'x': -73.779176, 'y': 41.537927}, {'x': -73.78199, 'y': 41.536941}, {'x': -73.78341, 'y': 41.536401}, {'x': -73.784598, 'y': 41.535983}, {'x': -73.787687, 'y': 41.534864}, {'x': -73.788949, 'y': 41.534464}, {'x': -73.790575, 'y': 41.534045}, {'x': -73.803053, 'y': 41.531042}, {'x': -73.804909, 'y': 41.53067}, {'x': -73.806228, 'y': 41.530467}, {'x': -73.807374, 'y': 41.530335}, {'x': -73.80948, 'y': 41.530191}, {'x': -73.811773, 'y': 41.53018}, {'x': -73.813973, 'y': 41.530306}, {'x': -73.816853, 'y': 41.530698}, {'x': -73.819709, 'y': 41.531304}, {'x': -73.826058, 'y': 41.532621}, {'x': -73.828092, 'y': 41.532842}, {'x': -73.829779, 'y': 41.532947}, {'x': -73.831757, 'y': 41.532932}, {'x': -73.833286, 'y': 41.532827}, {'x': -73.83937, 'y': 41.532139}, {'x': -73.841217, 'y': 41.531899}, {'x': -73.843129, 'y': 41.531564}, {'x': -73.845502, 'y': 41.531032}, {'x': -73.847513, 'y': 41.530468}, {'x': -73.849843, 'y': 41.529676}, {'x': -73.85185, 'y': 41.52886}, {'x': -73.853352, 'y': 41.528168}]",1642383992976.0,3.0,"[{}, {}, {}, {}, {}, {}, {}, {}, {}, {}]",21.655555555555555,77.96,I-84 W,NONE,NONE,203765634.0,2022-01-17 01:46:32,0,False,LineString,"[[-73.68324, 41.513235], [-73.683449, 41.513596], [-73.684174, 41.514593], [-73.684469, 41.514966], [-73.684999, 41.515529], [-73.68554, 41.51608], [-73.686321, 41.516787], [-73.687047, 41.517458], [-73.687608, 41.517965], [-73.68907, 41.519231], [-73.690227, 41.520322], [-73.690941, 41.521058], [-73.691859, 41.522095], [-73.692899, 41.523359], [-73.693955, 41.524798], [-73.694797, 41.525858], [-73.695143, 41.526324], [-73.695953, 41.527326], [-73.696635, 41.528061], [-73.697248, 41.528692], [-73.698326, 41.529695], [-73.700034, 41.531057], [-73.702115, 41.532483], [-73.704147, 41.533826], [-73.704846, 41.534341], [-73.70546, 41.534821], [-73.706174, 41.535474], [-73.707005, 41.536253], [-73.709189, 41.538701], [-73.711728, 41.541616], [-73.713264, 41.543209], [-73.714237, 41.544024], [-73.715315, 41.544764], [-73.71593, 41.545148], [-73.71688, 41.545673], [-73.717862, 41.546131], [-73.718726, 41.546475], [-73.720096, 41.546938], [-73.721002, 41.547215], [-73.722399, 41.547502], [-73.723935, 41.547697], [-73.727705, 41.548024], [-73.734424, 41.548584], [-73.736486, 41.548754], [-73.738222, 41.548756], [-73.739756, 41.548661], [-73.741398, 41.548429], [-73.743315, 41.547978], [-73.744647, 41.547562], [-73.747407, 41.546467], [-73.748363, 41.546051], [-73.757443, 41.542309], [-73.759189, 41.541679], [-73.760993, 41.541122], [-73.763059, 41.540598], [-73.764989, 41.540208], [-73.767021, 41.539883], [-73.769541, 41.539543], [-73.770409, 41.539442], [-73.771243, 41.539305], [-73.776548, 41.538553], [-73.77723, 41.538435], [-73.777765, 41.538316], [-73.778796, 41.538045], [-73.779176, 41.537927], [-73.78199, 41.536941], [-73.78341, 41.536401], [-73.784598, 41.535983], [-73.787687, 41.534864], [-73.788949, 41.534464], [-73.790575, 41.534045], [-73.803053, 41.531042], [-73.804909, 41.53067], [-73.806228, 41.530467], [-73.807374, 41.530335], [-73.80948, 41.530191], [-73.811773, 41.53018], [-73.813973, 41.530306], [-73.816853, 41.530698], [-73.819709, 41.531304], [-73.826058, 41.532621], [-73.828092, 41.532842], [-73.829779, 41.532947], [-73.831757, 41.532932], [-73.833286, 41.532827], [-73.83937, 41.532139], [-73.841217, 41.531899], [-73.843129, 41.531564], [-73.845502, 41.531032], [-73.847513, 41.530468], [-73.849843, 41.529676], [-73.85185, 41.52886], [-73.853352, 41.528168]]",2022-01-17,-73.6929204167782,41.5227729275796,18546066,39203455,,PROPERTY DAMAGE,999,2022,OTHER,2022/01/17,1900-01-01 01:54:00,COLLISION WITH GUIDE RAIL,DARK-ROAD UNLIGHTED,STRAIGHT AND LEVEL,SNOW/ICE,NONE,NOT ENTERED,SNOW,0,1970/01/01,0,0,0,0,1,11308.0,0,SP THRUWAY EAST FISHKILL,No,609055.42160148,4597617.15495377,Not an intersection crash,,Dutchess,,0.0,,East Fishkill,I 84,84I82021175,88.0,T,11-Urban Principal Arterial Interstate,NYSDOT,NYSDOT,Interstate 84,55.0,"V1:(UNSAFE SPEED,PAVEMENT SLIPPERY)",2022-01-17,-73.68324,41.513235