,type,properties.blockingAlertUuid,properties.city,properties.country,properties.delay,properties.endNode,properties.id,properties.length,properties.level,properties.line,properties.pubMillis,properties.roadType,properties.segments,properties.speed,properties.speedKMH,properties.street,properties.turnType,properties.type,properties.uuid,properties.utc_timestamp,properties.day_of_week,properties.weekday_weekend,geometry.type,geometry.coordinates,key_date_jams,X,Y,OBJECTID,CaseNumber,MaxInjuryS,CrashSever,RoadwayAcc,CaseYear,CollisionT,CrashDate,CrashTimeF,CrashType,LightCondi,RoadwayCha,RoadSurfac,TrafficCon,TrafficWay,WeatherCon,Commercial,DMVInsertD,NumberOfFa,NumberOfIn,NumberOfOt,NumberOfSe,NumberOfVe,PoliceDept,NonReporta,ReportingA,NonPublicW,UTMEasting,UTMNorthin,Intersecti,ClosestCro,CountyName,DirectionF,DistanceFr,MasterInte,CityTownNa,OnStreet,ReferenceM,ACCESS_CON,DIVIDED,FUNCTIONAL,MAINT_JURI,OWNING_JUR,NAME,POSTED_SPE,ApparentFa,key_date_crashes,jams_x,jams_y
139,Feature,,"East Fishkill, NY",US,181.0,to I-84 W Â» Newburgh,203780518.0,13643.0,1.0,"[{'x': -73.68324, 'y': 41.513235}, {'x': -73.683449, 'y': 41.513596}, {'x': -73.684174, 'y': 41.514593}, {'x': -73.684469, 'y': 41.514966}, {'x': -73.684999, 'y': 41.515529}, {'x': -73.68554, 'y': 41.51608}, {'x': -73.686321, 'y': 41.516787}, {'x': -73.687047, 'y': 41.517458}, {'x': -73.687608, 'y': 41.517965}, {'x': -73.68907, 'y': 41.519231}, {'x': -73.690227, 'y': 41.520322}, {'x': -73.690941, 'y': 41.521058}, {'x': -73.691859, 'y': 41.522095}, {'x': -73.692899, 'y': 41.523359}, {'x': -73.693955, 'y': 41.524798}, {'x': -73.694797, 'y': 41.525858}, {'x': -73.695143, 'y': 41.526324}, {'x': -73.695953, 'y': 41.527326}, {'x': -73.696635, 'y': 41.528061}, {'x': -73.697248, 'y': 41.528692}, {'x': -73.698326, 'y': 41.529695}, {'x': -73.700034, 'y': 41.531057}, {'x': -73.702115, 'y': 41.532483}, {'x': -73.704147, 'y': 41.533826}, {'x': -73.704846, 'y': 41.534341}, {'x': -73.70546, 'y': 41.534821}, {'x': -73.706174, 'y': 41.535474}, {'x': -73.707005, 'y': 41.536253}, {'x': -73.709189, 'y': 41.538701}, {'x': -73.711728, 'y': 41.541616}, {'x': -73.713264, 'y': 41.543209}, {'x': -73.714237, 'y': 41.544024}, {'x': -73.715315, 'y': 41.544764}, {'x': -73.71593, 'y': 41.545148}, {'x': -73.71688, 'y': 41.545673}, {'x': -73.717862, 'y': 41.546131}, {'x': -73.718726, 'y': 41.546475}, {'x': -73.720096, 'y': 41.546938}, {'x': -73.721002, 'y': 41.547215}, {'x': -73.722399, 'y': 41.547502}, {'x': -73.723935, 'y': 41.547697}, {'x': -73.727705, 'y': 41.548024}, {'x': -73.734424, 'y': 41.548584}, {'x': -73.736486, 'y': 41.548754}, {'x': -73.738222, 'y': 41.548756}, {'x': -73.739756, 'y': 41.548661}, {'x': -73.741398, 'y': 41.548429}, {'x': -73.743315, 'y': 41.547978}, {'x': -73.744647, 'y': 41.547562}, {'x': -73.747407, 'y': 41.546467}, {'x': -73.748363, 'y': 41.546051}, {'x': -73.757443, 'y': 41.542309}, {'x': -73.759189, 'y': 41.541679}, {'x': -73.760993, 'y': 41.541122}, {'x': -73.763059, 'y': 41.540598}, {'x': -73.764989, 'y': 41.540208}, {'x': -73.767021, 'y': 41.539883}, {'x': -73.769541, 'y': 41.539543}, {'x': -73.770409, 'y': 41.539442}, {'x': -73.771243, 'y': 41.539305}, {'x': -73.776548, 'y': 41.538553}, {'x': -73.77723, 'y': 41.538435}, {'x': -73.777765, 'y': 41.538316}, {'x': -73.778796, 'y': 41.538045}, {'x': -73.779176, 'y': 41.537927}, {'x': -73.78199, 'y': 41.536941}, {'x': -73.78341, 'y': 41.536401}, {'x': -73.784598, 'y': 41.535983}, {'x': -73.787687, 'y': 41.534864}, {'x': -73.788949, 'y': 41.534464}, {'x': -73.790575, 'y': 41.534045}, {'x': -73.803053, 'y': 41.531042}, {'x': -73.804909, 'y': 41.53067}, {'x': -73.806228, 'y': 41.530467}, {'x': -73.807374, 'y': 41.530335}, {'x': -73.80948, 'y': 41.530191}, {'x': -73.811773, 'y': 41.53018}, {'x': -73.813973, 'y': 41.530306}, {'x': -73.816853, 'y': 41.530698}, {'x': -73.819709, 'y': 41.531304}]",1642384148656.0,3.0,"[{}, {}, {}, {}, {}, {}, {}, {}, {}]",21.68611111111111,78.07,I-84 W,NONE,NONE,203780518.0,2022-01-17 01:49:08,0,False,LineString,"[[-73.68324, 41.513235], [-73.683449, 41.513596], [-73.684174, 41.514593], [-73.684469, 41.514966], [-73.684999, 41.515529], [-73.68554, 41.51608], [-73.686321, 41.516787], [-73.687047, 41.517458], [-73.687608, 41.517965], [-73.68907, 41.519231], [-73.690227, 41.520322], [-73.690941, 41.521058], [-73.691859, 41.522095], [-73.692899, 41.523359], [-73.693955, 41.524798], [-73.694797, 41.525858], [-73.695143, 41.526324], [-73.695953, 41.527326], [-73.696635, 41.528061], [-73.697248, 41.528692], [-73.698326, 41.529695], [-73.700034, 41.531057], [-73.702115, 41.532483], [-73.704147, 41.533826], [-73.704846, 41.534341], [-73.70546, 41.534821], [-73.706174, 41.535474], [-73.707005, 41.536253], [-73.709189, 41.538701], [-73.711728, 41.541616], [-73.713264, 41.543209], [-73.714237, 41.544024], [-73.715315, 41.544764], [-73.71593, 41.545148], [-73.71688, 41.545673], [-73.717862, 41.546131], [-73.718726, 41.546475], [-73.720096, 41.546938], [-73.721002, 41.547215], [-73.722399, 41.547502], [-73.723935, 41.547697], [-73.727705, 41.548024], [-73.734424, 41.548584], [-73.736486, 41.548754], [-73.738222, 41.548756], [-73.739756, 41.548661], [-73.741398, 41.548429], [-73.743315, 41.547978], [-73.744647, 41.547562], [-73.747407, 41.546467], [-73.748363, 41.546051], [-73.757443, 41.542309], [-73.759189, 41.541679], [-73.760993, 41.541122], [-73.763059, 41.540598], [-73.764989, 41.540208], [-73.767021, 41.539883], [-73.769541, 41.539543], [-73.770409, 41.539442], [-73.771243, 41.539305], [-73.776548, 41.538553], [-73.77723, 41.538435], [-73.777765, 41.538316], [-73.778796, 41.538045], [-73.779176, 41.537927], [-73.78199, 41.536941], [-73.78341, 41.536401], [-73.784598, 41.535983], [-73.787687, 41.534864], [-73.788949, 41.534464], [-73.790575, 41.534045], [-73.803053, 41.531042], [-73.804909, 41.53067], [-73.806228, 41.530467], [-73.807374, 41.530335], [-73.80948, 41.530191], [-73.811773, 41.53018], [-73.813973, 41.530306], [-73.816853, 41.530698], [-73.819709, 41.531304]]",2022-01-17,-73.6929204167782,41.5227729275796,18546066,39203455,,PROPERTY DAMAGE,999,2022,OTHER,2022/01/17,1900-01-01 01:54:00,COLLISION WITH GUIDE RAIL,DARK-ROAD UNLIGHTED,STRAIGHT AND LEVEL,SNOW/ICE,NONE,NOT ENTERED,SNOW,0,1970/01/01,0,0,0,0,1,11308.0,0,SP THRUWAY EAST FISHKILL,No,609055.42160148,4597617.15495377,Not an intersection crash,,Dutchess,,0.0,,East Fishkill,I 84,84I82021175,88.0,T,11-Urban Principal Arterial Interstate,NYSDOT,NYSDOT,Interstate 84,55.0,"V1:(UNSAFE SPEED,PAVEMENT SLIPPERY)",2022-01-17,-73.68324,41.513235
140,Feature,,"East Fishkill, NY",US,219.0,I-84 W,203780518.0,16569.0,1.0,"[{'x': -73.68324, 'y': 41.513235}, {'x': -73.683449, 'y': 41.513596}, {'x': -73.684174, 'y': 41.514593}, {'x': -73.684469, 'y': 41.514966}, {'x': -73.684999, 'y': 41.515529}, {'x': -73.68554, 'y': 41.51608}, {'x': -73.686321, 'y': 41.516787}, {'x': -73.687047, 'y': 41.517458}, {'x': -73.687608, 'y': 41.517965}, {'x': -73.68907, 'y': 41.519231}, {'x': -73.690227, 'y': 41.520322}, {'x': -73.690941, 'y': 41.521058}, {'x': -73.691859, 'y': 41.522095}, {'x': -73.692899, 'y': 41.523359}, {'x': -73.693955, 'y': 41.524798}, {'x': -73.694797, 'y': 41.525858}, {'x': -73.695143, 'y': 41.526324}, {'x': -73.695953, 'y': 41.527326}, {'x': -73.696635, 'y': 41.528061}, {'x': -73.697248, 'y': 41.528692}, {'x': -73.698326, 'y': 41.529695}, {'x': -73.700034, 'y': 41.531057}, {'x': -73.702115, 'y': 41.532483}, {'x': -73.704147, 'y': 41.533826}, {'x': -73.704846, 'y': 41.534341}, {'x': -73.70546, 'y': 41.534821}, {'x': -73.706174, 'y': 41.535474}, {'x': -73.707005, 'y': 41.536253}, {'x': -73.709189, 'y': 41.538701}, {'x': -73.711728, 'y': 41.541616}, {'x': -73.713264, 'y': 41.543209}, {'x': -73.714237, 'y': 41.544024}, {'x': -73.715315, 'y': 41.544764}, {'x': -73.71593, 'y': 41.545148}, {'x': -73.71688, 'y': 41.545673}, {'x': -73.717862, 'y': 41.546131}, {'x': -73.718726, 'y': 41.546475}, {'x': -73.720096, 'y': 41.546938}, {'x': -73.721002, 'y': 41.547215}, {'x': -73.722399, 'y': 41.547502}, {'x': -73.723935, 'y': 41.547697}, {'x': -73.727705, 'y': 41.548024}, {'x': -73.734424, 'y': 41.548584}, {'x': -73.736486, 'y': 41.548754}, {'x': -73.738222, 'y': 41.548756}, {'x': -73.739756, 'y': 41.548661}, {'x': -73.741398, 'y': 41.548429}, {'x': -73.743315, 'y': 41.547978}, {'x': -73.744647, 'y': 41.547562}, {'x': -73.747407, 'y': 41.546467}, {'x': -73.748363, 'y': 41.546051}, {'x': -73.757443, 'y': 41.542309}, {'x': -73.759189, 'y': 41.541679}, {'x': -73.760993, 'y': 41.541122}, {'x': -73.763059, 'y': 41.540598}, {'x': -73.764989, 'y': 41.540208}, {'x': -73.767021, 'y': 41.539883}, {'x': -73.769541, 'y': 41.539543}, {'x': -73.770409, 'y': 41.539442}, {'x': -73.771243, 'y': 41.539305}, {'x': -73.776548, 'y': 41.538553}, {'x': -73.77723, 'y': 41.538435}, {'x': -73.777765, 'y': 41.538316}, {'x': -73.778796, 'y': 41.538045}, {'x': -73.779176, 'y': 41.537927}, {'x': -73.78199, 'y': 41.536941}, {'x': -73.78341, 'y': 41.536401}, {'x': -73.784598, 'y': 41.535983}, {'x': -73.787687, 'y': 41.534864}, {'x': -73.788949, 'y': 41.534464}, {'x': -73.790575, 'y': 41.534045}, {'x': -73.803053, 'y': 41.531042}, {'x': -73.804909, 'y': 41.53067}, {'x': -73.806228, 'y': 41.530467}, {'x': -73.807374, 'y': 41.530335}, {'x': -73.80948, 'y': 41.530191}, {'x': -73.811773, 'y': 41.53018}, {'x': -73.813973, 'y': 41.530306}, {'x': -73.816853, 'y': 41.530698}, {'x': -73.819709, 'y': 41.531304}, {'x': -73.826058, 'y': 41.532621}, {'x': -73.828092, 'y': 41.532842}, {'x': -73.829779, 'y': 41.532947}, {'x': -73.831757, 'y': 41.532932}, {'x': -73.833286, 'y': 41.532827}, {'x': -73.83937, 'y': 41.532139}, {'x': -73.841217, 'y': 41.531899}, {'x': -73.843129, 'y': 41.531564}, {'x': -73.845502, 'y': 41.531032}, {'x': -73.847513, 'y': 41.530468}, {'x': -73.849843, 'y': 41.529676}, {'x': -73.85185, 'y': 41.52886}, {'x': -73.853352, 'y': 41.528168}]",1642384148656.0,3.0,"[{}, {}, {}, {}, {}, {}, {}, {}, {}, {}]",21.68888888888889,78.08,I-84 W,NONE,NONE,203780518.0,2022-01-17 01:49:08,0,False,LineString,"[[-73.68324, 41.513235], [-73.683449, 41.513596], [-73.684174, 41.514593], [-73.684469, 41.514966], [-73.684999, 41.515529], [-73.68554, 41.51608], [-73.686321, 41.516787], [-73.687047, 41.517458], [-73.687608, 41.517965], [-73.68907, 41.519231], [-73.690227, 41.520322], [-73.690941, 41.521058], [-73.691859, 41.522095], [-73.692899, 41.523359], [-73.693955, 41.524798], [-73.694797, 41.525858], [-73.695143, 41.526324], [-73.695953, 41.527326], [-73.696635, 41.528061], [-73.697248, 41.528692], [-73.698326, 41.529695], [-73.700034, 41.531057], [-73.702115, 41.532483], [-73.704147, 41.533826], [-73.704846, 41.534341], [-73.70546, 41.534821], [-73.706174, 41.535474], [-73.707005, 41.536253], [-73.709189, 41.538701], [-73.711728, 41.541616], [-73.713264, 41.543209], [-73.714237, 41.544024], [-73.715315, 41.544764], [-73.71593, 41.545148], [-73.71688, 41.545673], [-73.717862, 41.546131], [-73.718726, 41.546475], [-73.720096, 41.546938], [-73.721002, 41.547215], [-73.722399, 41.547502], [-73.723935, 41.547697], [-73.727705, 41.548024], [-73.734424, 41.548584], [-73.736486, 41.548754], [-73.738222, 41.548756], [-73.739756, 41.548661], [-73.741398, 41.548429], [-73.743315, 41.547978], [-73.744647, 41.547562], [-73.747407, 41.546467], [-73.748363, 41.546051], [-73.757443, 41.542309], [-73.759189, 41.541679], [-73.760993, 41.541122], [-73.763059, 41.540598], [-73.764989, 41.540208], [-73.767021, 41.539883], [-73.769541, 41.539543], [-73.770409, 41.539442], [-73.771243, 41.539305], [-73.776548, 41.538553], [-73.77723, 41.538435], [-73.777765, 41.538316], [-73.778796, 41.538045], [-73.779176, 41.537927], [-73.78199, 41.536941], [-73.78341, 41.536401], [-73.784598, 41.535983], [-73.787687, 41.534864], [-73.788949, 41.534464], [-73.790575, 41.534045], [-73.803053, 41.531042], [-73.804909, 41.53067], [-73.806228, 41.530467], [-73.807374, 41.530335], [-73.80948, 41.530191], [-73.811773, 41.53018], [-73.813973, 41.530306], [-73.816853, 41.530698], [-73.819709, 41.531304], [-73.826058, 41.532621], [-73.828092, 41.532842], [-73.829779, 41.532947], [-73.831757, 41.532932], [-73.833286, 41.532827], [-73.83937, 41.532139], [-73.841217, 41.531899], [-73.843129, 41.531564], [-73.845502, 41.531032], [-73.847513, 41.530468], [-73.849843, 41.529676], [-73.85185, 41.52886], [-73.853352, 41.528168]]",2022-01-17,-73.6929204167782,41.5227729275796,18546066,39203455,,PROPERTY DAMAGE,999,2022,OTHER,2022/01/17,1900-01-01 01:54:00,COLLISION WITH GUIDE RAIL,DARK-ROAD UNLIGHTED,STRAIGHT AND LEVEL,SNOW/ICE,NONE,NOT ENTERED,SNOW,0,1970/01/01,0,0,0,0,1,11308.0,0,SP THRUWAY EAST FISHKILL,No,609055.42160148,4597617.15495377,Not an intersection crash,,Dutchess,,0.0,,East Fishkill,I 84,84I82021175,88.0,T,11-Urban Principal Arterial Interstate,NYSDOT,NYSDOT,Interstate 84,55.0,"V1:(UNSAFE SPEED,PAVEMENT SLIPPERY)",2022-01-17,-73.68324,41.513235
141,Feature,,"Lake Carmel, NY",US,60.0,I-84 E,203828640.0,3532.0,1.0,"[{'x': -73.676885, 'y': 41.502023}, {'x': -73.67574, 'y': 41.501505}, {'x': -73.673757, 'y': 41.500793}, {'x': -73.672235, 'y': 41.500135}, {'x': -73.670711, 'y': 41.499284}, {'x': -73.6693, 'y': 41.498216}, {'x': -73.668431, 'y': 41.497394}, {'x': -73.667655, 'y': 41.496415}, {'x': -73.667027, 'y': 41.495435}, {'x': -73.66538, 'y': 41.491805}, {'x': -73.664471, 'y': 41.490494}, {'x': -73.663481, 'y': 41.489408}, {'x': -73.662448, 'y': 41.488527}, {'x': -73.656892, 'y': 41.484617}, {'x': -73.655845, 'y': 41.483689}, {'x': -73.654981, 'y': 41.482706}, {'x': -73.654038, 'y': 41.481318}, {'x': -73.651595, 'y': 41.477613}]",1642384678616.0,3.0,[{}],19.84722222222222,71.45,I-84 E,NONE,NONE,203828640.0,2022-01-17 01:57:58,0,False,LineString,"[[-73.676885, 41.502023], [-73.67574, 41.501505], [-73.673757, 41.500793], [-73.672235, 41.500135], [-73.670711, 41.499284], [-73.6693, 41.498216], [-73.668431, 41.497394], [-73.667655, 41.496415], [-73.667027, 41.495435], [-73.66538, 41.491805], [-73.664471, 41.490494], [-73.663481, 41.489408], [-73.662448, 41.488527], [-73.656892, 41.484617], [-73.655845, 41.483689], [-73.654981, 41.482706], [-73.654038, 41.481318], [-73.651595, 41.477613]]",2022-01-17,-73.6929204167782,41.5227729275796,18546066,39203455,,PROPERTY DAMAGE,999,2022,OTHER,2022/01/17,1900-01-01 01:54:00,COLLISION WITH GUIDE RAIL,DARK-ROAD UNLIGHTED,STRAIGHT AND LEVEL,SNOW/ICE,NONE,NOT ENTERED,SNOW,0,1970/01/01,0,0,0,0,1,11308.0,0,SP THRUWAY EAST FISHKILL,No,609055.42160148,4597617.15495377,Not an intersection crash,,Dutchess,,0.0,,East Fishkill,I 84,84I82021175,88.0,T,11-Urban Principal Arterial Interstate,NYSDOT,NYSDOT,Interstate 84,55.0,"V1:(UNSAFE SPEED,PAVEMENT SLIPPERY)",2022-01-17,-73.676885,41.502023
142,Feature,,"East Fishkill, NY",US,447.0,I-84 W,203931404.0,16569.0,1.0,"[{'x': -73.68324, 'y': 41.513235}, {'x': -73.683449, 'y': 41.513596}, {'x': -73.684174, 'y': 41.514593}, {'x': -73.684469, 'y': 41.514966}, {'x': -73.684999, 'y': 41.515529}, {'x': -73.68554, 'y': 41.51608}, {'x': -73.686321, 'y': 41.516787}, {'x': -73.687047, 'y': 41.517458}, {'x': -73.687608, 'y': 41.517965}, {'x': -73.68907, 'y': 41.519231}, {'x': -73.690227, 'y': 41.520322}, {'x': -73.690941, 'y': 41.521058}, {'x': -73.691859, 'y': 41.522095}, {'x': -73.692899, 'y': 41.523359}, {'x': -73.693955, 'y': 41.524798}, {'x': -73.694797, 'y': 41.525858}, {'x': -73.695143, 'y': 41.526324}, {'x': -73.695953, 'y': 41.527326}, {'x': -73.696635, 'y': 41.528061}, {'x': -73.697248, 'y': 41.528692}, {'x': -73.698326, 'y': 41.529695}, {'x': -73.700034, 'y': 41.531057}, {'x': -73.702115, 'y': 41.532483}, {'x': -73.704147, 'y': 41.533826}, {'x': -73.704846, 'y': 41.534341}, {'x': -73.70546, 'y': 41.534821}, {'x': -73.706174, 'y': 41.535474}, {'x': -73.707005, 'y': 41.536253}, {'x': -73.709189, 'y': 41.538701}, {'x': -73.711728, 'y': 41.541616}, {'x': -73.713264, 'y': 41.543209}, {'x': -73.714237, 'y': 41.544024}, {'x': -73.715315, 'y': 41.544764}, {'x': -73.71593, 'y': 41.545148}, {'x': -73.71688, 'y': 41.545673}, {'x': -73.717862, 'y': 41.546131}, {'x': -73.718726, 'y': 41.546475}, {'x': -73.720096, 'y': 41.546938}, {'x': -73.721002, 'y': 41.547215}, {'x': -73.722399, 'y': 41.547502}, {'x': -73.723935, 'y': 41.547697}, {'x': -73.727705, 'y': 41.548024}, {'x': -73.734424, 'y': 41.548584}, {'x': -73.736486, 'y': 41.548754}, {'x': -73.738222, 'y': 41.548756}, {'x': -73.739756, 'y': 41.548661}, {'x': -73.741398, 'y': 41.548429}, {'x': -73.743315, 'y': 41.547978}, {'x': -73.744647, 'y': 41.547562}, {'x': -73.747407, 'y': 41.546467}, {'x': -73.748363, 'y': 41.546051}, {'x': -73.757443, 'y': 41.542309}, {'x': -73.759189, 'y': 41.541679}, {'x': -73.760993, 'y': 41.541122}, {'x': -73.763059, 'y': 41.540598}, {'x': -73.764989, 'y': 41.540208}, {'x': -73.767021, 'y': 41.539883}, {'x': -73.769541, 'y': 41.539543}, {'x': -73.770409, 'y': 41.539442}, {'x': -73.771243, 'y': 41.539305}, {'x': -73.776548, 'y': 41.538553}, {'x': -73.77723, 'y': 41.538435}, {'x': -73.777765, 'y': 41.538316}, {'x': -73.778796, 'y': 41.538045}, {'x': -73.779176, 'y': 41.537927}, {'x': -73.78199, 'y': 41.536941}, {'x': -73.78341, 'y': 41.536401}, {'x': -73.784598, 'y': 41.535983}, {'x': -73.787687, 'y': 41.534864}, {'x': -73.788949, 'y': 41.534464}, {'x': -73.790575, 'y': 41.534045}, {'x': -73.803053, 'y': 41.531042}, {'x': -73.804909, 'y': 41.53067}, {'x': -73.806228, 'y': 41.530467}, {'x': -73.807374, 'y': 41.530335}, {'x': -73.80948, 'y': 41.530191}, {'x': -73.811773, 'y': 41.53018}, {'x': -73.813973, 'y': 41.530306}, {'x': -73.816853, 'y': 41.530698}, {'x': -73.819709, 'y': 41.531304}, {'x': -73.826058, 'y': 41.532621}, {'x': -73.828092, 'y': 41.532842}, {'x': -73.829779, 'y': 41.532947}, {'x': -73.831757, 'y': 41.532932}, {'x': -73.833286, 'y': 41.532827}, {'x': -73.83937, 'y': 41.532139}, {'x': -73.841217, 'y': 41.531899}, {'x': -73.843129, 'y': 41.531564}, {'x': -73.845502, 'y': 41.531032}, {'x': -73.847513, 'y': 41.530468}, {'x': -73.849843, 'y': 41.529676}, {'x': -73.85185, 'y': 41.52886}, {'x': -73.853352, 'y': 41.528168}]",1642385767148.0,3.0,"[{}, {}, {}, {}, {}, {}, {}, {}, {}, {}]",16.705555555555556,60.14,I-84 W,NONE,MEDIUM,203931404.0,2022-01-17 02:16:07,0,False,LineString,"[[-73.68324, 41.513235], [-73.683449, 41.513596], [-73.684174, 41.514593], [-73.684469, 41.514966], [-73.684999, 41.515529], [-73.68554, 41.51608], [-73.686321, 41.516787], [-73.687047, 41.517458], [-73.687608, 41.517965], [-73.68907, 41.519231], [-73.690227, 41.520322], [-73.690941, 41.521058], [-73.691859, 41.522095], [-73.692899, 41.523359], [-73.693955, 41.524798], [-73.694797, 41.525858], [-73.695143, 41.526324], [-73.695953, 41.527326], [-73.696635, 41.528061], [-73.697248, 41.528692], [-73.698326, 41.529695], [-73.700034, 41.531057], [-73.702115, 41.532483], [-73.704147, 41.533826], [-73.704846, 41.534341], [-73.70546, 41.534821], [-73.706174, 41.535474], [-73.707005, 41.536253], [-73.709189, 41.538701], [-73.711728, 41.541616], [-73.713264, 41.543209], [-73.714237, 41.544024], [-73.715315, 41.544764], [-73.71593, 41.545148], [-73.71688, 41.545673], [-73.717862, 41.546131], [-73.718726, 41.546475], [-73.720096, 41.546938], [-73.721002, 41.547215], [-73.722399, 41.547502], [-73.723935, 41.547697], [-73.727705, 41.548024], [-73.734424, 41.548584], [-73.736486, 41.548754], [-73.738222, 41.548756], [-73.739756, 41.548661], [-73.741398, 41.548429], [-73.743315, 41.547978], [-73.744647, 41.547562], [-73.747407, 41.546467], [-73.748363, 41.546051], [-73.757443, 41.542309], [-73.759189, 41.541679], [-73.760993, 41.541122], [-73.763059, 41.540598], [-73.764989, 41.540208], [-73.767021, 41.539883], [-73.769541, 41.539543], [-73.770409, 41.539442], [-73.771243, 41.539305], [-73.776548, 41.538553], [-73.77723, 41.538435], [-73.777765, 41.538316], [-73.778796, 41.538045], [-73.779176, 41.537927], [-73.78199, 41.536941], [-73.78341, 41.536401], [-73.784598, 41.535983], [-73.787687, 41.534864], [-73.788949, 41.534464], [-73.790575, 41.534045], [-73.803053, 41.531042], [-73.804909, 41.53067], [-73.806228, 41.530467], [-73.807374, 41.530335], [-73.80948, 41.530191], [-73.811773, 41.53018], [-73.813973, 41.530306], [-73.816853, 41.530698], [-73.819709, 41.531304], [-73.826058, 41.532621], [-73.828092, 41.532842], [-73.829779, 41.532947], [-73.831757, 41.532932], [-73.833286, 41.532827], [-73.83937, 41.532139], [-73.841217, 41.531899], [-73.843129, 41.531564], [-73.845502, 41.531032], [-73.847513, 41.530468], [-73.849843, 41.529676], [-73.85185, 41.52886], [-73.853352, 41.528168]]",2022-01-17,-73.6929204167782,41.5227729275796,18546066,39203455,,PROPERTY DAMAGE,999,2022,OTHER,2022/01/17,1900-01-01 01:54:00,COLLISION WITH GUIDE RAIL,DARK-ROAD UNLIGHTED,STRAIGHT AND LEVEL,SNOW/ICE,NONE,NOT ENTERED,SNOW,0,1970/01/01,0,0,0,0,1,11308.0,0,SP THRUWAY EAST FISHKILL,No,609055.42160148,4597617.15495377,Not an intersection crash,,Dutchess,,0.0,,East Fishkill,I 84,84I82021175,88.0,T,11-Urban Principal Arterial Interstate,NYSDOT,NYSDOT,Interstate 84,55.0,"V1:(UNSAFE SPEED,PAVEMENT SLIPPERY)",2022-01-17,-73.68324,41.513235