,type,properties.blockingAlertUuid,properties.city,properties.country,properties.delay,properties.endNode,properties.id,properties.length,properties.level,properties.line,properties.pubMillis,properties.roadType,properties.segments,properties.speed,properties.speedKMH,properties.street,properties.turnType,properties.type,properties.uuid,properties.utc_timestamp,properties.day_of_week,properties.weekday_weekend,geometry.type,geometry.coordinates,key_date_jams,X,Y,OBJECTID,CaseNumber,MaxInjuryS,CrashSever,RoadwayAcc,CaseYear,CollisionT,CrashDate,CrashTimeF,CrashType,LightCondi,RoadwayCha,RoadSurfac,TrafficCon,TrafficWay,WeatherCon,Commercial,DMVInsertD,NumberOfFa,NumberOfIn,NumberOfOt,NumberOfSe,NumberOfVe,PoliceDept,NonReporta,ReportingA,NonPublicW,UTMEasting,UTMNorthin,Intersecti,ClosestCro,CountyName,DirectionF,DistanceFr,MasterInte,CityTownNa,OnStreet,ReferenceM,ACCESS_CON,DIVIDED,FUNCTIONAL,MAINT_JURI,OWNING_JUR,NAME,POSTED_SPE,ApparentFa,key_date_crashes,jams_x,jams_y
149,Feature,,"Afton, NY",US,97.0,I-88 E,204292844.0,6617.0,1.0,"[{'x': -75.514319, 'y': 42.216593}, {'x': -75.514274, 'y': 42.216742}, {'x': -75.512747, 'y': 42.221902}, {'x': -75.512565, 'y': 42.222503}, {'x': -75.511314, 'y': 42.226771}, {'x': -75.51095, 'y': 42.227948}, {'x': -75.510794, 'y': 42.228317}, {'x': -75.510719, 'y': 42.228474}, {'x': -75.51041, 'y': 42.229004}, {'x': -75.510225, 'y': 42.229271}, {'x': -75.509991, 'y': 42.229566}, {'x': -75.509727, 'y': 42.229867}, {'x': -75.509441, 'y': 42.230153}, {'x': -75.509099, 'y': 42.230449}, {'x': -75.508699, 'y': 42.230753}, {'x': -75.508344, 'y': 42.231006}, {'x': -75.507921, 'y': 42.231257}, {'x': -75.507246, 'y': 42.231597}, {'x': -75.506911, 'y': 42.231743}, {'x': -75.506242, 'y': 42.231987}, {'x': -75.505598, 'y': 42.232183}, {'x': -75.505027, 'y': 42.232311}, {'x': -75.504032, 'y': 42.23247}, {'x': -75.497613, 'y': 42.233259}, {'x': -75.496922, 'y': 42.233377}, {'x': -75.496128, 'y': 42.233558}, {'x': -75.495401, 'y': 42.233773}, {'x': -75.49453, 'y': 42.234111}, {'x': -75.493924, 'y': 42.234382}, {'x': -75.493352, 'y': 42.234694}, {'x': -75.493313, 'y': 42.234715}, {'x': -75.492739, 'y': 42.235045}, {'x': -75.492469, 'y': 42.235223}, {'x': -75.492077, 'y': 42.235482}, {'x': -75.491677, 'y': 42.235803}, {'x': -75.491055, 'y': 42.236383}, {'x': -75.486222, 'y': 42.241567}, {'x': -75.4804, 'y': 42.247818}, {'x': -75.479006, 'y': 42.249321}, {'x': -75.475199, 'y': 42.253404}, {'x': -75.472264, 'y': 42.256575}, {'x': -75.472108, 'y': 42.256739}, {'x': -75.471725, 'y': 42.25714}, {'x': -75.471162, 'y': 42.257729}, {'x': -75.470341, 'y': 42.258675}, {'x': -75.470037, 'y': 42.259071}, {'x': -75.469628, 'y': 42.259626}, {'x': -75.469303, 'y': 42.260105}, {'x': -75.468994, 'y': 42.260592}, {'x': -75.468633, 'y': 42.261233}]",1642391274956.0,3.0,"[{}, {}, {}, {}, {}, {}]",21.03333333333333,75.72,I-88 E,NONE,NONE,204292844.0,2022-01-17 03:47:54,0,False,LineString,"[[-75.514319, 42.216593], [-75.514274, 42.216742], [-75.512747, 42.221902], [-75.512565, 42.222503], [-75.511314, 42.226771], [-75.51095, 42.227948], [-75.510794, 42.228317], [-75.510719, 42.228474], [-75.51041, 42.229004], [-75.510225, 42.229271], [-75.509991, 42.229566], [-75.509727, 42.229867], [-75.509441, 42.230153], [-75.509099, 42.230449], [-75.508699, 42.230753], [-75.508344, 42.231006], [-75.507921, 42.231257], [-75.507246, 42.231597], [-75.506911, 42.231743], [-75.506242, 42.231987], [-75.505598, 42.232183], [-75.505027, 42.232311], [-75.504032, 42.23247], [-75.497613, 42.233259], [-75.496922, 42.233377], [-75.496128, 42.233558], [-75.495401, 42.233773], [-75.49453, 42.234111], [-75.493924, 42.234382], [-75.493352, 42.234694], [-75.493313, 42.234715], [-75.492739, 42.235045], [-75.492469, 42.235223], [-75.492077, 42.235482], [-75.491677, 42.235803], [-75.491055, 42.236383], [-75.486222, 42.241567], [-75.4804, 42.247818], [-75.479006, 42.249321], [-75.475199, 42.253404], [-75.472264, 42.256575], [-75.472108, 42.256739], [-75.471725, 42.25714], [-75.471162, 42.257729], [-75.470341, 42.258675], [-75.470037, 42.259071], [-75.469628, 42.259626], [-75.469303, 42.260105], [-75.468994, 42.260592], [-75.468633, 42.261233]]",2022-01-17,-75.5260340597308,42.2020580977804,18555639,39214016,,PROPERTY DAMAGE,999,2022,OTHER,2022/01/17,1900-01-01 03:55:00,COLLISION WITH GUIDE RAIL,DARK-ROAD UNLIGHTED,STRAIGHT AND LEVEL,SNOW/ICE,NONE,NOT ENTERED,SNOW,0,1970/01/01,0,0,0,0,1,11201.0,0,NYSP SIDNEY,No,456573.14241497,4672344.81146261,Not an intersection crash,,Chenango,,0.0,,Afton,I 88,88I92021027,88.0,T,1-Rural Principal Arterial Interstate,NYSDOT,NYSDOT,Senator Warren M. Anderson Expressway,65.0,"V1:(UNSAFE SPEED,PAVEMENT SLIPPERY)",2022-01-17,-75.514319,42.216593
150,Feature,,"Afton, NY",US,88.0,I-88 E,204365174.0,5945.0,1.0,"[{'x': -75.512565, 'y': 42.222503}, {'x': -75.511314, 'y': 42.226771}, {'x': -75.51095, 'y': 42.227948}, {'x': -75.510794, 'y': 42.228317}, {'x': -75.510719, 'y': 42.228474}, {'x': -75.51041, 'y': 42.229004}, {'x': -75.510225, 'y': 42.229271}, {'x': -75.509991, 'y': 42.229566}, {'x': -75.509727, 'y': 42.229867}, {'x': -75.509441, 'y': 42.230153}, {'x': -75.509099, 'y': 42.230449}, {'x': -75.508699, 'y': 42.230753}, {'x': -75.508344, 'y': 42.231006}, {'x': -75.507921, 'y': 42.231257}, {'x': -75.507246, 'y': 42.231597}, {'x': -75.506911, 'y': 42.231743}, {'x': -75.506242, 'y': 42.231987}, {'x': -75.505598, 'y': 42.232183}, {'x': -75.505027, 'y': 42.232311}, {'x': -75.504032, 'y': 42.23247}, {'x': -75.497613, 'y': 42.233259}, {'x': -75.496922, 'y': 42.233377}, {'x': -75.496128, 'y': 42.233558}, {'x': -75.495401, 'y': 42.233773}, {'x': -75.49453, 'y': 42.234111}, {'x': -75.493924, 'y': 42.234382}, {'x': -75.493352, 'y': 42.234694}, {'x': -75.493313, 'y': 42.234715}, {'x': -75.492739, 'y': 42.235045}, {'x': -75.492469, 'y': 42.235223}, {'x': -75.492077, 'y': 42.235482}, {'x': -75.491677, 'y': 42.235803}, {'x': -75.491055, 'y': 42.236383}, {'x': -75.486222, 'y': 42.241567}, {'x': -75.4804, 'y': 42.247818}, {'x': -75.479006, 'y': 42.249321}, {'x': -75.475199, 'y': 42.253404}, {'x': -75.472264, 'y': 42.256575}, {'x': -75.472108, 'y': 42.256739}, {'x': -75.471725, 'y': 42.25714}, {'x': -75.471162, 'y': 42.257729}, {'x': -75.470341, 'y': 42.258675}, {'x': -75.470037, 'y': 42.259071}, {'x': -75.469628, 'y': 42.259626}, {'x': -75.469303, 'y': 42.260105}, {'x': -75.468994, 'y': 42.260592}, {'x': -75.468633, 'y': 42.261233}]",1642392832742.0,3.0,"[{}, {}, {}, {}, {}]",20.977777777777774,75.52,I-88 E,NONE,NONE,204365174.0,2022-01-17 04:13:52,0,False,LineString,"[[-75.512565, 42.222503], [-75.511314, 42.226771], [-75.51095, 42.227948], [-75.510794, 42.228317], [-75.510719, 42.228474], [-75.51041, 42.229004], [-75.510225, 42.229271], [-75.509991, 42.229566], [-75.509727, 42.229867], [-75.509441, 42.230153], [-75.509099, 42.230449], [-75.508699, 42.230753], [-75.508344, 42.231006], [-75.507921, 42.231257], [-75.507246, 42.231597], [-75.506911, 42.231743], [-75.506242, 42.231987], [-75.505598, 42.232183], [-75.505027, 42.232311], [-75.504032, 42.23247], [-75.497613, 42.233259], [-75.496922, 42.233377], [-75.496128, 42.233558], [-75.495401, 42.233773], [-75.49453, 42.234111], [-75.493924, 42.234382], [-75.493352, 42.234694], [-75.493313, 42.234715], [-75.492739, 42.235045], [-75.492469, 42.235223], [-75.492077, 42.235482], [-75.491677, 42.235803], [-75.491055, 42.236383], [-75.486222, 42.241567], [-75.4804, 42.247818], [-75.479006, 42.249321], [-75.475199, 42.253404], [-75.472264, 42.256575], [-75.472108, 42.256739], [-75.471725, 42.25714], [-75.471162, 42.257729], [-75.470341, 42.258675], [-75.470037, 42.259071], [-75.469628, 42.259626], [-75.469303, 42.260105], [-75.468994, 42.260592], [-75.468633, 42.261233]]",2022-01-17,-75.5260340597308,42.2020580977804,18555639,39214016,,PROPERTY DAMAGE,999,2022,OTHER,2022/01/17,1900-01-01 03:55:00,COLLISION WITH GUIDE RAIL,DARK-ROAD UNLIGHTED,STRAIGHT AND LEVEL,SNOW/ICE,NONE,NOT ENTERED,SNOW,0,1970/01/01,0,0,0,0,1,11201.0,0,NYSP SIDNEY,No,456573.14241497,4672344.81146261,Not an intersection crash,,Chenango,,0.0,,Afton,I 88,88I92021027,88.0,T,1-Rural Principal Arterial Interstate,NYSDOT,NYSDOT,Senator Warren M. Anderson Expressway,65.0,"V1:(UNSAFE SPEED,PAVEMENT SLIPPERY)",2022-01-17,-75.512565,42.222503
151,Feature,,"Watervliet, NY",US,64.0,I-787 N,204546008.0,3063.0,2.0,"[{'x': -73.705403, 'y': 42.709181}, {'x': -73.705372, 'y': 42.709287}, {'x': -73.705268, 'y': 42.709647}, {'x': -73.704467, 'y': 42.712418}, {'x': -73.704116, 'y': 42.713632}, {'x': -73.703844, 'y': 42.714383}, {'x': -73.702674, 'y': 42.716989}, {'x': -73.702446, 'y': 42.717527}, {'x': -73.701582, 'y': 42.719875}, {'x': -73.700883, 'y': 42.721715}, {'x': -73.699919, 'y': 42.724228}, {'x': -73.699626, 'y': 42.725039}, {'x': -73.699476, 'y': 42.725618}, {'x': -73.699449, 'y': 42.725784}, {'x': -73.699427, 'y': 42.726332}, {'x': -73.699495, 'y': 42.727779}, {'x': -73.69948, 'y': 42.728389}, {'x': -73.699351, 'y': 42.728916}, {'x': -73.699269, 'y': 42.729175}, {'x': -73.699183, 'y': 42.729429}, {'x': -73.699118, 'y': 42.729577}, {'x': -73.698485, 'y': 42.731168}, {'x': -73.698306, 'y': 42.731669}, {'x': -73.698198, 'y': 42.731976}, {'x': -73.698125, 'y': 42.732449}, {'x': -73.698103, 'y': 42.732816}, {'x': -73.69811, 'y': 42.733087}, {'x': -73.698134, 'y': 42.733388}, {'x': -73.698196, 'y': 42.733776}, {'x': -73.698558, 'y': 42.734921}, {'x': -73.698717, 'y': 42.735391}, {'x': -73.698867, 'y': 42.735983}]",1642397180589.0,3.0,"[{}, {}, {}, {}]",17.844444444444445,64.24,I-787 N,NONE,NONE,204546008.0,2022-01-17 05:26:20,0,False,LineString,"[[-73.705403, 42.709181], [-73.705372, 42.709287], [-73.705268, 42.709647], [-73.704467, 42.712418], [-73.704116, 42.713632], [-73.703844, 42.714383], [-73.702674, 42.716989], [-73.702446, 42.717527], [-73.701582, 42.719875], [-73.700883, 42.721715], [-73.699919, 42.724228], [-73.699626, 42.725039], [-73.699476, 42.725618], [-73.699449, 42.725784], [-73.699427, 42.726332], [-73.699495, 42.727779], [-73.69948, 42.728389], [-73.699351, 42.728916], [-73.699269, 42.729175], [-73.699183, 42.729429], [-73.699118, 42.729577], [-73.698485, 42.731168], [-73.698306, 42.731669], [-73.698198, 42.731976], [-73.698125, 42.732449], [-73.698103, 42.732816], [-73.69811, 42.733087], [-73.698134, 42.733388], [-73.698196, 42.733776], [-73.698558, 42.734921], [-73.698717, 42.735391], [-73.698867, 42.735983]]",2022-01-17,-73.6983399288311,42.7326125851654,18562425,39221228,,PROPERTY DAMAGE,999,2022,OTHER,2022/01/17,1900-01-01 05:55:00,COLLISION WITH OTHER,DARK-ROAD UNLIGHTED,STRAIGHT AND LEVEL,SNOW/ICE,NONE,NOT ENTERED,SNOW,0,1970/01/01,0,0,0,0,1,10102.0,0,NYSP LOUDONVILLE,No,606555.80141725,4731943.98154519,Not an intersection crash,,Albany,,0.0,,Watervliet,I 787,787I11013018,88.0,T,11-Urban Principal Arterial Interstate,NYSDOT,NYSDOT,,55.0,"V1:(UNSAFE SPEED,NOT APPLICABLE)",2022-01-17,-73.705403,42.709181
152,Feature,,"Fishkill, NY",US,267.0,I-84 E,204566528.0,10522.0,1.0,"[{'x': -73.97023, 'y': 41.518397}, {'x': -73.969166, 'y': 41.518705}, {'x': -73.967998, 'y': 41.519148}, {'x': -73.966865, 'y': 41.519684}, {'x': -73.965814, 'y': 41.520301}, {'x': -73.956387, 'y': 41.526865}, {'x': -73.955806, 'y': 41.527249}, {'x': -73.955188, 'y': 41.527617}, {'x': -73.954317, 'y': 41.528066}, {'x': -73.95294, 'y': 41.52865}, {'x': -73.951542, 'y': 41.529109}, {'x': -73.950147, 'y': 41.529434}, {'x': -73.948779, 'y': 41.529657}, {'x': -73.947579, 'y': 41.529769}, {'x': -73.946001, 'y': 41.529816}, {'x': -73.929781, 'y': 41.529754}, {'x': -73.924765, 'y': 41.529726}, {'x': -73.924584, 'y': 41.529712}, {'x': -73.923521, 'y': 41.529635}, {'x': -73.922096, 'y': 41.529432}, {'x': -73.920717, 'y': 41.529113}, {'x': -73.920009, 'y': 41.528903}, {'x': -73.9191, 'y': 41.528582}, {'x': -73.918473, 'y': 41.528335}, {'x': -73.917484, 'y': 41.527866}, {'x': -73.913221, 'y': 41.525475}, {'x': -73.91131, 'y': 41.524419}, {'x': -73.910324, 'y': 41.523962}, {'x': -73.909172, 'y': 41.523513}, {'x': -73.908664, 'y': 41.52334}, {'x': -73.90789, 'y': 41.523095}, {'x': -73.906864, 'y': 41.52284}, {'x': -73.906197, 'y': 41.522701}, {'x': -73.905468, 'y': 41.522569}, {'x': -73.904748, 'y': 41.522473}, {'x': -73.90405, 'y': 41.522393}, {'x': -73.903278, 'y': 41.522349}, {'x': -73.902443, 'y': 41.522316}, {'x': -73.901621, 'y': 41.522318}, {'x': -73.9008, 'y': 41.522351}, {'x': -73.899974, 'y': 41.522399}, {'x': -73.895482, 'y': 41.523015}, {'x': -73.890376, 'y': 41.523715}, {'x': -73.885657, 'y': 41.524342}, {'x': -73.881396, 'y': 41.524919}, {'x': -73.879146, 'y': 41.525218}, {'x': -73.877212, 'y': 41.525368}, {'x': -73.87454, 'y': 41.525386}, {'x': -73.872345, 'y': 41.525275}, {'x': -73.871165, 'y': 41.525144}, {'x': -73.865032, 'y': 41.524377}, {'x': -73.863315, 'y': 41.524266}, {'x': -73.861622, 'y': 41.524354}, {'x': -73.859785, 'y': 41.524649}, {'x': -73.858197, 'y': 41.525109}, {'x': -73.85676, 'y': 41.525706}, {'x': -73.853422, 'y': 41.527462}]",1642397989142.0,3.0,"[{}, {}, {}, {}, {}, {}, {}]",16.96388888888889,61.07,I-84 E,NONE,NONE,204566528.0,2022-01-17 05:39:49,0,False,LineString,"[[-73.97023, 41.518397], [-73.969166, 41.518705], [-73.967998, 41.519148], [-73.966865, 41.519684], [-73.965814, 41.520301], [-73.956387, 41.526865], [-73.955806, 41.527249], [-73.955188, 41.527617], [-73.954317, 41.528066], [-73.95294, 41.52865], [-73.951542, 41.529109], [-73.950147, 41.529434], [-73.948779, 41.529657], [-73.947579, 41.529769], [-73.946001, 41.529816], [-73.929781, 41.529754], [-73.924765, 41.529726], [-73.924584, 41.529712], [-73.923521, 41.529635], [-73.922096, 41.529432], [-73.920717, 41.529113], [-73.920009, 41.528903], [-73.9191, 41.528582], [-73.918473, 41.528335], [-73.917484, 41.527866], [-73.913221, 41.525475], [-73.91131, 41.524419], [-73.910324, 41.523962], [-73.909172, 41.523513], [-73.908664, 41.52334], [-73.90789, 41.523095], [-73.906864, 41.52284], [-73.906197, 41.522701], [-73.905468, 41.522569], [-73.904748, 41.522473], [-73.90405, 41.522393], [-73.903278, 41.522349], [-73.902443, 41.522316], [-73.901621, 41.522318], [-73.9008, 41.522351], [-73.899974, 41.522399], [-73.895482, 41.523015], [-73.890376, 41.523715], [-73.885657, 41.524342], [-73.881396, 41.524919], [-73.879146, 41.525218], [-73.877212, 41.525368], [-73.87454, 41.525386], [-73.872345, 41.525275], [-73.871165, 41.525144], [-73.865032, 41.524377], [-73.863315, 41.524266], [-73.861622, 41.524354], [-73.859785, 41.524649], [-73.858197, 41.525109], [-73.85676, 41.525706], [-73.853422, 41.527462]]",2022-01-17,-73.9419269243287,41.5297808948783,18541806,39198813,,PROPERTY DAMAGE,999,2022,OTHER,2022/01/17,1900-01-01 05:54:00,COLLISION WITH GUIDE RAIL,DARK-ROAD UNLIGHTED,CURVE AND LEVEL,SNOW/ICE,NONE,NOT ENTERED,"SLEET/HAIL/FREEZING RAIN
",0,1970/01/01,0,0,0,0,1,11301.0,0,WAPPINGER SP,No,588269.85772577,4598110.88383002,Not an intersection crash,,Dutchess,,0.0,,Fishkill,I 84,84I82021032,88.0,T,11-Urban Principal Arterial Interstate,NYSDOT,NYSDOT,Interstate 84,65.0,"V1:(UNSAFE SPEED,PAVEMENT SLIPPERY)",2022-01-17,-73.97023,41.518397
153,Feature,,"Fishkill, NY",US,267.0,I-84 E,204566528.0,10522.0,1.0,"[{'x': -73.97023, 'y': 41.518397}, {'x': -73.969166, 'y': 41.518705}, {'x': -73.967998, 'y': 41.519148}, {'x': -73.966865, 'y': 41.519684}, {'x': -73.965814, 'y': 41.520301}, {'x': -73.956387, 'y': 41.526865}, {'x': -73.955806, 'y': 41.527249}, {'x': -73.955188, 'y': 41.527617}, {'x': -73.954317, 'y': 41.528066}, {'x': -73.95294, 'y': 41.52865}, {'x': -73.951542, 'y': 41.529109}, {'x': -73.950147, 'y': 41.529434}, {'x': -73.948779, 'y': 41.529657}, {'x': -73.947579, 'y': 41.529769}, {'x': -73.946001, 'y': 41.529816}, {'x': -73.929781, 'y': 41.529754}, {'x': -73.924765, 'y': 41.529726}, {'x': -73.924584, 'y': 41.529712}, {'x': -73.923521, 'y': 41.529635}, {'x': -73.922096, 'y': 41.529432}, {'x': -73.920717, 'y': 41.529113}, {'x': -73.920009, 'y': 41.528903}, {'x': -73.9191, 'y': 41.528582}, {'x': -73.918473, 'y': 41.528335}, {'x': -73.917484, 'y': 41.527866}, {'x': -73.913221, 'y': 41.525475}, {'x': -73.91131, 'y': 41.524419}, {'x': -73.910324, 'y': 41.523962}, {'x': -73.909172, 'y': 41.523513}, {'x': -73.908664, 'y': 41.52334}, {'x': -73.90789, 'y': 41.523095}, {'x': -73.906864, 'y': 41.52284}, {'x': -73.906197, 'y': 41.522701}, {'x': -73.905468, 'y': 41.522569}, {'x': -73.904748, 'y': 41.522473}, {'x': -73.90405, 'y': 41.522393}, {'x': -73.903278, 'y': 41.522349}, {'x': -73.902443, 'y': 41.522316}, {'x': -73.901621, 'y': 41.522318}, {'x': -73.9008, 'y': 41.522351}, {'x': -73.899974, 'y': 41.522399}, {'x': -73.895482, 'y': 41.523015}, {'x': -73.890376, 'y': 41.523715}, {'x': -73.885657, 'y': 41.524342}, {'x': -73.881396, 'y': 41.524919}, {'x': -73.879146, 'y': 41.525218}, {'x': -73.877212, 'y': 41.525368}, {'x': -73.87454, 'y': 41.525386}, {'x': -73.872345, 'y': 41.525275}, {'x': -73.871165, 'y': 41.525144}, {'x': -73.865032, 'y': 41.524377}, {'x': -73.863315, 'y': 41.524266}, {'x': -73.861622, 'y': 41.524354}, {'x': -73.859785, 'y': 41.524649}, {'x': -73.858197, 'y': 41.525109}, {'x': -73.85676, 'y': 41.525706}, {'x': -73.853422, 'y': 41.527462}]",1642397989142.0,3.0,"[{}, {}, {}, {}, {}, {}, {}]",16.96388888888889,61.07,I-84 E,NONE,NONE,204566528.0,2022-01-17 05:39:49,0,False,LineString,"[[-73.97023, 41.518397], [-73.969166, 41.518705], [-73.967998, 41.519148], [-73.966865, 41.519684], [-73.965814, 41.520301], [-73.956387, 41.526865], [-73.955806, 41.527249], [-73.955188, 41.527617], [-73.954317, 41.528066], [-73.95294, 41.52865], [-73.951542, 41.529109], [-73.950147, 41.529434], [-73.948779, 41.529657], [-73.947579, 41.529769], [-73.946001, 41.529816], [-73.929781, 41.529754], [-73.924765, 41.529726], [-73.924584, 41.529712], [-73.923521, 41.529635], [-73.922096, 41.529432], [-73.920717, 41.529113], [-73.920009, 41.528903], [-73.9191, 41.528582], [-73.918473, 41.528335], [-73.917484, 41.527866], [-73.913221, 41.525475], [-73.91131, 41.524419], [-73.910324, 41.523962], [-73.909172, 41.523513], [-73.908664, 41.52334], [-73.90789, 41.523095], [-73.906864, 41.52284], [-73.906197, 41.522701], [-73.905468, 41.522569], [-73.904748, 41.522473], [-73.90405, 41.522393], [-73.903278, 41.522349], [-73.902443, 41.522316], [-73.901621, 41.522318], [-73.9008, 41.522351], [-73.899974, 41.522399], [-73.895482, 41.523015], [-73.890376, 41.523715], [-73.885657, 41.524342], [-73.881396, 41.524919], [-73.879146, 41.525218], [-73.877212, 41.525368], [-73.87454, 41.525386], [-73.872345, 41.525275], [-73.871165, 41.525144], [-73.865032, 41.524377], [-73.863315, 41.524266], [-73.861622, 41.524354], [-73.859785, 41.524649], [-73.858197, 41.525109], [-73.85676, 41.525706], [-73.853422, 41.527462]]",2022-01-17,-73.9419734008877,41.5297804785438,18541780,39198787,,PROPERTY DAMAGE,999,2022,OVERTAKING,2022/01/17,1900-01-01 05:54:00,COLLISION WITH MOTOR VEHICLE,DARK-ROAD UNLIGHTED,CURVE AND LEVEL,SNOW/ICE,NONE,NOT ENTERED,"SLEET/HAIL/FREEZING RAIN
",0,1970/01/01,0,0,0,0,2,11301.0,0,WAPPINGER SP,No,588265.98089528,4598110.79008613,Not an intersection crash,,Dutchess,,0.0,,Fishkill,I 84,84I82021031,88.0,T,11-Urban Principal Arterial Interstate,NYSDOT,NYSDOT,Interstate 84,65.0,"V1:(REACTION TO OTHER UNINVOLVED VEHICL,PASSING OR LANE USAGE IMPROPERLY) / V2:(NOT APPLICABLE,NOT APPLICABLE)",2022-01-17,-73.97023,41.518397
154,Feature,,"Fishkill, NY",US,267.0,I-84 E,204566528.0,10522.0,1.0,"[{'x': -73.97023, 'y': 41.518397}, {'x': -73.969166, 'y': 41.518705}, {'x': -73.967998, 'y': 41.519148}, {'x': -73.966865, 'y': 41.519684}, {'x': -73.965814, 'y': 41.520301}, {'x': -73.956387, 'y': 41.526865}, {'x': -73.955806, 'y': 41.527249}, {'x': -73.955188, 'y': 41.527617}, {'x': -73.954317, 'y': 41.528066}, {'x': -73.95294, 'y': 41.52865}, {'x': -73.951542, 'y': 41.529109}, {'x': -73.950147, 'y': 41.529434}, {'x': -73.948779, 'y': 41.529657}, {'x': -73.947579, 'y': 41.529769}, {'x': -73.946001, 'y': 41.529816}, {'x': -73.929781, 'y': 41.529754}, {'x': -73.924765, 'y': 41.529726}, {'x': -73.924584, 'y': 41.529712}, {'x': -73.923521, 'y': 41.529635}, {'x': -73.922096, 'y': 41.529432}, {'x': -73.920717, 'y': 41.529113}, {'x': -73.920009, 'y': 41.528903}, {'x': -73.9191, 'y': 41.528582}, {'x': -73.918473, 'y': 41.528335}, {'x': -73.917484, 'y': 41.527866}, {'x': -73.913221, 'y': 41.525475}, {'x': -73.91131, 'y': 41.524419}, {'x': -73.910324, 'y': 41.523962}, {'x': -73.909172, 'y': 41.523513}, {'x': -73.908664, 'y': 41.52334}, {'x': -73.90789, 'y': 41.523095}, {'x': -73.906864, 'y': 41.52284}, {'x': -73.906197, 'y': 41.522701}, {'x': -73.905468, 'y': 41.522569}, {'x': -73.904748, 'y': 41.522473}, {'x': -73.90405, 'y': 41.522393}, {'x': -73.903278, 'y': 41.522349}, {'x': -73.902443, 'y': 41.522316}, {'x': -73.901621, 'y': 41.522318}, {'x': -73.9008, 'y': 41.522351}, {'x': -73.899974, 'y': 41.522399}, {'x': -73.895482, 'y': 41.523015}, {'x': -73.890376, 'y': 41.523715}, {'x': -73.885657, 'y': 41.524342}, {'x': -73.881396, 'y': 41.524919}, {'x': -73.879146, 'y': 41.525218}, {'x': -73.877212, 'y': 41.525368}, {'x': -73.87454, 'y': 41.525386}, {'x': -73.872345, 'y': 41.525275}, {'x': -73.871165, 'y': 41.525144}, {'x': -73.865032, 'y': 41.524377}, {'x': -73.863315, 'y': 41.524266}, {'x': -73.861622, 'y': 41.524354}, {'x': -73.859785, 'y': 41.524649}, {'x': -73.858197, 'y': 41.525109}, {'x': -73.85676, 'y': 41.525706}, {'x': -73.853422, 'y': 41.527462}]",1642397989142.0,3.0,"[{}, {}, {}, {}, {}, {}, {}]",16.96388888888889,61.07,I-84 E,NONE,NONE,204566528.0,2022-01-17 05:39:49,0,False,LineString,"[[-73.97023, 41.518397], [-73.969166, 41.518705], [-73.967998, 41.519148], [-73.966865, 41.519684], [-73.965814, 41.520301], [-73.956387, 41.526865], [-73.955806, 41.527249], [-73.955188, 41.527617], [-73.954317, 41.528066], [-73.95294, 41.52865], [-73.951542, 41.529109], [-73.950147, 41.529434], [-73.948779, 41.529657], [-73.947579, 41.529769], [-73.946001, 41.529816], [-73.929781, 41.529754], [-73.924765, 41.529726], [-73.924584, 41.529712], [-73.923521, 41.529635], [-73.922096, 41.529432], [-73.920717, 41.529113], [-73.920009, 41.528903], [-73.9191, 41.528582], [-73.918473, 41.528335], [-73.917484, 41.527866], [-73.913221, 41.525475], [-73.91131, 41.524419], [-73.910324, 41.523962], [-73.909172, 41.523513], [-73.908664, 41.52334], [-73.90789, 41.523095], [-73.906864, 41.52284], [-73.906197, 41.522701], [-73.905468, 41.522569], [-73.904748, 41.522473], [-73.90405, 41.522393], [-73.903278, 41.522349], [-73.902443, 41.522316], [-73.901621, 41.522318], [-73.9008, 41.522351], [-73.899974, 41.522399], [-73.895482, 41.523015], [-73.890376, 41.523715], [-73.885657, 41.524342], [-73.881396, 41.524919], [-73.879146, 41.525218], [-73.877212, 41.525368], [-73.87454, 41.525386], [-73.872345, 41.525275], [-73.871165, 41.525144], [-73.865032, 41.524377], [-73.863315, 41.524266], [-73.861622, 41.524354], [-73.859785, 41.524649], [-73.858197, 41.525109], [-73.85676, 41.525706], [-73.853422, 41.527462]]",2022-01-17,-73.9419260823669,41.5297278904571,18541774,39198781,,PROPERTY DAMAGE,999,2022,OTHER,2022/01/17,1900-01-01 05:54:00,COLLISION WITH GUIDE RAIL,DARK-ROAD UNLIGHTED,CURVE AND LEVEL,SNOW/ICE,NONE,NOT ENTERED,"SLEET/HAIL/FREEZING RAIN
",0,1970/01/01,0,0,0,0,1,11301.0,0,WAPPINGER SP,No,588270.0,4598105.0,Not an intersection crash,,Dutchess,,0.0,,Fishkill,,,,,Unknown,Unknown,Unknown,,,"V1:(REACTION TO OTHER UNINVOLVED VEHICL,PAVEMENT SLIPPERY)",2022-01-17,-73.97023,41.518397