,type,properties.blockingAlertUuid,properties.city,properties.country,properties.delay,properties.endNode,properties.id,properties.length,properties.level,properties.line,properties.pubMillis,properties.roadType,properties.segments,properties.speed,properties.speedKMH,properties.street,properties.turnType,properties.type,properties.uuid,properties.utc_timestamp,properties.day_of_week,properties.weekday_weekend,geometry.type,geometry.coordinates,key_date_jams,X,Y,OBJECTID,CaseNumber,MaxInjuryS,CrashSever,RoadwayAcc,CaseYear,CollisionT,CrashDate,CrashTimeF,CrashType,LightCondi,RoadwayCha,RoadSurfac,TrafficCon,TrafficWay,WeatherCon,Commercial,DMVInsertD,NumberOfFa,NumberOfIn,NumberOfOt,NumberOfSe,NumberOfVe,PoliceDept,NonReporta,ReportingA,NonPublicW,UTMEasting,UTMNorthin,Intersecti,ClosestCro,CountyName,DirectionF,DistanceFr,MasterInte,CityTownNa,OnStreet,ReferenceM,ACCESS_CON,DIVIDED,FUNCTIONAL,MAINT_JURI,OWNING_JUR,NAME,POSTED_SPE,ApparentFa,key_date_crashes,jams_x,jams_y
155,Feature,,"Fishkill, NY",US,267.0,I-84 E,204566528.0,10522.0,1.0,"[{'x': -73.97023, 'y': 41.518397}, {'x': -73.969166, 'y': 41.518705}, {'x': -73.967998, 'y': 41.519148}, {'x': -73.966865, 'y': 41.519684}, {'x': -73.965814, 'y': 41.520301}, {'x': -73.956387, 'y': 41.526865}, {'x': -73.955806, 'y': 41.527249}, {'x': -73.955188, 'y': 41.527617}, {'x': -73.954317, 'y': 41.528066}, {'x': -73.95294, 'y': 41.52865}, {'x': -73.951542, 'y': 41.529109}, {'x': -73.950147, 'y': 41.529434}, {'x': -73.948779, 'y': 41.529657}, {'x': -73.947579, 'y': 41.529769}, {'x': -73.946001, 'y': 41.529816}, {'x': -73.929781, 'y': 41.529754}, {'x': -73.924765, 'y': 41.529726}, {'x': -73.924584, 'y': 41.529712}, {'x': -73.923521, 'y': 41.529635}, {'x': -73.922096, 'y': 41.529432}, {'x': -73.920717, 'y': 41.529113}, {'x': -73.920009, 'y': 41.528903}, {'x': -73.9191, 'y': 41.528582}, {'x': -73.918473, 'y': 41.528335}, {'x': -73.917484, 'y': 41.527866}, {'x': -73.913221, 'y': 41.525475}, {'x': -73.91131, 'y': 41.524419}, {'x': -73.910324, 'y': 41.523962}, {'x': -73.909172, 'y': 41.523513}, {'x': -73.908664, 'y': 41.52334}, {'x': -73.90789, 'y': 41.523095}, {'x': -73.906864, 'y': 41.52284}, {'x': -73.906197, 'y': 41.522701}, {'x': -73.905468, 'y': 41.522569}, {'x': -73.904748, 'y': 41.522473}, {'x': -73.90405, 'y': 41.522393}, {'x': -73.903278, 'y': 41.522349}, {'x': -73.902443, 'y': 41.522316}, {'x': -73.901621, 'y': 41.522318}, {'x': -73.9008, 'y': 41.522351}, {'x': -73.899974, 'y': 41.522399}, {'x': -73.895482, 'y': 41.523015}, {'x': -73.890376, 'y': 41.523715}, {'x': -73.885657, 'y': 41.524342}, {'x': -73.881396, 'y': 41.524919}, {'x': -73.879146, 'y': 41.525218}, {'x': -73.877212, 'y': 41.525368}, {'x': -73.87454, 'y': 41.525386}, {'x': -73.872345, 'y': 41.525275}, {'x': -73.871165, 'y': 41.525144}, {'x': -73.865032, 'y': 41.524377}, {'x': -73.863315, 'y': 41.524266}, {'x': -73.861622, 'y': 41.524354}, {'x': -73.859785, 'y': 41.524649}, {'x': -73.858197, 'y': 41.525109}, {'x': -73.85676, 'y': 41.525706}, {'x': -73.853422, 'y': 41.527462}]",1642397989142.0,3.0,"[{}, {}, {}, {}, {}, {}, {}]",16.96388888888889,61.07,I-84 E,NONE,NONE,204566528.0,2022-01-17 05:39:49,0,False,LineString,"[[-73.97023, 41.518397], [-73.969166, 41.518705], [-73.967998, 41.519148], [-73.966865, 41.519684], [-73.965814, 41.520301], [-73.956387, 41.526865], [-73.955806, 41.527249], [-73.955188, 41.527617], [-73.954317, 41.528066], [-73.95294, 41.52865], [-73.951542, 41.529109], [-73.950147, 41.529434], [-73.948779, 41.529657], [-73.947579, 41.529769], [-73.946001, 41.529816], [-73.929781, 41.529754], [-73.924765, 41.529726], [-73.924584, 41.529712], [-73.923521, 41.529635], [-73.922096, 41.529432], [-73.920717, 41.529113], [-73.920009, 41.528903], [-73.9191, 41.528582], [-73.918473, 41.528335], [-73.917484, 41.527866], [-73.913221, 41.525475], [-73.91131, 41.524419], [-73.910324, 41.523962], [-73.909172, 41.523513], [-73.908664, 41.52334], [-73.90789, 41.523095], [-73.906864, 41.52284], [-73.906197, 41.522701], [-73.905468, 41.522569], [-73.904748, 41.522473], [-73.90405, 41.522393], [-73.903278, 41.522349], [-73.902443, 41.522316], [-73.901621, 41.522318], [-73.9008, 41.522351], [-73.899974, 41.522399], [-73.895482, 41.523015], [-73.890376, 41.523715], [-73.885657, 41.524342], [-73.881396, 41.524919], [-73.879146, 41.525218], [-73.877212, 41.525368], [-73.87454, 41.525386], [-73.872345, 41.525275], [-73.871165, 41.525144], [-73.865032, 41.524377], [-73.863315, 41.524266], [-73.861622, 41.524354], [-73.859785, 41.524649], [-73.858197, 41.525109], [-73.85676, 41.525706], [-73.853422, 41.527462]]",2022-01-17,-73.9405054075377,41.5301111270104,18538988,39195715,,PROPERTY DAMAGE,999,2022,OTHER,2022/01/17,1900-01-01 06:00:00,COLLISION WITH GUIDE RAIL,DARK-ROAD UNLIGHTED,STRAIGHT AND LEVEL,SNOW/ICE,NONE,NOT ENTERED,"SLEET/HAIL/FREEZING RAIN
",0,1970/01/01,0,0,0,0,1,11308.0,0,SP THRUWAY EAST FISHKILL,No,588388.0,4598149.0,Not an intersection crash,,Dutchess,,0.0,,Fishkill,,,,,Unknown,Unknown,Unknown,,,"V1:(UNSAFE SPEED,PAVEMENT SLIPPERY)",2022-01-17,-73.97023,41.518397
156,Feature,,"Watervliet, NY",US,60.0,I-787 S,204572118.0,3026.0,2.0,"[{'x': -73.698946, 'y': 42.735208}, {'x': -73.698687, 'y': 42.734594}, {'x': -73.698616, 'y': 42.734373}, {'x': -73.698456, 'y': 42.733829}, {'x': -73.698401, 'y': 42.733641}, {'x': -73.698345, 'y': 42.733221}, {'x': -73.698329, 'y': 42.732831}, {'x': -73.69833, 'y': 42.732813}, {'x': -73.698353, 'y': 42.732439}, {'x': -73.698394, 'y': 42.732118}, {'x': -73.698474, 'y': 42.731805}, {'x': -73.699211, 'y': 42.729918}, {'x': -73.699389, 'y': 42.729462}, {'x': -73.699496, 'y': 42.729171}, {'x': -73.699563, 'y': 42.728948}, {'x': -73.699629, 'y': 42.728674}, {'x': -73.699679, 'y': 42.728347}, {'x': -73.699727, 'y': 42.728046}, {'x': -73.699719, 'y': 42.727822}, {'x': -73.699664, 'y': 42.7266}, {'x': -73.699658, 'y': 42.726016}, {'x': -73.699688, 'y': 42.725643}, {'x': -73.699776, 'y': 42.725216}, {'x': -73.699868, 'y': 42.724937}, {'x': -73.701046, 'y': 42.721788}, {'x': -73.702816, 'y': 42.717171}, {'x': -73.703434, 'y': 42.7158}, {'x': -73.704053, 'y': 42.714374}, {'x': -73.704352, 'y': 42.713496}, {'x': -73.704663, 'y': 42.712413}, {'x': -73.705498, 'y': 42.709528}, {'x': -73.705536, 'y': 42.709395}, {'x': -73.705631, 'y': 42.709068}, {'x': -73.705723, 'y': 42.708745}]",1642398257501.0,3.0,"[{}, {}, {}, {}]",17.98611111111111,64.75,I-787 S,NONE,NONE,204572118.0,2022-01-17 05:44:17,0,False,LineString,"[[-73.698946, 42.735208], [-73.698687, 42.734594], [-73.698616, 42.734373], [-73.698456, 42.733829], [-73.698401, 42.733641], [-73.698345, 42.733221], [-73.698329, 42.732831], [-73.69833, 42.732813], [-73.698353, 42.732439], [-73.698394, 42.732118], [-73.698474, 42.731805], [-73.699211, 42.729918], [-73.699389, 42.729462], [-73.699496, 42.729171], [-73.699563, 42.728948], [-73.699629, 42.728674], [-73.699679, 42.728347], [-73.699727, 42.728046], [-73.699719, 42.727822], [-73.699664, 42.7266], [-73.699658, 42.726016], [-73.699688, 42.725643], [-73.699776, 42.725216], [-73.699868, 42.724937], [-73.701046, 42.721788], [-73.702816, 42.717171], [-73.703434, 42.7158], [-73.704053, 42.714374], [-73.704352, 42.713496], [-73.704663, 42.712413], [-73.705498, 42.709528], [-73.705536, 42.709395], [-73.705631, 42.709068], [-73.705723, 42.708745]]",2022-01-17,-73.6983399288311,42.7326125851654,18562425,39221228,,PROPERTY DAMAGE,999,2022,OTHER,2022/01/17,1900-01-01 05:55:00,COLLISION WITH OTHER,DARK-ROAD UNLIGHTED,STRAIGHT AND LEVEL,SNOW/ICE,NONE,NOT ENTERED,SNOW,0,1970/01/01,0,0,0,0,1,10102.0,0,NYSP LOUDONVILLE,No,606555.80141725,4731943.98154519,Not an intersection crash,,Albany,,0.0,,Watervliet,I 787,787I11013018,88.0,T,11-Urban Principal Arterial Interstate,NYSDOT,NYSDOT,,55.0,"V1:(UNSAFE SPEED,NOT APPLICABLE)",2022-01-17,-73.698946,42.735208
157,Feature,,"Albany, NY",US,65.0,I-787 N,204578092.0,2918.0,1.0,"[{'x': -73.747736, 'y': 42.650688}, {'x': -73.747466, 'y': 42.651233}, {'x': -73.747143, 'y': 42.651773}, {'x': -73.746814, 'y': 42.652288}, {'x': -73.746252, 'y': 42.653073}, {'x': -73.745732, 'y': 42.653725}, {'x': -73.745084, 'y': 42.654455}, {'x': -73.744851, 'y': 42.654693}, {'x': -73.744645, 'y': 42.654896}, {'x': -73.744368, 'y': 42.655149}, {'x': -73.744079, 'y': 42.655404}, {'x': -73.743553, 'y': 42.655812}, {'x': -73.743139, 'y': 42.656134}, {'x': -73.742126, 'y': 42.656922}, {'x': -73.741457, 'y': 42.657436}, {'x': -73.740751, 'y': 42.657989}, {'x': -73.739879, 'y': 42.65868}, {'x': -73.739461, 'y': 42.65903}, {'x': -73.739253, 'y': 42.659213}, {'x': -73.73908, 'y': 42.659405}, {'x': -73.738955, 'y': 42.659543}, {'x': -73.738482, 'y': 42.660021}, {'x': -73.737973, 'y': 42.660565}, {'x': -73.737498, 'y': 42.661112}, {'x': -73.737018, 'y': 42.661723}, {'x': -73.736638, 'y': 42.662248}, {'x': -73.735848, 'y': 42.663443}, {'x': -73.734754, 'y': 42.665156}, {'x': -73.734433, 'y': 42.665634}, {'x': -73.734056, 'y': 42.66614}, {'x': -73.733681, 'y': 42.6666}, {'x': -73.732938, 'y': 42.667379}, {'x': -73.732617, 'y': 42.667741}, {'x': -73.727829, 'y': 42.672249}]",1642398525158.0,3.0,"[{}, {}, {}, {}]",17.227777777777778,62.02,I-787 N,NONE,NONE,204578092.0,2022-01-17 05:48:45,0,False,LineString,"[[-73.747736, 42.650688], [-73.747466, 42.651233], [-73.747143, 42.651773], [-73.746814, 42.652288], [-73.746252, 42.653073], [-73.745732, 42.653725], [-73.745084, 42.654455], [-73.744851, 42.654693], [-73.744645, 42.654896], [-73.744368, 42.655149], [-73.744079, 42.655404], [-73.743553, 42.655812], [-73.743139, 42.656134], [-73.742126, 42.656922], [-73.741457, 42.657436], [-73.740751, 42.657989], [-73.739879, 42.65868], [-73.739461, 42.65903], [-73.739253, 42.659213], [-73.73908, 42.659405], [-73.738955, 42.659543], [-73.738482, 42.660021], [-73.737973, 42.660565], [-73.737498, 42.661112], [-73.737018, 42.661723], [-73.736638, 42.662248], [-73.735848, 42.663443], [-73.734754, 42.665156], [-73.734433, 42.665634], [-73.734056, 42.66614], [-73.733681, 42.6666], [-73.732938, 42.667379], [-73.732617, 42.667741], [-73.727829, 42.672249]]",2022-01-17,-73.7392416165895,42.6592162743822,18541654,39198660,,PROPERTY DAMAGE,999,2022,OTHER,2022/01/17,1900-01-01 06:17:00,COLLISION WITH GUIDE RAIL,DARK-ROAD UNLIGHTED,STRAIGHT/ GRADE,SNOW/ICE,NONE,NOT ENTERED,SNOW,0,1970/01/01,0,0,0,0,1,10102.0,0,NYSP LOUDONVILLE,No,603329.11737617,4723742.90284173,Not an intersection crash,Ramp,Albany,4.0,179.0,,Albany,I 787,787I11011031,88.0,T,11-Urban Principal Arterial Interstate,NYSDOT,NYSDOT,Interstate 787,55.0,"V1:(UNSAFE SPEED,NOT APPLICABLE)",2022-01-17,-73.747736,42.650688
158,Feature,,"Albany, NY",US,77.0,to US-9W / Albany,204579880.0,2638.0,1.0,"[{'x': -73.748347, 'y': 42.650021}, {'x': -73.748449, 'y': 42.649711}, {'x': -73.748479, 'y': 42.649567}, {'x': -73.748624, 'y': 42.648881}, {'x': -73.748884, 'y': 42.647241}, {'x': -73.749003, 'y': 42.646682}, {'x': -73.749127, 'y': 42.646384}, {'x': -73.749208, 'y': 42.646188}, {'x': -73.74946, 'y': 42.645617}, {'x': -73.749568, 'y': 42.645432}, {'x': -73.749735, 'y': 42.645174}, {'x': -73.749867, 'y': 42.644982}, {'x': -73.750445, 'y': 42.644247}, {'x': -73.751199, 'y': 42.643316}, {'x': -73.75147, 'y': 42.642958}, {'x': -73.751698, 'y': 42.642588}, {'x': -73.752043, 'y': 42.641964}, {'x': -73.752297, 'y': 42.641503}, {'x': -73.753164, 'y': 42.639893}, {'x': -73.753426, 'y': 42.63953}, {'x': -73.753659, 'y': 42.639287}, {'x': -73.753959, 'y': 42.639008}, {'x': -73.754414, 'y': 42.638649}, {'x': -73.754958, 'y': 42.638263}, {'x': -73.755564, 'y': 42.637862}, {'x': -73.755939, 'y': 42.637668}, {'x': -73.756734, 'y': 42.637242}, {'x': -73.762474, 'y': 42.634172}, {'x': -73.763027, 'y': 42.633873}, {'x': -73.763856, 'y': 42.633428}, {'x': -73.764286, 'y': 42.633224}, {'x': -73.764579, 'y': 42.633109}, {'x': -73.764939, 'y': 42.63299}, {'x': -73.765412, 'y': 42.632881}, {'x': -73.765907, 'y': 42.632815}, {'x': -73.766416, 'y': 42.63278}, {'x': -73.766786, 'y': 42.632791}, {'x': -73.767204, 'y': 42.632826}]",1642398591825.0,3.0,"[{}, {}, {}, {}, {}, {}, {}, {}, {}]",14.716666666666669,52.98,I-787 S,NONE,NONE,204579880.0,2022-01-17 05:49:51,0,False,LineString,"[[-73.748347, 42.650021], [-73.748449, 42.649711], [-73.748479, 42.649567], [-73.748624, 42.648881], [-73.748884, 42.647241], [-73.749003, 42.646682], [-73.749127, 42.646384], [-73.749208, 42.646188], [-73.74946, 42.645617], [-73.749568, 42.645432], [-73.749735, 42.645174], [-73.749867, 42.644982], [-73.750445, 42.644247], [-73.751199, 42.643316], [-73.75147, 42.642958], [-73.751698, 42.642588], [-73.752043, 42.641964], [-73.752297, 42.641503], [-73.753164, 42.639893], [-73.753426, 42.63953], [-73.753659, 42.639287], [-73.753959, 42.639008], [-73.754414, 42.638649], [-73.754958, 42.638263], [-73.755564, 42.637862], [-73.755939, 42.637668], [-73.756734, 42.637242], [-73.762474, 42.634172], [-73.763027, 42.633873], [-73.763856, 42.633428], [-73.764286, 42.633224], [-73.764579, 42.633109], [-73.764939, 42.63299], [-73.765412, 42.632881], [-73.765907, 42.632815], [-73.766416, 42.63278], [-73.766786, 42.632791], [-73.767204, 42.632826]]",2022-01-17,-73.7392416165895,42.6592162743822,18541654,39198660,,PROPERTY DAMAGE,999,2022,OTHER,2022/01/17,1900-01-01 06:17:00,COLLISION WITH GUIDE RAIL,DARK-ROAD UNLIGHTED,STRAIGHT/ GRADE,SNOW/ICE,NONE,NOT ENTERED,SNOW,0,1970/01/01,0,0,0,0,1,10102.0,0,NYSP LOUDONVILLE,No,603329.11737617,4723742.90284173,Not an intersection crash,Ramp,Albany,4.0,179.0,,Albany,I 787,787I11011031,88.0,T,11-Urban Principal Arterial Interstate,NYSDOT,NYSDOT,Interstate 787,55.0,"V1:(UNSAFE SPEED,NOT APPLICABLE)",2022-01-17,-73.748347,42.650021
159,Feature,,"Albany, NY",US,155.0,to US-9W / Albany,204579880.0,5914.0,1.0,"[{'x': -73.726223, 'y': 42.674279}, {'x': -73.726336, 'y': 42.674117}, {'x': -73.726666, 'y': 42.67369}, {'x': -73.726991, 'y': 42.673322}, {'x': -73.727251, 'y': 42.673049}, {'x': -73.728189, 'y': 42.672155}, {'x': -73.729728, 'y': 42.670703}, {'x': -73.731395, 'y': 42.669123}, {'x': -73.732659, 'y': 42.667963}, {'x': -73.733538, 'y': 42.667083}, {'x': -73.73439, 'y': 42.665998}, {'x': -73.734724, 'y': 42.665529}, {'x': -73.735699, 'y': 42.663979}, {'x': -73.736029, 'y': 42.663516}, {'x': -73.736952, 'y': 42.662086}, {'x': -73.737429, 'y': 42.661457}, {'x': -73.738051, 'y': 42.660731}, {'x': -73.738306, 'y': 42.660445}, {'x': -73.738839, 'y': 42.659886}, {'x': -73.739307, 'y': 42.659429}, {'x': -73.73994, 'y': 42.658866}, {'x': -73.740485, 'y': 42.658427}, {'x': -73.741235, 'y': 42.657864}, {'x': -73.742529, 'y': 42.656848}, {'x': -73.744061, 'y': 42.655612}, {'x': -73.744468, 'y': 42.655312}, {'x': -73.745016, 'y': 42.654908}, {'x': -73.74549, 'y': 42.654529}, {'x': -73.745705, 'y': 42.654345}, {'x': -73.74605, 'y': 42.654006}, {'x': -73.746279, 'y': 42.653726}, {'x': -73.746657, 'y': 42.653286}, {'x': -73.746974, 'y': 42.652798}, {'x': -73.747168, 'y': 42.652478}, {'x': -73.747456, 'y': 42.651998}, {'x': -73.747637, 'y': 42.65165}, {'x': -73.747821, 'y': 42.65128}, {'x': -73.748007, 'y': 42.650876}, {'x': -73.748122, 'y': 42.650615}, {'x': -73.748227, 'y': 42.650344}, {'x': -73.748347, 'y': 42.650021}, {'x': -73.748449, 'y': 42.649711}, {'x': -73.748479, 'y': 42.649567}, {'x': -73.748624, 'y': 42.648881}, {'x': -73.748884, 'y': 42.647241}, {'x': -73.749003, 'y': 42.646682}, {'x': -73.749127, 'y': 42.646384}, {'x': -73.749208, 'y': 42.646188}, {'x': -73.74946, 'y': 42.645617}, {'x': -73.749568, 'y': 42.645432}, {'x': -73.749735, 'y': 42.645174}, {'x': -73.749867, 'y': 42.644982}, {'x': -73.750445, 'y': 42.644247}, {'x': -73.751199, 'y': 42.643316}, {'x': -73.75147, 'y': 42.642958}, {'x': -73.751698, 'y': 42.642588}, {'x': -73.752043, 'y': 42.641964}, {'x': -73.752297, 'y': 42.641503}, {'x': -73.753164, 'y': 42.639893}, {'x': -73.753426, 'y': 42.63953}, {'x': -73.753659, 'y': 42.639287}, {'x': -73.753959, 'y': 42.639008}, {'x': -73.754414, 'y': 42.638649}, {'x': -73.754958, 'y': 42.638263}, {'x': -73.755564, 'y': 42.637862}, {'x': -73.755939, 'y': 42.637668}, {'x': -73.756734, 'y': 42.637242}, {'x': -73.762474, 'y': 42.634172}, {'x': -73.763027, 'y': 42.633873}, {'x': -73.763856, 'y': 42.633428}, {'x': -73.764286, 'y': 42.633224}, {'x': -73.764579, 'y': 42.633109}, {'x': -73.764939, 'y': 42.63299}, {'x': -73.765412, 'y': 42.632881}, {'x': -73.765907, 'y': 42.632815}, {'x': -73.766416, 'y': 42.63278}, {'x': -73.766786, 'y': 42.632791}, {'x': -73.767204, 'y': 42.632826}]",1642398591825.0,3.0,"[{}, {}, {}, {}, {}, {}, {}, {}, {}, {}, {}, {}, {}]",15.75,56.7,I-787 S,NONE,NONE,204579880.0,2022-01-17 05:49:51,0,False,LineString,"[[-73.726223, 42.674279], [-73.726336, 42.674117], [-73.726666, 42.67369], [-73.726991, 42.673322], [-73.727251, 42.673049], [-73.728189, 42.672155], [-73.729728, 42.670703], [-73.731395, 42.669123], [-73.732659, 42.667963], [-73.733538, 42.667083], [-73.73439, 42.665998], [-73.734724, 42.665529], [-73.735699, 42.663979], [-73.736029, 42.663516], [-73.736952, 42.662086], [-73.737429, 42.661457], [-73.738051, 42.660731], [-73.738306, 42.660445], [-73.738839, 42.659886], [-73.739307, 42.659429], [-73.73994, 42.658866], [-73.740485, 42.658427], [-73.741235, 42.657864], [-73.742529, 42.656848], [-73.744061, 42.655612], [-73.744468, 42.655312], [-73.745016, 42.654908], [-73.74549, 42.654529], [-73.745705, 42.654345], [-73.74605, 42.654006], [-73.746279, 42.653726], [-73.746657, 42.653286], [-73.746974, 42.652798], [-73.747168, 42.652478], [-73.747456, 42.651998], [-73.747637, 42.65165], [-73.747821, 42.65128], [-73.748007, 42.650876], [-73.748122, 42.650615], [-73.748227, 42.650344], [-73.748347, 42.650021], [-73.748449, 42.649711], [-73.748479, 42.649567], [-73.748624, 42.648881], [-73.748884, 42.647241], [-73.749003, 42.646682], [-73.749127, 42.646384], [-73.749208, 42.646188], [-73.74946, 42.645617], [-73.749568, 42.645432], [-73.749735, 42.645174], [-73.749867, 42.644982], [-73.750445, 42.644247], [-73.751199, 42.643316], [-73.75147, 42.642958], [-73.751698, 42.642588], [-73.752043, 42.641964], [-73.752297, 42.641503], [-73.753164, 42.639893], [-73.753426, 42.63953], [-73.753659, 42.639287], [-73.753959, 42.639008], [-73.754414, 42.638649], [-73.754958, 42.638263], [-73.755564, 42.637862], [-73.755939, 42.637668], [-73.756734, 42.637242], [-73.762474, 42.634172], [-73.763027, 42.633873], [-73.763856, 42.633428], [-73.764286, 42.633224], [-73.764579, 42.633109], [-73.764939, 42.63299], [-73.765412, 42.632881], [-73.765907, 42.632815], [-73.766416, 42.63278], [-73.766786, 42.632791], [-73.767204, 42.632826]]",2022-01-17,-73.7392416165895,42.6592162743822,18541654,39198660,,PROPERTY DAMAGE,999,2022,OTHER,2022/01/17,1900-01-01 06:17:00,COLLISION WITH GUIDE RAIL,DARK-ROAD UNLIGHTED,STRAIGHT/ GRADE,SNOW/ICE,NONE,NOT ENTERED,SNOW,0,1970/01/01,0,0,0,0,1,10102.0,0,NYSP LOUDONVILLE,No,603329.11737617,4723742.90284173,Not an intersection crash,Ramp,Albany,4.0,179.0,,Albany,I 787,787I11011031,88.0,T,11-Urban Principal Arterial Interstate,NYSDOT,NYSDOT,Interstate 787,55.0,"V1:(UNSAFE SPEED,NOT APPLICABLE)",2022-01-17,-73.726223,42.674279
160,Feature,,"Watervliet, NY",US,65.0,I-787 S,204590236.0,3026.0,2.0,"[{'x': -73.698946, 'y': 42.735208}, {'x': -73.698687, 'y': 42.734594}, {'x': -73.698616, 'y': 42.734373}, {'x': -73.698456, 'y': 42.733829}, {'x': -73.698401, 'y': 42.733641}, {'x': -73.698345, 'y': 42.733221}, {'x': -73.698329, 'y': 42.732831}, {'x': -73.69833, 'y': 42.732813}, {'x': -73.698353, 'y': 42.732439}, {'x': -73.698394, 'y': 42.732118}, {'x': -73.698474, 'y': 42.731805}, {'x': -73.699211, 'y': 42.729918}, {'x': -73.699389, 'y': 42.729462}, {'x': -73.699496, 'y': 42.729171}, {'x': -73.699563, 'y': 42.728948}, {'x': -73.699629, 'y': 42.728674}, {'x': -73.699679, 'y': 42.728347}, {'x': -73.699727, 'y': 42.728046}, {'x': -73.699719, 'y': 42.727822}, {'x': -73.699664, 'y': 42.7266}, {'x': -73.699658, 'y': 42.726016}, {'x': -73.699688, 'y': 42.725643}, {'x': -73.699776, 'y': 42.725216}, {'x': -73.699868, 'y': 42.724937}, {'x': -73.701046, 'y': 42.721788}, {'x': -73.702816, 'y': 42.717171}, {'x': -73.703434, 'y': 42.7158}, {'x': -73.704053, 'y': 42.714374}, {'x': -73.704352, 'y': 42.713496}, {'x': -73.704663, 'y': 42.712413}, {'x': -73.705498, 'y': 42.709528}, {'x': -73.705536, 'y': 42.709395}, {'x': -73.705631, 'y': 42.709068}, {'x': -73.705723, 'y': 42.708745}]",1642399125950.0,3.0,"[{}, {}, {}, {}]",17.477777777777778,62.92,I-787 S,NONE,NONE,204590236.0,2022-01-17 05:58:45,0,False,LineString,"[[-73.698946, 42.735208], [-73.698687, 42.734594], [-73.698616, 42.734373], [-73.698456, 42.733829], [-73.698401, 42.733641], [-73.698345, 42.733221], [-73.698329, 42.732831], [-73.69833, 42.732813], [-73.698353, 42.732439], [-73.698394, 42.732118], [-73.698474, 42.731805], [-73.699211, 42.729918], [-73.699389, 42.729462], [-73.699496, 42.729171], [-73.699563, 42.728948], [-73.699629, 42.728674], [-73.699679, 42.728347], [-73.699727, 42.728046], [-73.699719, 42.727822], [-73.699664, 42.7266], [-73.699658, 42.726016], [-73.699688, 42.725643], [-73.699776, 42.725216], [-73.699868, 42.724937], [-73.701046, 42.721788], [-73.702816, 42.717171], [-73.703434, 42.7158], [-73.704053, 42.714374], [-73.704352, 42.713496], [-73.704663, 42.712413], [-73.705498, 42.709528], [-73.705536, 42.709395], [-73.705631, 42.709068], [-73.705723, 42.708745]]",2022-01-17,-73.6983399288311,42.7326125851654,18562425,39221228,,PROPERTY DAMAGE,999,2022,OTHER,2022/01/17,1900-01-01 05:55:00,COLLISION WITH OTHER,DARK-ROAD UNLIGHTED,STRAIGHT AND LEVEL,SNOW/ICE,NONE,NOT ENTERED,SNOW,0,1970/01/01,0,0,0,0,1,10102.0,0,NYSP LOUDONVILLE,No,606555.80141725,4731943.98154519,Not an intersection crash,,Albany,,0.0,,Watervliet,I 787,787I11013018,88.0,T,11-Urban Principal Arterial Interstate,NYSDOT,NYSDOT,,55.0,"V1:(UNSAFE SPEED,NOT APPLICABLE)",2022-01-17,-73.698946,42.735208
161,Feature,,"Fishkill, NY",US,60.0,Exit 44: NY-52 Â» Fishkill / Beacon,204597740.0,3215.0,1.0,"[{'x': -73.956387, 'y': 41.526865}, {'x': -73.955806, 'y': 41.527249}, {'x': -73.955188, 'y': 41.527617}, {'x': -73.954317, 'y': 41.528066}, {'x': -73.95294, 'y': 41.52865}, {'x': -73.951542, 'y': 41.529109}, {'x': -73.950147, 'y': 41.529434}, {'x': -73.948779, 'y': 41.529657}, {'x': -73.947579, 'y': 41.529769}, {'x': -73.946001, 'y': 41.529816}, {'x': -73.929781, 'y': 41.529754}, {'x': -73.924765, 'y': 41.529726}, {'x': -73.924584, 'y': 41.529712}, {'x': -73.923521, 'y': 41.529635}, {'x': -73.922096, 'y': 41.529432}, {'x': -73.920717, 'y': 41.529113}, {'x': -73.920009, 'y': 41.528903}, {'x': -73.9191, 'y': 41.528582}]",1642399526442.0,3.0,[{}],19.147222222222226,68.93,I-84 E,NONE,NONE,204597740.0,2022-01-17 06:05:26,0,False,LineString,"[[-73.956387, 41.526865], [-73.955806, 41.527249], [-73.955188, 41.527617], [-73.954317, 41.528066], [-73.95294, 41.52865], [-73.951542, 41.529109], [-73.950147, 41.529434], [-73.948779, 41.529657], [-73.947579, 41.529769], [-73.946001, 41.529816], [-73.929781, 41.529754], [-73.924765, 41.529726], [-73.924584, 41.529712], [-73.923521, 41.529635], [-73.922096, 41.529432], [-73.920717, 41.529113], [-73.920009, 41.528903], [-73.9191, 41.528582]]",2022-01-17,-73.9419269243287,41.5297808948783,18541806,39198813,,PROPERTY DAMAGE,999,2022,OTHER,2022/01/17,1900-01-01 05:54:00,COLLISION WITH GUIDE RAIL,DARK-ROAD UNLIGHTED,CURVE AND LEVEL,SNOW/ICE,NONE,NOT ENTERED,"SLEET/HAIL/FREEZING RAIN
",0,1970/01/01,0,0,0,0,1,11301.0,0,WAPPINGER SP,No,588269.85772577,4598110.88383002,Not an intersection crash,,Dutchess,,0.0,,Fishkill,I 84,84I82021032,88.0,T,11-Urban Principal Arterial Interstate,NYSDOT,NYSDOT,Interstate 84,65.0,"V1:(UNSAFE SPEED,PAVEMENT SLIPPERY)",2022-01-17,-73.956387,41.526865
162,Feature,,"Fishkill, NY",US,60.0,Exit 44: NY-52 Â» Fishkill / Beacon,204597740.0,3215.0,1.0,"[{'x': -73.956387, 'y': 41.526865}, {'x': -73.955806, 'y': 41.527249}, {'x': -73.955188, 'y': 41.527617}, {'x': -73.954317, 'y': 41.528066}, {'x': -73.95294, 'y': 41.52865}, {'x': -73.951542, 'y': 41.529109}, {'x': -73.950147, 'y': 41.529434}, {'x': -73.948779, 'y': 41.529657}, {'x': -73.947579, 'y': 41.529769}, {'x': -73.946001, 'y': 41.529816}, {'x': -73.929781, 'y': 41.529754}, {'x': -73.924765, 'y': 41.529726}, {'x': -73.924584, 'y': 41.529712}, {'x': -73.923521, 'y': 41.529635}, {'x': -73.922096, 'y': 41.529432}, {'x': -73.920717, 'y': 41.529113}, {'x': -73.920009, 'y': 41.528903}, {'x': -73.9191, 'y': 41.528582}]",1642399526442.0,3.0,[{}],19.147222222222226,68.93,I-84 E,NONE,NONE,204597740.0,2022-01-17 06:05:26,0,False,LineString,"[[-73.956387, 41.526865], [-73.955806, 41.527249], [-73.955188, 41.527617], [-73.954317, 41.528066], [-73.95294, 41.52865], [-73.951542, 41.529109], [-73.950147, 41.529434], [-73.948779, 41.529657], [-73.947579, 41.529769], [-73.946001, 41.529816], [-73.929781, 41.529754], [-73.924765, 41.529726], [-73.924584, 41.529712], [-73.923521, 41.529635], [-73.922096, 41.529432], [-73.920717, 41.529113], [-73.920009, 41.528903], [-73.9191, 41.528582]]",2022-01-17,-73.9419734008877,41.5297804785438,18541780,39198787,,PROPERTY DAMAGE,999,2022,OVERTAKING,2022/01/17,1900-01-01 05:54:00,COLLISION WITH MOTOR VEHICLE,DARK-ROAD UNLIGHTED,CURVE AND LEVEL,SNOW/ICE,NONE,NOT ENTERED,"SLEET/HAIL/FREEZING RAIN
",0,1970/01/01,0,0,0,0,2,11301.0,0,WAPPINGER SP,No,588265.98089528,4598110.79008613,Not an intersection crash,,Dutchess,,0.0,,Fishkill,I 84,84I82021031,88.0,T,11-Urban Principal Arterial Interstate,NYSDOT,NYSDOT,Interstate 84,65.0,"V1:(REACTION TO OTHER UNINVOLVED VEHICL,PASSING OR LANE USAGE IMPROPERLY) / V2:(NOT APPLICABLE,NOT APPLICABLE)",2022-01-17,-73.956387,41.526865