,type,properties.blockingAlertUuid,properties.city,properties.country,properties.delay,properties.endNode,properties.id,properties.length,properties.level,properties.line,properties.pubMillis,properties.roadType,properties.segments,properties.speed,properties.speedKMH,properties.street,properties.turnType,properties.type,properties.uuid,properties.utc_timestamp,properties.day_of_week,properties.weekday_weekend,geometry.type,geometry.coordinates,key_date_jams,X,Y,OBJECTID,CaseNumber,MaxInjuryS,CrashSever,RoadwayAcc,CaseYear,CollisionT,CrashDate,CrashTimeF,CrashType,LightCondi,RoadwayCha,RoadSurfac,TrafficCon,TrafficWay,WeatherCon,Commercial,DMVInsertD,NumberOfFa,NumberOfIn,NumberOfOt,NumberOfSe,NumberOfVe,PoliceDept,NonReporta,ReportingA,NonPublicW,UTMEasting,UTMNorthin,Intersecti,ClosestCro,CountyName,DirectionF,DistanceFr,MasterInte,CityTownNa,OnStreet,ReferenceM,ACCESS_CON,DIVIDED,FUNCTIONAL,MAINT_JURI,OWNING_JUR,NAME,POSTED_SPE,ApparentFa,key_date_crashes,jams_x,jams_y
163,Feature,,"Fishkill, NY",US,60.0,Exit 44: NY-52 Â» Fishkill / Beacon,204597740.0,3215.0,1.0,"[{'x': -73.956387, 'y': 41.526865}, {'x': -73.955806, 'y': 41.527249}, {'x': -73.955188, 'y': 41.527617}, {'x': -73.954317, 'y': 41.528066}, {'x': -73.95294, 'y': 41.52865}, {'x': -73.951542, 'y': 41.529109}, {'x': -73.950147, 'y': 41.529434}, {'x': -73.948779, 'y': 41.529657}, {'x': -73.947579, 'y': 41.529769}, {'x': -73.946001, 'y': 41.529816}, {'x': -73.929781, 'y': 41.529754}, {'x': -73.924765, 'y': 41.529726}, {'x': -73.924584, 'y': 41.529712}, {'x': -73.923521, 'y': 41.529635}, {'x': -73.922096, 'y': 41.529432}, {'x': -73.920717, 'y': 41.529113}, {'x': -73.920009, 'y': 41.528903}, {'x': -73.9191, 'y': 41.528582}]",1642399526442.0,3.0,[{}],19.147222222222226,68.93,I-84 E,NONE,NONE,204597740.0,2022-01-17 06:05:26,0,False,LineString,"[[-73.956387, 41.526865], [-73.955806, 41.527249], [-73.955188, 41.527617], [-73.954317, 41.528066], [-73.95294, 41.52865], [-73.951542, 41.529109], [-73.950147, 41.529434], [-73.948779, 41.529657], [-73.947579, 41.529769], [-73.946001, 41.529816], [-73.929781, 41.529754], [-73.924765, 41.529726], [-73.924584, 41.529712], [-73.923521, 41.529635], [-73.922096, 41.529432], [-73.920717, 41.529113], [-73.920009, 41.528903], [-73.9191, 41.528582]]",2022-01-17,-73.9419260823669,41.5297278904571,18541774,39198781,,PROPERTY DAMAGE,999,2022,OTHER,2022/01/17,1900-01-01 05:54:00,COLLISION WITH GUIDE RAIL,DARK-ROAD UNLIGHTED,CURVE AND LEVEL,SNOW/ICE,NONE,NOT ENTERED,"SLEET/HAIL/FREEZING RAIN
",0,1970/01/01,0,0,0,0,1,11301.0,0,WAPPINGER SP,No,588270.0,4598105.0,Not an intersection crash,,Dutchess,,0.0,,Fishkill,,,,,Unknown,Unknown,Unknown,,,"V1:(REACTION TO OTHER UNINVOLVED VEHICL,PAVEMENT SLIPPERY)",2022-01-17,-73.956387,41.526865
164,Feature,,"Fishkill, NY",US,60.0,Exit 44: NY-52 Â» Fishkill / Beacon,204597740.0,3215.0,1.0,"[{'x': -73.956387, 'y': 41.526865}, {'x': -73.955806, 'y': 41.527249}, {'x': -73.955188, 'y': 41.527617}, {'x': -73.954317, 'y': 41.528066}, {'x': -73.95294, 'y': 41.52865}, {'x': -73.951542, 'y': 41.529109}, {'x': -73.950147, 'y': 41.529434}, {'x': -73.948779, 'y': 41.529657}, {'x': -73.947579, 'y': 41.529769}, {'x': -73.946001, 'y': 41.529816}, {'x': -73.929781, 'y': 41.529754}, {'x': -73.924765, 'y': 41.529726}, {'x': -73.924584, 'y': 41.529712}, {'x': -73.923521, 'y': 41.529635}, {'x': -73.922096, 'y': 41.529432}, {'x': -73.920717, 'y': 41.529113}, {'x': -73.920009, 'y': 41.528903}, {'x': -73.9191, 'y': 41.528582}]",1642399526442.0,3.0,[{}],19.147222222222226,68.93,I-84 E,NONE,NONE,204597740.0,2022-01-17 06:05:26,0,False,LineString,"[[-73.956387, 41.526865], [-73.955806, 41.527249], [-73.955188, 41.527617], [-73.954317, 41.528066], [-73.95294, 41.52865], [-73.951542, 41.529109], [-73.950147, 41.529434], [-73.948779, 41.529657], [-73.947579, 41.529769], [-73.946001, 41.529816], [-73.929781, 41.529754], [-73.924765, 41.529726], [-73.924584, 41.529712], [-73.923521, 41.529635], [-73.922096, 41.529432], [-73.920717, 41.529113], [-73.920009, 41.528903], [-73.9191, 41.528582]]",2022-01-17,-73.9405054075377,41.5301111270104,18538988,39195715,,PROPERTY DAMAGE,999,2022,OTHER,2022/01/17,1900-01-01 06:00:00,COLLISION WITH GUIDE RAIL,DARK-ROAD UNLIGHTED,STRAIGHT AND LEVEL,SNOW/ICE,NONE,NOT ENTERED,"SLEET/HAIL/FREEZING RAIN
",0,1970/01/01,0,0,0,0,1,11308.0,0,SP THRUWAY EAST FISHKILL,No,588388.0,4598149.0,Not an intersection crash,,Dutchess,,0.0,,Fishkill,,,,,Unknown,Unknown,Unknown,,,"V1:(UNSAFE SPEED,PAVEMENT SLIPPERY)",2022-01-17,-73.956387,41.526865
165,Feature,,"Fishkill, NY",US,60.0,Exit 44: NY-52 Â» Fishkill / Beacon,204597740.0,3215.0,1.0,"[{'x': -73.956387, 'y': 41.526865}, {'x': -73.955806, 'y': 41.527249}, {'x': -73.955188, 'y': 41.527617}, {'x': -73.954317, 'y': 41.528066}, {'x': -73.95294, 'y': 41.52865}, {'x': -73.951542, 'y': 41.529109}, {'x': -73.950147, 'y': 41.529434}, {'x': -73.948779, 'y': 41.529657}, {'x': -73.947579, 'y': 41.529769}, {'x': -73.946001, 'y': 41.529816}, {'x': -73.929781, 'y': 41.529754}, {'x': -73.924765, 'y': 41.529726}, {'x': -73.924584, 'y': 41.529712}, {'x': -73.923521, 'y': 41.529635}, {'x': -73.922096, 'y': 41.529432}, {'x': -73.920717, 'y': 41.529113}, {'x': -73.920009, 'y': 41.528903}, {'x': -73.9191, 'y': 41.528582}]",1642399526442.0,3.0,[{}],19.147222222222226,68.93,I-84 E,NONE,NONE,204597740.0,2022-01-17 06:05:26,0,False,LineString,"[[-73.956387, 41.526865], [-73.955806, 41.527249], [-73.955188, 41.527617], [-73.954317, 41.528066], [-73.95294, 41.52865], [-73.951542, 41.529109], [-73.950147, 41.529434], [-73.948779, 41.529657], [-73.947579, 41.529769], [-73.946001, 41.529816], [-73.929781, 41.529754], [-73.924765, 41.529726], [-73.924584, 41.529712], [-73.923521, 41.529635], [-73.922096, 41.529432], [-73.920717, 41.529113], [-73.920009, 41.528903], [-73.9191, 41.528582]]",2022-01-17,-73.9405054075377,41.5301111270104,18538994,39195721,C - POSSIBLE INJURY,INJURY,999,2022,OTHER,2022/01/17,1900-01-01 06:27:00,COLLISION WITH GUIDE RAIL,DARK-ROAD UNLIGHTED,STRAIGHT AND LEVEL,SNOW/ICE,NONE,NOT ENTERED,"SLEET/HAIL/FREEZING RAIN
",0,1970/01/01,0,1,1,0,1,11308.0,0,SP THRUWAY EAST FISHKILL,No,588388.0,4598149.0,Not an intersection crash,,Dutchess,,0.0,,Fishkill,,,,,Unknown,Unknown,Unknown,,,"V1:(UNSAFE SPEED,PAVEMENT SLIPPERY)",2022-01-17,-73.956387,41.526865
166,Feature,,"Menands, NY",US,62.0,I-787 N,204608858.0,3864.0,1.0,"[{'x': -73.72619, 'y': 42.673994}, {'x': -73.725897, 'y': 42.674397}, {'x': -73.725723, 'y': 42.674678}, {'x': -73.725276, 'y': 42.675557}, {'x': -73.725096, 'y': 42.67596}, {'x': -73.724952, 'y': 42.676314}, {'x': -73.723297, 'y': 42.680281}, {'x': -73.72293, 'y': 42.681062}, {'x': -73.722649, 'y': 42.681583}, {'x': -73.72225, 'y': 42.682239}, {'x': -73.721822, 'y': 42.682855}, {'x': -73.721716, 'y': 42.682998}, {'x': -73.721396, 'y': 42.683404}, {'x': -73.721079, 'y': 42.683777}, {'x': -73.720758, 'y': 42.684141}, {'x': -73.720515, 'y': 42.684405}, {'x': -73.720317, 'y': 42.68461}, {'x': -73.720079, 'y': 42.684846}, {'x': -73.719823, 'y': 42.685087}, {'x': -73.719265, 'y': 42.685591}, {'x': -73.718481, 'y': 42.686253}, {'x': -73.71787, 'y': 42.686769}, {'x': -73.716356, 'y': 42.688059}, {'x': -73.713362, 'y': 42.690563}, {'x': -73.711826, 'y': 42.691932}, {'x': -73.711417, 'y': 42.692319}, {'x': -73.710662, 'y': 42.693245}, {'x': -73.7104, 'y': 42.693562}, {'x': -73.710031, 'y': 42.694185}, {'x': -73.709893, 'y': 42.694427}, {'x': -73.709681, 'y': 42.694841}, {'x': -73.70941, 'y': 42.695466}, {'x': -73.709143, 'y': 42.696162}, {'x': -73.708143, 'y': 42.699686}, {'x': -73.707919, 'y': 42.70041}, {'x': -73.707692, 'y': 42.701219}, {'x': -73.707468, 'y': 42.702045}, {'x': -73.706646, 'y': 42.704881}]",1642400122840.0,3.0,"[{}, {}, {}, {}, {}, {}]",19.68611111111111,70.87,I-787 N,NONE,NONE,204608858.0,2022-01-17 06:15:22,0,False,LineString,"[[-73.72619, 42.673994], [-73.725897, 42.674397], [-73.725723, 42.674678], [-73.725276, 42.675557], [-73.725096, 42.67596], [-73.724952, 42.676314], [-73.723297, 42.680281], [-73.72293, 42.681062], [-73.722649, 42.681583], [-73.72225, 42.682239], [-73.721822, 42.682855], [-73.721716, 42.682998], [-73.721396, 42.683404], [-73.721079, 42.683777], [-73.720758, 42.684141], [-73.720515, 42.684405], [-73.720317, 42.68461], [-73.720079, 42.684846], [-73.719823, 42.685087], [-73.719265, 42.685591], [-73.718481, 42.686253], [-73.71787, 42.686769], [-73.716356, 42.688059], [-73.713362, 42.690563], [-73.711826, 42.691932], [-73.711417, 42.692319], [-73.710662, 42.693245], [-73.7104, 42.693562], [-73.710031, 42.694185], [-73.709893, 42.694427], [-73.709681, 42.694841], [-73.70941, 42.695466], [-73.709143, 42.696162], [-73.708143, 42.699686], [-73.707919, 42.70041], [-73.707692, 42.701219], [-73.707468, 42.702045], [-73.706646, 42.704881]]",2022-01-17,-73.7392416165895,42.6592162743822,18541654,39198660,,PROPERTY DAMAGE,999,2022,OTHER,2022/01/17,1900-01-01 06:17:00,COLLISION WITH GUIDE RAIL,DARK-ROAD UNLIGHTED,STRAIGHT/ GRADE,SNOW/ICE,NONE,NOT ENTERED,SNOW,0,1970/01/01,0,0,0,0,1,10102.0,0,NYSP LOUDONVILLE,No,603329.11737617,4723742.90284173,Not an intersection crash,Ramp,Albany,4.0,179.0,,Albany,I 787,787I11011031,88.0,T,11-Urban Principal Arterial Interstate,NYSDOT,NYSDOT,Interstate 787,55.0,"V1:(UNSAFE SPEED,NOT APPLICABLE)",2022-01-17,-73.72619,42.673994
167,Feature,,"Fishkill, NY",US,135.0,I-84 W,204608702.0,5401.0,1.0,"[{'x': -73.918797, 'y': 41.528777}, {'x': -73.919834, 'y': 41.529169}, {'x': -73.921106, 'y': 41.529549}, {'x': -73.92228, 'y': 41.5298}, {'x': -73.923481, 'y': 41.529974}, {'x': -73.924798, 'y': 41.53007}, {'x': -73.945935, 'y': 41.53015}, {'x': -73.947043, 'y': 41.530125}, {'x': -73.947909, 'y': 41.530067}, {'x': -73.949081, 'y': 41.529922}, {'x': -73.949976, 'y': 41.529771}, {'x': -73.950879, 'y': 41.529567}, {'x': -73.951677, 'y': 41.529365}, {'x': -73.952467, 'y': 41.529114}, {'x': -73.953644, 'y': 41.528674}, {'x': -73.95503, 'y': 41.528027}, {'x': -73.955995, 'y': 41.527475}, {'x': -73.956647, 'y': 41.52705}, {'x': -73.966298, 'y': 41.520181}, {'x': -73.966601, 'y': 41.519994}, {'x': -73.967366, 'y': 41.519562}, {'x': -73.968668, 'y': 41.518998}, {'x': -73.96975, 'y': 41.518632}, {'x': -73.970521, 'y': 41.518433}, {'x': -73.971711, 'y': 41.518174}, {'x': -73.973185, 'y': 41.517982}, {'x': -73.974589, 'y': 41.517906}, {'x': -73.976111, 'y': 41.517946}, {'x': -73.977823, 'y': 41.518059}]",1642400123269.0,3.0,"[{}, {}, {}]",16.919444444444444,60.91,I-84 W,NONE,NONE,204608702.0,2022-01-17 06:15:23,0,False,LineString,"[[-73.918797, 41.528777], [-73.919834, 41.529169], [-73.921106, 41.529549], [-73.92228, 41.5298], [-73.923481, 41.529974], [-73.924798, 41.53007], [-73.945935, 41.53015], [-73.947043, 41.530125], [-73.947909, 41.530067], [-73.949081, 41.529922], [-73.949976, 41.529771], [-73.950879, 41.529567], [-73.951677, 41.529365], [-73.952467, 41.529114], [-73.953644, 41.528674], [-73.95503, 41.528027], [-73.955995, 41.527475], [-73.956647, 41.52705], [-73.966298, 41.520181], [-73.966601, 41.519994], [-73.967366, 41.519562], [-73.968668, 41.518998], [-73.96975, 41.518632], [-73.970521, 41.518433], [-73.971711, 41.518174], [-73.973185, 41.517982], [-73.974589, 41.517906], [-73.976111, 41.517946], [-73.977823, 41.518059]]",2022-01-17,-73.9419269243287,41.5297808948783,18541806,39198813,,PROPERTY DAMAGE,999,2022,OTHER,2022/01/17,1900-01-01 05:54:00,COLLISION WITH GUIDE RAIL,DARK-ROAD UNLIGHTED,CURVE AND LEVEL,SNOW/ICE,NONE,NOT ENTERED,"SLEET/HAIL/FREEZING RAIN
",0,1970/01/01,0,0,0,0,1,11301.0,0,WAPPINGER SP,No,588269.85772577,4598110.88383002,Not an intersection crash,,Dutchess,,0.0,,Fishkill,I 84,84I82021032,88.0,T,11-Urban Principal Arterial Interstate,NYSDOT,NYSDOT,Interstate 84,65.0,"V1:(UNSAFE SPEED,PAVEMENT SLIPPERY)",2022-01-17,-73.918797,41.528777
168,Feature,,"Fishkill, NY",US,135.0,I-84 W,204608702.0,5401.0,1.0,"[{'x': -73.918797, 'y': 41.528777}, {'x': -73.919834, 'y': 41.529169}, {'x': -73.921106, 'y': 41.529549}, {'x': -73.92228, 'y': 41.5298}, {'x': -73.923481, 'y': 41.529974}, {'x': -73.924798, 'y': 41.53007}, {'x': -73.945935, 'y': 41.53015}, {'x': -73.947043, 'y': 41.530125}, {'x': -73.947909, 'y': 41.530067}, {'x': -73.949081, 'y': 41.529922}, {'x': -73.949976, 'y': 41.529771}, {'x': -73.950879, 'y': 41.529567}, {'x': -73.951677, 'y': 41.529365}, {'x': -73.952467, 'y': 41.529114}, {'x': -73.953644, 'y': 41.528674}, {'x': -73.95503, 'y': 41.528027}, {'x': -73.955995, 'y': 41.527475}, {'x': -73.956647, 'y': 41.52705}, {'x': -73.966298, 'y': 41.520181}, {'x': -73.966601, 'y': 41.519994}, {'x': -73.967366, 'y': 41.519562}, {'x': -73.968668, 'y': 41.518998}, {'x': -73.96975, 'y': 41.518632}, {'x': -73.970521, 'y': 41.518433}, {'x': -73.971711, 'y': 41.518174}, {'x': -73.973185, 'y': 41.517982}, {'x': -73.974589, 'y': 41.517906}, {'x': -73.976111, 'y': 41.517946}, {'x': -73.977823, 'y': 41.518059}]",1642400123269.0,3.0,"[{}, {}, {}]",16.919444444444444,60.91,I-84 W,NONE,NONE,204608702.0,2022-01-17 06:15:23,0,False,LineString,"[[-73.918797, 41.528777], [-73.919834, 41.529169], [-73.921106, 41.529549], [-73.92228, 41.5298], [-73.923481, 41.529974], [-73.924798, 41.53007], [-73.945935, 41.53015], [-73.947043, 41.530125], [-73.947909, 41.530067], [-73.949081, 41.529922], [-73.949976, 41.529771], [-73.950879, 41.529567], [-73.951677, 41.529365], [-73.952467, 41.529114], [-73.953644, 41.528674], [-73.95503, 41.528027], [-73.955995, 41.527475], [-73.956647, 41.52705], [-73.966298, 41.520181], [-73.966601, 41.519994], [-73.967366, 41.519562], [-73.968668, 41.518998], [-73.96975, 41.518632], [-73.970521, 41.518433], [-73.971711, 41.518174], [-73.973185, 41.517982], [-73.974589, 41.517906], [-73.976111, 41.517946], [-73.977823, 41.518059]]",2022-01-17,-73.9419734008877,41.5297804785438,18541780,39198787,,PROPERTY DAMAGE,999,2022,OVERTAKING,2022/01/17,1900-01-01 05:54:00,COLLISION WITH MOTOR VEHICLE,DARK-ROAD UNLIGHTED,CURVE AND LEVEL,SNOW/ICE,NONE,NOT ENTERED,"SLEET/HAIL/FREEZING RAIN
",0,1970/01/01,0,0,0,0,2,11301.0,0,WAPPINGER SP,No,588265.98089528,4598110.79008613,Not an intersection crash,,Dutchess,,0.0,,Fishkill,I 84,84I82021031,88.0,T,11-Urban Principal Arterial Interstate,NYSDOT,NYSDOT,Interstate 84,65.0,"V1:(REACTION TO OTHER UNINVOLVED VEHICL,PASSING OR LANE USAGE IMPROPERLY) / V2:(NOT APPLICABLE,NOT APPLICABLE)",2022-01-17,-73.918797,41.528777
169,Feature,,"Fishkill, NY",US,135.0,I-84 W,204608702.0,5401.0,1.0,"[{'x': -73.918797, 'y': 41.528777}, {'x': -73.919834, 'y': 41.529169}, {'x': -73.921106, 'y': 41.529549}, {'x': -73.92228, 'y': 41.5298}, {'x': -73.923481, 'y': 41.529974}, {'x': -73.924798, 'y': 41.53007}, {'x': -73.945935, 'y': 41.53015}, {'x': -73.947043, 'y': 41.530125}, {'x': -73.947909, 'y': 41.530067}, {'x': -73.949081, 'y': 41.529922}, {'x': -73.949976, 'y': 41.529771}, {'x': -73.950879, 'y': 41.529567}, {'x': -73.951677, 'y': 41.529365}, {'x': -73.952467, 'y': 41.529114}, {'x': -73.953644, 'y': 41.528674}, {'x': -73.95503, 'y': 41.528027}, {'x': -73.955995, 'y': 41.527475}, {'x': -73.956647, 'y': 41.52705}, {'x': -73.966298, 'y': 41.520181}, {'x': -73.966601, 'y': 41.519994}, {'x': -73.967366, 'y': 41.519562}, {'x': -73.968668, 'y': 41.518998}, {'x': -73.96975, 'y': 41.518632}, {'x': -73.970521, 'y': 41.518433}, {'x': -73.971711, 'y': 41.518174}, {'x': -73.973185, 'y': 41.517982}, {'x': -73.974589, 'y': 41.517906}, {'x': -73.976111, 'y': 41.517946}, {'x': -73.977823, 'y': 41.518059}]",1642400123269.0,3.0,"[{}, {}, {}]",16.919444444444444,60.91,I-84 W,NONE,NONE,204608702.0,2022-01-17 06:15:23,0,False,LineString,"[[-73.918797, 41.528777], [-73.919834, 41.529169], [-73.921106, 41.529549], [-73.92228, 41.5298], [-73.923481, 41.529974], [-73.924798, 41.53007], [-73.945935, 41.53015], [-73.947043, 41.530125], [-73.947909, 41.530067], [-73.949081, 41.529922], [-73.949976, 41.529771], [-73.950879, 41.529567], [-73.951677, 41.529365], [-73.952467, 41.529114], [-73.953644, 41.528674], [-73.95503, 41.528027], [-73.955995, 41.527475], [-73.956647, 41.52705], [-73.966298, 41.520181], [-73.966601, 41.519994], [-73.967366, 41.519562], [-73.968668, 41.518998], [-73.96975, 41.518632], [-73.970521, 41.518433], [-73.971711, 41.518174], [-73.973185, 41.517982], [-73.974589, 41.517906], [-73.976111, 41.517946], [-73.977823, 41.518059]]",2022-01-17,-73.9419260823669,41.5297278904571,18541774,39198781,,PROPERTY DAMAGE,999,2022,OTHER,2022/01/17,1900-01-01 05:54:00,COLLISION WITH GUIDE RAIL,DARK-ROAD UNLIGHTED,CURVE AND LEVEL,SNOW/ICE,NONE,NOT ENTERED,"SLEET/HAIL/FREEZING RAIN
",0,1970/01/01,0,0,0,0,1,11301.0,0,WAPPINGER SP,No,588270.0,4598105.0,Not an intersection crash,,Dutchess,,0.0,,Fishkill,,,,,Unknown,Unknown,Unknown,,,"V1:(REACTION TO OTHER UNINVOLVED VEHICL,PAVEMENT SLIPPERY)",2022-01-17,-73.918797,41.528777
170,Feature,,"Fishkill, NY",US,135.0,I-84 W,204608702.0,5401.0,1.0,"[{'x': -73.918797, 'y': 41.528777}, {'x': -73.919834, 'y': 41.529169}, {'x': -73.921106, 'y': 41.529549}, {'x': -73.92228, 'y': 41.5298}, {'x': -73.923481, 'y': 41.529974}, {'x': -73.924798, 'y': 41.53007}, {'x': -73.945935, 'y': 41.53015}, {'x': -73.947043, 'y': 41.530125}, {'x': -73.947909, 'y': 41.530067}, {'x': -73.949081, 'y': 41.529922}, {'x': -73.949976, 'y': 41.529771}, {'x': -73.950879, 'y': 41.529567}, {'x': -73.951677, 'y': 41.529365}, {'x': -73.952467, 'y': 41.529114}, {'x': -73.953644, 'y': 41.528674}, {'x': -73.95503, 'y': 41.528027}, {'x': -73.955995, 'y': 41.527475}, {'x': -73.956647, 'y': 41.52705}, {'x': -73.966298, 'y': 41.520181}, {'x': -73.966601, 'y': 41.519994}, {'x': -73.967366, 'y': 41.519562}, {'x': -73.968668, 'y': 41.518998}, {'x': -73.96975, 'y': 41.518632}, {'x': -73.970521, 'y': 41.518433}, {'x': -73.971711, 'y': 41.518174}, {'x': -73.973185, 'y': 41.517982}, {'x': -73.974589, 'y': 41.517906}, {'x': -73.976111, 'y': 41.517946}, {'x': -73.977823, 'y': 41.518059}]",1642400123269.0,3.0,"[{}, {}, {}]",16.919444444444444,60.91,I-84 W,NONE,NONE,204608702.0,2022-01-17 06:15:23,0,False,LineString,"[[-73.918797, 41.528777], [-73.919834, 41.529169], [-73.921106, 41.529549], [-73.92228, 41.5298], [-73.923481, 41.529974], [-73.924798, 41.53007], [-73.945935, 41.53015], [-73.947043, 41.530125], [-73.947909, 41.530067], [-73.949081, 41.529922], [-73.949976, 41.529771], [-73.950879, 41.529567], [-73.951677, 41.529365], [-73.952467, 41.529114], [-73.953644, 41.528674], [-73.95503, 41.528027], [-73.955995, 41.527475], [-73.956647, 41.52705], [-73.966298, 41.520181], [-73.966601, 41.519994], [-73.967366, 41.519562], [-73.968668, 41.518998], [-73.96975, 41.518632], [-73.970521, 41.518433], [-73.971711, 41.518174], [-73.973185, 41.517982], [-73.974589, 41.517906], [-73.976111, 41.517946], [-73.977823, 41.518059]]",2022-01-17,-73.9405054075377,41.5301111270104,18538988,39195715,,PROPERTY DAMAGE,999,2022,OTHER,2022/01/17,1900-01-01 06:00:00,COLLISION WITH GUIDE RAIL,DARK-ROAD UNLIGHTED,STRAIGHT AND LEVEL,SNOW/ICE,NONE,NOT ENTERED,"SLEET/HAIL/FREEZING RAIN
",0,1970/01/01,0,0,0,0,1,11308.0,0,SP THRUWAY EAST FISHKILL,No,588388.0,4598149.0,Not an intersection crash,,Dutchess,,0.0,,Fishkill,,,,,Unknown,Unknown,Unknown,,,"V1:(UNSAFE SPEED,PAVEMENT SLIPPERY)",2022-01-17,-73.918797,41.528777
171,Feature,,"Fishkill, NY",US,135.0,I-84 W,204608702.0,5401.0,1.0,"[{'x': -73.918797, 'y': 41.528777}, {'x': -73.919834, 'y': 41.529169}, {'x': -73.921106, 'y': 41.529549}, {'x': -73.92228, 'y': 41.5298}, {'x': -73.923481, 'y': 41.529974}, {'x': -73.924798, 'y': 41.53007}, {'x': -73.945935, 'y': 41.53015}, {'x': -73.947043, 'y': 41.530125}, {'x': -73.947909, 'y': 41.530067}, {'x': -73.949081, 'y': 41.529922}, {'x': -73.949976, 'y': 41.529771}, {'x': -73.950879, 'y': 41.529567}, {'x': -73.951677, 'y': 41.529365}, {'x': -73.952467, 'y': 41.529114}, {'x': -73.953644, 'y': 41.528674}, {'x': -73.95503, 'y': 41.528027}, {'x': -73.955995, 'y': 41.527475}, {'x': -73.956647, 'y': 41.52705}, {'x': -73.966298, 'y': 41.520181}, {'x': -73.966601, 'y': 41.519994}, {'x': -73.967366, 'y': 41.519562}, {'x': -73.968668, 'y': 41.518998}, {'x': -73.96975, 'y': 41.518632}, {'x': -73.970521, 'y': 41.518433}, {'x': -73.971711, 'y': 41.518174}, {'x': -73.973185, 'y': 41.517982}, {'x': -73.974589, 'y': 41.517906}, {'x': -73.976111, 'y': 41.517946}, {'x': -73.977823, 'y': 41.518059}]",1642400123269.0,3.0,"[{}, {}, {}]",16.919444444444444,60.91,I-84 W,NONE,NONE,204608702.0,2022-01-17 06:15:23,0,False,LineString,"[[-73.918797, 41.528777], [-73.919834, 41.529169], [-73.921106, 41.529549], [-73.92228, 41.5298], [-73.923481, 41.529974], [-73.924798, 41.53007], [-73.945935, 41.53015], [-73.947043, 41.530125], [-73.947909, 41.530067], [-73.949081, 41.529922], [-73.949976, 41.529771], [-73.950879, 41.529567], [-73.951677, 41.529365], [-73.952467, 41.529114], [-73.953644, 41.528674], [-73.95503, 41.528027], [-73.955995, 41.527475], [-73.956647, 41.52705], [-73.966298, 41.520181], [-73.966601, 41.519994], [-73.967366, 41.519562], [-73.968668, 41.518998], [-73.96975, 41.518632], [-73.970521, 41.518433], [-73.971711, 41.518174], [-73.973185, 41.517982], [-73.974589, 41.517906], [-73.976111, 41.517946], [-73.977823, 41.518059]]",2022-01-17,-73.9405054075377,41.5301111270104,18538994,39195721,C - POSSIBLE INJURY,INJURY,999,2022,OTHER,2022/01/17,1900-01-01 06:27:00,COLLISION WITH GUIDE RAIL,DARK-ROAD UNLIGHTED,STRAIGHT AND LEVEL,SNOW/ICE,NONE,NOT ENTERED,"SLEET/HAIL/FREEZING RAIN
",0,1970/01/01,0,1,1,0,1,11308.0,0,SP THRUWAY EAST FISHKILL,No,588388.0,4598149.0,Not an intersection crash,,Dutchess,,0.0,,Fishkill,,,,,Unknown,Unknown,Unknown,,,"V1:(UNSAFE SPEED,PAVEMENT SLIPPERY)",2022-01-17,-73.918797,41.528777
172,Feature,,"Watervliet, NY",US,89.0,I-787 N,204617562.0,3063.0,2.0,"[{'x': -73.705403, 'y': 42.709181}, {'x': -73.705372, 'y': 42.709287}, {'x': -73.705268, 'y': 42.709647}, {'x': -73.704467, 'y': 42.712418}, {'x': -73.704116, 'y': 42.713632}, {'x': -73.703844, 'y': 42.714383}, {'x': -73.702674, 'y': 42.716989}, {'x': -73.702446, 'y': 42.717527}, {'x': -73.701582, 'y': 42.719875}, {'x': -73.700883, 'y': 42.721715}, {'x': -73.699919, 'y': 42.724228}, {'x': -73.699626, 'y': 42.725039}, {'x': -73.699476, 'y': 42.725618}, {'x': -73.699449, 'y': 42.725784}, {'x': -73.699427, 'y': 42.726332}, {'x': -73.699495, 'y': 42.727779}, {'x': -73.69948, 'y': 42.728389}, {'x': -73.699351, 'y': 42.728916}, {'x': -73.699269, 'y': 42.729175}, {'x': -73.699183, 'y': 42.729429}, {'x': -73.699118, 'y': 42.729577}, {'x': -73.698485, 'y': 42.731168}, {'x': -73.698306, 'y': 42.731669}, {'x': -73.698198, 'y': 42.731976}, {'x': -73.698125, 'y': 42.732449}, {'x': -73.698103, 'y': 42.732816}, {'x': -73.69811, 'y': 42.733087}, {'x': -73.698134, 'y': 42.733388}, {'x': -73.698196, 'y': 42.733776}, {'x': -73.698558, 'y': 42.734921}, {'x': -73.698717, 'y': 42.735391}, {'x': -73.698867, 'y': 42.735983}]",1642400653197.0,3.0,"[{}, {}, {}, {}]",15.591666666666669,56.13,I-787 N,NONE,NONE,204617562.0,2022-01-17 06:24:13,0,False,LineString,"[[-73.705403, 42.709181], [-73.705372, 42.709287], [-73.705268, 42.709647], [-73.704467, 42.712418], [-73.704116, 42.713632], [-73.703844, 42.714383], [-73.702674, 42.716989], [-73.702446, 42.717527], [-73.701582, 42.719875], [-73.700883, 42.721715], [-73.699919, 42.724228], [-73.699626, 42.725039], [-73.699476, 42.725618], [-73.699449, 42.725784], [-73.699427, 42.726332], [-73.699495, 42.727779], [-73.69948, 42.728389], [-73.699351, 42.728916], [-73.699269, 42.729175], [-73.699183, 42.729429], [-73.699118, 42.729577], [-73.698485, 42.731168], [-73.698306, 42.731669], [-73.698198, 42.731976], [-73.698125, 42.732449], [-73.698103, 42.732816], [-73.69811, 42.733087], [-73.698134, 42.733388], [-73.698196, 42.733776], [-73.698558, 42.734921], [-73.698717, 42.735391], [-73.698867, 42.735983]]",2022-01-17,-73.6983399288311,42.7326125851654,18562425,39221228,,PROPERTY DAMAGE,999,2022,OTHER,2022/01/17,1900-01-01 05:55:00,COLLISION WITH OTHER,DARK-ROAD UNLIGHTED,STRAIGHT AND LEVEL,SNOW/ICE,NONE,NOT ENTERED,SNOW,0,1970/01/01,0,0,0,0,1,10102.0,0,NYSP LOUDONVILLE,No,606555.80141725,4731943.98154519,Not an intersection crash,,Albany,,0.0,,Watervliet,I 787,787I11013018,88.0,T,11-Urban Principal Arterial Interstate,NYSDOT,NYSDOT,,55.0,"V1:(UNSAFE SPEED,NOT APPLICABLE)",2022-01-17,-73.705403,42.709181