,type,properties.blockingAlertUuid,properties.city,properties.country,properties.delay,properties.endNode,properties.id,properties.length,properties.level,properties.line,properties.pubMillis,properties.roadType,properties.segments,properties.speed,properties.speedKMH,properties.street,properties.turnType,properties.type,properties.uuid,properties.utc_timestamp,properties.day_of_week,properties.weekday_weekend,geometry.type,geometry.coordinates,key_date_jams,X,Y,OBJECTID,CaseNumber,MaxInjuryS,CrashSever,RoadwayAcc,CaseYear,CollisionT,CrashDate,CrashTimeF,CrashType,LightCondi,RoadwayCha,RoadSurfac,TrafficCon,TrafficWay,WeatherCon,Commercial,DMVInsertD,NumberOfFa,NumberOfIn,NumberOfOt,NumberOfSe,NumberOfVe,PoliceDept,NonReporta,ReportingA,NonPublicW,UTMEasting,UTMNorthin,Intersecti,ClosestCro,CountyName,DirectionF,DistanceFr,MasterInte,CityTownNa,OnStreet,ReferenceM,ACCESS_CON,DIVIDED,FUNCTIONAL,MAINT_JURI,OWNING_JUR,NAME,POSTED_SPE,ApparentFa,key_date_crashes,jams_x,jams_y
173,Feature,,"Albany, NY",US,60.0,Exit 5: I-90 Â» Buffalo / Boston,204622704.0,1652.0,2.0,"[{'x': -73.748668, 'y': 42.646803}, {'x': -73.748392, 'y': 42.648579}, {'x': -73.748323, 'y': 42.648977}, {'x': -73.748227, 'y': 42.64937}, {'x': -73.748086, 'y': 42.649807}, {'x': -73.747736, 'y': 42.650688}, {'x': -73.747466, 'y': 42.651233}, {'x': -73.747143, 'y': 42.651773}, {'x': -73.746814, 'y': 42.652288}, {'x': -73.746252, 'y': 42.653073}, {'x': -73.745732, 'y': 42.653725}, {'x': -73.745084, 'y': 42.654455}, {'x': -73.744851, 'y': 42.654693}, {'x': -73.744645, 'y': 42.654896}, {'x': -73.744368, 'y': 42.655149}, {'x': -73.744079, 'y': 42.655404}, {'x': -73.743553, 'y': 42.655812}, {'x': -73.743139, 'y': 42.656134}, {'x': -73.742126, 'y': 42.656922}, {'x': -73.741457, 'y': 42.657436}, {'x': -73.740751, 'y': 42.657989}, {'x': -73.739879, 'y': 42.65868}, {'x': -73.739461, 'y': 42.65903}, {'x': -73.739253, 'y': 42.659213}, {'x': -73.73908, 'y': 42.659405}]",1642400916966.0,3.0,"[{}, {}, {}, {}]",13.480555555555556,48.53,I-787 N,NONE,NONE,204622704.0,2022-01-17 06:28:36,0,False,LineString,"[[-73.748668, 42.646803], [-73.748392, 42.648579], [-73.748323, 42.648977], [-73.748227, 42.64937], [-73.748086, 42.649807], [-73.747736, 42.650688], [-73.747466, 42.651233], [-73.747143, 42.651773], [-73.746814, 42.652288], [-73.746252, 42.653073], [-73.745732, 42.653725], [-73.745084, 42.654455], [-73.744851, 42.654693], [-73.744645, 42.654896], [-73.744368, 42.655149], [-73.744079, 42.655404], [-73.743553, 42.655812], [-73.743139, 42.656134], [-73.742126, 42.656922], [-73.741457, 42.657436], [-73.740751, 42.657989], [-73.739879, 42.65868], [-73.739461, 42.65903], [-73.739253, 42.659213], [-73.73908, 42.659405]]",2022-01-17,-73.7392416165895,42.6592162743822,18541654,39198660,,PROPERTY DAMAGE,999,2022,OTHER,2022/01/17,1900-01-01 06:17:00,COLLISION WITH GUIDE RAIL,DARK-ROAD UNLIGHTED,STRAIGHT/ GRADE,SNOW/ICE,NONE,NOT ENTERED,SNOW,0,1970/01/01,0,0,0,0,1,10102.0,0,NYSP LOUDONVILLE,No,603329.11737617,4723742.90284173,Not an intersection crash,Ramp,Albany,4.0,179.0,,Albany,I 787,787I11011031,88.0,T,11-Urban Principal Arterial Interstate,NYSDOT,NYSDOT,Interstate 787,55.0,"V1:(UNSAFE SPEED,NOT APPLICABLE)",2022-01-17,-73.748668,42.646803
174,Feature,,"Albany, NY",US,233.0,Exit 1W: I-87 S / NY Thruway / I-90 W Â» New York / Buffalo,204629988.0,7114.0,1.0,"[{'x': -73.757962, 'y': 42.67352}, {'x': -73.76163, 'y': 42.67597}, {'x': -73.762462, 'y': 42.676515}, {'x': -73.764548, 'y': 42.677913}, {'x': -73.765482, 'y': 42.678451}, {'x': -73.76614, 'y': 42.678796}, {'x': -73.767588, 'y': 42.679446}, {'x': -73.767916, 'y': 42.67958}, {'x': -73.767916, 'y': 42.679579}, {'x': -73.770856, 'y': 42.680541}, {'x': -73.771855, 'y': 42.680788}, {'x': -73.772868, 'y': 42.680987}, {'x': -73.773366, 'y': 42.681082}, {'x': -73.774885, 'y': 42.681332}, {'x': -73.77703, 'y': 42.681602}, {'x': -73.778312, 'y': 42.681737}, {'x': -73.779613, 'y': 42.681854}, {'x': -73.782608, 'y': 42.682129}, {'x': -73.78323, 'y': 42.682196}, {'x': -73.78383, 'y': 42.682288}, {'x': -73.784434, 'y': 42.682419}, {'x': -73.78499, 'y': 42.68257}, {'x': -73.785525, 'y': 42.682721}, {'x': -73.786188, 'y': 42.682961}, {'x': -73.786805, 'y': 42.683224}, {'x': -73.787379, 'y': 42.683512}, {'x': -73.788109, 'y': 42.683935}, {'x': -73.789389, 'y': 42.68473}, {'x': -73.790627, 'y': 42.685489}, {'x': -73.791091, 'y': 42.685759}, {'x': -73.791335, 'y': 42.685888}, {'x': -73.791584, 'y': 42.686004}, {'x': -73.791889, 'y': 42.686137}, {'x': -73.79216, 'y': 42.686236}, {'x': -73.79239, 'y': 42.686315}, {'x': -73.792808, 'y': 42.686445}, {'x': -73.793168, 'y': 42.686533}, {'x': -73.793614, 'y': 42.686623}, {'x': -73.796068, 'y': 42.687043}, {'x': -73.79679, 'y': 42.687159}, {'x': -73.797272, 'y': 42.687219}, {'x': -73.797554, 'y': 42.687246}, {'x': -73.797999, 'y': 42.687272}, {'x': -73.798501, 'y': 42.687282}, {'x': -73.798772, 'y': 42.687281}, {'x': -73.799116, 'y': 42.687264}, {'x': -73.79946, 'y': 42.687237}, {'x': -73.799758, 'y': 42.687207}, {'x': -73.801041, 'y': 42.687043}, {'x': -73.802524, 'y': 42.686852}, {'x': -73.802813, 'y': 42.68682}, {'x': -73.803357, 'y': 42.68678}, {'x': -73.803804, 'y': 42.68677}, {'x': -73.804297, 'y': 42.686775}, {'x': -73.804632, 'y': 42.686788}, {'x': -73.805012, 'y': 42.686817}, {'x': -73.805339, 'y': 42.686856}, {'x': -73.805772, 'y': 42.686918}, {'x': -73.806556, 'y': 42.687059}, {'x': -73.808695, 'y': 42.687501}, {'x': -73.811072, 'y': 42.687919}, {'x': -73.811617, 'y': 42.688039}, {'x': -73.812217, 'y': 42.688198}, {'x': -73.813105, 'y': 42.688489}, {'x': -73.816323, 'y': 42.689613}, {'x': -73.822024, 'y': 42.691689}, {'x': -73.824106, 'y': 42.69245}, {'x': -73.825603, 'y': 42.692886}, {'x': -73.829186, 'y': 42.693837}, {'x': -73.832369, 'y': 42.694684}, {'x': -73.833096, 'y': 42.694845}, {'x': -73.833687, 'y': 42.694951}, {'x': -73.834473, 'y': 42.695058}, {'x': -73.834907, 'y': 42.695099}, {'x': -73.835423, 'y': 42.695132}, {'x': -73.836296, 'y': 42.695151}, {'x': -73.837168, 'y': 42.695142}]",1642401246947.0,3.0,"[{}, {}, {}, {}, {}, {}, {}, {}, {}, {}, {}, {}, {}, {}]",14.358333333333333,51.69,I-90 W,NONE,NONE,204629988.0,2022-01-17 06:34:06,0,False,LineString,"[[-73.757962, 42.67352], [-73.76163, 42.67597], [-73.762462, 42.676515], [-73.764548, 42.677913], [-73.765482, 42.678451], [-73.76614, 42.678796], [-73.767588, 42.679446], [-73.767916, 42.67958], [-73.767916, 42.679579], [-73.770856, 42.680541], [-73.771855, 42.680788], [-73.772868, 42.680987], [-73.773366, 42.681082], [-73.774885, 42.681332], [-73.77703, 42.681602], [-73.778312, 42.681737], [-73.779613, 42.681854], [-73.782608, 42.682129], [-73.78323, 42.682196], [-73.78383, 42.682288], [-73.784434, 42.682419], [-73.78499, 42.68257], [-73.785525, 42.682721], [-73.786188, 42.682961], [-73.786805, 42.683224], [-73.787379, 42.683512], [-73.788109, 42.683935], [-73.789389, 42.68473], [-73.790627, 42.685489], [-73.791091, 42.685759], [-73.791335, 42.685888], [-73.791584, 42.686004], [-73.791889, 42.686137], [-73.79216, 42.686236], [-73.79239, 42.686315], [-73.792808, 42.686445], [-73.793168, 42.686533], [-73.793614, 42.686623], [-73.796068, 42.687043], [-73.79679, 42.687159], [-73.797272, 42.687219], [-73.797554, 42.687246], [-73.797999, 42.687272], [-73.798501, 42.687282], [-73.798772, 42.687281], [-73.799116, 42.687264], [-73.79946, 42.687237], [-73.799758, 42.687207], [-73.801041, 42.687043], [-73.802524, 42.686852], [-73.802813, 42.68682], [-73.803357, 42.68678], [-73.803804, 42.68677], [-73.804297, 42.686775], [-73.804632, 42.686788], [-73.805012, 42.686817], [-73.805339, 42.686856], [-73.805772, 42.686918], [-73.806556, 42.687059], [-73.808695, 42.687501], [-73.811072, 42.687919], [-73.811617, 42.688039], [-73.812217, 42.688198], [-73.813105, 42.688489], [-73.816323, 42.689613], [-73.822024, 42.691689], [-73.824106, 42.69245], [-73.825603, 42.692886], [-73.829186, 42.693837], [-73.832369, 42.694684], [-73.833096, 42.694845], [-73.833687, 42.694951], [-73.834473, 42.695058], [-73.834907, 42.695099], [-73.835423, 42.695132], [-73.836296, 42.695151], [-73.837168, 42.695142]]",2022-01-17,-73.7392416165895,42.6592162743822,18541654,39198660,,PROPERTY DAMAGE,999,2022,OTHER,2022/01/17,1900-01-01 06:17:00,COLLISION WITH GUIDE RAIL,DARK-ROAD UNLIGHTED,STRAIGHT/ GRADE,SNOW/ICE,NONE,NOT ENTERED,SNOW,0,1970/01/01,0,0,0,0,1,10102.0,0,NYSP LOUDONVILLE,No,603329.11737617,4723742.90284173,Not an intersection crash,Ramp,Albany,4.0,179.0,,Albany,I 787,787I11011031,88.0,T,11-Urban Principal Arterial Interstate,NYSDOT,NYSDOT,Interstate 787,55.0,"V1:(UNSAFE SPEED,NOT APPLICABLE)",2022-01-17,-73.757962,42.67352
175,Feature,,"Rensselaer, NY",US,93.0,I-90 E,204633988.0,3637.0,1.0,"[{'x': -73.719054, 'y': 42.655825}, {'x': -73.71801, 'y': 42.654563}, {'x': -73.716736, 'y': 42.653148}, {'x': -73.715578, 'y': 42.651911}, {'x': -73.714861, 'y': 42.651193}, {'x': -73.71398, 'y': 42.650225}, {'x': -73.713615, 'y': 42.649833}, {'x': -73.712841, 'y': 42.649002}, {'x': -73.712602, 'y': 42.648731}, {'x': -73.712345, 'y': 42.648441}, {'x': -73.712083, 'y': 42.648049}, {'x': -73.711666, 'y': 42.647208}, {'x': -73.711522, 'y': 42.646786}, {'x': -73.710793, 'y': 42.64428}, {'x': -73.710723, 'y': 42.644041}, {'x': -73.709426, 'y': 42.63959}, {'x': -73.709086, 'y': 42.63863}, {'x': -73.708715, 'y': 42.637692}, {'x': -73.708344, 'y': 42.636809}, {'x': -73.707852, 'y': 42.6358}, {'x': -73.707364, 'y': 42.634892}, {'x': -73.706808, 'y': 42.633965}, {'x': -73.70499, 'y': 42.631144}, {'x': -73.704026, 'y': 42.629784}, {'x': -73.703787, 'y': 42.629512}, {'x': -73.703497, 'y': 42.629223}, {'x': -73.703253, 'y': 42.629011}, {'x': -73.703045, 'y': 42.628841}, {'x': -73.70225, 'y': 42.628316}, {'x': -73.700997, 'y': 42.627663}, {'x': -73.69989, 'y': 42.627123}]",1642401444637.0,3.0,"[{}, {}, {}, {}, {}, {}, {}, {}]",16.59722222222222,59.75,I-90 E,NONE,NONE,204633988.0,2022-01-17 06:37:24,0,False,LineString,"[[-73.719054, 42.655825], [-73.71801, 42.654563], [-73.716736, 42.653148], [-73.715578, 42.651911], [-73.714861, 42.651193], [-73.71398, 42.650225], [-73.713615, 42.649833], [-73.712841, 42.649002], [-73.712602, 42.648731], [-73.712345, 42.648441], [-73.712083, 42.648049], [-73.711666, 42.647208], [-73.711522, 42.646786], [-73.710793, 42.64428], [-73.710723, 42.644041], [-73.709426, 42.63959], [-73.709086, 42.63863], [-73.708715, 42.637692], [-73.708344, 42.636809], [-73.707852, 42.6358], [-73.707364, 42.634892], [-73.706808, 42.633965], [-73.70499, 42.631144], [-73.704026, 42.629784], [-73.703787, 42.629512], [-73.703497, 42.629223], [-73.703253, 42.629011], [-73.703045, 42.628841], [-73.70225, 42.628316], [-73.700997, 42.627663], [-73.69989, 42.627123]]",2022-01-17,-73.7392416165895,42.6592162743822,18541654,39198660,,PROPERTY DAMAGE,999,2022,OTHER,2022/01/17,1900-01-01 06:17:00,COLLISION WITH GUIDE RAIL,DARK-ROAD UNLIGHTED,STRAIGHT/ GRADE,SNOW/ICE,NONE,NOT ENTERED,SNOW,0,1970/01/01,0,0,0,0,1,10102.0,0,NYSP LOUDONVILLE,No,603329.11737617,4723742.90284173,Not an intersection crash,Ramp,Albany,4.0,179.0,,Albany,I 787,787I11011031,88.0,T,11-Urban Principal Arterial Interstate,NYSDOT,NYSDOT,Interstate 787,55.0,"V1:(UNSAFE SPEED,NOT APPLICABLE)",2022-01-17,-73.719054,42.655825
176,Feature,,"Albany, NY",US,76.0,to I-90 W,204635860.0,4232.0,1.0,"[{'x': -73.742284, 'y': 42.670168}, {'x': -73.746721, 'y': 42.669856}, {'x': -73.747995, 'y': 42.669788}, {'x': -73.748476, 'y': 42.669764}, {'x': -73.748929, 'y': 42.669764}, {'x': -73.749287, 'y': 42.66977}, {'x': -73.749623, 'y': 42.669785}, {'x': -73.750076, 'y': 42.669825}, {'x': -73.75047, 'y': 42.669868}, {'x': -73.750811, 'y': 42.669913}, {'x': -73.751066, 'y': 42.669953}, {'x': -73.751366, 'y': 42.670001}, {'x': -73.751679, 'y': 42.670058}, {'x': -73.752014, 'y': 42.670132}, {'x': -73.752567, 'y': 42.670272}, {'x': -73.753194, 'y': 42.670482}, {'x': -73.75382, 'y': 42.670757}, {'x': -73.754163, 'y': 42.670944}, {'x': -73.755231, 'y': 42.671651}, {'x': -73.755873, 'y': 42.672107}, {'x': -73.757962, 'y': 42.673519}, {'x': -73.757962, 'y': 42.67352}, {'x': -73.76163, 'y': 42.67597}, {'x': -73.762462, 'y': 42.676515}, {'x': -73.764548, 'y': 42.677913}, {'x': -73.765482, 'y': 42.678451}, {'x': -73.76614, 'y': 42.678796}, {'x': -73.767588, 'y': 42.679446}, {'x': -73.767916, 'y': 42.67958}, {'x': -73.767916, 'y': 42.679579}, {'x': -73.770856, 'y': 42.680541}, {'x': -73.771855, 'y': 42.680788}, {'x': -73.772868, 'y': 42.680987}, {'x': -73.773366, 'y': 42.681082}, {'x': -73.774885, 'y': 42.681332}, {'x': -73.77703, 'y': 42.681602}, {'x': -73.778312, 'y': 42.681737}, {'x': -73.779613, 'y': 42.681854}, {'x': -73.782608, 'y': 42.682129}, {'x': -73.78323, 'y': 42.682196}, {'x': -73.78383, 'y': 42.682288}, {'x': -73.784434, 'y': 42.682419}, {'x': -73.78499, 'y': 42.68257}, {'x': -73.785525, 'y': 42.682721}, {'x': -73.786188, 'y': 42.682961}, {'x': -73.786805, 'y': 42.683224}, {'x': -73.787379, 'y': 42.683512}, {'x': -73.788109, 'y': 42.683935}]",1642401576586.0,3.0,"[{}, {}, {}, {}, {}, {}]",18.375,66.15,I-90 W,NONE,NONE,204635860.0,2022-01-17 06:39:36,0,False,LineString,"[[-73.742284, 42.670168], [-73.746721, 42.669856], [-73.747995, 42.669788], [-73.748476, 42.669764], [-73.748929, 42.669764], [-73.749287, 42.66977], [-73.749623, 42.669785], [-73.750076, 42.669825], [-73.75047, 42.669868], [-73.750811, 42.669913], [-73.751066, 42.669953], [-73.751366, 42.670001], [-73.751679, 42.670058], [-73.752014, 42.670132], [-73.752567, 42.670272], [-73.753194, 42.670482], [-73.75382, 42.670757], [-73.754163, 42.670944], [-73.755231, 42.671651], [-73.755873, 42.672107], [-73.757962, 42.673519], [-73.757962, 42.67352], [-73.76163, 42.67597], [-73.762462, 42.676515], [-73.764548, 42.677913], [-73.765482, 42.678451], [-73.76614, 42.678796], [-73.767588, 42.679446], [-73.767916, 42.67958], [-73.767916, 42.679579], [-73.770856, 42.680541], [-73.771855, 42.680788], [-73.772868, 42.680987], [-73.773366, 42.681082], [-73.774885, 42.681332], [-73.77703, 42.681602], [-73.778312, 42.681737], [-73.779613, 42.681854], [-73.782608, 42.682129], [-73.78323, 42.682196], [-73.78383, 42.682288], [-73.784434, 42.682419], [-73.78499, 42.68257], [-73.785525, 42.682721], [-73.786188, 42.682961], [-73.786805, 42.683224], [-73.787379, 42.683512], [-73.788109, 42.683935]]",2022-01-17,-73.7392416165895,42.6592162743822,18541654,39198660,,PROPERTY DAMAGE,999,2022,OTHER,2022/01/17,1900-01-01 06:17:00,COLLISION WITH GUIDE RAIL,DARK-ROAD UNLIGHTED,STRAIGHT/ GRADE,SNOW/ICE,NONE,NOT ENTERED,SNOW,0,1970/01/01,0,0,0,0,1,10102.0,0,NYSP LOUDONVILLE,No,603329.11737617,4723742.90284173,Not an intersection crash,Ramp,Albany,4.0,179.0,,Albany,I 787,787I11011031,88.0,T,11-Urban Principal Arterial Interstate,NYSDOT,NYSDOT,Interstate 787,55.0,"V1:(UNSAFE SPEED,NOT APPLICABLE)",2022-01-17,-73.742284,42.670168
177,Feature,,"Fishkill, NY",US,126.0,I-84 W,204641932.0,5401.0,1.0,"[{'x': -73.918797, 'y': 41.528777}, {'x': -73.919834, 'y': 41.529169}, {'x': -73.921106, 'y': 41.529549}, {'x': -73.92228, 'y': 41.5298}, {'x': -73.923481, 'y': 41.529974}, {'x': -73.924798, 'y': 41.53007}, {'x': -73.945935, 'y': 41.53015}, {'x': -73.947043, 'y': 41.530125}, {'x': -73.947909, 'y': 41.530067}, {'x': -73.949081, 'y': 41.529922}, {'x': -73.949976, 'y': 41.529771}, {'x': -73.950879, 'y': 41.529567}, {'x': -73.951677, 'y': 41.529365}, {'x': -73.952467, 'y': 41.529114}, {'x': -73.953644, 'y': 41.528674}, {'x': -73.95503, 'y': 41.528027}, {'x': -73.955995, 'y': 41.527475}, {'x': -73.956647, 'y': 41.52705}, {'x': -73.966298, 'y': 41.520181}, {'x': -73.966601, 'y': 41.519994}, {'x': -73.967366, 'y': 41.519562}, {'x': -73.968668, 'y': 41.518998}, {'x': -73.96975, 'y': 41.518632}, {'x': -73.970521, 'y': 41.518433}, {'x': -73.971711, 'y': 41.518174}, {'x': -73.973185, 'y': 41.517982}, {'x': -73.974589, 'y': 41.517906}, {'x': -73.976111, 'y': 41.517946}, {'x': -73.977823, 'y': 41.518059}]",1642401843069.0,3.0,"[{}, {}, {}]",17.405555555555555,62.66,I-84 W,NONE,NONE,204641932.0,2022-01-17 06:44:03,0,False,LineString,"[[-73.918797, 41.528777], [-73.919834, 41.529169], [-73.921106, 41.529549], [-73.92228, 41.5298], [-73.923481, 41.529974], [-73.924798, 41.53007], [-73.945935, 41.53015], [-73.947043, 41.530125], [-73.947909, 41.530067], [-73.949081, 41.529922], [-73.949976, 41.529771], [-73.950879, 41.529567], [-73.951677, 41.529365], [-73.952467, 41.529114], [-73.953644, 41.528674], [-73.95503, 41.528027], [-73.955995, 41.527475], [-73.956647, 41.52705], [-73.966298, 41.520181], [-73.966601, 41.519994], [-73.967366, 41.519562], [-73.968668, 41.518998], [-73.96975, 41.518632], [-73.970521, 41.518433], [-73.971711, 41.518174], [-73.973185, 41.517982], [-73.974589, 41.517906], [-73.976111, 41.517946], [-73.977823, 41.518059]]",2022-01-17,-73.9405054075377,41.5301111270104,18538994,39195721,C - POSSIBLE INJURY,INJURY,999,2022,OTHER,2022/01/17,1900-01-01 06:27:00,COLLISION WITH GUIDE RAIL,DARK-ROAD UNLIGHTED,STRAIGHT AND LEVEL,SNOW/ICE,NONE,NOT ENTERED,"SLEET/HAIL/FREEZING RAIN
",0,1970/01/01,0,1,1,0,1,11308.0,0,SP THRUWAY EAST FISHKILL,No,588388.0,4598149.0,Not an intersection crash,,Dutchess,,0.0,,Fishkill,,,,,Unknown,Unknown,Unknown,,,"V1:(UNSAFE SPEED,PAVEMENT SLIPPERY)",2022-01-17,-73.918797,41.528777
178,Feature,,"Albany, NY",US,128.0,Exit 2: NY-32 / S Pearl St / Port of Albany,204642254.0,4822.0,1.0,"[{'x': -73.726223, 'y': 42.674279}, {'x': -73.726336, 'y': 42.674117}, {'x': -73.726666, 'y': 42.67369}, {'x': -73.726991, 'y': 42.673322}, {'x': -73.727251, 'y': 42.673049}, {'x': -73.728189, 'y': 42.672155}, {'x': -73.729728, 'y': 42.670703}, {'x': -73.731395, 'y': 42.669123}, {'x': -73.732659, 'y': 42.667963}, {'x': -73.733538, 'y': 42.667083}, {'x': -73.73439, 'y': 42.665998}, {'x': -73.734724, 'y': 42.665529}, {'x': -73.735699, 'y': 42.663979}, {'x': -73.736029, 'y': 42.663516}, {'x': -73.736952, 'y': 42.662086}, {'x': -73.737429, 'y': 42.661457}, {'x': -73.738051, 'y': 42.660731}, {'x': -73.738306, 'y': 42.660445}, {'x': -73.738839, 'y': 42.659886}, {'x': -73.739307, 'y': 42.659429}, {'x': -73.73994, 'y': 42.658866}, {'x': -73.740485, 'y': 42.658427}, {'x': -73.741235, 'y': 42.657864}, {'x': -73.742529, 'y': 42.656848}, {'x': -73.744061, 'y': 42.655612}, {'x': -73.744468, 'y': 42.655312}, {'x': -73.745016, 'y': 42.654908}, {'x': -73.74549, 'y': 42.654529}, {'x': -73.745705, 'y': 42.654345}, {'x': -73.74605, 'y': 42.654006}, {'x': -73.746279, 'y': 42.653726}, {'x': -73.746657, 'y': 42.653286}, {'x': -73.746974, 'y': 42.652798}, {'x': -73.747168, 'y': 42.652478}, {'x': -73.747456, 'y': 42.651998}, {'x': -73.747637, 'y': 42.65165}, {'x': -73.747821, 'y': 42.65128}, {'x': -73.748007, 'y': 42.650876}, {'x': -73.748122, 'y': 42.650615}, {'x': -73.748227, 'y': 42.650344}, {'x': -73.748347, 'y': 42.650021}, {'x': -73.748449, 'y': 42.649711}, {'x': -73.748479, 'y': 42.649567}, {'x': -73.748624, 'y': 42.648881}, {'x': -73.748884, 'y': 42.647241}, {'x': -73.749003, 'y': 42.646682}, {'x': -73.749127, 'y': 42.646384}, {'x': -73.749208, 'y': 42.646188}, {'x': -73.74946, 'y': 42.645617}, {'x': -73.749568, 'y': 42.645432}, {'x': -73.749735, 'y': 42.645174}, {'x': -73.749867, 'y': 42.644982}, {'x': -73.750445, 'y': 42.644247}, {'x': -73.751199, 'y': 42.643316}, {'x': -73.75147, 'y': 42.642958}, {'x': -73.751698, 'y': 42.642588}, {'x': -73.752043, 'y': 42.641964}, {'x': -73.752297, 'y': 42.641503}, {'x': -73.753164, 'y': 42.639893}, {'x': -73.753426, 'y': 42.63953}, {'x': -73.753659, 'y': 42.639287}, {'x': -73.753959, 'y': 42.639008}, {'x': -73.754414, 'y': 42.638649}, {'x': -73.754958, 'y': 42.638263}, {'x': -73.755564, 'y': 42.637862}, {'x': -73.755939, 'y': 42.637668}]",1642401843445.0,3.0,"[{}, {}, {}, {}, {}, {}, {}, {}, {}, {}]",15.730555555555556,56.63,I-787 S,NONE,NONE,204642254.0,2022-01-17 06:44:03,0,False,LineString,"[[-73.726223, 42.674279], [-73.726336, 42.674117], [-73.726666, 42.67369], [-73.726991, 42.673322], [-73.727251, 42.673049], [-73.728189, 42.672155], [-73.729728, 42.670703], [-73.731395, 42.669123], [-73.732659, 42.667963], [-73.733538, 42.667083], [-73.73439, 42.665998], [-73.734724, 42.665529], [-73.735699, 42.663979], [-73.736029, 42.663516], [-73.736952, 42.662086], [-73.737429, 42.661457], [-73.738051, 42.660731], [-73.738306, 42.660445], [-73.738839, 42.659886], [-73.739307, 42.659429], [-73.73994, 42.658866], [-73.740485, 42.658427], [-73.741235, 42.657864], [-73.742529, 42.656848], [-73.744061, 42.655612], [-73.744468, 42.655312], [-73.745016, 42.654908], [-73.74549, 42.654529], [-73.745705, 42.654345], [-73.74605, 42.654006], [-73.746279, 42.653726], [-73.746657, 42.653286], [-73.746974, 42.652798], [-73.747168, 42.652478], [-73.747456, 42.651998], [-73.747637, 42.65165], [-73.747821, 42.65128], [-73.748007, 42.650876], [-73.748122, 42.650615], [-73.748227, 42.650344], [-73.748347, 42.650021], [-73.748449, 42.649711], [-73.748479, 42.649567], [-73.748624, 42.648881], [-73.748884, 42.647241], [-73.749003, 42.646682], [-73.749127, 42.646384], [-73.749208, 42.646188], [-73.74946, 42.645617], [-73.749568, 42.645432], [-73.749735, 42.645174], [-73.749867, 42.644982], [-73.750445, 42.644247], [-73.751199, 42.643316], [-73.75147, 42.642958], [-73.751698, 42.642588], [-73.752043, 42.641964], [-73.752297, 42.641503], [-73.753164, 42.639893], [-73.753426, 42.63953], [-73.753659, 42.639287], [-73.753959, 42.639008], [-73.754414, 42.638649], [-73.754958, 42.638263], [-73.755564, 42.637862], [-73.755939, 42.637668]]",2022-01-17,-73.7392416165895,42.6592162743822,18541654,39198660,,PROPERTY DAMAGE,999,2022,OTHER,2022/01/17,1900-01-01 06:17:00,COLLISION WITH GUIDE RAIL,DARK-ROAD UNLIGHTED,STRAIGHT/ GRADE,SNOW/ICE,NONE,NOT ENTERED,SNOW,0,1970/01/01,0,0,0,0,1,10102.0,0,NYSP LOUDONVILLE,No,603329.11737617,4723742.90284173,Not an intersection crash,Ramp,Albany,4.0,179.0,,Albany,I 787,787I11011031,88.0,T,11-Urban Principal Arterial Interstate,NYSDOT,NYSDOT,Interstate 787,55.0,"V1:(UNSAFE SPEED,NOT APPLICABLE)",2022-01-17,-73.726223,42.674279