,type,properties.blockingAlertUuid,properties.city,properties.country,properties.delay,properties.endNode,properties.id,properties.length,properties.level,properties.line,properties.pubMillis,properties.roadType,properties.segments,properties.speed,properties.speedKMH,properties.street,properties.turnType,properties.type,properties.uuid,properties.utc_timestamp,properties.day_of_week,properties.weekday_weekend,geometry.type,geometry.coordinates,key_date_jams,X,Y,OBJECTID,CaseNumber,MaxInjuryS,CrashSever,RoadwayAcc,CaseYear,CollisionT,CrashDate,CrashTimeF,CrashType,LightCondi,RoadwayCha,RoadSurfac,TrafficCon,TrafficWay,WeatherCon,Commercial,DMVInsertD,NumberOfFa,NumberOfIn,NumberOfOt,NumberOfSe,NumberOfVe,PoliceDept,NonReporta,ReportingA,NonPublicW,UTMEasting,UTMNorthin,Intersecti,ClosestCro,CountyName,DirectionF,DistanceFr,MasterInte,CityTownNa,OnStreet,ReferenceM,ACCESS_CON,DIVIDED,FUNCTIONAL,MAINT_JURI,OWNING_JUR,NAME,POSTED_SPE,ApparentFa,key_date_crashes,jams_x,jams_y
191,Feature,,"Fishkill, NY",US,106.0,I-84 W,204822186.0,5941.0,1.0,"[{'x': -73.913542, 'y': 41.525949}, {'x': -73.917464, 'y': 41.528134}, {'x': -73.918143, 'y': 41.528488}, {'x': -73.918797, 'y': 41.528777}, {'x': -73.919834, 'y': 41.529169}, {'x': -73.921106, 'y': 41.529549}, {'x': -73.92228, 'y': 41.5298}, {'x': -73.923481, 'y': 41.529974}, {'x': -73.924798, 'y': 41.53007}, {'x': -73.945935, 'y': 41.53015}, {'x': -73.947043, 'y': 41.530125}, {'x': -73.947909, 'y': 41.530067}, {'x': -73.949081, 'y': 41.529922}, {'x': -73.949976, 'y': 41.529771}, {'x': -73.950879, 'y': 41.529567}, {'x': -73.951677, 'y': 41.529365}, {'x': -73.952467, 'y': 41.529114}, {'x': -73.953644, 'y': 41.528674}, {'x': -73.95503, 'y': 41.528027}, {'x': -73.955995, 'y': 41.527475}, {'x': -73.956647, 'y': 41.52705}, {'x': -73.966298, 'y': 41.520181}, {'x': -73.966601, 'y': 41.519994}, {'x': -73.967366, 'y': 41.519562}, {'x': -73.968668, 'y': 41.518998}, {'x': -73.96975, 'y': 41.518632}, {'x': -73.970521, 'y': 41.518433}, {'x': -73.971711, 'y': 41.518174}, {'x': -73.973185, 'y': 41.517982}, {'x': -73.974589, 'y': 41.517906}, {'x': -73.976111, 'y': 41.517946}, {'x': -73.977823, 'y': 41.518059}]",1642416509580.0,3.0,"[{}, {}, {}, {}]",19.280555555555555,69.41,I-84 W,NONE,NONE,204822186.0,2022-01-17 10:48:29,0,False,LineString,"[[-73.913542, 41.525949], [-73.917464, 41.528134], [-73.918143, 41.528488], [-73.918797, 41.528777], [-73.919834, 41.529169], [-73.921106, 41.529549], [-73.92228, 41.5298], [-73.923481, 41.529974], [-73.924798, 41.53007], [-73.945935, 41.53015], [-73.947043, 41.530125], [-73.947909, 41.530067], [-73.949081, 41.529922], [-73.949976, 41.529771], [-73.950879, 41.529567], [-73.951677, 41.529365], [-73.952467, 41.529114], [-73.953644, 41.528674], [-73.95503, 41.528027], [-73.955995, 41.527475], [-73.956647, 41.52705], [-73.966298, 41.520181], [-73.966601, 41.519994], [-73.967366, 41.519562], [-73.968668, 41.518998], [-73.96975, 41.518632], [-73.970521, 41.518433], [-73.971711, 41.518174], [-73.973185, 41.517982], [-73.974589, 41.517906], [-73.976111, 41.517946], [-73.977823, 41.518059]]",2022-01-17,-73.947644486983,41.5297513310597,18542396,39199409,,PROPERTY DAMAGE,999,2022,OVERTAKING,2022/01/17,1900-01-01 11:07:00,COLLISION WITH MOTOR VEHICLE,DAYLIGHT,CURVE AND GRADE,WET,OTHER,NOT ENTERED,CLEAR,0,1970/01/01,0,0,0,0,2,11304.0,0,POUGHKEEPSIE SP,No,587792.90284854,4598101.77645999,Not an intersection crash,,Dutchess,,0.0,,Fishkill,I 84,84I82021029,88.0,T,11-Urban Principal Arterial Interstate,NYSDOT,NYSDOT,Interstate 84,65.0,"V1:(NOT APPLICABLE,NOT APPLICABLE) / V2:(FOLLOWING TOO CLOSELY,OBSTRUCTION/DEBRIS)",2022-01-17,-73.913542,41.525949
192,Feature,,"Fishkill, NY",US,62.0,Exit 44: NY-52 Â» Fishkill / Beacon,204869468.0,3215.0,1.0,"[{'x': -73.956387, 'y': 41.526865}, {'x': -73.955806, 'y': 41.527249}, {'x': -73.955188, 'y': 41.527617}, {'x': -73.954317, 'y': 41.528066}, {'x': -73.95294, 'y': 41.52865}, {'x': -73.951542, 'y': 41.529109}, {'x': -73.950147, 'y': 41.529434}, {'x': -73.948779, 'y': 41.529657}, {'x': -73.947579, 'y': 41.529769}, {'x': -73.946001, 'y': 41.529816}, {'x': -73.929781, 'y': 41.529754}, {'x': -73.924765, 'y': 41.529726}, {'x': -73.924584, 'y': 41.529712}, {'x': -73.923521, 'y': 41.529635}, {'x': -73.922096, 'y': 41.529432}, {'x': -73.920717, 'y': 41.529113}, {'x': -73.920009, 'y': 41.528903}, {'x': -73.9191, 'y': 41.528582}]",1642418181667.0,3.0,[{}],18.95833333333333,68.25,I-84 E,NONE,NONE,204869468.0,2022-01-17 11:16:21,0,False,LineString,"[[-73.956387, 41.526865], [-73.955806, 41.527249], [-73.955188, 41.527617], [-73.954317, 41.528066], [-73.95294, 41.52865], [-73.951542, 41.529109], [-73.950147, 41.529434], [-73.948779, 41.529657], [-73.947579, 41.529769], [-73.946001, 41.529816], [-73.929781, 41.529754], [-73.924765, 41.529726], [-73.924584, 41.529712], [-73.923521, 41.529635], [-73.922096, 41.529432], [-73.920717, 41.529113], [-73.920009, 41.528903], [-73.9191, 41.528582]]",2022-01-17,-73.947644486983,41.5297513310597,18542396,39199409,,PROPERTY DAMAGE,999,2022,OVERTAKING,2022/01/17,1900-01-01 11:07:00,COLLISION WITH MOTOR VEHICLE,DAYLIGHT,CURVE AND GRADE,WET,OTHER,NOT ENTERED,CLEAR,0,1970/01/01,0,0,0,0,2,11304.0,0,POUGHKEEPSIE SP,No,587792.90284854,4598101.77645999,Not an intersection crash,,Dutchess,,0.0,,Fishkill,I 84,84I82021029,88.0,T,11-Urban Principal Arterial Interstate,NYSDOT,NYSDOT,Interstate 84,65.0,"V1:(NOT APPLICABLE,NOT APPLICABLE) / V2:(FOLLOWING TOO CLOSELY,OBSTRUCTION/DEBRIS)",2022-01-17,-73.956387,41.526865
193,Feature,,"Cicero, NY",US,170.0,I-481 S,205001076.0,4524.0,2.0,"[{'x': -76.087396, 'y': 43.13747}, {'x': -76.08693, 'y': 43.137368}, {'x': -76.085255, 'y': 43.13697}, {'x': -76.083176, 'y': 43.136412}, {'x': -76.08222, 'y': 43.136155}, {'x': -76.076294, 'y': 43.134565}, {'x': -76.072465, 'y': 43.13352}, {'x': -76.069942, 'y': 43.132838}, {'x': -76.056199, 'y': 43.12913}, {'x': -76.055283, 'y': 43.128866}, {'x': -76.054498, 'y': 43.128598}, {'x': -76.053633, 'y': 43.128219}, {'x': -76.053282, 'y': 43.128043}, {'x': -76.052677, 'y': 43.127698}, {'x': -76.052227, 'y': 43.127405}, {'x': -76.051593, 'y': 43.126928}, {'x': -76.051319, 'y': 43.12669}, {'x': -76.050862, 'y': 43.12625}, {'x': -76.050405, 'y': 43.125731}, {'x': -76.050073, 'y': 43.125291}, {'x': -76.049674, 'y': 43.124638}, {'x': -76.04941, 'y': 43.12408}, {'x': -76.049233, 'y': 43.123601}, {'x': -76.049098, 'y': 43.123115}, {'x': -76.049002, 'y': 43.122584}, {'x': -76.048966, 'y': 43.122227}, {'x': -76.048963, 'y': 43.122045}, {'x': -76.048957, 'y': 43.121722}, {'x': -76.048971, 'y': 43.121489}, {'x': -76.048984, 'y': 43.121251}, {'x': -76.049032, 'y': 43.120893}, {'x': -76.049108, 'y': 43.120521}, {'x': -76.050552, 'y': 43.11519}]",1642421152977.0,3.0,"[{}, {}, {}, {}, {}, {}]",14.072222222222225,50.66,I-481 S,NONE,NONE,205001076.0,2022-01-17 12:05:52,0,False,LineString,"[[-76.087396, 43.13747], [-76.08693, 43.137368], [-76.085255, 43.13697], [-76.083176, 43.136412], [-76.08222, 43.136155], [-76.076294, 43.134565], [-76.072465, 43.13352], [-76.069942, 43.132838], [-76.056199, 43.12913], [-76.055283, 43.128866], [-76.054498, 43.128598], [-76.053633, 43.128219], [-76.053282, 43.128043], [-76.052677, 43.127698], [-76.052227, 43.127405], [-76.051593, 43.126928], [-76.051319, 43.12669], [-76.050862, 43.12625], [-76.050405, 43.125731], [-76.050073, 43.125291], [-76.049674, 43.124638], [-76.04941, 43.12408], [-76.049233, 43.123601], [-76.049098, 43.123115], [-76.049002, 43.122584], [-76.048966, 43.122227], [-76.048963, 43.122045], [-76.048957, 43.121722], [-76.048971, 43.121489], [-76.048984, 43.121251], [-76.049032, 43.120893], [-76.049108, 43.120521], [-76.050552, 43.11519]]",2022-01-17,-76.1036280538339,43.1406093228431,18540338,39197226,,PROPERTY DAMAGE,999,2022,OTHER,2022/01/17,1900-01-01 12:19:00,COLLISION WITH SNOW EMBANKMENT,DAYLIGHT,STRAIGHT AND LEVEL,SNOW/ICE,NONE,NOT ENTERED,SNOW,0,1970/01/01,0,0,0,0,1,13301.0,0,NYSP NORTH SYRACUSE,No,410250.11944481,4777020.50250681,INTERSECTION-RELATED,Ramp,Onondaga,NORTH-WEST,12.0,7037577.0,Cicero,I 481,481I33012139,88.0,T,11-Urban Principal Arterial Interstate,NYSDOT,NYSDOT,Veterans Memorial Highway,65.0,"V1:(UNSAFE SPEED,NOT APPLICABLE)",2022-01-17,-76.087396,43.13747
194,Feature,,"Amherst, NY",US,81.0,Exit 5: NY-263 â€¢ Millersport Hwy,206022002.0,6103.0,1.0,"[{'x': -78.794239, 'y': 43.021555}, {'x': -78.794137, 'y': 43.021614}, {'x': -78.793611, 'y': 43.021936}, {'x': -78.792716, 'y': 43.022426}, {'x': -78.792065, 'y': 43.02273}, {'x': -78.791621, 'y': 43.02295}, {'x': -78.790985, 'y': 43.023215}, {'x': -78.789893, 'y': 43.023652}, {'x': -78.789218, 'y': 43.023893}, {'x': -78.788473, 'y': 43.024159}, {'x': -78.787346, 'y': 43.024459}, {'x': -78.785935, 'y': 43.024833}, {'x': -78.784953, 'y': 43.025041}, {'x': -78.783548, 'y': 43.025276}, {'x': -78.78278, 'y': 43.025386}, {'x': -78.781697, 'y': 43.025484}, {'x': -78.780785, 'y': 43.025547}, {'x': -78.77961, 'y': 43.025606}, {'x': -78.777733, 'y': 43.025637}, {'x': -78.775614, 'y': 43.025664}, {'x': -78.774911, 'y': 43.025656}, {'x': -78.774326, 'y': 43.025641}, {'x': -78.772261, 'y': 43.025594}, {'x': -78.768801, 'y': 43.0255}, {'x': -78.768205, 'y': 43.025496}, {'x': -78.768072, 'y': 43.025497}, {'x': -78.767615, 'y': 43.025502}, {'x': -78.766951, 'y': 43.025575}, {'x': -78.766221, 'y': 43.025685}, {'x': -78.765535, 'y': 43.025857}, {'x': -78.764832, 'y': 43.026108}, {'x': -78.764247, 'y': 43.02634}, {'x': -78.76392, 'y': 43.026512}, {'x': -78.763614, 'y': 43.026689}, {'x': -78.763351, 'y': 43.026842}, {'x': -78.763024, 'y': 43.027085}, {'x': -78.762756, 'y': 43.02732}, {'x': -78.762514, 'y': 43.027493}, {'x': -78.7623, 'y': 43.027689}, {'x': -78.761855, 'y': 43.028136}, {'x': -78.7615, 'y': 43.028657}, {'x': -78.761109, 'y': 43.029403}, {'x': -78.760589, 'y': 43.031354}, {'x': -78.759693, 'y': 43.034794}, {'x': -78.759038, 'y': 43.037206}, {'x': -78.758684, 'y': 43.038507}, {'x': -78.758338, 'y': 43.039661}, {'x': -78.758031, 'y': 43.040367}, {'x': -78.757532, 'y': 43.041316}, {'x': -78.757004, 'y': 43.042073}, {'x': -78.756315, 'y': 43.042818}, {'x': -78.755607, 'y': 43.043527}, {'x': -78.75477, 'y': 43.044182}, {'x': -78.75382, 'y': 43.044817}, {'x': -78.752895, 'y': 43.045327}, {'x': -78.752247, 'y': 43.045627}, {'x': -78.751607, 'y': 43.045905}, {'x': -78.751006, 'y': 43.046127}, {'x': -78.750421, 'y': 43.046328}, {'x': -78.749564, 'y': 43.046572}, {'x': -78.748793, 'y': 43.046748}, {'x': -78.747892, 'y': 43.046914}, {'x': -78.746999, 'y': 43.047031}, {'x': -78.746398, 'y': 43.047084}, {'x': -78.745807, 'y': 43.047121}, {'x': -78.742244, 'y': 43.04724}, {'x': -78.739866, 'y': 43.047306}, {'x': -78.739257, 'y': 43.047312}]",1642434178059.0,3.0,"[{}, {}, {}, {}, {}, {}, {}, {}, {}]",20.919444444444444,75.31,I-990 N,NONE,NONE,206022002.0,2022-01-17 15:42:58,0,False,LineString,"[[-78.794239, 43.021555], [-78.794137, 43.021614], [-78.793611, 43.021936], [-78.792716, 43.022426], [-78.792065, 43.02273], [-78.791621, 43.02295], [-78.790985, 43.023215], [-78.789893, 43.023652], [-78.789218, 43.023893], [-78.788473, 43.024159], [-78.787346, 43.024459], [-78.785935, 43.024833], [-78.784953, 43.025041], [-78.783548, 43.025276], [-78.78278, 43.025386], [-78.781697, 43.025484], [-78.780785, 43.025547], [-78.77961, 43.025606], [-78.777733, 43.025637], [-78.775614, 43.025664], [-78.774911, 43.025656], [-78.774326, 43.025641], [-78.772261, 43.025594], [-78.768801, 43.0255], [-78.768205, 43.025496], [-78.768072, 43.025497], [-78.767615, 43.025502], [-78.766951, 43.025575], [-78.766221, 43.025685], [-78.765535, 43.025857], [-78.764832, 43.026108], [-78.764247, 43.02634], [-78.76392, 43.026512], [-78.763614, 43.026689], [-78.763351, 43.026842], [-78.763024, 43.027085], [-78.762756, 43.02732], [-78.762514, 43.027493], [-78.7623, 43.027689], [-78.761855, 43.028136], [-78.7615, 43.028657], [-78.761109, 43.029403], [-78.760589, 43.031354], [-78.759693, 43.034794], [-78.759038, 43.037206], [-78.758684, 43.038507], [-78.758338, 43.039661], [-78.758031, 43.040367], [-78.757532, 43.041316], [-78.757004, 43.042073], [-78.756315, 43.042818], [-78.755607, 43.043527], [-78.75477, 43.044182], [-78.75382, 43.044817], [-78.752895, 43.045327], [-78.752247, 43.045627], [-78.751607, 43.045905], [-78.751006, 43.046127], [-78.750421, 43.046328], [-78.749564, 43.046572], [-78.748793, 43.046748], [-78.747892, 43.046914], [-78.746999, 43.047031], [-78.746398, 43.047084], [-78.745807, 43.047121], [-78.742244, 43.04724], [-78.739866, 43.047306], [-78.739257, 43.047312]]",2022-01-17,-78.808521246369,42.9977297266826,18537836,39194244,C - POSSIBLE INJURY,INJURY,999,2022,OVERTAKING,2022/01/17,1900-01-01 15:50:00,COLLISION WITH MOTOR VEHICLE,DAYLIGHT,STRAIGHT AND LEVEL,SNOW/ICE,NONE,NOT ENTERED,SNOW,0,1970/01/01,0,1,1,0,2,1451.0,0,AMHERST TOWN PD,No,189546.02237038,4767604.73211191,Not an intersection crash,,Erie,,0.0,,Amherst,[Route] 290,290I53011061,88.0,T,11-Urban Principal Arterial Interstate,NYSDOT,NYSDOT,Youngmann Memorial Highway,55.0,"V1:(UNSAFE SPEED,PAVEMENT SLIPPERY) / V2:(NOT APPLICABLE,NOT APPLICABLE)",2022-01-17,-78.794239,43.021555
195,Feature,,"Tonawanda, NY",US,79.0,to I-290 W,206102800.0,4189.0,1.0,"[{'x': -78.830451, 'y': 43.002827}, {'x': -78.8313, 'y': 43.002523}, {'x': -78.833021, 'y': 43.002001}, {'x': -78.834524, 'y': 43.00166}, {'x': -78.835849, 'y': 43.00144}, {'x': -78.835968, 'y': 43.001427}, {'x': -78.836751, 'y': 43.001337}, {'x': -78.838048, 'y': 43.001189}, {'x': -78.839571, 'y': 43.001134}, {'x': -78.848226, 'y': 43.00112}, {'x': -78.848912, 'y': 43.001071}, {'x': -78.849614, 'y': 43.000985}, {'x': -78.850311, 'y': 43.000871}, {'x': -78.851143, 'y': 43.000683}, {'x': -78.85191, 'y': 43.000467}, {'x': -78.852843, 'y': 43.000126}, {'x': -78.853717, 'y': 42.999726}, {'x': -78.854703, 'y': 42.999197}, {'x': -78.855874, 'y': 42.998568}, {'x': -78.85613, 'y': 42.998446}, {'x': -78.857939, 'y': 42.997513}, {'x': -78.85898, 'y': 42.997042}, {'x': -78.859774, 'y': 42.996772}, {'x': -78.860686, 'y': 42.996501}, {'x': -78.861308, 'y': 42.99634}, {'x': -78.861946, 'y': 42.996187}, {'x': -78.862697, 'y': 42.996065}, {'x': -78.863438, 'y': 42.995948}, {'x': -78.864253, 'y': 42.99585}, {'x': -78.865305, 'y': 42.995814}, {'x': -78.868087, 'y': 42.995759}, {'x': -78.868928, 'y': 42.995754}, {'x': -78.872544, 'y': 42.99571}, {'x': -78.873402, 'y': 42.995693}, {'x': -78.874419, 'y': 42.995654}, {'x': -78.875628, 'y': 42.995574}, {'x': -78.876391, 'y': 42.99552}, {'x': -78.879597, 'y': 42.995221}]",1642434962727.0,3.0,"[{}, {}, {}, {}, {}, {}, {}, {}]",18.058333333333334,65.01,I-290 W,NONE,NONE,206102800.0,2022-01-17 15:56:02,0,False,LineString,"[[-78.830451, 43.002827], [-78.8313, 43.002523], [-78.833021, 43.002001], [-78.834524, 43.00166], [-78.835849, 43.00144], [-78.835968, 43.001427], [-78.836751, 43.001337], [-78.838048, 43.001189], [-78.839571, 43.001134], [-78.848226, 43.00112], [-78.848912, 43.001071], [-78.849614, 43.000985], [-78.850311, 43.000871], [-78.851143, 43.000683], [-78.85191, 43.000467], [-78.852843, 43.000126], [-78.853717, 42.999726], [-78.854703, 42.999197], [-78.855874, 42.998568], [-78.85613, 42.998446], [-78.857939, 42.997513], [-78.85898, 42.997042], [-78.859774, 42.996772], [-78.860686, 42.996501], [-78.861308, 42.99634], [-78.861946, 42.996187], [-78.862697, 42.996065], [-78.863438, 42.995948], [-78.864253, 42.99585], [-78.865305, 42.995814], [-78.868087, 42.995759], [-78.868928, 42.995754], [-78.872544, 42.99571], [-78.873402, 42.995693], [-78.874419, 42.995654], [-78.875628, 42.995574], [-78.876391, 42.99552], [-78.879597, 42.995221]]",2022-01-17,-78.808521246369,42.9977297266826,18537836,39194244,C - POSSIBLE INJURY,INJURY,999,2022,OVERTAKING,2022/01/17,1900-01-01 15:50:00,COLLISION WITH MOTOR VEHICLE,DAYLIGHT,STRAIGHT AND LEVEL,SNOW/ICE,NONE,NOT ENTERED,SNOW,0,1970/01/01,0,1,1,0,2,1451.0,0,AMHERST TOWN PD,No,189546.02237038,4767604.73211191,Not an intersection crash,,Erie,,0.0,,Amherst,[Route] 290,290I53011061,88.0,T,11-Urban Principal Arterial Interstate,NYSDOT,NYSDOT,Youngmann Memorial Highway,55.0,"V1:(UNSAFE SPEED,PAVEMENT SLIPPERY) / V2:(NOT APPLICABLE,NOT APPLICABLE)",2022-01-17,-78.830451,43.002827
196,Feature,,"Horseheads, NY",US,85.0,I-86 E,210436080.0,5844.0,1.0,"[{'x': -76.838642, 'y': 42.160441}, {'x': -76.836791, 'y': 42.160028}, {'x': -76.836601, 'y': 42.159986}, {'x': -76.836086, 'y': 42.159879}, {'x': -76.835621, 'y': 42.159814}, {'x': -76.835281, 'y': 42.159782}, {'x': -76.834825, 'y': 42.15975}, {'x': -76.833975, 'y': 42.159745}, {'x': -76.832616, 'y': 42.159802}, {'x': -76.832107, 'y': 42.159815}, {'x': -76.831648, 'y': 42.159806}, {'x': -76.831082, 'y': 42.159768}, {'x': -76.830527, 'y': 42.159691}, {'x': -76.829923, 'y': 42.159588}, {'x': -76.829325, 'y': 42.15944}, {'x': -76.828598, 'y': 42.159252}, {'x': -76.828295, 'y': 42.159177}, {'x': -76.827774, 'y': 42.159038}, {'x': -76.826906, 'y': 42.158806}, {'x': -76.825674, 'y': 42.15846}, {'x': -76.824312, 'y': 42.158058}, {'x': -76.823005, 'y': 42.157663}, {'x': -76.821214, 'y': 42.157133}, {'x': -76.819931, 'y': 42.156752}, {'x': -76.818605, 'y': 42.156377}, {'x': -76.817281, 'y': 42.156027}, {'x': -76.815185, 'y': 42.155525}, {'x': -76.815136, 'y': 42.155515}, {'x': -76.814836, 'y': 42.155448}, {'x': -76.812161, 'y': 42.154826}, {'x': -76.811845, 'y': 42.154754}, {'x': -76.811112, 'y': 42.154566}, {'x': -76.810466, 'y': 42.154355}, {'x': -76.809849, 'y': 42.15409}, {'x': -76.809366, 'y': 42.153838}, {'x': -76.808878, 'y': 42.153547}, {'x': -76.808546, 'y': 42.153322}, {'x': -76.808336, 'y': 42.153163}, {'x': -76.807896, 'y': 42.152797}, {'x': -76.80756, 'y': 42.152462}, {'x': -76.807219, 'y': 42.15207}, {'x': -76.807069, 'y': 42.151879}, {'x': -76.806912, 'y': 42.151613}, {'x': -76.806461, 'y': 42.150722}, {'x': -76.806295, 'y': 42.150177}, {'x': -76.806199, 'y': 42.149644}, {'x': -76.806086, 'y': 42.148562}, {'x': -76.806018, 'y': 42.147835}, {'x': -76.805909, 'y': 42.146645}, {'x': -76.805732, 'y': 42.144724}, {'x': -76.805539, 'y': 42.142759}, {'x': -76.805532, 'y': 42.142696}, {'x': -76.805362, 'y': 42.141073}, {'x': -76.80533, 'y': 42.140809}, {'x': -76.80518, 'y': 42.140065}, {'x': -76.804944, 'y': 42.139302}, {'x': -76.804509, 'y': 42.138283}, {'x': -76.803984, 'y': 42.13707}, {'x': -76.803629, 'y': 42.136239}, {'x': -76.803308, 'y': 42.135443}, {'x': -76.802787, 'y': 42.133919}, {'x': -76.802621, 'y': 42.133251}, {'x': -76.802417, 'y': 42.132165}, {'x': -76.802358, 'y': 42.131755}, {'x': -76.80224, 'y': 42.130777}, {'x': -76.802186, 'y': 42.12911}, {'x': -76.802138, 'y': 42.127486}, {'x': -76.802138, 'y': 42.126826}, {'x': -76.802122, 'y': 42.126146}, {'x': -76.802111, 'y': 42.125296}]",1642457550202.0,3.0,"[{}, {}, {}, {}, {}, {}, {}, {}, {}, {}, {}]",20.988888888888887,75.56,I-86 E,NONE,NONE,210436080.0,2022-01-17 22:12:30,0,False,LineString,"[[-76.838642, 42.160441], [-76.836791, 42.160028], [-76.836601, 42.159986], [-76.836086, 42.159879], [-76.835621, 42.159814], [-76.835281, 42.159782], [-76.834825, 42.15975], [-76.833975, 42.159745], [-76.832616, 42.159802], [-76.832107, 42.159815], [-76.831648, 42.159806], [-76.831082, 42.159768], [-76.830527, 42.159691], [-76.829923, 42.159588], [-76.829325, 42.15944], [-76.828598, 42.159252], [-76.828295, 42.159177], [-76.827774, 42.159038], [-76.826906, 42.158806], [-76.825674, 42.15846], [-76.824312, 42.158058], [-76.823005, 42.157663], [-76.821214, 42.157133], [-76.819931, 42.156752], [-76.818605, 42.156377], [-76.817281, 42.156027], [-76.815185, 42.155525], [-76.815136, 42.155515], [-76.814836, 42.155448], [-76.812161, 42.154826], [-76.811845, 42.154754], [-76.811112, 42.154566], [-76.810466, 42.154355], [-76.809849, 42.15409], [-76.809366, 42.153838], [-76.808878, 42.153547], [-76.808546, 42.153322], [-76.808336, 42.153163], [-76.807896, 42.152797], [-76.80756, 42.152462], [-76.807219, 42.15207], [-76.807069, 42.151879], [-76.806912, 42.151613], [-76.806461, 42.150722], [-76.806295, 42.150177], [-76.806199, 42.149644], [-76.806086, 42.148562], [-76.806018, 42.147835], [-76.805909, 42.146645], [-76.805732, 42.144724], [-76.805539, 42.142759], [-76.805532, 42.142696], [-76.805362, 42.141073], [-76.80533, 42.140809], [-76.80518, 42.140065], [-76.804944, 42.139302], [-76.804509, 42.138283], [-76.803984, 42.13707], [-76.803629, 42.136239], [-76.803308, 42.135443], [-76.802787, 42.133919], [-76.802621, 42.133251], [-76.802417, 42.132165], [-76.802358, 42.131755], [-76.80224, 42.130777], [-76.802186, 42.12911], [-76.802138, 42.127486], [-76.802138, 42.126826], [-76.802122, 42.126146], [-76.802111, 42.125296]]",2022-01-17,-76.8099996174169,42.1541019877467,18540285,39197172,,PROPERTY DAMAGE,999,2022,OTHER,2022/01/17,1900-01-01 22:12:00,COLLISION WITH GUIDE RAIL,DARK-ROAD UNLIGHTED,STRAIGHT AND LEVEL,WET,NONE,NOT ENTERED,CLOUDY,0,1970/01/01,0,0,0,0,1,10701.0,0,HORSEHEADS SP,No,350459.83642726,4668471.71229848,Not an intersection crash,,Chemung,,0.0,,Horseheads,I 86,14 62013044,,,Unknown,Unknown,Unknown,,,"V1:(UNSAFE SPEED,PAVEMENT SLIPPERY)",2022-01-17,-76.838642,42.160441