,type,properties.blockingAlertUuid,properties.city,properties.country,properties.delay,properties.endNode,properties.id,properties.length,properties.level,properties.line,properties.pubMillis,properties.roadType,properties.segments,properties.speed,properties.speedKMH,properties.street,properties.turnType,properties.type,properties.uuid,properties.utc_timestamp,properties.day_of_week,properties.weekday_weekend,geometry.type,geometry.coordinates,key_date_jams,X,Y,OBJECTID,CaseNumber,MaxInjuryS,CrashSever,RoadwayAcc,CaseYear,CollisionT,CrashDate,CrashTimeF,CrashType,LightCondi,RoadwayCha,RoadSurfac,TrafficCon,TrafficWay,WeatherCon,Commercial,DMVInsertD,NumberOfFa,NumberOfIn,NumberOfOt,NumberOfSe,NumberOfVe,PoliceDept,NonReporta,ReportingA,NonPublicW,UTMEasting,UTMNorthin,Intersecti,ClosestCro,CountyName,DirectionF,DistanceFr,MasterInte,CityTownNa,OnStreet,ReferenceM,ACCESS_CON,DIVIDED,FUNCTIONAL,MAINT_JURI,OWNING_JUR,NAME,POSTED_SPE,ApparentFa,key_date_crashes,jams_x,jams_y
197,Feature,,"Virgil, NY",US,118.0,I-81 N,214538762.0,5819.0,1.0,"[{'x': -76.064821, 'y': 42.486348}, {'x': -76.064959, 'y': 42.486461}, {'x': -76.068808, 'y': 42.48957}, {'x': -76.069448, 'y': 42.49017}, {'x': -76.069929, 'y': 42.490694}, {'x': -76.070257, 'y': 42.491108}, {'x': -76.070579, 'y': 42.491576}, {'x': -76.070882, 'y': 42.492093}, {'x': -76.071105, 'y': 42.492525}, {'x': -76.071339, 'y': 42.493088}, {'x': -76.071521, 'y': 42.493668}, {'x': -76.071633, 'y': 42.494118}, {'x': -76.072171, 'y': 42.497039}, {'x': -76.072352, 'y': 42.497865}, {'x': -76.072482, 'y': 42.498288}, {'x': -76.072569, 'y': 42.498511}, {'x': -76.072921, 'y': 42.499258}, {'x': -76.073175, 'y': 42.499683}, {'x': -76.073642, 'y': 42.500336}, {'x': -76.074163, 'y': 42.500927}, {'x': -76.07473, 'y': 42.501533}, {'x': -76.075096, 'y': 42.501924}, {'x': -76.075619, 'y': 42.502518}, {'x': -76.075919, 'y': 42.502903}, {'x': -76.076654, 'y': 42.503941}, {'x': -76.077165, 'y': 42.504814}, {'x': -76.077467, 'y': 42.505391}, {'x': -76.077837, 'y': 42.506213}, {'x': -76.078165, 'y': 42.507129}, {'x': -76.078337, 'y': 42.507684}, {'x': -76.078454, 'y': 42.508166}, {'x': -76.078635, 'y': 42.509189}, {'x': -76.078694, 'y': 42.509681}, {'x': -76.078734, 'y': 42.51043}, {'x': -76.078727, 'y': 42.511295}, {'x': -76.078575, 'y': 42.512953}, {'x': -76.078548, 'y': 42.513919}, {'x': -76.078581, 'y': 42.514672}, {'x': -76.07867, 'y': 42.51538}, {'x': -76.078803, 'y': 42.516134}, {'x': -76.078902, 'y': 42.516559}, {'x': -76.079097, 'y': 42.517299}, {'x': -76.079267, 'y': 42.517792}, {'x': -76.079456, 'y': 42.518279}, {'x': -76.079695, 'y': 42.518826}, {'x': -76.079978, 'y': 42.519404}, {'x': -76.08043, 'y': 42.520204}, {'x': -76.080711, 'y': 42.520651}, {'x': -76.081467, 'y': 42.52169}, {'x': -76.081765, 'y': 42.522043}, {'x': -76.08233, 'y': 42.522673}, {'x': -76.084171, 'y': 42.524594}, {'x': -76.084589, 'y': 42.525069}, {'x': -76.084946, 'y': 42.525536}, {'x': -76.085385, 'y': 42.526184}, {'x': -76.08574, 'y': 42.52682}, {'x': -76.08603, 'y': 42.527465}, {'x': -76.086167, 'y': 42.527816}, {'x': -76.086382, 'y': 42.528507}, {'x': -76.086514, 'y': 42.529102}, {'x': -76.086586, 'y': 42.52959}, {'x': -76.086637, 'y': 42.530331}, {'x': -76.086617, 'y': 42.533051}, {'x': -76.086617, 'y': 42.533079}, {'x': -76.086616, 'y': 42.533523}, {'x': -76.08668, 'y': 42.534339}, {'x': -76.086719, 'y': 42.534584}]",1642489671600.0,3.0,[{}],17.086111111111112,61.51,I-81 N,NONE,NONE,214538762.0,2022-01-18 07:07:51,1,False,LineString,"[[-76.064821, 42.486348], [-76.064959, 42.486461], [-76.068808, 42.48957], [-76.069448, 42.49017], [-76.069929, 42.490694], [-76.070257, 42.491108], [-76.070579, 42.491576], [-76.070882, 42.492093], [-76.071105, 42.492525], [-76.071339, 42.493088], [-76.071521, 42.493668], [-76.071633, 42.494118], [-76.072171, 42.497039], [-76.072352, 42.497865], [-76.072482, 42.498288], [-76.072569, 42.498511], [-76.072921, 42.499258], [-76.073175, 42.499683], [-76.073642, 42.500336], [-76.074163, 42.500927], [-76.07473, 42.501533], [-76.075096, 42.501924], [-76.075619, 42.502518], [-76.075919, 42.502903], [-76.076654, 42.503941], [-76.077165, 42.504814], [-76.077467, 42.505391], [-76.077837, 42.506213], [-76.078165, 42.507129], [-76.078337, 42.507684], [-76.078454, 42.508166], [-76.078635, 42.509189], [-76.078694, 42.509681], [-76.078734, 42.51043], [-76.078727, 42.511295], [-76.078575, 42.512953], [-76.078548, 42.513919], [-76.078581, 42.514672], [-76.07867, 42.51538], [-76.078803, 42.516134], [-76.078902, 42.516559], [-76.079097, 42.517299], [-76.079267, 42.517792], [-76.079456, 42.518279], [-76.079695, 42.518826], [-76.079978, 42.519404], [-76.08043, 42.520204], [-76.080711, 42.520651], [-76.081467, 42.52169], [-76.081765, 42.522043], [-76.08233, 42.522673], [-76.084171, 42.524594], [-76.084589, 42.525069], [-76.084946, 42.525536], [-76.085385, 42.526184], [-76.08574, 42.52682], [-76.08603, 42.527465], [-76.086167, 42.527816], [-76.086382, 42.528507], [-76.086514, 42.529102], [-76.086586, 42.52959], [-76.086637, 42.530331], [-76.086617, 42.533051], [-76.086617, 42.533079], [-76.086616, 42.533523], [-76.08668, 42.534339], [-76.086719, 42.534584]]",2022-01-18,-76.0644864256208,42.4852139478302,18619310,39282942,,PROPERTY DAMAGE,999,2022,OTHER,2022/01/18,1900-01-01 07:06:00,COLLISION WITH GUIDE RAIL,DAWN,STRAIGHT AND LEVEL,SNOW/ICE,NONE,NOT ENTERED,SNOW,0,1970/01/01,0,0,0,0,1,11101.0,0,NYSP CORTLAND,No,412514.21192337,4704200.17932947,Not an intersection crash,,Cortland,,0.0,,Virgil,I 81,81I32021059,88.0,T,1-Rural Principal Arterial Interstate,NYSDOT,NYSDOT,,65.0,"V1:(UNSAFE SPEED,PAVEMENT SLIPPERY)",2022-01-18,-76.064821,42.486348
198,Feature,,"Falconer, NY",US,116.0,I-86 E,214596072.0,7318.0,1.0,"[{'x': -79.17722, 'y': 42.136913}, {'x': -79.176658, 'y': 42.137034}, {'x': -79.175801, 'y': 42.137209}, {'x': -79.174943, 'y': 42.137356}, {'x': -79.174444, 'y': 42.137424}, {'x': -79.17376, 'y': 42.137518}, {'x': -79.173079, 'y': 42.137593}, {'x': -79.171716, 'y': 42.137708}, {'x': -79.170623, 'y': 42.137759}, {'x': -79.169116, 'y': 42.137789}, {'x': -79.168499, 'y': 42.137778}, {'x': -79.167796, 'y': 42.137765}, {'x': -79.167102, 'y': 42.137733}, {'x': -79.16605, 'y': 42.137672}, {'x': -79.164996, 'y': 42.137592}, {'x': -79.1639, 'y': 42.137487}, {'x': -79.163063, 'y': 42.137393}, {'x': -79.162297, 'y': 42.137301}, {'x': -79.16077, 'y': 42.137077}, {'x': -79.160083, 'y': 42.136962}, {'x': -79.158354, 'y': 42.136656}, {'x': -79.156637, 'y': 42.136337}, {'x': -79.155937, 'y': 42.13621}, {'x': -79.154859, 'y': 42.136016}, {'x': -79.153782, 'y': 42.135816}, {'x': -79.151636, 'y': 42.135427}, {'x': -79.149588, 'y': 42.135077}, {'x': -79.148227, 'y': 42.134868}, {'x': -79.147207, 'y': 42.13472}, {'x': -79.146184, 'y': 42.134581}, {'x': -79.145064, 'y': 42.134447}, {'x': -79.143918, 'y': 42.134334}, {'x': -79.142894, 'y': 42.134251}, {'x': -79.141862, 'y': 42.134195}, {'x': -79.140495, 'y': 42.134154}, {'x': -79.139769, 'y': 42.134159}, {'x': -79.138466, 'y': 42.134198}, {'x': -79.137648, 'y': 42.134239}, {'x': -79.136633, 'y': 42.134321}, {'x': -79.135621, 'y': 42.134414}, {'x': -79.135063, 'y': 42.134494}, {'x': -79.133907, 'y': 42.13466}, {'x': -79.13299, 'y': 42.134818}, {'x': -79.131633, 'y': 42.135094}, {'x': -79.13025, 'y': 42.13544}, {'x': -79.129554, 'y': 42.135609}, {'x': -79.128859, 'y': 42.135791}, {'x': -79.127321, 'y': 42.136184}, {'x': -79.126557, 'y': 42.136383}, {'x': -79.125795, 'y': 42.136572}, {'x': -79.125262, 'y': 42.136712}, {'x': -79.122104, 'y': 42.137513}, {'x': -79.12052, 'y': 42.137922}, {'x': -79.11894, 'y': 42.138307}, {'x': -79.117991, 'y': 42.138516}, {'x': -79.116631, 'y': 42.138783}, {'x': -79.11568, 'y': 42.138953}, {'x': -79.114368, 'y': 42.139156}, {'x': -79.113119, 'y': 42.139313}, {'x': -79.111857, 'y': 42.139458}, {'x': -79.110526, 'y': 42.139603}, {'x': -79.110165, 'y': 42.139638}, {'x': -79.109369, 'y': 42.13973}, {'x': -79.108009, 'y': 42.139908}, {'x': -79.107352, 'y': 42.140015}, {'x': -79.106692, 'y': 42.140139}, {'x': -79.106183, 'y': 42.140247}, {'x': -79.103911, 'y': 42.140785}, {'x': -79.102982, 'y': 42.140997}, {'x': -79.102055, 'y': 42.141181}, {'x': -79.100586, 'y': 42.141433}, {'x': -79.099106, 'y': 42.141689}, {'x': -79.090903, 'y': 42.14309}]",1642498877443.0,3.0,[{}],20.325,73.17,I-86 E,NONE,NONE,214596072.0,2022-01-18 09:41:17,1,False,LineString,"[[-79.17722, 42.136913], [-79.176658, 42.137034], [-79.175801, 42.137209], [-79.174943, 42.137356], [-79.174444, 42.137424], [-79.17376, 42.137518], [-79.173079, 42.137593], [-79.171716, 42.137708], [-79.170623, 42.137759], [-79.169116, 42.137789], [-79.168499, 42.137778], [-79.167796, 42.137765], [-79.167102, 42.137733], [-79.16605, 42.137672], [-79.164996, 42.137592], [-79.1639, 42.137487], [-79.163063, 42.137393], [-79.162297, 42.137301], [-79.16077, 42.137077], [-79.160083, 42.136962], [-79.158354, 42.136656], [-79.156637, 42.136337], [-79.155937, 42.13621], [-79.154859, 42.136016], [-79.153782, 42.135816], [-79.151636, 42.135427], [-79.149588, 42.135077], [-79.148227, 42.134868], [-79.147207, 42.13472], [-79.146184, 42.134581], [-79.145064, 42.134447], [-79.143918, 42.134334], [-79.142894, 42.134251], [-79.141862, 42.134195], [-79.140495, 42.134154], [-79.139769, 42.134159], [-79.138466, 42.134198], [-79.137648, 42.134239], [-79.136633, 42.134321], [-79.135621, 42.134414], [-79.135063, 42.134494], [-79.133907, 42.13466], [-79.13299, 42.134818], [-79.131633, 42.135094], [-79.13025, 42.13544], [-79.129554, 42.135609], [-79.128859, 42.135791], [-79.127321, 42.136184], [-79.126557, 42.136383], [-79.125795, 42.136572], [-79.125262, 42.136712], [-79.122104, 42.137513], [-79.12052, 42.137922], [-79.11894, 42.138307], [-79.117991, 42.138516], [-79.116631, 42.138783], [-79.11568, 42.138953], [-79.114368, 42.139156], [-79.113119, 42.139313], [-79.111857, 42.139458], [-79.110526, 42.139603], [-79.110165, 42.139638], [-79.109369, 42.13973], [-79.108009, 42.139908], [-79.107352, 42.140015], [-79.106692, 42.140139], [-79.106183, 42.140247], [-79.103911, 42.140785], [-79.102982, 42.140997], [-79.102055, 42.141181], [-79.100586, 42.141433], [-79.099106, 42.141689], [-79.090903, 42.14309]]",2022-01-18,-79.1781134157076,42.1366722884216,18541709,39198716,,PROPERTY DAMAGE,999,2022,OVERTAKING,2022/01/18,1900-01-01 09:49:00,COLLISION WITH MOTOR VEHICLE,DAYLIGHT,STRAIGHT AND LEVEL,WET,NONE,NOT ENTERED,CLOUDY,0,1970/01/01,0,0,0,0,2,10601.0,0,NYSP FALCONER,No,154689.07388519,4673405.77553575,Not an intersection crash,Connecting Road,Chautauqua,8.0,72.0,,Poland,I 86,17 52111316,88.0,T,11-Urban Principal Arterial Interstate,NYSDOT,NYSDOT,SOUTHERN TIER EXP,65.0,"V1:(PASSING OR LANE USAGE IMPROPERLY,NOT APPLICABLE) / V2:(NOT APPLICABLE,NOT APPLICABLE)",2022-01-18,-79.17722,42.136913
199,Feature,,"Syracuse, NY",US,234.0,to I-81 S Â» Binghamton,216108716.0,1251.0,4.0,"[{'x': -76.162898, 'y': 43.055277}, {'x': -76.162667, 'y': 43.055253}, {'x': -76.161218, 'y': 43.055066}, {'x': -76.160766, 'y': 43.054994}, {'x': -76.160362, 'y': 43.054914}, {'x': -76.159999, 'y': 43.054841}, {'x': -76.158918, 'y': 43.054566}, {'x': -76.158424, 'y': 43.05447}, {'x': -76.158079, 'y': 43.054392}, {'x': -76.157697, 'y': 43.054336}, {'x': -76.157476, 'y': 43.054312}, {'x': -76.15719, 'y': 43.054289}, {'x': -76.156808, 'y': 43.054266}, {'x': -76.154966, 'y': 43.054128}, {'x': -76.154713, 'y': 43.054109}, {'x': -76.154338, 'y': 43.054074}, {'x': -76.153917, 'y': 43.054026}, {'x': -76.153625, 'y': 43.053975}, {'x': -76.153402, 'y': 43.053922}, {'x': -76.153032, 'y': 43.053828}, {'x': -76.15259, 'y': 43.053675}, {'x': -76.152126, 'y': 43.053453}, {'x': -76.151832, 'y': 43.05327}, {'x': -76.151523, 'y': 43.053036}, {'x': -76.15049, 'y': 43.052105}, {'x': -76.15015, 'y': 43.051864}, {'x': -76.149712, 'y': 43.051622}, {'x': -76.149394, 'y': 43.051471}, {'x': -76.149086, 'y': 43.051353}]",1642511974844.0,3.0,"[{}, {}, {}]",4.358333333333333,15.69,I-690 E,NONE,NONE,216108716.0,2022-01-18 13:19:34,1,False,LineString,"[[-76.162898, 43.055277], [-76.162667, 43.055253], [-76.161218, 43.055066], [-76.160766, 43.054994], [-76.160362, 43.054914], [-76.159999, 43.054841], [-76.158918, 43.054566], [-76.158424, 43.05447], [-76.158079, 43.054392], [-76.157697, 43.054336], [-76.157476, 43.054312], [-76.15719, 43.054289], [-76.156808, 43.054266], [-76.154966, 43.054128], [-76.154713, 43.054109], [-76.154338, 43.054074], [-76.153917, 43.054026], [-76.153625, 43.053975], [-76.153402, 43.053922], [-76.153032, 43.053828], [-76.15259, 43.053675], [-76.152126, 43.053453], [-76.151832, 43.05327], [-76.151523, 43.053036], [-76.15049, 43.052105], [-76.15015, 43.051864], [-76.149712, 43.051622], [-76.149394, 43.051471], [-76.149086, 43.051353]]",2022-01-18,-76.1424979828585,43.0443730273274,18544878,39202047,,PROPERTY DAMAGE,888,2022,RIGHT ANGLE,2022/01/18,1900-01-01 13:45:00,COLLISION WITH MOTOR VEHICLE,DAYLIGHT,STRAIGHT AND LEVEL,WET,TRAFFIC SIGNAL,NOT ENTERED,CLOUDY,0,1970/01/01,0,0,0,0,2,3301.0,0,SYRACUSE PD,No,406943.48000073,4766375.68000111,AT-INTERSECTION,HARRISON ST,Onondaga,SOUTH-EAST,0.0,15000550.0,Syracuse,ALMOND ST,,0.0,F,14-Urban Principal Arterial Other,City or Village,City or Village,HARRISON STREET,30.0,"V1:(TRAFFIC CONTROL DEVICES DISREGARDED,DRIVER INATTENTION) / V2:(NOT ENTERED,NOT ENTERED)",2022-01-18,-76.162898,43.055277
200,Feature,,"Syracuse, NY",US,92.0,to I-81 S Â» Binghamton,216108716.0,1251.0,3.0,"[{'x': -76.162898, 'y': 43.055277}, {'x': -76.162667, 'y': 43.055253}, {'x': -76.161218, 'y': 43.055066}, {'x': -76.160766, 'y': 43.054994}, {'x': -76.160362, 'y': 43.054914}, {'x': -76.159999, 'y': 43.054841}, {'x': -76.158918, 'y': 43.054566}, {'x': -76.158424, 'y': 43.05447}, {'x': -76.158079, 'y': 43.054392}, {'x': -76.157697, 'y': 43.054336}, {'x': -76.157476, 'y': 43.054312}, {'x': -76.15719, 'y': 43.054289}, {'x': -76.156808, 'y': 43.054266}, {'x': -76.154966, 'y': 43.054128}, {'x': -76.154713, 'y': 43.054109}, {'x': -76.154338, 'y': 43.054074}, {'x': -76.153917, 'y': 43.054026}, {'x': -76.153625, 'y': 43.053975}, {'x': -76.153402, 'y': 43.053922}, {'x': -76.153032, 'y': 43.053828}, {'x': -76.15259, 'y': 43.053675}, {'x': -76.152126, 'y': 43.053453}, {'x': -76.151832, 'y': 43.05327}, {'x': -76.151523, 'y': 43.053036}, {'x': -76.15049, 'y': 43.052105}, {'x': -76.15015, 'y': 43.051864}, {'x': -76.149712, 'y': 43.051622}, {'x': -76.149394, 'y': 43.051471}, {'x': -76.149086, 'y': 43.051353}]",1642511974844.0,3.0,"[{}, {}, {}]",8.630555555555556,31.07,I-690 E,NONE,NONE,216108716.0,2022-01-18 13:19:34,1,False,LineString,"[[-76.162898, 43.055277], [-76.162667, 43.055253], [-76.161218, 43.055066], [-76.160766, 43.054994], [-76.160362, 43.054914], [-76.159999, 43.054841], [-76.158918, 43.054566], [-76.158424, 43.05447], [-76.158079, 43.054392], [-76.157697, 43.054336], [-76.157476, 43.054312], [-76.15719, 43.054289], [-76.156808, 43.054266], [-76.154966, 43.054128], [-76.154713, 43.054109], [-76.154338, 43.054074], [-76.153917, 43.054026], [-76.153625, 43.053975], [-76.153402, 43.053922], [-76.153032, 43.053828], [-76.15259, 43.053675], [-76.152126, 43.053453], [-76.151832, 43.05327], [-76.151523, 43.053036], [-76.15049, 43.052105], [-76.15015, 43.051864], [-76.149712, 43.051622], [-76.149394, 43.051471], [-76.149086, 43.051353]]",2022-01-18,-76.1424979828585,43.0443730273274,18544878,39202047,,PROPERTY DAMAGE,888,2022,RIGHT ANGLE,2022/01/18,1900-01-01 13:45:00,COLLISION WITH MOTOR VEHICLE,DAYLIGHT,STRAIGHT AND LEVEL,WET,TRAFFIC SIGNAL,NOT ENTERED,CLOUDY,0,1970/01/01,0,0,0,0,2,3301.0,0,SYRACUSE PD,No,406943.48000073,4766375.68000111,AT-INTERSECTION,HARRISON ST,Onondaga,SOUTH-EAST,0.0,15000550.0,Syracuse,ALMOND ST,,0.0,F,14-Urban Principal Arterial Other,City or Village,City or Village,HARRISON STREET,30.0,"V1:(TRAFFIC CONTROL DEVICES DISREGARDED,DRIVER INATTENTION) / V2:(NOT ENTERED,NOT ENTERED)",2022-01-18,-76.162898,43.055277
201,Feature,,"Syracuse, NY",US,82.0,to I-81 S / Binghamton,216739336.0,941.0,3.0,"[{'x': -76.151114, 'y': 43.053087}, {'x': -76.151017, 'y': 43.05296}, {'x': -76.150878, 'y': 43.052796}, {'x': -76.150634, 'y': 43.052532}, {'x': -76.150433, 'y': 43.052367}, {'x': -76.150267, 'y': 43.052246}, {'x': -76.15006, 'y': 43.052122}, {'x': -76.149819, 'y': 43.051985}, {'x': -76.149536, 'y': 43.051841}, {'x': -76.149301, 'y': 43.051756}, {'x': -76.149057, 'y': 43.051672}, {'x': -76.148848, 'y': 43.051609}, {'x': -76.148623, 'y': 43.051557}, {'x': -76.148223, 'y': 43.05148}, {'x': -76.147807, 'y': 43.051436}, {'x': -76.146946, 'y': 43.051358}, {'x': -76.146455, 'y': 43.051299}, {'x': -76.146168, 'y': 43.051252}, {'x': -76.145839, 'y': 43.05118}, {'x': -76.145563, 'y': 43.051111}, {'x': -76.145362, 'y': 43.051042}, {'x': -76.145188, 'y': 43.050969}, {'x': -76.144983, 'y': 43.050881}, {'x': -76.144723, 'y': 43.050752}, {'x': -76.14453, 'y': 43.050618}, {'x': -76.144349, 'y': 43.050497}, {'x': -76.144189, 'y': 43.050379}, {'x': -76.14386, 'y': 43.050088}, {'x': -76.143627, 'y': 43.049853}, {'x': -76.143317, 'y': 43.049477}, {'x': -76.14311, 'y': 43.049168}, {'x': -76.142949, 'y': 43.048836}, {'x': -76.14284, 'y': 43.048555}, {'x': -76.142733, 'y': 43.048185}]",1642513849786.0,3.0,"[{}, {}]",7.597222222222222,27.35,I-81 S,NONE,NONE,216739336.0,2022-01-18 13:50:49,1,False,LineString,"[[-76.151114, 43.053087], [-76.151017, 43.05296], [-76.150878, 43.052796], [-76.150634, 43.052532], [-76.150433, 43.052367], [-76.150267, 43.052246], [-76.15006, 43.052122], [-76.149819, 43.051985], [-76.149536, 43.051841], [-76.149301, 43.051756], [-76.149057, 43.051672], [-76.148848, 43.051609], [-76.148623, 43.051557], [-76.148223, 43.05148], [-76.147807, 43.051436], [-76.146946, 43.051358], [-76.146455, 43.051299], [-76.146168, 43.051252], [-76.145839, 43.05118], [-76.145563, 43.051111], [-76.145362, 43.051042], [-76.145188, 43.050969], [-76.144983, 43.050881], [-76.144723, 43.050752], [-76.14453, 43.050618], [-76.144349, 43.050497], [-76.144189, 43.050379], [-76.14386, 43.050088], [-76.143627, 43.049853], [-76.143317, 43.049477], [-76.14311, 43.049168], [-76.142949, 43.048836], [-76.14284, 43.048555], [-76.142733, 43.048185]]",2022-01-18,-76.1424979828585,43.0443730273274,18544878,39202047,,PROPERTY DAMAGE,888,2022,RIGHT ANGLE,2022/01/18,1900-01-01 13:45:00,COLLISION WITH MOTOR VEHICLE,DAYLIGHT,STRAIGHT AND LEVEL,WET,TRAFFIC SIGNAL,NOT ENTERED,CLOUDY,0,1970/01/01,0,0,0,0,2,3301.0,0,SYRACUSE PD,No,406943.48000073,4766375.68000111,AT-INTERSECTION,HARRISON ST,Onondaga,SOUTH-EAST,0.0,15000550.0,Syracuse,ALMOND ST,,0.0,F,14-Urban Principal Arterial Other,City or Village,City or Village,HARRISON STREET,30.0,"V1:(TRAFFIC CONTROL DEVICES DISREGARDED,DRIVER INATTENTION) / V2:(NOT ENTERED,NOT ENTERED)",2022-01-18,-76.151114,43.053087
202,Feature,,"Syracuse, NY",US,62.0,to I-81 S / Binghamton,216739336.0,1365.0,2.0,"[{'x': -76.153594, 'y': 43.056408}, {'x': -76.15346, 'y': 43.056009}, {'x': -76.153227, 'y': 43.055543}, {'x': -76.153002, 'y': 43.055233}, {'x': -76.152732, 'y': 43.054909}, {'x': -76.152379, 'y': 43.054552}, {'x': -76.151729, 'y': 43.053891}, {'x': -76.151451, 'y': 43.053548}, {'x': -76.151114, 'y': 43.053087}, {'x': -76.151017, 'y': 43.05296}, {'x': -76.150878, 'y': 43.052796}, {'x': -76.150634, 'y': 43.052532}, {'x': -76.150433, 'y': 43.052367}, {'x': -76.150267, 'y': 43.052246}, {'x': -76.15006, 'y': 43.052122}, {'x': -76.149819, 'y': 43.051985}, {'x': -76.149536, 'y': 43.051841}, {'x': -76.149301, 'y': 43.051756}, {'x': -76.149057, 'y': 43.051672}, {'x': -76.148848, 'y': 43.051609}, {'x': -76.148623, 'y': 43.051557}, {'x': -76.148223, 'y': 43.05148}, {'x': -76.147807, 'y': 43.051436}, {'x': -76.146946, 'y': 43.051358}, {'x': -76.146455, 'y': 43.051299}, {'x': -76.146168, 'y': 43.051252}, {'x': -76.145839, 'y': 43.05118}, {'x': -76.145563, 'y': 43.051111}, {'x': -76.145362, 'y': 43.051042}, {'x': -76.145188, 'y': 43.050969}, {'x': -76.144983, 'y': 43.050881}, {'x': -76.144723, 'y': 43.050752}, {'x': -76.14453, 'y': 43.050618}, {'x': -76.144349, 'y': 43.050497}, {'x': -76.144189, 'y': 43.050379}, {'x': -76.14386, 'y': 43.050088}, {'x': -76.143627, 'y': 43.049853}, {'x': -76.143317, 'y': 43.049477}, {'x': -76.14311, 'y': 43.049168}, {'x': -76.142949, 'y': 43.048836}, {'x': -76.14284, 'y': 43.048555}, {'x': -76.142733, 'y': 43.048185}]",1642513849786.0,3.0,"[{}, {}, {}]",11.175,40.23,I-81 S,NONE,NONE,216739336.0,2022-01-18 13:50:49,1,False,LineString,"[[-76.153594, 43.056408], [-76.15346, 43.056009], [-76.153227, 43.055543], [-76.153002, 43.055233], [-76.152732, 43.054909], [-76.152379, 43.054552], [-76.151729, 43.053891], [-76.151451, 43.053548], [-76.151114, 43.053087], [-76.151017, 43.05296], [-76.150878, 43.052796], [-76.150634, 43.052532], [-76.150433, 43.052367], [-76.150267, 43.052246], [-76.15006, 43.052122], [-76.149819, 43.051985], [-76.149536, 43.051841], [-76.149301, 43.051756], [-76.149057, 43.051672], [-76.148848, 43.051609], [-76.148623, 43.051557], [-76.148223, 43.05148], [-76.147807, 43.051436], [-76.146946, 43.051358], [-76.146455, 43.051299], [-76.146168, 43.051252], [-76.145839, 43.05118], [-76.145563, 43.051111], [-76.145362, 43.051042], [-76.145188, 43.050969], [-76.144983, 43.050881], [-76.144723, 43.050752], [-76.14453, 43.050618], [-76.144349, 43.050497], [-76.144189, 43.050379], [-76.14386, 43.050088], [-76.143627, 43.049853], [-76.143317, 43.049477], [-76.14311, 43.049168], [-76.142949, 43.048836], [-76.14284, 43.048555], [-76.142733, 43.048185]]",2022-01-18,-76.1424979828585,43.0443730273274,18544878,39202047,,PROPERTY DAMAGE,888,2022,RIGHT ANGLE,2022/01/18,1900-01-01 13:45:00,COLLISION WITH MOTOR VEHICLE,DAYLIGHT,STRAIGHT AND LEVEL,WET,TRAFFIC SIGNAL,NOT ENTERED,CLOUDY,0,1970/01/01,0,0,0,0,2,3301.0,0,SYRACUSE PD,No,406943.48000073,4766375.68000111,AT-INTERSECTION,HARRISON ST,Onondaga,SOUTH-EAST,0.0,15000550.0,Syracuse,ALMOND ST,,0.0,F,14-Urban Principal Arterial Other,City or Village,City or Village,HARRISON STREET,30.0,"V1:(TRAFFIC CONTROL DEVICES DISREGARDED,DRIVER INATTENTION) / V2:(NOT ENTERED,NOT ENTERED)",2022-01-18,-76.153594,43.056408
203,Feature,,"Adams, NY",US,217.0,I-81 S,11506046.0,6702.0,2.0,"[{'x': -76.016188, 'y': 43.865453}, {'x': -76.016673, 'y': 43.863268}, {'x': -76.017001, 'y': 43.861846}, {'x': -76.018923, 'y': 43.853618}, {'x': -76.019245, 'y': 43.852349}, {'x': -76.019422, 'y': 43.851738}, {'x': -76.01962, 'y': 43.851128}, {'x': -76.020068, 'y': 43.849919}, {'x': -76.020338, 'y': 43.849281}, {'x': -76.020574, 'y': 43.848721}, {'x': -76.02086, 'y': 43.848119}, {'x': -76.021653, 'y': 43.846604}, {'x': -76.024745, 'y': 43.841316}, {'x': -76.025061, 'y': 43.840777}, {'x': -76.025141, 'y': 43.840638}, {'x': -76.030011, 'y': 43.832268}, {'x': -76.030414, 'y': 43.831527}, {'x': -76.030801, 'y': 43.830712}, {'x': -76.031135, 'y': 43.829839}, {'x': -76.031337, 'y': 43.829157}, {'x': -76.031552, 'y': 43.828262}, {'x': -76.031661, 'y': 43.827566}, {'x': -76.031755, 'y': 43.826534}, {'x': -76.031837, 'y': 43.82385}, {'x': -76.031891, 'y': 43.822136}, {'x': -76.031956, 'y': 43.821039}, {'x': -76.032029, 'y': 43.82026}, {'x': -76.032179, 'y': 43.819147}, {'x': -76.032359, 'y': 43.818208}, {'x': -76.032622, 'y': 43.817103}, {'x': -76.032848, 'y': 43.816277}, {'x': -76.033063, 'y': 43.815532}, {'x': -76.033444, 'y': 43.814462}, {'x': -76.033772, 'y': 43.813625}, {'x': -76.034391, 'y': 43.812259}, {'x': -76.034918, 'y': 43.811146}, {'x': -76.035376, 'y': 43.810203}, {'x': -76.0367, 'y': 43.807467}]",1642929000799.0,3.0,"[{}, {}, {}]",15.488888888888887,55.76,I-81 S,NONE,NONE,11506046.0,2022-01-23 09:10:00,6,True,LineString,"[[-76.016188, 43.865453], [-76.016673, 43.863268], [-76.017001, 43.861846], [-76.018923, 43.853618], [-76.019245, 43.852349], [-76.019422, 43.851738], [-76.01962, 43.851128], [-76.020068, 43.849919], [-76.020338, 43.849281], [-76.020574, 43.848721], [-76.02086, 43.848119], [-76.021653, 43.846604], [-76.024745, 43.841316], [-76.025061, 43.840777], [-76.025141, 43.840638], [-76.030011, 43.832268], [-76.030414, 43.831527], [-76.030801, 43.830712], [-76.031135, 43.829839], [-76.031337, 43.829157], [-76.031552, 43.828262], [-76.031661, 43.827566], [-76.031755, 43.826534], [-76.031837, 43.82385], [-76.031891, 43.822136], [-76.031956, 43.821039], [-76.032029, 43.82026], [-76.032179, 43.819147], [-76.032359, 43.818208], [-76.032622, 43.817103], [-76.032848, 43.816277], [-76.033063, 43.815532], [-76.033444, 43.814462], [-76.033772, 43.813625], [-76.034391, 43.812259], [-76.034918, 43.811146], [-76.035376, 43.810203], [-76.0367, 43.807467]]",2022-01-23,-76.0008732024844,43.8859837264277,18557173,39215739,,PROPERTY DAMAGE,999,2022,OTHER,2022/01/23,1900-01-01 09:31:00,COLLISION WITH SNOW EMBANKMENT,DAYLIGHT,STRAIGHT AND LEVEL,SNOW/ICE,NONE,NOT ENTERED,SNOW,0,1970/01/01,0,0,0,0,1,12204.0,0,SP ADAMS SATELLITE,No,419602.20708635,4859696.24585438,INTERSECTION-RELATED,Ramp,Jefferson,4.0,10.0,6042401.0,Adams,I 81,81I73051157,88.0,T,1-Rural Principal Arterial Interstate,NYSDOT,NYSDOT,,65.0,"V1:(UNSAFE SPEED,PAVEMENT SLIPPERY)",2022-01-23,-76.016188,43.865453