,type,properties.blockingAlertUuid,properties.city,properties.country,properties.delay,properties.endNode,properties.id,properties.length,properties.level,properties.line,properties.pubMillis,properties.roadType,properties.segments,properties.speed,properties.speedKMH,properties.street,properties.turnType,properties.type,properties.uuid,properties.utc_timestamp,properties.day_of_week,properties.weekday_weekend,geometry.type,geometry.coordinates,key_date_jams,X,Y,OBJECTID,CaseNumber,MaxInjuryS,CrashSever,RoadwayAcc,CaseYear,CollisionT,CrashDate,CrashTimeF,CrashType,LightCondi,RoadwayCha,RoadSurfac,TrafficCon,TrafficWay,WeatherCon,Commercial,DMVInsertD,NumberOfFa,NumberOfIn,NumberOfOt,NumberOfSe,NumberOfVe,PoliceDept,NonReporta,ReportingA,NonPublicW,UTMEasting,UTMNorthin,Intersecti,ClosestCro,CountyName,DirectionF,DistanceFr,MasterInte,CityTownNa,OnStreet,ReferenceM,ACCESS_CON,DIVIDED,FUNCTIONAL,MAINT_JURI,OWNING_JUR,NAME,POSTED_SPE,ApparentFa,key_date_crashes,jams_x,jams_y
204,Feature,,"Adams, NY",US,183.0,I-81 N,11532284.0,3356.0,2.0,"[{'x': -76.014002, 'y': 43.872055}, {'x': -76.013378, 'y': 43.873451}, {'x': -76.012673, 'y': 43.874618}, {'x': -76.012416, 'y': 43.874997}, {'x': -76.011952, 'y': 43.87559}, {'x': -76.011158, 'y': 43.876517}, {'x': -76.010664, 'y': 43.877031}, {'x': -76.010229, 'y': 43.877446}, {'x': -76.009709, 'y': 43.877912}, {'x': -76.001223, 'y': 43.885291}, {'x': -76.000217, 'y': 43.886164}, {'x': -75.999331, 'y': 43.886909}, {'x': -75.998953, 'y': 43.88723}, {'x': -75.998457, 'y': 43.887663}, {'x': -75.99837, 'y': 43.887739}, {'x': -75.995887, 'y': 43.88989}, {'x': -75.988868, 'y': 43.895969}]",1642931171111.0,3.0,"[{}, {}, {}]",11.619444444444444,41.83,I-81 N,NONE,NONE,11532284.0,2022-01-23 09:46:11,6,True,LineString,"[[-76.014002, 43.872055], [-76.013378, 43.873451], [-76.012673, 43.874618], [-76.012416, 43.874997], [-76.011952, 43.87559], [-76.011158, 43.876517], [-76.010664, 43.877031], [-76.010229, 43.877446], [-76.009709, 43.877912], [-76.001223, 43.885291], [-76.000217, 43.886164], [-75.999331, 43.886909], [-75.998953, 43.88723], [-75.998457, 43.887663], [-75.99837, 43.887739], [-75.995887, 43.88989], [-75.988868, 43.895969]]",2022-01-23,-76.0008732024844,43.8859837264277,18557173,39215739,,PROPERTY DAMAGE,999,2022,OTHER,2022/01/23,1900-01-01 09:31:00,COLLISION WITH SNOW EMBANKMENT,DAYLIGHT,STRAIGHT AND LEVEL,SNOW/ICE,NONE,NOT ENTERED,SNOW,0,1970/01/01,0,0,0,0,1,12204.0,0,SP ADAMS SATELLITE,No,419602.20708635,4859696.24585438,INTERSECTION-RELATED,Ramp,Jefferson,4.0,10.0,6042401.0,Adams,I 81,81I73051157,88.0,T,1-Rural Principal Arterial Interstate,NYSDOT,NYSDOT,,65.0,"V1:(UNSAFE SPEED,PAVEMENT SLIPPERY)",2022-01-23,-76.014002,43.872055
205,Feature,,"Adams, NY",US,191.0,I-81 N,11532284.0,3642.0,2.0,"[{'x': -76.014002, 'y': 43.872055}, {'x': -76.013378, 'y': 43.873451}, {'x': -76.012673, 'y': 43.874618}, {'x': -76.012416, 'y': 43.874997}, {'x': -76.011952, 'y': 43.87559}, {'x': -76.011158, 'y': 43.876517}, {'x': -76.010664, 'y': 43.877031}, {'x': -76.010229, 'y': 43.877446}, {'x': -76.009709, 'y': 43.877912}, {'x': -76.001223, 'y': 43.885291}, {'x': -76.000217, 'y': 43.886164}, {'x': -75.999331, 'y': 43.886909}, {'x': -75.998953, 'y': 43.88723}, {'x': -75.998457, 'y': 43.887663}, {'x': -75.99837, 'y': 43.887739}, {'x': -75.995887, 'y': 43.88989}, {'x': -75.988868, 'y': 43.895969}, {'x': -75.987309, 'y': 43.897322}, {'x': -75.986632, 'y': 43.897899}, {'x': -75.986579, 'y': 43.897946}]",1642931171111.0,3.0,"[{}, {}, {}, {}]",11.872222222222222,42.74,I-81 N,NONE,NONE,11532284.0,2022-01-23 09:46:11,6,True,LineString,"[[-76.014002, 43.872055], [-76.013378, 43.873451], [-76.012673, 43.874618], [-76.012416, 43.874997], [-76.011952, 43.87559], [-76.011158, 43.876517], [-76.010664, 43.877031], [-76.010229, 43.877446], [-76.009709, 43.877912], [-76.001223, 43.885291], [-76.000217, 43.886164], [-75.999331, 43.886909], [-75.998953, 43.88723], [-75.998457, 43.887663], [-75.99837, 43.887739], [-75.995887, 43.88989], [-75.988868, 43.895969], [-75.987309, 43.897322], [-75.986632, 43.897899], [-75.986579, 43.897946]]",2022-01-23,-76.0008732024844,43.8859837264277,18557173,39215739,,PROPERTY DAMAGE,999,2022,OTHER,2022/01/23,1900-01-01 09:31:00,COLLISION WITH SNOW EMBANKMENT,DAYLIGHT,STRAIGHT AND LEVEL,SNOW/ICE,NONE,NOT ENTERED,SNOW,0,1970/01/01,0,0,0,0,1,12204.0,0,SP ADAMS SATELLITE,No,419602.20708635,4859696.24585438,INTERSECTION-RELATED,Ramp,Jefferson,4.0,10.0,6042401.0,Adams,I 81,81I73051157,88.0,T,1-Rural Principal Arterial Interstate,NYSDOT,NYSDOT,,65.0,"V1:(UNSAFE SPEED,PAVEMENT SLIPPERY)",2022-01-23,-76.014002,43.872055
206,Feature,,"Watertown, NY",US,296.0,I-81 N,11534580.0,4935.0,3.0,"[{'x': -75.986579, 'y': 43.897945}, {'x': -75.986547, 'y': 43.897974}, {'x': -75.98584, 'y': 43.898601}, {'x': -75.98518, 'y': 43.899228}, {'x': -75.984555, 'y': 43.899872}, {'x': -75.983838, 'y': 43.900675}, {'x': -75.983249, 'y': 43.901379}, {'x': -75.982755, 'y': 43.902026}, {'x': -75.982175, 'y': 43.902881}, {'x': -75.98191, 'y': 43.903293}, {'x': -75.98174, 'y': 43.903574}, {'x': -75.981265, 'y': 43.904427}, {'x': -75.980835, 'y': 43.905305}, {'x': -75.979349, 'y': 43.908551}, {'x': -75.977769, 'y': 43.912073}, {'x': -75.977636, 'y': 43.912369}, {'x': -75.977246, 'y': 43.913215}, {'x': -75.977052, 'y': 43.913646}, {'x': -75.976896, 'y': 43.913987}, {'x': -75.975808, 'y': 43.91634}, {'x': -75.975713, 'y': 43.916551}, {'x': -75.975642, 'y': 43.916709}, {'x': -75.975561, 'y': 43.916887}, {'x': -75.975371, 'y': 43.917305}, {'x': -75.974475, 'y': 43.919263}, {'x': -75.973716, 'y': 43.920915}, {'x': -75.97329, 'y': 43.921789}, {'x': -75.972828, 'y': 43.922662}, {'x': -75.972526, 'y': 43.923189}, {'x': -75.971746, 'y': 43.924415}, {'x': -75.967968, 'y': 43.930026}, {'x': -75.96669, 'y': 43.931964}, {'x': -75.96642, 'y': 43.932371}, {'x': -75.96226, 'y': 43.93853}]",1642931368059.0,3.0,"[{}, {}, {}, {}, {}, {}, {}]",10.9,39.24,I-81 N,NONE,NONE,11534580.0,2022-01-23 09:49:28,6,True,LineString,"[[-75.986579, 43.897945], [-75.986547, 43.897974], [-75.98584, 43.898601], [-75.98518, 43.899228], [-75.984555, 43.899872], [-75.983838, 43.900675], [-75.983249, 43.901379], [-75.982755, 43.902026], [-75.982175, 43.902881], [-75.98191, 43.903293], [-75.98174, 43.903574], [-75.981265, 43.904427], [-75.980835, 43.905305], [-75.979349, 43.908551], [-75.977769, 43.912073], [-75.977636, 43.912369], [-75.977246, 43.913215], [-75.977052, 43.913646], [-75.976896, 43.913987], [-75.975808, 43.91634], [-75.975713, 43.916551], [-75.975642, 43.916709], [-75.975561, 43.916887], [-75.975371, 43.917305], [-75.974475, 43.919263], [-75.973716, 43.920915], [-75.97329, 43.921789], [-75.972828, 43.922662], [-75.972526, 43.923189], [-75.971746, 43.924415], [-75.967968, 43.930026], [-75.96669, 43.931964], [-75.96642, 43.932371], [-75.96226, 43.93853]]",2022-01-23,-76.0008732024844,43.8859837264277,18557173,39215739,,PROPERTY DAMAGE,999,2022,OTHER,2022/01/23,1900-01-01 09:31:00,COLLISION WITH SNOW EMBANKMENT,DAYLIGHT,STRAIGHT AND LEVEL,SNOW/ICE,NONE,NOT ENTERED,SNOW,0,1970/01/01,0,0,0,0,1,12204.0,0,SP ADAMS SATELLITE,No,419602.20708635,4859696.24585438,INTERSECTION-RELATED,Ramp,Jefferson,4.0,10.0,6042401.0,Adams,I 81,81I73051157,88.0,T,1-Rural Principal Arterial Interstate,NYSDOT,NYSDOT,,65.0,"V1:(UNSAFE SPEED,PAVEMENT SLIPPERY)",2022-01-23,-75.986579,43.897945
207,Feature,,"Adams, NY",US,203.0,I-81 S,11535774.0,8519.0,1.0,"[{'x': -76.003081, 'y': 43.884077}, {'x': -76.007501, 'y': 43.880233}, {'x': -76.009159, 'y': 43.878809}, {'x': -76.010791, 'y': 43.877375}, {'x': -76.011265, 'y': 43.876917}, {'x': -76.011717, 'y': 43.876442}, {'x': -76.012556, 'y': 43.875445}, {'x': -76.013081, 'y': 43.874715}, {'x': -76.013905, 'y': 43.8734}, {'x': -76.014125, 'y': 43.872993}, {'x': -76.014351, 'y': 43.872461}, {'x': -76.014571, 'y': 43.871885}, {'x': -76.014851, 'y': 43.87099}, {'x': -76.015078, 'y': 43.870102}, {'x': -76.015274, 'y': 43.869268}, {'x': -76.015379, 'y': 43.868798}, {'x': -76.015453, 'y': 43.86848}, {'x': -76.016188, 'y': 43.865453}, {'x': -76.016673, 'y': 43.863268}, {'x': -76.017001, 'y': 43.861846}, {'x': -76.018923, 'y': 43.853618}, {'x': -76.019245, 'y': 43.852349}, {'x': -76.019422, 'y': 43.851738}, {'x': -76.01962, 'y': 43.851128}, {'x': -76.020068, 'y': 43.849919}, {'x': -76.020338, 'y': 43.849281}, {'x': -76.020574, 'y': 43.848721}, {'x': -76.02086, 'y': 43.848119}, {'x': -76.021653, 'y': 43.846604}, {'x': -76.024745, 'y': 43.841316}, {'x': -76.025061, 'y': 43.840777}, {'x': -76.025141, 'y': 43.840638}, {'x': -76.030011, 'y': 43.832268}, {'x': -76.030414, 'y': 43.831527}, {'x': -76.030801, 'y': 43.830712}, {'x': -76.031135, 'y': 43.829839}, {'x': -76.031337, 'y': 43.829157}, {'x': -76.031552, 'y': 43.828262}, {'x': -76.031661, 'y': 43.827566}, {'x': -76.031755, 'y': 43.826534}, {'x': -76.031837, 'y': 43.82385}, {'x': -76.031891, 'y': 43.822136}, {'x': -76.031956, 'y': 43.821039}, {'x': -76.032029, 'y': 43.82026}, {'x': -76.032179, 'y': 43.819147}, {'x': -76.032359, 'y': 43.818208}, {'x': -76.032622, 'y': 43.817103}, {'x': -76.032848, 'y': 43.816277}, {'x': -76.033063, 'y': 43.815532}, {'x': -76.033444, 'y': 43.814462}, {'x': -76.033772, 'y': 43.813625}, {'x': -76.034391, 'y': 43.812259}]",1642931434673.0,3.0,"[{}, {}, {}, {}]",17.825,64.17,I-81 S,NONE,NONE,11535774.0,2022-01-23 09:50:34,6,True,MultiLineString,"[[[-76.003081, 43.884077], [-76.007501, 43.880233]], [[-76.007501, 43.880233], [-76.009159, 43.878809]], [[-76.009159, 43.878809], [-76.010791, 43.877375]], [[-76.010791, 43.877375], [-76.011265, 43.876917]], [[-76.011265, 43.876917], [-76.011717, 43.876442]], [[-76.011717, 43.876442], [-76.012556, 43.875445]], [[-76.012556, 43.875445], [-76.013081, 43.874715]], [[-76.013081, 43.874715], [-76.013905, 43.8734]], [[-76.013905, 43.8734], [-76.014125, 43.872993]], [[-76.014125, 43.872993], [-76.014351, 43.872461]], [[-76.014351, 43.872461], [-76.014571, 43.871885]], [[-76.014571, 43.871885], [-76.014851, 43.87099]], [[-76.014851, 43.87099], [-76.015078, 43.870102]], [[-76.015078, 43.870102], [-76.015274, 43.869268]], [[-76.015274, 43.869268], [-76.015379, 43.868798]], [[-76.015379, 43.868798], [-76.015453, 43.86848]], [[-76.015453, 43.86848], [-76.016188, 43.865453]], [[-76.016188, 43.865453], [-76.016673, 43.863268]], [[-76.016673, 43.863268], [-76.017001, 43.861846]], [[-76.017001, 43.861846], [-76.018923, 43.853618]], [[-76.018923, 43.853618], [-76.019245, 43.852349]], [[-76.019245, 43.852349], [-76.019422, 43.851738]], [[-76.019422, 43.851738], [-76.01962, 43.851128]], [[-76.01962, 43.851128], [-76.020068, 43.849919]], [[-76.020068, 43.849919], [-76.020338, 43.849281]], [[-76.020338, 43.849281], [-76.020574, 43.848721]], [[-76.020574, 43.848721], [-76.02086, 43.848119]], [[-76.02086, 43.848119], [-76.021653, 43.846604]], [[-76.021653, 43.846604], [-76.024745, 43.841316]], [[-76.024745, 43.841316], [-76.025061, 43.840777]], [[-76.025061, 43.840777], [-76.025141, 43.840638]], [[-76.025141, 43.840638], [-76.030011, 43.832268]], [[-76.030011, 43.832268], [-76.030414, 43.831527]], [[-76.030414, 43.831527], [-76.030801, 43.830712]], [[-76.030801, 43.830712], [-76.031135, 43.829839]], [[-76.031135, 43.829839], [-76.031337, 43.829157]], [[-76.031337, 43.829157], [-76.031552, 43.828262]], [[-76.031552, 43.828262], [-76.031661, 43.827566]], [[-76.031661, 43.827566], [-76.031755, 43.826534]], [[-76.031755, 43.826534], [-76.031837, 43.82385]], [[-76.031837, 43.82385], [-76.031891, 43.822136]], [[-76.031891, 43.822136], [-76.031956, 43.821039]], [[-76.031956, 43.821039], [-76.032029, 43.82026]], [[-76.032029, 43.82026], [-76.032179, 43.819147]], [[-76.032179, 43.819147], [-76.032359, 43.818208]], [[-76.032359, 43.818208], [-76.032622, 43.817103]], [[-76.032622, 43.817103], [-76.032848, 43.816277]], [[-76.032848, 43.816277], [-76.033063, 43.815532]], [[-76.033063, 43.815532], [-76.033444, 43.814462]], [[-76.033444, 43.814462], [-76.033772, 43.813625]], [[-76.033772, 43.813625], [-76.034391, 43.812259]]]",2022-01-23,-76.0008732024844,43.8859837264277,18557173,39215739,,PROPERTY DAMAGE,999,2022,OTHER,2022/01/23,1900-01-01 09:31:00,COLLISION WITH SNOW EMBANKMENT,DAYLIGHT,STRAIGHT AND LEVEL,SNOW/ICE,NONE,NOT ENTERED,SNOW,0,1970/01/01,0,0,0,0,1,12204.0,0,SP ADAMS SATELLITE,No,419602.20708635,4859696.24585438,INTERSECTION-RELATED,Ramp,Jefferson,4.0,10.0,6042401.0,Adams,I 81,81I73051157,88.0,T,1-Rural Principal Arterial Interstate,NYSDOT,NYSDOT,,65.0,"V1:(UNSAFE SPEED,PAVEMENT SLIPPERY)",2022-01-23,-76.003081,43.884077
208,Feature,,"Tonawanda, NY",US,60.0,I-290 E,12115110.0,1885.0,1.0,"[{'x': -78.796911, 'y': 42.987205}, {'x': -78.796249, 'y': 42.986503}, {'x': -78.795572, 'y': 42.985847}, {'x': -78.795417, 'y': 42.985712}, {'x': -78.794216, 'y': 42.984712}, {'x': -78.793134, 'y': 42.983934}, {'x': -78.792273, 'y': 42.983409}, {'x': -78.791774, 'y': 42.983114}, {'x': -78.791261, 'y': 42.982839}, {'x': -78.789217, 'y': 42.981735}, {'x': -78.78638, 'y': 42.980207}, {'x': -78.785472, 'y': 42.979719}, {'x': -78.784487, 'y': 42.979179}, {'x': -78.784248, 'y': 42.979035}, {'x': -78.783319, 'y': 42.978476}, {'x': -78.783309, 'y': 42.97847}, {'x': -78.783199, 'y': 42.978398}, {'x': -78.783054, 'y': 42.978303}, {'x': -78.782964, 'y': 42.978243}, {'x': -78.782748, 'y': 42.978092}, {'x': -78.782289, 'y': 42.977769}, {'x': -78.78221, 'y': 42.977711}, {'x': -78.782071, 'y': 42.977609}, {'x': -78.780447, 'y': 42.976331}, {'x': -78.779861, 'y': 42.975884}]",1642955913388.0,3.0,"[{}, {}, {}, {}, {}, {}]",14.48611111111111,52.15,I-290 E,NONE,NONE,12115110.0,2022-01-23 16:38:33,6,True,LineString,"[[-78.796911, 42.987205], [-78.796249, 42.986503], [-78.795572, 42.985847], [-78.795417, 42.985712], [-78.794216, 42.984712], [-78.793134, 42.983934], [-78.792273, 42.983409], [-78.791774, 42.983114], [-78.791261, 42.982839], [-78.789217, 42.981735], [-78.78638, 42.980207], [-78.785472, 42.979719], [-78.784487, 42.979179], [-78.784248, 42.979035], [-78.783319, 42.978476], [-78.783309, 42.97847], [-78.783199, 42.978398], [-78.783054, 42.978303], [-78.782964, 42.978243], [-78.782748, 42.978092], [-78.782289, 42.977769], [-78.78221, 42.977711], [-78.782071, 42.977609], [-78.780447, 42.976331], [-78.779861, 42.975884]]",2022-01-23,-78.7904212476886,42.982376327332,18546047,39203436,,PROPERTY DAMAGE,999,2022,OTHER,2022/01/23,1900-01-01 16:57:00,COLLISION WITH GUIDERAIL - END,DUSK,STRAIGHT AND LEVEL,SNOW/ICE,NONE,NOT ENTERED,CLOUDY,0,1970/01/01,0,0,0,0,1,1451.0,0,AMHERST TOWN PD,No,190944.57213715,4765832.67148362,Not an intersection crash,Ramp,Erie,8.0,183.0,,Amherst,I 290,290I53011077,88.0,T,11-Urban Principal Arterial Interstate,NYSDOT,NYSDOT,Youngmann Memorial Highway,55.0,"V1:(PAVEMENT SLIPPERY,DRIVER INEXPERIENCE)",2022-01-23,-78.796911,42.987205
209,Feature,,"Tonawanda, NY",US,92.0,I-190 N,21646600.0,1448.0,2.0,"[{'x': -78.920003, 'y': 42.990084}, {'x': -78.923661, 'y': 42.991785}, {'x': -78.924249, 'y': 42.99204}, {'x': -78.924803, 'y': 42.992262}, {'x': -78.925531, 'y': 42.992548}, {'x': -78.926231, 'y': 42.992827}, {'x': -78.926641, 'y': 42.993008}, {'x': -78.927012, 'y': 42.993174}, {'x': -78.927557, 'y': 42.993436}, {'x': -78.928597, 'y': 42.994052}, {'x': -78.929228, 'y': 42.994384}, {'x': -78.93067, 'y': 42.995176}, {'x': -78.934612, 'y': 42.997459}]",1643038550442.0,3.0,"[{}, {}, {}, {}]",9.772222222222222,35.18,I-190 N,NONE,NONE,21646600.0,2022-01-24 15:35:50,0,False,LineString,"[[-78.920003, 42.990084], [-78.923661, 42.991785], [-78.924249, 42.99204], [-78.924803, 42.992262], [-78.925531, 42.992548], [-78.926231, 42.992827], [-78.926641, 42.993008], [-78.927012, 42.993174], [-78.927557, 42.993436], [-78.928597, 42.994052], [-78.929228, 42.994384], [-78.93067, 42.995176], [-78.934612, 42.997459]]",2022-01-24,-78.9363261792286,42.9984491981987,18548890,39206605,,PROPERTY DAMAGE,999,2022,OVERTAKING,2022/01/24,1900-01-01 15:24:00,COLLISION WITH MOTOR VEHICLE,DAYLIGHT,STRAIGHT/ GRADE,SNOW/ICE,NONE,NOT ENTERED,SNOW,0,1970/01/01,0,0,0,0,2,11404.0,0,NYSP THRUWAY BUFFALO,No,179130.53778913,4768165.62135476,Not an intersection crash,,Erie,,0.0,,Tonawanda,I 190,,89.0,T,11-Urban Principal Arterial Interstate,NYS Thruway,NYS Thruway,South Grand Island Bridge,55.0,"V1:(UNSAFE LANE CHANGE,NOT APPLICABLE) / V2:(NOT APPLICABLE,NOT APPLICABLE)",2022-01-24,-78.920003,42.990084
210,Feature,,"Amherst, NY",US,70.0,to I-990 N,30526322.0,4164.0,1.0,"[{'x': -78.794239, 'y': 43.021555}, {'x': -78.794137, 'y': 43.021614}, {'x': -78.793611, 'y': 43.021936}, {'x': -78.792716, 'y': 43.022426}, {'x': -78.792065, 'y': 43.02273}, {'x': -78.791621, 'y': 43.02295}, {'x': -78.790985, 'y': 43.023215}, {'x': -78.789893, 'y': 43.023652}, {'x': -78.789218, 'y': 43.023893}, {'x': -78.788473, 'y': 43.024159}, {'x': -78.787346, 'y': 43.024459}, {'x': -78.785935, 'y': 43.024833}, {'x': -78.784953, 'y': 43.025041}, {'x': -78.783548, 'y': 43.025276}, {'x': -78.78278, 'y': 43.025386}, {'x': -78.781697, 'y': 43.025484}, {'x': -78.780785, 'y': 43.025547}, {'x': -78.77961, 'y': 43.025606}, {'x': -78.777733, 'y': 43.025637}, {'x': -78.775614, 'y': 43.025664}, {'x': -78.774911, 'y': 43.025656}, {'x': -78.774326, 'y': 43.025641}, {'x': -78.772261, 'y': 43.025594}, {'x': -78.768801, 'y': 43.0255}, {'x': -78.768205, 'y': 43.025496}, {'x': -78.768072, 'y': 43.025497}, {'x': -78.767615, 'y': 43.025502}, {'x': -78.766951, 'y': 43.025575}, {'x': -78.766221, 'y': 43.025685}, {'x': -78.765535, 'y': 43.025857}, {'x': -78.764832, 'y': 43.026108}, {'x': -78.764247, 'y': 43.02634}, {'x': -78.76392, 'y': 43.026512}, {'x': -78.763614, 'y': 43.026689}, {'x': -78.763351, 'y': 43.026842}, {'x': -78.763024, 'y': 43.027085}, {'x': -78.762756, 'y': 43.02732}, {'x': -78.762514, 'y': 43.027493}, {'x': -78.7623, 'y': 43.027689}, {'x': -78.761855, 'y': 43.028136}, {'x': -78.7615, 'y': 43.028657}, {'x': -78.761109, 'y': 43.029403}, {'x': -78.760589, 'y': 43.031354}, {'x': -78.759693, 'y': 43.034794}, {'x': -78.759038, 'y': 43.037206}, {'x': -78.758684, 'y': 43.038507}, {'x': -78.758338, 'y': 43.039661}]",1643074367534.0,3.0,"[{}, {}, {}, {}, {}, {}, {}, {}]",19.441666666666663,69.99,I-990 N,NONE,NONE,30526322.0,2022-01-25 01:32:47,1,False,LineString,"[[-78.794239, 43.021555], [-78.794137, 43.021614], [-78.793611, 43.021936], [-78.792716, 43.022426], [-78.792065, 43.02273], [-78.791621, 43.02295], [-78.790985, 43.023215], [-78.789893, 43.023652], [-78.789218, 43.023893], [-78.788473, 43.024159], [-78.787346, 43.024459], [-78.785935, 43.024833], [-78.784953, 43.025041], [-78.783548, 43.025276], [-78.78278, 43.025386], [-78.781697, 43.025484], [-78.780785, 43.025547], [-78.77961, 43.025606], [-78.777733, 43.025637], [-78.775614, 43.025664], [-78.774911, 43.025656], [-78.774326, 43.025641], [-78.772261, 43.025594], [-78.768801, 43.0255], [-78.768205, 43.025496], [-78.768072, 43.025497], [-78.767615, 43.025502], [-78.766951, 43.025575], [-78.766221, 43.025685], [-78.765535, 43.025857], [-78.764832, 43.026108], [-78.764247, 43.02634], [-78.76392, 43.026512], [-78.763614, 43.026689], [-78.763351, 43.026842], [-78.763024, 43.027085], [-78.762756, 43.02732], [-78.762514, 43.027493], [-78.7623, 43.027689], [-78.761855, 43.028136], [-78.7615, 43.028657], [-78.761109, 43.029403], [-78.760589, 43.031354], [-78.759693, 43.034794], [-78.759038, 43.037206], [-78.758684, 43.038507], [-78.758338, 43.039661]]",2022-01-25,-78.8170803277301,43.0031071357068,18547387,39204993,C - POSSIBLE INJURY,INJURY,999,2022,OTHER,2022/01/25,1900-01-01 01:51:00,COLLISION WITH GUIDE RAIL,DARK-ROAD UNLIGHTED,STRAIGHT AND LEVEL,SNOW/ICE,NONE,NOT ENTERED,CLOUDY,0,1970/01/01,0,1,1,0,1,1451.0,0,AMHERST TOWN PD,No,188875.42746513,4768233.69136532,Not an intersection crash,Ramp,Erie,7.0,39.0,,Amherst,[Route] 290,290I53011055,88.0,T,11-Urban Principal Arterial Interstate,NYSDOT,NYSDOT,Youngmann Memorial Highway,55.0,"V1:(PAVEMENT SLIPPERY,NOT APPLICABLE)",2022-01-25,-78.794239,43.021555
211,Feature,,"Syracuse, NY",US,99.0,to I-81 S Â» Binghamton,32547134.0,1618.0,2.0,"[{'x': -76.167354, 'y': 43.055783}, {'x': -76.166715, 'y': 43.055735}, {'x': -76.166101, 'y': 43.055668}, {'x': -76.162898, 'y': 43.055277}, {'x': -76.162667, 'y': 43.055253}, {'x': -76.161218, 'y': 43.055066}, {'x': -76.160766, 'y': 43.054994}, {'x': -76.160362, 'y': 43.054914}, {'x': -76.159999, 'y': 43.054841}, {'x': -76.158918, 'y': 43.054566}, {'x': -76.158424, 'y': 43.05447}, {'x': -76.158079, 'y': 43.054392}, {'x': -76.157697, 'y': 43.054336}, {'x': -76.157476, 'y': 43.054312}, {'x': -76.15719, 'y': 43.054289}, {'x': -76.156808, 'y': 43.054266}, {'x': -76.154966, 'y': 43.054128}, {'x': -76.154713, 'y': 43.054109}, {'x': -76.154338, 'y': 43.054074}, {'x': -76.153917, 'y': 43.054026}, {'x': -76.153625, 'y': 43.053975}, {'x': -76.153402, 'y': 43.053922}, {'x': -76.153032, 'y': 43.053828}, {'x': -76.15259, 'y': 43.053675}, {'x': -76.152126, 'y': 43.053453}, {'x': -76.151832, 'y': 43.05327}, {'x': -76.151523, 'y': 43.053036}, {'x': -76.15049, 'y': 43.052105}, {'x': -76.15015, 'y': 43.051864}, {'x': -76.149712, 'y': 43.051622}, {'x': -76.149394, 'y': 43.051471}, {'x': -76.149086, 'y': 43.051353}]",1643115243497.0,3.0,"[{}, {}, {}, {}]",9.713888888888889,34.97,I-690 E,NONE,NONE,32547134.0,2022-01-25 12:54:03,1,False,LineString,"[[-76.167354, 43.055783], [-76.166715, 43.055735], [-76.166101, 43.055668], [-76.162898, 43.055277], [-76.162667, 43.055253], [-76.161218, 43.055066], [-76.160766, 43.054994], [-76.160362, 43.054914], [-76.159999, 43.054841], [-76.158918, 43.054566], [-76.158424, 43.05447], [-76.158079, 43.054392], [-76.157697, 43.054336], [-76.157476, 43.054312], [-76.15719, 43.054289], [-76.156808, 43.054266], [-76.154966, 43.054128], [-76.154713, 43.054109], [-76.154338, 43.054074], [-76.153917, 43.054026], [-76.153625, 43.053975], [-76.153402, 43.053922], [-76.153032, 43.053828], [-76.15259, 43.053675], [-76.152126, 43.053453], [-76.151832, 43.05327], [-76.151523, 43.053036], [-76.15049, 43.052105], [-76.15015, 43.051864], [-76.149712, 43.051622], [-76.149394, 43.051471], [-76.149086, 43.051353]]",2022-01-25,-76.1426136332005,43.0492108293452,18551555,39209363,,PROPERTY DAMAGE,888,2022,OTHER,2022/01/25,1900-01-01 13:23:00,COLLISION WITH MOTOR VEHICLE,DAYLIGHT,STRAIGHT AND LEVEL,SNOW/ICE,NONE,NOT ENTERED,SNOW,0,1970/01/01,0,0,0,0,3,3301.0,0,SYRACUSE PD,No,406941.37437507,4766913.04982278,INTERSECTION-RELATED,Ramp,Onondaga,NORTH,3.0,7031714.0,Syracuse,I 81,81I33032043,88.0,T,11-Urban Principal Arterial Interstate,NYSDOT,NYSDOT,Interstate 81,45.0,"V1:(TIRE FAILURE/INADEQUATE,PAVEMENT SLIPPERY) / V2:(PAVEMENT SLIPPERY,NOT ENTERED) / V3:(NOT ENTERED,NOT ENTERED)",2022-01-25,-76.167354,43.055783
212,Feature,,"Syracuse, NY",US,99.0,to I-81 S Â» Binghamton,32547134.0,1618.0,2.0,"[{'x': -76.167354, 'y': 43.055783}, {'x': -76.166715, 'y': 43.055735}, {'x': -76.166101, 'y': 43.055668}, {'x': -76.162898, 'y': 43.055277}, {'x': -76.162667, 'y': 43.055253}, {'x': -76.161218, 'y': 43.055066}, {'x': -76.160766, 'y': 43.054994}, {'x': -76.160362, 'y': 43.054914}, {'x': -76.159999, 'y': 43.054841}, {'x': -76.158918, 'y': 43.054566}, {'x': -76.158424, 'y': 43.05447}, {'x': -76.158079, 'y': 43.054392}, {'x': -76.157697, 'y': 43.054336}, {'x': -76.157476, 'y': 43.054312}, {'x': -76.15719, 'y': 43.054289}, {'x': -76.156808, 'y': 43.054266}, {'x': -76.154966, 'y': 43.054128}, {'x': -76.154713, 'y': 43.054109}, {'x': -76.154338, 'y': 43.054074}, {'x': -76.153917, 'y': 43.054026}, {'x': -76.153625, 'y': 43.053975}, {'x': -76.153402, 'y': 43.053922}, {'x': -76.153032, 'y': 43.053828}, {'x': -76.15259, 'y': 43.053675}, {'x': -76.152126, 'y': 43.053453}, {'x': -76.151832, 'y': 43.05327}, {'x': -76.151523, 'y': 43.053036}, {'x': -76.15049, 'y': 43.052105}, {'x': -76.15015, 'y': 43.051864}, {'x': -76.149712, 'y': 43.051622}, {'x': -76.149394, 'y': 43.051471}, {'x': -76.149086, 'y': 43.051353}]",1643115243497.0,3.0,"[{}, {}, {}, {}]",9.713888888888889,34.97,I-690 E,NONE,NONE,32547134.0,2022-01-25 12:54:03,1,False,LineString,"[[-76.167354, 43.055783], [-76.166715, 43.055735], [-76.166101, 43.055668], [-76.162898, 43.055277], [-76.162667, 43.055253], [-76.161218, 43.055066], [-76.160766, 43.054994], [-76.160362, 43.054914], [-76.159999, 43.054841], [-76.158918, 43.054566], [-76.158424, 43.05447], [-76.158079, 43.054392], [-76.157697, 43.054336], [-76.157476, 43.054312], [-76.15719, 43.054289], [-76.156808, 43.054266], [-76.154966, 43.054128], [-76.154713, 43.054109], [-76.154338, 43.054074], [-76.153917, 43.054026], [-76.153625, 43.053975], [-76.153402, 43.053922], [-76.153032, 43.053828], [-76.15259, 43.053675], [-76.152126, 43.053453], [-76.151832, 43.05327], [-76.151523, 43.053036], [-76.15049, 43.052105], [-76.15015, 43.051864], [-76.149712, 43.051622], [-76.149394, 43.051471], [-76.149086, 43.051353]]",2022-01-25,-76.1425660001385,43.0443730686081,18560332,39219065,C - POSSIBLE INJURY,INJURY,888,2022,OVERTAKING,2022/01/25,1900-01-01 13:16:00,COLLISION WITH MOTOR VEHICLE,DAYLIGHT,STRAIGHT AND LEVEL,SNOW/ICE,NONE,NOT ENTERED,SNOW,0,1970/01/01,0,2,2,0,2,3301.0,0,SYRACUSE PD,No,406937.94000027,4766375.76000012,AT-INTERSECTION,,Onondaga,,0.0,15000550.0,Syracuse,I 81,81I33032040,88.0,T,11-Urban Principal Arterial Interstate,NYSDOT,NYSDOT,,55.0,"V1:(UNSAFE SPEED,PAVEMENT SLIPPERY) / V2:(NOT ENTERED,NOT ENTERED)",2022-01-25,-76.167354,43.055783