,type,properties.blockingAlertUuid,properties.city,properties.country,properties.delay,properties.endNode,properties.id,properties.length,properties.level,properties.line,properties.pubMillis,properties.roadType,properties.segments,properties.speed,properties.speedKMH,properties.street,properties.turnType,properties.type,properties.uuid,properties.utc_timestamp,properties.day_of_week,properties.weekday_weekend,geometry.type,geometry.coordinates,key_date_jams,X,Y,OBJECTID,CaseNumber,MaxInjuryS,CrashSever,RoadwayAcc,CaseYear,CollisionT,CrashDate,CrashTimeF,CrashType,LightCondi,RoadwayCha,RoadSurfac,TrafficCon,TrafficWay,WeatherCon,Commercial,DMVInsertD,NumberOfFa,NumberOfIn,NumberOfOt,NumberOfSe,NumberOfVe,PoliceDept,NonReporta,ReportingA,NonPublicW,UTMEasting,UTMNorthin,Intersecti,ClosestCro,CountyName,DirectionF,DistanceFr,MasterInte,CityTownNa,OnStreet,ReferenceM,ACCESS_CON,DIVIDED,FUNCTIONAL,MAINT_JURI,OWNING_JUR,NAME,POSTED_SPE,ApparentFa,key_date_crashes,jams_x,jams_y
213,Feature,,"Syracuse, NY",US,64.0,I-81 N,45702002.0,3655.0,1.0,"[{'x': -76.142425, 'y': 43.047859}, {'x': -76.142458, 'y': 43.04855}, {'x': -76.14261, 'y': 43.049121}, {'x': -76.142687, 'y': 43.04931}, {'x': -76.142747, 'y': 43.049472}, {'x': -76.143054, 'y': 43.049916}, {'x': -76.143201, 'y': 43.05008}, {'x': -76.143502, 'y': 43.050368}, {'x': -76.143854, 'y': 43.050629}, {'x': -76.144202, 'y': 43.050849}, {'x': -76.144437, 'y': 43.05097}, {'x': -76.144869, 'y': 43.051157}, {'x': -76.145251, 'y': 43.051271}, {'x': -76.145684, 'y': 43.051373}, {'x': -76.145926, 'y': 43.051413}, {'x': -76.146213, 'y': 43.051451}, {'x': -76.146439, 'y': 43.051478}, {'x': -76.148027, 'y': 43.051572}, {'x': -76.148598, 'y': 43.051666}, {'x': -76.149088, 'y': 43.051803}, {'x': -76.149384, 'y': 43.051917}, {'x': -76.149892, 'y': 43.052162}, {'x': -76.150212, 'y': 43.052368}, {'x': -76.150604, 'y': 43.052691}, {'x': -76.150848, 'y': 43.052959}, {'x': -76.151203, 'y': 43.053418}, {'x': -76.151576, 'y': 43.053883}, {'x': -76.152057, 'y': 43.05439}, {'x': -76.152752, 'y': 43.055146}, {'x': -76.152852, 'y': 43.055262}, {'x': -76.153154, 'y': 43.055728}, {'x': -76.15328, 'y': 43.055972}, {'x': -76.153631, 'y': 43.057071}, {'x': -76.153858, 'y': 43.057812}, {'x': -76.153938, 'y': 43.058044}, {'x': -76.154027, 'y': 43.058257}, {'x': -76.154148, 'y': 43.058492}, {'x': -76.154292, 'y': 43.05872}, {'x': -76.154574, 'y': 43.059128}, {'x': -76.154928, 'y': 43.059611}, {'x': -76.155183, 'y': 43.059958}, {'x': -76.155371, 'y': 43.060239}, {'x': -76.155931, 'y': 43.060908}, {'x': -76.1562, 'y': 43.061186}, {'x': -76.156485, 'y': 43.061416}, {'x': -76.157586, 'y': 43.062176}, {'x': -76.157866, 'y': 43.062375}, {'x': -76.158112, 'y': 43.062583}, {'x': -76.158364, 'y': 43.062819}, {'x': -76.158576, 'y': 43.063064}, {'x': -76.159714, 'y': 43.064378}, {'x': -76.15992, 'y': 43.064567}, {'x': -76.160436, 'y': 43.064952}, {'x': -76.160763, 'y': 43.065146}, {'x': -76.161259, 'y': 43.065388}, {'x': -76.163614, 'y': 43.066331}, {'x': -76.163746, 'y': 43.066385}, {'x': -76.164695, 'y': 43.066772}, {'x': -76.165155, 'y': 43.067021}, {'x': -76.165575, 'y': 43.0673}, {'x': -76.165967, 'y': 43.067623}, {'x': -76.166976, 'y': 43.068559}, {'x': -76.167471, 'y': 43.06902}, {'x': -76.168089, 'y': 43.069614}, {'x': -76.168299, 'y': 43.069823}, {'x': -76.168557, 'y': 43.070119}, {'x': -76.168732, 'y': 43.07034}, {'x': -76.169113, 'y': 43.070894}, {'x': -76.169229, 'y': 43.071078}, {'x': -76.169389, 'y': 43.071365}, {'x': -76.16959, 'y': 43.07181}]",1643182148629.0,3.0,"[{}, {}, {}, {}, {}, {}, {}, {}, {}, {}, {}]",17.48611111111111,62.95,I-81 N,NONE,NONE,45702002.0,2022-01-26 07:29:08,2,False,LineString,"[[-76.142425, 43.047859], [-76.142458, 43.04855], [-76.14261, 43.049121], [-76.142687, 43.04931], [-76.142747, 43.049472], [-76.143054, 43.049916], [-76.143201, 43.05008], [-76.143502, 43.050368], [-76.143854, 43.050629], [-76.144202, 43.050849], [-76.144437, 43.05097], [-76.144869, 43.051157], [-76.145251, 43.051271], [-76.145684, 43.051373], [-76.145926, 43.051413], [-76.146213, 43.051451], [-76.146439, 43.051478], [-76.148027, 43.051572], [-76.148598, 43.051666], [-76.149088, 43.051803], [-76.149384, 43.051917], [-76.149892, 43.052162], [-76.150212, 43.052368], [-76.150604, 43.052691], [-76.150848, 43.052959], [-76.151203, 43.053418], [-76.151576, 43.053883], [-76.152057, 43.05439], [-76.152752, 43.055146], [-76.152852, 43.055262], [-76.153154, 43.055728], [-76.15328, 43.055972], [-76.153631, 43.057071], [-76.153858, 43.057812], [-76.153938, 43.058044], [-76.154027, 43.058257], [-76.154148, 43.058492], [-76.154292, 43.05872], [-76.154574, 43.059128], [-76.154928, 43.059611], [-76.155183, 43.059958], [-76.155371, 43.060239], [-76.155931, 43.060908], [-76.1562, 43.061186], [-76.156485, 43.061416], [-76.157586, 43.062176], [-76.157866, 43.062375], [-76.158112, 43.062583], [-76.158364, 43.062819], [-76.158576, 43.063064], [-76.159714, 43.064378], [-76.15992, 43.064567], [-76.160436, 43.064952], [-76.160763, 43.065146], [-76.161259, 43.065388], [-76.163614, 43.066331], [-76.163746, 43.066385], [-76.164695, 43.066772], [-76.165155, 43.067021], [-76.165575, 43.0673], [-76.165967, 43.067623], [-76.166976, 43.068559], [-76.167471, 43.06902], [-76.168089, 43.069614], [-76.168299, 43.069823], [-76.168557, 43.070119], [-76.168732, 43.07034], [-76.169113, 43.070894], [-76.169229, 43.071078], [-76.169389, 43.071365], [-76.16959, 43.07181]]",2022-01-26,-76.1425490447339,43.0427120146072,18560337,39219070,,PROPERTY DAMAGE,888,2022,OTHER,2022/01/26,1900-01-01 07:36:00,COLLISION WITH GUIDE RAIL,DAYLIGHT,STRAIGHT/ GRADE,SNOW/ICE,NONE,NOT ENTERED,CLEAR,0,1970/01/01,0,0,0,0,1,3301.0,0,SYRACUSE PD,No,406936.80999973,4766191.28000034,AT-INTERSECTION,,Onondaga,,0.0,7031654.0,Syracuse,[Route] 81,81I33032039,88.0,T,11-Urban Principal Arterial Interstate,NYSDOT,NYSDOT,,55.0,"V1:(UNSAFE SPEED,PAVEMENT SLIPPERY)",2022-01-26,-76.142425,43.047859
214,Feature,,"East Fishkill, NY",US,67.0,Exit 52A: Taconic State Pkwy S Â» New York City,103360582.0,3860.0,1.0,"[{'x': -73.727705, 'y': 41.548024}, {'x': -73.734424, 'y': 41.548584}, {'x': -73.736486, 'y': 41.548754}, {'x': -73.738222, 'y': 41.548756}, {'x': -73.739756, 'y': 41.548661}, {'x': -73.741398, 'y': 41.548429}, {'x': -73.743315, 'y': 41.547978}, {'x': -73.744647, 'y': 41.547562}, {'x': -73.747407, 'y': 41.546467}, {'x': -73.748363, 'y': 41.546051}, {'x': -73.757443, 'y': 41.542309}, {'x': -73.759189, 'y': 41.541679}, {'x': -73.760993, 'y': 41.541122}, {'x': -73.763059, 'y': 41.540598}, {'x': -73.764989, 'y': 41.540208}, {'x': -73.767021, 'y': 41.539883}, {'x': -73.769541, 'y': 41.539543}, {'x': -73.770409, 'y': 41.539442}, {'x': -73.771243, 'y': 41.539305}]",1643436619509.0,3.0,"[{}, {}, {}]",20.091666666666665,72.33,I-84 W,NONE,NONE,103360582.0,2022-01-29 06:10:19,5,True,LineString,"[[-73.727705, 41.548024], [-73.734424, 41.548584], [-73.736486, 41.548754], [-73.738222, 41.548756], [-73.739756, 41.548661], [-73.741398, 41.548429], [-73.743315, 41.547978], [-73.744647, 41.547562], [-73.747407, 41.546467], [-73.748363, 41.546051], [-73.757443, 41.542309], [-73.759189, 41.541679], [-73.760993, 41.541122], [-73.763059, 41.540598], [-73.764989, 41.540208], [-73.767021, 41.539883], [-73.769541, 41.539543], [-73.770409, 41.539442], [-73.771243, 41.539305]]",2022-01-29,-73.7164681742073,41.5454415688877,18554213,39212509,,PROPERTY DAMAGE,2,2022,OTHER,2022/01/29,1900-01-01 06:25:00,COLL. W/EARTH ELE./ROCK CUT/DITCH,DARK-ROAD UNLIGHTED,CURVE AND LEVEL,SNOW/ICE,NONE,"TWO-WAY,DIVIDED,POSITIVE MEDIA BARR",SNOW,1,1970/01/01,0,0,0,0,1,11308.0,0,SP THRUWAY EAST FISHKILL,No,607053.29760671,4600104.45077047,Not an intersection crash,Stormville Rest Area,Dutchess,7.0,130.0,,East Fishkill,I 84,84I82021155,88.0,T,11-Urban Principal Arterial Interstate,NYSDOT,NYSDOT,,55.0,"V1:(REACTION TO OTHER UNINVOLVED VEHICL,PAVEMENT SLIPPERY)",2022-01-29,-73.727705,41.548024
215,Feature,,"East Fishkill, NY",US,120.0,to I-84 W Â» Newburgh,103376246.0,8093.0,1.0,"[{'x': -73.727705, 'y': 41.548024}, {'x': -73.734424, 'y': 41.548584}, {'x': -73.736486, 'y': 41.548754}, {'x': -73.738222, 'y': 41.548756}, {'x': -73.739756, 'y': 41.548661}, {'x': -73.741398, 'y': 41.548429}, {'x': -73.743315, 'y': 41.547978}, {'x': -73.744647, 'y': 41.547562}, {'x': -73.747407, 'y': 41.546467}, {'x': -73.748363, 'y': 41.546051}, {'x': -73.757443, 'y': 41.542309}, {'x': -73.759189, 'y': 41.541679}, {'x': -73.760993, 'y': 41.541122}, {'x': -73.763059, 'y': 41.540598}, {'x': -73.764989, 'y': 41.540208}, {'x': -73.767021, 'y': 41.539883}, {'x': -73.769541, 'y': 41.539543}, {'x': -73.770409, 'y': 41.539442}, {'x': -73.771243, 'y': 41.539305}, {'x': -73.776548, 'y': 41.538553}, {'x': -73.77723, 'y': 41.538435}, {'x': -73.777765, 'y': 41.538316}, {'x': -73.778796, 'y': 41.538045}, {'x': -73.779176, 'y': 41.537927}, {'x': -73.78199, 'y': 41.536941}, {'x': -73.78341, 'y': 41.536401}, {'x': -73.784598, 'y': 41.535983}, {'x': -73.787687, 'y': 41.534864}, {'x': -73.788949, 'y': 41.534464}, {'x': -73.790575, 'y': 41.534045}, {'x': -73.803053, 'y': 41.531042}, {'x': -73.804909, 'y': 41.53067}, {'x': -73.806228, 'y': 41.530467}, {'x': -73.807374, 'y': 41.530335}, {'x': -73.80948, 'y': 41.530191}, {'x': -73.811773, 'y': 41.53018}, {'x': -73.813973, 'y': 41.530306}, {'x': -73.816853, 'y': 41.530698}, {'x': -73.819709, 'y': 41.531304}]",1643437098079.0,3.0,"[{}, {}, {}, {}, {}, {}]",21.05555555555556,75.8,I-84 W,NONE,NONE,103376246.0,2022-01-29 06:18:18,5,True,LineString,"[[-73.727705, 41.548024], [-73.734424, 41.548584], [-73.736486, 41.548754], [-73.738222, 41.548756], [-73.739756, 41.548661], [-73.741398, 41.548429], [-73.743315, 41.547978], [-73.744647, 41.547562], [-73.747407, 41.546467], [-73.748363, 41.546051], [-73.757443, 41.542309], [-73.759189, 41.541679], [-73.760993, 41.541122], [-73.763059, 41.540598], [-73.764989, 41.540208], [-73.767021, 41.539883], [-73.769541, 41.539543], [-73.770409, 41.539442], [-73.771243, 41.539305], [-73.776548, 41.538553], [-73.77723, 41.538435], [-73.777765, 41.538316], [-73.778796, 41.538045], [-73.779176, 41.537927], [-73.78199, 41.536941], [-73.78341, 41.536401], [-73.784598, 41.535983], [-73.787687, 41.534864], [-73.788949, 41.534464], [-73.790575, 41.534045], [-73.803053, 41.531042], [-73.804909, 41.53067], [-73.806228, 41.530467], [-73.807374, 41.530335], [-73.80948, 41.530191], [-73.811773, 41.53018], [-73.813973, 41.530306], [-73.816853, 41.530698], [-73.819709, 41.531304]]",2022-01-29,-73.7164681742073,41.5454415688877,18554213,39212509,,PROPERTY DAMAGE,2,2022,OTHER,2022/01/29,1900-01-01 06:25:00,COLL. W/EARTH ELE./ROCK CUT/DITCH,DARK-ROAD UNLIGHTED,CURVE AND LEVEL,SNOW/ICE,NONE,"TWO-WAY,DIVIDED,POSITIVE MEDIA BARR",SNOW,1,1970/01/01,0,0,0,0,1,11308.0,0,SP THRUWAY EAST FISHKILL,No,607053.29760671,4600104.45077047,Not an intersection crash,Stormville Rest Area,Dutchess,7.0,130.0,,East Fishkill,I 84,84I82021155,88.0,T,11-Urban Principal Arterial Interstate,NYSDOT,NYSDOT,,55.0,"V1:(REACTION TO OTHER UNINVOLVED VEHICL,PAVEMENT SLIPPERY)",2022-01-29,-73.727705,41.548024
216,Feature,,"East Fishkill, NY",US,77.0,I-84 E,103440918.0,4786.0,1.0,"[{'x': -73.719344, 'y': 41.546268}, {'x': -73.718862, 'y': 41.546104}, {'x': -73.718379, 'y': 41.545915}, {'x': -73.717884, 'y': 41.545703}, {'x': -73.71746, 'y': 41.545509}, {'x': -73.716926, 'y': 41.545239}, {'x': -73.716413, 'y': 41.544952}, {'x': -73.715956, 'y': 41.544667}, {'x': -73.715413, 'y': 41.5443}, {'x': -73.715029, 'y': 41.544019}, {'x': -73.714686, 'y': 41.543746}, {'x': -73.714438, 'y': 41.543529}, {'x': -73.714181, 'y': 41.543297}, {'x': -73.713921, 'y': 41.543054}, {'x': -73.713574, 'y': 41.542694}, {'x': -73.711271, 'y': 41.540169}, {'x': -73.710756, 'y': 41.539625}, {'x': -73.709692, 'y': 41.53844}, {'x': -73.708394, 'y': 41.537037}, {'x': -73.707943, 'y': 41.536578}, {'x': -73.707208, 'y': 41.535867}, {'x': -73.706531, 'y': 41.535246}, {'x': -73.70593, 'y': 41.534725}, {'x': -73.705352, 'y': 41.534249}, {'x': -73.704817, 'y': 41.533809}, {'x': -73.704128, 'y': 41.53328}, {'x': -73.703192, 'y': 41.532595}, {'x': -73.701856, 'y': 41.53163}, {'x': -73.699859, 'y': 41.530182}, {'x': -73.699229, 'y': 41.529734}, {'x': -73.698753, 'y': 41.529374}, {'x': -73.698504, 'y': 41.529177}, {'x': -73.698092, 'y': 41.528849}, {'x': -73.697776, 'y': 41.528567}, {'x': -73.697312, 'y': 41.528144}, {'x': -73.696969, 'y': 41.527818}, {'x': -73.696467, 'y': 41.527283}, {'x': -73.69605, 'y': 41.526816}, {'x': -73.695758, 'y': 41.526461}, {'x': -73.69546, 'y': 41.526083}, {'x': -73.694935, 'y': 41.525394}, {'x': -73.69403, 'y': 41.524211}, {'x': -73.693169, 'y': 41.52308}, {'x': -73.691998, 'y': 41.521676}, {'x': -73.691261, 'y': 41.520867}, {'x': -73.690634, 'y': 41.520216}, {'x': -73.68945, 'y': 41.519069}, {'x': -73.688731, 'y': 41.51841}, {'x': -73.688111, 'y': 41.517837}, {'x': -73.687631, 'y': 41.517393}, {'x': -73.686886, 'y': 41.516702}, {'x': -73.686474, 'y': 41.51632}, {'x': -73.685929, 'y': 41.515808}, {'x': -73.685569, 'y': 41.515467}, {'x': -73.685196, 'y': 41.51508}, {'x': -73.684858, 'y': 41.514709}, {'x': -73.684544, 'y': 41.514322}, {'x': -73.684111, 'y': 41.513721}, {'x': -73.683904, 'y': 41.513414}, {'x': -73.68365, 'y': 41.513011}]",1643439066834.0,3.0,[{}],20.177777777777777,72.64,I-84 E,NONE,NONE,103440918.0,2022-01-29 06:51:06,5,True,LineString,"[[-73.719344, 41.546268], [-73.718862, 41.546104], [-73.718379, 41.545915], [-73.717884, 41.545703], [-73.71746, 41.545509], [-73.716926, 41.545239], [-73.716413, 41.544952], [-73.715956, 41.544667], [-73.715413, 41.5443], [-73.715029, 41.544019], [-73.714686, 41.543746], [-73.714438, 41.543529], [-73.714181, 41.543297], [-73.713921, 41.543054], [-73.713574, 41.542694], [-73.711271, 41.540169], [-73.710756, 41.539625], [-73.709692, 41.53844], [-73.708394, 41.537037], [-73.707943, 41.536578], [-73.707208, 41.535867], [-73.706531, 41.535246], [-73.70593, 41.534725], [-73.705352, 41.534249], [-73.704817, 41.533809], [-73.704128, 41.53328], [-73.703192, 41.532595], [-73.701856, 41.53163], [-73.699859, 41.530182], [-73.699229, 41.529734], [-73.698753, 41.529374], [-73.698504, 41.529177], [-73.698092, 41.528849], [-73.697776, 41.528567], [-73.697312, 41.528144], [-73.696969, 41.527818], [-73.696467, 41.527283], [-73.69605, 41.526816], [-73.695758, 41.526461], [-73.69546, 41.526083], [-73.694935, 41.525394], [-73.69403, 41.524211], [-73.693169, 41.52308], [-73.691998, 41.521676], [-73.691261, 41.520867], [-73.690634, 41.520216], [-73.68945, 41.519069], [-73.688731, 41.51841], [-73.688111, 41.517837], [-73.687631, 41.517393], [-73.686886, 41.516702], [-73.686474, 41.51632], [-73.685929, 41.515808], [-73.685569, 41.515467], [-73.685196, 41.51508], [-73.684858, 41.514709], [-73.684544, 41.514322], [-73.684111, 41.513721], [-73.683904, 41.513414], [-73.68365, 41.513011]]",2022-01-29,-73.7164681742073,41.5454415688877,18554213,39212509,,PROPERTY DAMAGE,2,2022,OTHER,2022/01/29,1900-01-01 06:25:00,COLL. W/EARTH ELE./ROCK CUT/DITCH,DARK-ROAD UNLIGHTED,CURVE AND LEVEL,SNOW/ICE,NONE,"TWO-WAY,DIVIDED,POSITIVE MEDIA BARR",SNOW,1,1970/01/01,0,0,0,0,1,11308.0,0,SP THRUWAY EAST FISHKILL,No,607053.29760671,4600104.45077047,Not an intersection crash,Stormville Rest Area,Dutchess,7.0,130.0,,East Fishkill,I 84,84I82021155,88.0,T,11-Urban Principal Arterial Interstate,NYSDOT,NYSDOT,,55.0,"V1:(REACTION TO OTHER UNINVOLVED VEHICL,PAVEMENT SLIPPERY)",2022-01-29,-73.719344,41.546268
217,Feature,,"East Fishkill, NY",US,75.0,I-84 E,103440918.0,4786.0,1.0,"[{'x': -73.719344, 'y': 41.546268}, {'x': -73.718862, 'y': 41.546104}, {'x': -73.718379, 'y': 41.545915}, {'x': -73.717884, 'y': 41.545703}, {'x': -73.71746, 'y': 41.545509}, {'x': -73.716926, 'y': 41.545239}, {'x': -73.716413, 'y': 41.544952}, {'x': -73.715956, 'y': 41.544667}, {'x': -73.715413, 'y': 41.5443}, {'x': -73.715029, 'y': 41.544019}, {'x': -73.714686, 'y': 41.543746}, {'x': -73.714438, 'y': 41.543529}, {'x': -73.714181, 'y': 41.543297}, {'x': -73.713921, 'y': 41.543054}, {'x': -73.713574, 'y': 41.542694}, {'x': -73.711271, 'y': 41.540169}, {'x': -73.710756, 'y': 41.539625}, {'x': -73.709692, 'y': 41.53844}, {'x': -73.708394, 'y': 41.537037}, {'x': -73.707943, 'y': 41.536578}, {'x': -73.707208, 'y': 41.535867}, {'x': -73.706531, 'y': 41.535246}, {'x': -73.70593, 'y': 41.534725}, {'x': -73.705352, 'y': 41.534249}, {'x': -73.704817, 'y': 41.533809}, {'x': -73.704128, 'y': 41.53328}, {'x': -73.703192, 'y': 41.532595}, {'x': -73.701856, 'y': 41.53163}, {'x': -73.699859, 'y': 41.530182}, {'x': -73.699229, 'y': 41.529734}, {'x': -73.698753, 'y': 41.529374}, {'x': -73.698504, 'y': 41.529177}, {'x': -73.698092, 'y': 41.528849}, {'x': -73.697776, 'y': 41.528567}, {'x': -73.697312, 'y': 41.528144}, {'x': -73.696969, 'y': 41.527818}, {'x': -73.696467, 'y': 41.527283}, {'x': -73.69605, 'y': 41.526816}, {'x': -73.695758, 'y': 41.526461}, {'x': -73.69546, 'y': 41.526083}, {'x': -73.694935, 'y': 41.525394}, {'x': -73.69403, 'y': 41.524211}, {'x': -73.693169, 'y': 41.52308}, {'x': -73.691998, 'y': 41.521676}, {'x': -73.691261, 'y': 41.520867}, {'x': -73.690634, 'y': 41.520216}, {'x': -73.68945, 'y': 41.519069}, {'x': -73.688731, 'y': 41.51841}, {'x': -73.688111, 'y': 41.517837}, {'x': -73.687631, 'y': 41.517393}, {'x': -73.686886, 'y': 41.516702}, {'x': -73.686474, 'y': 41.51632}, {'x': -73.685929, 'y': 41.515808}, {'x': -73.685569, 'y': 41.515467}, {'x': -73.685196, 'y': 41.51508}, {'x': -73.684858, 'y': 41.514709}, {'x': -73.684544, 'y': 41.514322}, {'x': -73.684111, 'y': 41.513721}, {'x': -73.683904, 'y': 41.513414}, {'x': -73.68365, 'y': 41.513011}]",1643439066834.0,3.0,[{}],20.391666666666666,73.41,I-84 E,NONE,SMALL,103440918.0,2022-01-29 06:51:06,5,True,LineString,"[[-73.719344, 41.546268], [-73.718862, 41.546104], [-73.718379, 41.545915], [-73.717884, 41.545703], [-73.71746, 41.545509], [-73.716926, 41.545239], [-73.716413, 41.544952], [-73.715956, 41.544667], [-73.715413, 41.5443], [-73.715029, 41.544019], [-73.714686, 41.543746], [-73.714438, 41.543529], [-73.714181, 41.543297], [-73.713921, 41.543054], [-73.713574, 41.542694], [-73.711271, 41.540169], [-73.710756, 41.539625], [-73.709692, 41.53844], [-73.708394, 41.537037], [-73.707943, 41.536578], [-73.707208, 41.535867], [-73.706531, 41.535246], [-73.70593, 41.534725], [-73.705352, 41.534249], [-73.704817, 41.533809], [-73.704128, 41.53328], [-73.703192, 41.532595], [-73.701856, 41.53163], [-73.699859, 41.530182], [-73.699229, 41.529734], [-73.698753, 41.529374], [-73.698504, 41.529177], [-73.698092, 41.528849], [-73.697776, 41.528567], [-73.697312, 41.528144], [-73.696969, 41.527818], [-73.696467, 41.527283], [-73.69605, 41.526816], [-73.695758, 41.526461], [-73.69546, 41.526083], [-73.694935, 41.525394], [-73.69403, 41.524211], [-73.693169, 41.52308], [-73.691998, 41.521676], [-73.691261, 41.520867], [-73.690634, 41.520216], [-73.68945, 41.519069], [-73.688731, 41.51841], [-73.688111, 41.517837], [-73.687631, 41.517393], [-73.686886, 41.516702], [-73.686474, 41.51632], [-73.685929, 41.515808], [-73.685569, 41.515467], [-73.685196, 41.51508], [-73.684858, 41.514709], [-73.684544, 41.514322], [-73.684111, 41.513721], [-73.683904, 41.513414], [-73.68365, 41.513011]]",2022-01-29,-73.7164681742073,41.5454415688877,18554213,39212509,,PROPERTY DAMAGE,2,2022,OTHER,2022/01/29,1900-01-01 06:25:00,COLL. W/EARTH ELE./ROCK CUT/DITCH,DARK-ROAD UNLIGHTED,CURVE AND LEVEL,SNOW/ICE,NONE,"TWO-WAY,DIVIDED,POSITIVE MEDIA BARR",SNOW,1,1970/01/01,0,0,0,0,1,11308.0,0,SP THRUWAY EAST FISHKILL,No,607053.29760671,4600104.45077047,Not an intersection crash,Stormville Rest Area,Dutchess,7.0,130.0,,East Fishkill,I 84,84I82021155,88.0,T,11-Urban Principal Arterial Interstate,NYSDOT,NYSDOT,,55.0,"V1:(REACTION TO OTHER UNINVOLVED VEHICL,PAVEMENT SLIPPERY)",2022-01-29,-73.719344,41.546268
218,Feature,,"Colonie, NY",US,81.0,Exit 4: Wolf Rd,103742100.0,4088.0,1.0,"[{'x': -73.834552, 'y': 42.701397}, {'x': -73.833719, 'y': 42.702729}, {'x': -73.833323, 'y': 42.703338}, {'x': -73.832858, 'y': 42.704048}, {'x': -73.832415, 'y': 42.704663}, {'x': -73.831877, 'y': 42.705278}, {'x': -73.831189, 'y': 42.705981}, {'x': -73.830498, 'y': 42.706674}, {'x': -73.829659, 'y': 42.707403}, {'x': -73.829253, 'y': 42.707721}, {'x': -73.828466, 'y': 42.708256}, {'x': -73.826457, 'y': 42.709528}, {'x': -73.824338, 'y': 42.710854}, {'x': -73.823436, 'y': 42.711413}, {'x': -73.820703, 'y': 42.713114}, {'x': -73.819602, 'y': 42.713773}, {'x': -73.818212, 'y': 42.714672}, {'x': -73.817274, 'y': 42.715294}, {'x': -73.816947, 'y': 42.71553}, {'x': -73.815916, 'y': 42.716358}, {'x': -73.815011, 'y': 42.717119}, {'x': -73.814518, 'y': 42.717557}, {'x': -73.81445, 'y': 42.717614}, {'x': -73.8141, 'y': 42.717912}, {'x': -73.812135, 'y': 42.719582}, {'x': -73.811165, 'y': 42.720303}, {'x': -73.808949, 'y': 42.721787}, {'x': -73.808492, 'y': 42.722077}, {'x': -73.807827, 'y': 42.72248}, {'x': -73.807054, 'y': 42.722928}, {'x': -73.805872, 'y': 42.72357}, {'x': -73.805168, 'y': 42.723932}, {'x': -73.804235, 'y': 42.724389}, {'x': -73.803256, 'y': 42.724835}, {'x': -73.801502, 'y': 42.7256}, {'x': -73.799105, 'y': 42.726639}]",1643452827971.0,3.0,"[{}, {}, {}, {}, {}, {}, {}, {}]",18.075,65.07,I-87 N,NONE,NONE,103742100.0,2022-01-29 10:40:27,5,True,LineString,"[[-73.834552, 42.701397], [-73.833719, 42.702729], [-73.833323, 42.703338], [-73.832858, 42.704048], [-73.832415, 42.704663], [-73.831877, 42.705278], [-73.831189, 42.705981], [-73.830498, 42.706674], [-73.829659, 42.707403], [-73.829253, 42.707721], [-73.828466, 42.708256], [-73.826457, 42.709528], [-73.824338, 42.710854], [-73.823436, 42.711413], [-73.820703, 42.713114], [-73.819602, 42.713773], [-73.818212, 42.714672], [-73.817274, 42.715294], [-73.816947, 42.71553], [-73.815916, 42.716358], [-73.815011, 42.717119], [-73.814518, 42.717557], [-73.81445, 42.717614], [-73.8141, 42.717912], [-73.812135, 42.719582], [-73.811165, 42.720303], [-73.808949, 42.721787], [-73.808492, 42.722077], [-73.807827, 42.72248], [-73.807054, 42.722928], [-73.805872, 42.72357], [-73.805168, 42.723932], [-73.804235, 42.724389], [-73.803256, 42.724835], [-73.801502, 42.7256], [-73.799105, 42.726639]]",2022-01-29,-73.8471909512413,42.7021530749914,18564291,39223357,,PROPERTY DAMAGE,888,2022,OTHER,2022/01/29,1900-01-01 11:06:00,COLLISION WITH OTHER FIXED OBJECT,UNKNOWN,UNKNOWN,SNOW/ICE,UNKNOWN,NOT ENTERED,UNKNOWN,0,1970/01/01,0,0,0,0,1,,0,,No,594416.67000004,4728384.48000073,Not an intersection crash,[Route] 90,Albany,1.0,416.0,,Albany,[Route] 87,,88.0,T,11-Urban Principal Arterial Interstate,NYS Thruway,NYS Thruway,INT 24 & Toll Plaza,55.0,"V1:(NOT ENTERED,NOT ENTERED)",2022-01-29,-73.834552,42.701397