,type,properties.blockingAlertUuid,properties.city,properties.country,properties.delay,properties.endNode,properties.id,properties.length,properties.level,properties.line,properties.pubMillis,properties.roadType,properties.segments,properties.speed,properties.speedKMH,properties.street,properties.turnType,properties.type,properties.uuid,properties.utc_timestamp,properties.day_of_week,properties.weekday_weekend,geometry.type,geometry.coordinates,key_date_jams,X,Y,OBJECTID,CaseNumber,MaxInjuryS,CrashSever,RoadwayAcc,CaseYear,CollisionT,CrashDate,CrashTimeF,CrashType,LightCondi,RoadwayCha,RoadSurfac,TrafficCon,TrafficWay,WeatherCon,Commercial,DMVInsertD,NumberOfFa,NumberOfIn,NumberOfOt,NumberOfSe,NumberOfVe,PoliceDept,NonReporta,ReportingA,NonPublicW,UTMEasting,UTMNorthin,Intersecti,ClosestCro,CountyName,DirectionF,DistanceFr,MasterInte,CityTownNa,OnStreet,ReferenceM,ACCESS_CON,DIVIDED,FUNCTIONAL,MAINT_JURI,OWNING_JUR,NAME,POSTED_SPE,ApparentFa,key_date_crashes,jams_x,jams_y
232,Feature,,"Gates, NY",US,86.0,I-490 E,193999462.0,3594.0,1.0,"[{'x': -77.725557, 'y': 43.128348}, {'x': -77.723266, 'y': 43.130333}, {'x': -77.722576, 'y': 43.13092}, {'x': -77.720571, 'y': 43.132594}, {'x': -77.719534, 'y': 43.133669}, {'x': -77.719323, 'y': 43.133935}, {'x': -77.718379, 'y': 43.135272}, {'x': -77.718221, 'y': 43.135622}, {'x': -77.718004, 'y': 43.136117}, {'x': -77.717894, 'y': 43.136432}, {'x': -77.717674, 'y': 43.137063}, {'x': -77.717497, 'y': 43.137944}, {'x': -77.717427, 'y': 43.138687}, {'x': -77.717406, 'y': 43.139434}, {'x': -77.717375, 'y': 43.141026}, {'x': -77.717319, 'y': 43.144894}, {'x': -77.717301, 'y': 43.145617}, {'x': -77.717301, 'y': 43.146283}, {'x': -77.71728, 'y': 43.14677}, {'x': -77.717284, 'y': 43.148656}, {'x': -77.717263, 'y': 43.151196}, {'x': -77.717231, 'y': 43.151653}, {'x': -77.717172, 'y': 43.152014}, {'x': -77.717037, 'y': 43.152587}, {'x': -77.716903, 'y': 43.152994}, {'x': -77.716761, 'y': 43.153315}, {'x': -77.716522, 'y': 43.153786}, {'x': -77.716179, 'y': 43.154311}, {'x': -77.715766, 'y': 43.154804}, {'x': -77.715471, 'y': 43.155109}, {'x': -77.715181, 'y': 43.155387}, {'x': -77.714538, 'y': 43.155907}, {'x': -77.713589, 'y': 43.156452}, {'x': -77.712792, 'y': 43.156824}, {'x': -77.7122, 'y': 43.157043}, {'x': -77.711843, 'y': 43.157195}]",1643939331368.0,3.0,"[{}, {}, {}, {}, {}, {}, {}]",16.572222222222223,59.66,I-490 E,NONE,NONE,193999462.0,2022-02-04 01:48:51,4,False,LineString,"[[-77.725557, 43.128348], [-77.723266, 43.130333], [-77.722576, 43.13092], [-77.720571, 43.132594], [-77.719534, 43.133669], [-77.719323, 43.133935], [-77.718379, 43.135272], [-77.718221, 43.135622], [-77.718004, 43.136117], [-77.717894, 43.136432], [-77.717674, 43.137063], [-77.717497, 43.137944], [-77.717427, 43.138687], [-77.717406, 43.139434], [-77.717375, 43.141026], [-77.717319, 43.144894], [-77.717301, 43.145617], [-77.717301, 43.146283], [-77.71728, 43.14677], [-77.717284, 43.148656], [-77.717263, 43.151196], [-77.717231, 43.151653], [-77.717172, 43.152014], [-77.717037, 43.152587], [-77.716903, 43.152994], [-77.716761, 43.153315], [-77.716522, 43.153786], [-77.716179, 43.154311], [-77.715766, 43.154804], [-77.715471, 43.155109], [-77.715181, 43.155387], [-77.714538, 43.155907], [-77.713589, 43.156452], [-77.712792, 43.156824], [-77.7122, 43.157043], [-77.711843, 43.157195]]",2022-02-04,-77.7223446887297,43.1311001553201,18563937,39222937,,PROPERTY DAMAGE,999,2022,OTHER,2022/02/04,1900-01-01 02:00:00,COLLISION WITH GUIDERAIL - END,DARK-ROAD LIGHTED,STRAIGHT AND LEVEL,SNOW/ICE,NONE,NOT ENTERED,SNOW,0,1970/01/01,0,0,0,0,1,2700.0,0,MONROE CO SO,No,278572.95051541,4778971.21252298,INTERSECTION-RELATED,Ramp,Monroe,NORTH,7.0,5002649.0,Gates,I 490,490I43021142,88.0,T,11-Urban Principal Arterial Interstate,NYSDOT,NYSDOT,Western Expressway,65.0,"V1:(UNSAFE SPEED,NOT APPLICABLE)",2022-02-04,-77.725557,43.128348
233,Feature,,"Gates, NY",US,81.0,I-490 W,194037024.0,3473.0,1.0,"[{'x': -77.713475, 'y': 43.157645}, {'x': -77.713496, 'y': 43.157632}, {'x': -77.713853, 'y': 43.157512}, {'x': -77.714924, 'y': 43.15705}, {'x': -77.715755, 'y': 43.156532}, {'x': -77.716485, 'y': 43.155894}, {'x': -77.716957, 'y': 43.155352}, {'x': -77.717338, 'y': 43.154792}, {'x': -77.71756, 'y': 43.154311}, {'x': -77.717708, 'y': 43.153849}, {'x': -77.717802, 'y': 43.153324}, {'x': -77.717826, 'y': 43.15267}, {'x': -77.717889, 'y': 43.149977}, {'x': -77.717936, 'y': 43.145921}, {'x': -77.717948, 'y': 43.145256}, {'x': -77.717984, 'y': 43.143992}, {'x': -77.718023, 'y': 43.140664}, {'x': -77.718157, 'y': 43.137995}, {'x': -77.718346, 'y': 43.137019}, {'x': -77.7187, 'y': 43.136121}, {'x': -77.718817, 'y': 43.135826}, {'x': -77.718929, 'y': 43.135612}, {'x': -77.719859, 'y': 43.134185}, {'x': -77.719984, 'y': 43.133993}, {'x': -77.720121, 'y': 43.133823}, {'x': -77.720204, 'y': 43.133719}, {'x': -77.720309, 'y': 43.133618}, {'x': -77.721666, 'y': 43.132334}, {'x': -77.723658, 'y': 43.130697}, {'x': -77.725302, 'y': 43.129364}]",1643939498668.0,3.0,"[{}, {}, {}, {}, {}, {}, {}, {}, {}]",16.775,60.39,I-490 W,NONE,NONE,194037024.0,2022-02-04 01:51:38,4,False,LineString,"[[-77.713475, 43.157645], [-77.713496, 43.157632], [-77.713853, 43.157512], [-77.714924, 43.15705], [-77.715755, 43.156532], [-77.716485, 43.155894], [-77.716957, 43.155352], [-77.717338, 43.154792], [-77.71756, 43.154311], [-77.717708, 43.153849], [-77.717802, 43.153324], [-77.717826, 43.15267], [-77.717889, 43.149977], [-77.717936, 43.145921], [-77.717948, 43.145256], [-77.717984, 43.143992], [-77.718023, 43.140664], [-77.718157, 43.137995], [-77.718346, 43.137019], [-77.7187, 43.136121], [-77.718817, 43.135826], [-77.718929, 43.135612], [-77.719859, 43.134185], [-77.719984, 43.133993], [-77.720121, 43.133823], [-77.720204, 43.133719], [-77.720309, 43.133618], [-77.721666, 43.132334], [-77.723658, 43.130697], [-77.725302, 43.129364]]",2022-02-04,-77.7223446887297,43.1311001553201,18563937,39222937,,PROPERTY DAMAGE,999,2022,OTHER,2022/02/04,1900-01-01 02:00:00,COLLISION WITH GUIDERAIL - END,DARK-ROAD LIGHTED,STRAIGHT AND LEVEL,SNOW/ICE,NONE,NOT ENTERED,SNOW,0,1970/01/01,0,0,0,0,1,2700.0,0,MONROE CO SO,No,278572.95051541,4778971.21252298,INTERSECTION-RELATED,Ramp,Monroe,NORTH,7.0,5002649.0,Gates,I 490,490I43021142,88.0,T,11-Urban Principal Arterial Interstate,NYSDOT,NYSDOT,Western Expressway,65.0,"V1:(UNSAFE SPEED,NOT APPLICABLE)",2022-02-04,-77.713475,43.157645
234,Feature,,"Gates, NY",US,63.0,I-490 E,194239058.0,2854.0,1.0,"[{'x': -77.708294, 'y': 43.157643}, {'x': -77.707749, 'y': 43.157613}, {'x': -77.707217, 'y': 43.157575}, {'x': -77.699729, 'y': 43.156967}, {'x': -77.698971, 'y': 43.156927}, {'x': -77.69821, 'y': 43.156907}, {'x': -77.697413, 'y': 43.156905}, {'x': -77.696072, 'y': 43.156933}, {'x': -77.694807, 'y': 43.156999}, {'x': -77.693572, 'y': 43.157075}, {'x': -77.691105, 'y': 43.157233}, {'x': -77.690121, 'y': 43.157275}, {'x': -77.689597, 'y': 43.157292}, {'x': -77.689068, 'y': 43.157278}, {'x': -77.688254, 'y': 43.15725}, {'x': -77.687209, 'y': 43.157162}, {'x': -77.68634, 'y': 43.157043}, {'x': -77.685023, 'y': 43.15679}, {'x': -77.684509, 'y': 43.156696}, {'x': -77.683558, 'y': 43.156501}, {'x': -77.68272, 'y': 43.15638}, {'x': -77.681895, 'y': 43.156306}, {'x': -77.681054, 'y': 43.156277}, {'x': -77.680314, 'y': 43.156291}, {'x': -77.679569, 'y': 43.156345}, {'x': -77.677559, 'y': 43.156622}, {'x': -77.673784, 'y': 43.157148}, {'x': -77.673539, 'y': 43.157181}]",1643940488432.0,3.0,"[{}, {}, {}, {}, {}]",17.163888888888888,61.79,I-490 E,NONE,NONE,194239058.0,2022-02-04 02:08:08,4,False,LineString,"[[-77.708294, 43.157643], [-77.707749, 43.157613], [-77.707217, 43.157575], [-77.699729, 43.156967], [-77.698971, 43.156927], [-77.69821, 43.156907], [-77.697413, 43.156905], [-77.696072, 43.156933], [-77.694807, 43.156999], [-77.693572, 43.157075], [-77.691105, 43.157233], [-77.690121, 43.157275], [-77.689597, 43.157292], [-77.689068, 43.157278], [-77.688254, 43.15725], [-77.687209, 43.157162], [-77.68634, 43.157043], [-77.685023, 43.15679], [-77.684509, 43.156696], [-77.683558, 43.156501], [-77.68272, 43.15638], [-77.681895, 43.156306], [-77.681054, 43.156277], [-77.680314, 43.156291], [-77.679569, 43.156345], [-77.677559, 43.156622], [-77.673784, 43.157148], [-77.673539, 43.157181]]",2022-02-04,-77.7223446887297,43.1311001553201,18563937,39222937,,PROPERTY DAMAGE,999,2022,OTHER,2022/02/04,1900-01-01 02:00:00,COLLISION WITH GUIDERAIL - END,DARK-ROAD LIGHTED,STRAIGHT AND LEVEL,SNOW/ICE,NONE,NOT ENTERED,SNOW,0,1970/01/01,0,0,0,0,1,2700.0,0,MONROE CO SO,No,278572.95051541,4778971.21252298,INTERSECTION-RELATED,Ramp,Monroe,NORTH,7.0,5002649.0,Gates,I 490,490I43021142,88.0,T,11-Urban Principal Arterial Interstate,NYSDOT,NYSDOT,Western Expressway,65.0,"V1:(UNSAFE SPEED,NOT APPLICABLE)",2022-02-04,-77.708294,43.157643
235,Feature,,"Buffalo, NY",US,86.0,Exit 9: Porter Ave / Peace Br / Fort Erie Canada,195235022.0,4997.0,1.0,"[{'x': -78.908901, 'y': 42.946405}, {'x': -78.908877, 'y': 42.946253}, {'x': -78.908846, 'y': 42.946087}, {'x': -78.908719, 'y': 42.945437}, {'x': -78.908507, 'y': 42.944723}, {'x': -78.908316, 'y': 42.9442}, {'x': -78.908188, 'y': 42.943894}, {'x': -78.907875, 'y': 42.943252}, {'x': -78.906614, 'y': 42.940659}, {'x': -78.906372, 'y': 42.940192}, {'x': -78.906047, 'y': 42.939565}, {'x': -78.905362, 'y': 42.93818}, {'x': -78.905122, 'y': 42.9377}, {'x': -78.90437, 'y': 42.936208}, {'x': -78.904113, 'y': 42.935693}, {'x': -78.903663, 'y': 42.934833}, {'x': -78.903073, 'y': 42.933874}, {'x': -78.902844, 'y': 42.933532}, {'x': -78.902404, 'y': 42.932891}, {'x': -78.902212, 'y': 42.932639}, {'x': -78.901989, 'y': 42.932357}, {'x': -78.901769, 'y': 42.932118}, {'x': -78.901615, 'y': 42.931966}, {'x': -78.901111, 'y': 42.931511}, {'x': -78.900397, 'y': 42.930918}, {'x': -78.899969, 'y': 42.930555}, {'x': -78.899722, 'y': 42.930314}, {'x': -78.899615, 'y': 42.930189}, {'x': -78.899381, 'y': 42.929903}, {'x': -78.899188, 'y': 42.929611}, {'x': -78.899013, 'y': 42.929289}, {'x': -78.898914, 'y': 42.929058}, {'x': -78.898828, 'y': 42.92881}, {'x': -78.898766, 'y': 42.928539}, {'x': -78.898691, 'y': 42.927954}, {'x': -78.898675, 'y': 42.927573}, {'x': -78.898817, 'y': 42.925405}, {'x': -78.898863, 'y': 42.924957}, {'x': -78.8989, 'y': 42.924664}, {'x': -78.899093, 'y': 42.923549}, {'x': -78.899302, 'y': 42.922728}, {'x': -78.89943, 'y': 42.922287}, {'x': -78.899737, 'y': 42.921308}, {'x': -78.900445, 'y': 42.919032}, {'x': -78.900807, 'y': 42.917832}, {'x': -78.901161, 'y': 42.916737}, {'x': -78.901429, 'y': 42.915771}, {'x': -78.901504, 'y': 42.915293}, {'x': -78.901603, 'y': 42.914576}, {'x': -78.901614, 'y': 42.913464}, {'x': -78.901587, 'y': 42.91297}, {'x': -78.901421, 'y': 42.908609}, {'x': -78.901357, 'y': 42.9051}, {'x': -78.901372, 'y': 42.904754}, {'x': -78.901368, 'y': 42.904256}, {'x': -78.901353, 'y': 42.904082}, {'x': -78.901228, 'y': 42.903579}, {'x': -78.901154, 'y': 42.903346}]",1643949844472.0,3.0,"[{}, {}, {}, {}, {}, {}, {}, {}, {}, {}, {}, {}, {}]",17.8,64.08,I-190 S,NONE,NONE,195235022.0,2022-02-04 04:44:04,4,False,LineString,"[[-78.908901, 42.946405], [-78.908877, 42.946253], [-78.908846, 42.946087], [-78.908719, 42.945437], [-78.908507, 42.944723], [-78.908316, 42.9442], [-78.908188, 42.943894], [-78.907875, 42.943252], [-78.906614, 42.940659], [-78.906372, 42.940192], [-78.906047, 42.939565], [-78.905362, 42.93818], [-78.905122, 42.9377], [-78.90437, 42.936208], [-78.904113, 42.935693], [-78.903663, 42.934833], [-78.903073, 42.933874], [-78.902844, 42.933532], [-78.902404, 42.932891], [-78.902212, 42.932639], [-78.901989, 42.932357], [-78.901769, 42.932118], [-78.901615, 42.931966], [-78.901111, 42.931511], [-78.900397, 42.930918], [-78.899969, 42.930555], [-78.899722, 42.930314], [-78.899615, 42.930189], [-78.899381, 42.929903], [-78.899188, 42.929611], [-78.899013, 42.929289], [-78.898914, 42.929058], [-78.898828, 42.92881], [-78.898766, 42.928539], [-78.898691, 42.927954], [-78.898675, 42.927573], [-78.898817, 42.925405], [-78.898863, 42.924957], [-78.8989, 42.924664], [-78.899093, 42.923549], [-78.899302, 42.922728], [-78.89943, 42.922287], [-78.899737, 42.921308], [-78.900445, 42.919032], [-78.900807, 42.917832], [-78.901161, 42.916737], [-78.901429, 42.915771], [-78.901504, 42.915293], [-78.901603, 42.914576], [-78.901614, 42.913464], [-78.901587, 42.91297], [-78.901421, 42.908609], [-78.901357, 42.9051], [-78.901372, 42.904754], [-78.901368, 42.904256], [-78.901353, 42.904082], [-78.901228, 42.903579], [-78.901154, 42.903346]]",2022-02-04,-78.9119459661451,42.9730863215493,18560624,39219405,,PROPERTY DAMAGE,999,2022,OTHER,2022/02/04,1900-01-01 04:57:00,COLLISION WITH OTHER BARRIER,DARK-ROAD UNLIGHTED,CURVE AND LEVEL,SNOW/ICE,NONE,NOT ENTERED,SNOW,0,1970/01/01,0,0,0,0,1,11404.0,0,NYSP THRUWAY BUFFALO,No,180986.76735593,4765255.67565668,Not an intersection crash,Ramp,Erie,1.0,328.0,,Tonawanda,I 190,,88.0,T,11-Urban Principal Arterial Interstate,NYS Thruway,NYS Thruway,Niagara Thruway,55.0,"V1:(UNSAFE SPEED,PAVEMENT SLIPPERY)",2022-02-04,-78.908901,42.946405
236,Feature,,"Tonawanda, NY",US,145.0,Exit 16: I-290 E / to I-90 Â» Tonawanda / Rochester,195300032.0,3915.0,2.0,"[{'x': -78.909271, 'y': 42.951502}, {'x': -78.909334, 'y': 42.951788}, {'x': -78.909419, 'y': 42.952132}, {'x': -78.909611, 'y': 42.952792}, {'x': -78.909847, 'y': 42.953384}, {'x': -78.91005, 'y': 42.953822}, {'x': -78.910278, 'y': 42.954254}, {'x': -78.910656, 'y': 42.95484}, {'x': -78.910945, 'y': 42.955187}, {'x': -78.911204, 'y': 42.955476}, {'x': -78.911435, 'y': 42.955711}, {'x': -78.911821, 'y': 42.95607}, {'x': -78.912242, 'y': 42.956409}, {'x': -78.912689, 'y': 42.956733}, {'x': -78.915857, 'y': 42.958791}, {'x': -78.918062, 'y': 42.960325}, {'x': -78.9187, 'y': 42.960843}, {'x': -78.919306, 'y': 42.961368}, {'x': -78.919765, 'y': 42.961805}, {'x': -78.920256, 'y': 42.962286}, {'x': -78.920587, 'y': 42.96271}, {'x': -78.920791, 'y': 42.963049}, {'x': -78.920919, 'y': 42.963337}, {'x': -78.921044, 'y': 42.963682}, {'x': -78.921127, 'y': 42.964034}, {'x': -78.921168, 'y': 42.964326}, {'x': -78.921178, 'y': 42.964601}, {'x': -78.921163, 'y': 42.964855}, {'x': -78.921082, 'y': 42.965247}, {'x': -78.921007, 'y': 42.965497}, {'x': -78.920928, 'y': 42.965738}, {'x': -78.920807, 'y': 42.965998}, {'x': -78.920668, 'y': 42.96623}, {'x': -78.920528, 'y': 42.966441}, {'x': -78.920291, 'y': 42.966718}, {'x': -78.919993, 'y': 42.967051}, {'x': -78.919568, 'y': 42.967396}, {'x': -78.91912, 'y': 42.967707}, {'x': -78.914966, 'y': 42.970294}, {'x': -78.913818, 'y': 42.971017}, {'x': -78.913616, 'y': 42.971162}, {'x': -78.91323, 'y': 42.971464}, {'x': -78.912877, 'y': 42.971774}, {'x': -78.912598, 'y': 42.972097}, {'x': -78.912323, 'y': 42.972435}, {'x': -78.911912, 'y': 42.973158}, {'x': -78.911785, 'y': 42.973413}, {'x': -78.911577, 'y': 42.973828}, {'x': -78.911291, 'y': 42.974543}, {'x': -78.910822, 'y': 42.976101}, {'x': -78.91006, 'y': 42.978639}, {'x': -78.909977, 'y': 42.978985}, {'x': -78.909932, 'y': 42.979328}, {'x': -78.909889, 'y': 42.979878}, {'x': -78.909906, 'y': 42.980216}, {'x': -78.909935, 'y': 42.980466}, {'x': -78.90998, 'y': 42.980717}]",1643951051799.0,3.0,"[{}, {}, {}, {}]",13.491666666666667,48.57,I-190 N,NONE,NONE,195300032.0,2022-02-04 05:04:11,4,False,LineString,"[[-78.909271, 42.951502], [-78.909334, 42.951788], [-78.909419, 42.952132], [-78.909611, 42.952792], [-78.909847, 42.953384], [-78.91005, 42.953822], [-78.910278, 42.954254], [-78.910656, 42.95484], [-78.910945, 42.955187], [-78.911204, 42.955476], [-78.911435, 42.955711], [-78.911821, 42.95607], [-78.912242, 42.956409], [-78.912689, 42.956733], [-78.915857, 42.958791], [-78.918062, 42.960325], [-78.9187, 42.960843], [-78.919306, 42.961368], [-78.919765, 42.961805], [-78.920256, 42.962286], [-78.920587, 42.96271], [-78.920791, 42.963049], [-78.920919, 42.963337], [-78.921044, 42.963682], [-78.921127, 42.964034], [-78.921168, 42.964326], [-78.921178, 42.964601], [-78.921163, 42.964855], [-78.921082, 42.965247], [-78.921007, 42.965497], [-78.920928, 42.965738], [-78.920807, 42.965998], [-78.920668, 42.96623], [-78.920528, 42.966441], [-78.920291, 42.966718], [-78.919993, 42.967051], [-78.919568, 42.967396], [-78.91912, 42.967707], [-78.914966, 42.970294], [-78.913818, 42.971017], [-78.913616, 42.971162], [-78.91323, 42.971464], [-78.912877, 42.971774], [-78.912598, 42.972097], [-78.912323, 42.972435], [-78.911912, 42.973158], [-78.911785, 42.973413], [-78.911577, 42.973828], [-78.911291, 42.974543], [-78.910822, 42.976101], [-78.91006, 42.978639], [-78.909977, 42.978985], [-78.909932, 42.979328], [-78.909889, 42.979878], [-78.909906, 42.980216], [-78.909935, 42.980466], [-78.90998, 42.980717]]",2022-02-04,-78.9119459661451,42.9730863215493,18560624,39219405,,PROPERTY DAMAGE,999,2022,OTHER,2022/02/04,1900-01-01 04:57:00,COLLISION WITH OTHER BARRIER,DARK-ROAD UNLIGHTED,CURVE AND LEVEL,SNOW/ICE,NONE,NOT ENTERED,SNOW,0,1970/01/01,0,0,0,0,1,11404.0,0,NYSP THRUWAY BUFFALO,No,180986.76735593,4765255.67565668,Not an intersection crash,Ramp,Erie,1.0,328.0,,Tonawanda,I 190,,88.0,T,11-Urban Principal Arterial Interstate,NYS Thruway,NYS Thruway,Niagara Thruway,55.0,"V1:(UNSAFE SPEED,PAVEMENT SLIPPERY)",2022-02-04,-78.909271,42.951502
237,Feature,,"Tonawanda, NY",US,84.0,I-190 S,195323856.0,4449.0,1.0,"[{'x': -78.910115, 'y': 42.98038}, {'x': -78.910093, 'y': 42.980203}, {'x': -78.91007, 'y': 42.979955}, {'x': -78.91008, 'y': 42.97939}, {'x': -78.910127, 'y': 42.979045}, {'x': -78.91021, 'y': 42.978701}, {'x': -78.910962, 'y': 42.976192}, {'x': -78.911439, 'y': 42.974603}, {'x': -78.911726, 'y': 42.973889}, {'x': -78.911979, 'y': 42.973383}, {'x': -78.912062, 'y': 42.973219}, {'x': -78.912472, 'y': 42.972495}, {'x': -78.912747, 'y': 42.972158}, {'x': -78.913026, 'y': 42.971836}, {'x': -78.913379, 'y': 42.971525}, {'x': -78.913763, 'y': 42.97122}, {'x': -78.914179, 'y': 42.970936}, {'x': -78.91921, 'y': 42.967804}, {'x': -78.919736, 'y': 42.967452}, {'x': -78.920134, 'y': 42.96712}, {'x': -78.920449, 'y': 42.966798}, {'x': -78.920643, 'y': 42.966561}, {'x': -78.920815, 'y': 42.966337}, {'x': -78.920959, 'y': 42.966054}, {'x': -78.92111, 'y': 42.965737}, {'x': -78.921228, 'y': 42.965423}, {'x': -78.921287, 'y': 42.965207}, {'x': -78.921332, 'y': 42.964972}, {'x': -78.92136, 'y': 42.96463}, {'x': -78.921362, 'y': 42.964456}, {'x': -78.921348, 'y': 42.964245}, {'x': -78.921322, 'y': 42.964036}, {'x': -78.921282, 'y': 42.96384}, {'x': -78.921231, 'y': 42.963637}, {'x': -78.921173, 'y': 42.963459}, {'x': -78.921095, 'y': 42.963271}, {'x': -78.921034, 'y': 42.963132}, {'x': -78.920937, 'y': 42.962948}, {'x': -78.920839, 'y': 42.962779}, {'x': -78.920646, 'y': 42.962503}, {'x': -78.920411, 'y': 42.962216}, {'x': -78.92018, 'y': 42.961973}, {'x': -78.919492, 'y': 42.961321}, {'x': -78.919108, 'y': 42.960985}, {'x': -78.918187, 'y': 42.960234}, {'x': -78.917395, 'y': 42.959658}, {'x': -78.915958, 'y': 42.958693}, {'x': -78.914236, 'y': 42.957563}, {'x': -78.912965, 'y': 42.956754}, {'x': -78.912597, 'y': 42.956511}, {'x': -78.912263, 'y': 42.956263}, {'x': -78.911923, 'y': 42.955985}, {'x': -78.911708, 'y': 42.955792}, {'x': -78.911499, 'y': 42.955588}, {'x': -78.911325, 'y': 42.955408}, {'x': -78.911055, 'y': 42.955101}, {'x': -78.910792, 'y': 42.954766}, {'x': -78.910573, 'y': 42.954444}, {'x': -78.910423, 'y': 42.954194}, {'x': -78.910203, 'y': 42.953789}, {'x': -78.91001, 'y': 42.953367}, {'x': -78.909839, 'y': 42.952941}, {'x': -78.90974, 'y': 42.952655}, {'x': -78.909587, 'y': 42.952128}, {'x': -78.909483, 'y': 42.951731}, {'x': -78.909391, 'y': 42.951252}, {'x': -78.909334, 'y': 42.950886}, {'x': -78.909272, 'y': 42.950371}, {'x': -78.909206, 'y': 42.94959}, {'x': -78.909078, 'y': 42.948125}, {'x': -78.908988, 'y': 42.947126}, {'x': -78.908952, 'y': 42.94676}, {'x': -78.908901, 'y': 42.946405}]",1643951543879.0,3.0,"[{}, {}, {}, {}, {}]",18.13055555555556,65.27,I-190 S,NONE,NONE,195323856.0,2022-02-04 05:12:23,4,False,LineString,"[[-78.910115, 42.98038], [-78.910093, 42.980203], [-78.91007, 42.979955], [-78.91008, 42.97939], [-78.910127, 42.979045], [-78.91021, 42.978701], [-78.910962, 42.976192], [-78.911439, 42.974603], [-78.911726, 42.973889], [-78.911979, 42.973383], [-78.912062, 42.973219], [-78.912472, 42.972495], [-78.912747, 42.972158], [-78.913026, 42.971836], [-78.913379, 42.971525], [-78.913763, 42.97122], [-78.914179, 42.970936], [-78.91921, 42.967804], [-78.919736, 42.967452], [-78.920134, 42.96712], [-78.920449, 42.966798], [-78.920643, 42.966561], [-78.920815, 42.966337], [-78.920959, 42.966054], [-78.92111, 42.965737], [-78.921228, 42.965423], [-78.921287, 42.965207], [-78.921332, 42.964972], [-78.92136, 42.96463], [-78.921362, 42.964456], [-78.921348, 42.964245], [-78.921322, 42.964036], [-78.921282, 42.96384], [-78.921231, 42.963637], [-78.921173, 42.963459], [-78.921095, 42.963271], [-78.921034, 42.963132], [-78.920937, 42.962948], [-78.920839, 42.962779], [-78.920646, 42.962503], [-78.920411, 42.962216], [-78.92018, 42.961973], [-78.919492, 42.961321], [-78.919108, 42.960985], [-78.918187, 42.960234], [-78.917395, 42.959658], [-78.915958, 42.958693], [-78.914236, 42.957563], [-78.912965, 42.956754], [-78.912597, 42.956511], [-78.912263, 42.956263], [-78.911923, 42.955985], [-78.911708, 42.955792], [-78.911499, 42.955588], [-78.911325, 42.955408], [-78.911055, 42.955101], [-78.910792, 42.954766], [-78.910573, 42.954444], [-78.910423, 42.954194], [-78.910203, 42.953789], [-78.91001, 42.953367], [-78.909839, 42.952941], [-78.90974, 42.952655], [-78.909587, 42.952128], [-78.909483, 42.951731], [-78.909391, 42.951252], [-78.909334, 42.950886], [-78.909272, 42.950371], [-78.909206, 42.94959], [-78.909078, 42.948125], [-78.908988, 42.947126], [-78.908952, 42.94676], [-78.908901, 42.946405]]",2022-02-04,-78.9119459661451,42.9730863215493,18560624,39219405,,PROPERTY DAMAGE,999,2022,OTHER,2022/02/04,1900-01-01 04:57:00,COLLISION WITH OTHER BARRIER,DARK-ROAD UNLIGHTED,CURVE AND LEVEL,SNOW/ICE,NONE,NOT ENTERED,SNOW,0,1970/01/01,0,0,0,0,1,11404.0,0,NYSP THRUWAY BUFFALO,No,180986.76735593,4765255.67565668,Not an intersection crash,Ramp,Erie,1.0,328.0,,Tonawanda,I 190,,88.0,T,11-Urban Principal Arterial Interstate,NYS Thruway,NYS Thruway,Niagara Thruway,55.0,"V1:(UNSAFE SPEED,PAVEMENT SLIPPERY)",2022-02-04,-78.910115,42.98038