,type,properties.blockingAlertUuid,properties.city,properties.country,properties.delay,properties.endNode,properties.id,properties.length,properties.level,properties.line,properties.pubMillis,properties.roadType,properties.segments,properties.speed,properties.speedKMH,properties.street,properties.turnType,properties.type,properties.uuid,properties.utc_timestamp,properties.day_of_week,properties.weekday_weekend,geometry.type,geometry.coordinates,key_date_jams,X,Y,OBJECTID,CaseNumber,MaxInjuryS,CrashSever,RoadwayAcc,CaseYear,CollisionT,CrashDate,CrashTimeF,CrashType,LightCondi,RoadwayCha,RoadSurfac,TrafficCon,TrafficWay,WeatherCon,Commercial,DMVInsertD,NumberOfFa,NumberOfIn,NumberOfOt,NumberOfSe,NumberOfVe,PoliceDept,NonReporta,ReportingA,NonPublicW,UTMEasting,UTMNorthin,Intersecti,ClosestCro,CountyName,DirectionF,DistanceFr,MasterInte,CityTownNa,OnStreet,ReferenceM,ACCESS_CON,DIVIDED,FUNCTIONAL,MAINT_JURI,OWNING_JUR,NAME,POSTED_SPE,ApparentFa,key_date_crashes,jams_x,jams_y
244,Feature,,"Albany, NY",US,90.0,Exit 1E: I-90 E Â» Albany / Boston,195742060.0,942.0,3.0,"[{'x': -73.842848, 'y': 42.697091}, {'x': -73.842422, 'y': 42.69655}, {'x': -73.84207, 'y': 42.696233}, {'x': -73.841697, 'y': 42.695956}, {'x': -73.841506, 'y': 42.69584}, {'x': -73.841251, 'y': 42.69569}, {'x': -73.840884, 'y': 42.695505}, {'x': -73.84049, 'y': 42.695353}, {'x': -73.840186, 'y': 42.695251}, {'x': -73.839848, 'y': 42.695164}, {'x': -73.839419, 'y': 42.695077}, {'x': -73.839068, 'y': 42.69503}, {'x': -73.838228, 'y': 42.694977}, {'x': -73.83497, 'y': 42.694816}, {'x': -73.833966, 'y': 42.694767}, {'x': -73.833418, 'y': 42.694719}, {'x': -73.833017, 'y': 42.694661}, {'x': -73.832514, 'y': 42.694541}]",1643966376136.0,3.0,[{}],7.413888888888889,26.69,I-90 E,NONE,NONE,195742060.0,2022-02-04 09:19:36,4,False,LineString,"[[-73.842848, 42.697091], [-73.842422, 42.69655], [-73.84207, 42.696233], [-73.841697, 42.695956], [-73.841506, 42.69584], [-73.841251, 42.69569], [-73.840884, 42.695505], [-73.84049, 42.695353], [-73.840186, 42.695251], [-73.839848, 42.695164], [-73.839419, 42.695077], [-73.839068, 42.69503], [-73.838228, 42.694977], [-73.83497, 42.694816], [-73.833966, 42.694767], [-73.833418, 42.694719], [-73.833017, 42.694661], [-73.832514, 42.694541]]",2022-02-04,-73.8319673123051,42.7051831118957,18582086,39242326,,PROPERTY DAMAGE,999,2022,OVERTAKING,2022/02/04,1900-01-01 09:25:00,COLLISION WITH MOTOR VEHICLE,DAYLIGHT,STRAIGHT AND LEVEL,SNOW/ICE,NONE,NOT ENTERED,"SLEET/HAIL/FREEZING RAIN
",0,1970/01/01,0,0,0,0,2,10102.0,0,NYSP LOUDONVILLE,No,595658.86871955,4728738.07712209,Not an intersection crash,,Albany,,0.0,,Colonie,I 87,87I11082003,88.0,T,11-Urban Principal Arterial Interstate,NYSDOT,NYSDOT,Adirondack Northway,55.0,"V1:(UNSAFE SPEED,PAVEMENT SLIPPERY) / V2:(NOT APPLICABLE,NOT APPLICABLE)",2022-02-04,-73.842848,42.697091
245,Feature,,"Colonie, NY",US,103.0,to I-87 S,195746310.0,4278.0,1.0,"[{'x': -73.760768, 'y': 42.77648}, {'x': -73.760882, 'y': 42.77602}, {'x': -73.761093, 'y': 42.775162}, {'x': -73.761324, 'y': 42.773888}, {'x': -73.761392, 'y': 42.773207}, {'x': -73.761891, 'y': 42.768494}, {'x': -73.762017, 'y': 42.76727}, {'x': -73.762065, 'y': 42.766731}, {'x': -73.762263, 'y': 42.764934}, {'x': -73.762427, 'y': 42.764072}, {'x': -73.762502, 'y': 42.763762}, {'x': -73.762579, 'y': 42.763481}, {'x': -73.762709, 'y': 42.763052}, {'x': -73.762907, 'y': 42.762408}, {'x': -73.763276, 'y': 42.761411}, {'x': -73.763701, 'y': 42.760512}, {'x': -73.764302, 'y': 42.759404}, {'x': -73.764671, 'y': 42.758817}, {'x': -73.76553, 'y': 42.757628}, {'x': -73.766477, 'y': 42.756456}, {'x': -73.76693, 'y': 42.755931}, {'x': -73.769192, 'y': 42.753199}, {'x': -73.769879, 'y': 42.752339}, {'x': -73.770908, 'y': 42.751098}, {'x': -73.771582, 'y': 42.750327}, {'x': -73.772273, 'y': 42.749608}, {'x': -73.776275, 'y': 42.745626}, {'x': -73.780132, 'y': 42.741809}]",1643966638305.0,3.0,"[{}, {}, {}, {}, {}]",17.27777777777778,62.2,I-87 S,NONE,NONE,195746310.0,2022-02-04 09:23:58,4,False,LineString,"[[-73.760768, 42.77648], [-73.760882, 42.77602], [-73.761093, 42.775162], [-73.761324, 42.773888], [-73.761392, 42.773207], [-73.761891, 42.768494], [-73.762017, 42.76727], [-73.762065, 42.766731], [-73.762263, 42.764934], [-73.762427, 42.764072], [-73.762502, 42.763762], [-73.762579, 42.763481], [-73.762709, 42.763052], [-73.762907, 42.762408], [-73.763276, 42.761411], [-73.763701, 42.760512], [-73.764302, 42.759404], [-73.764671, 42.758817], [-73.76553, 42.757628], [-73.766477, 42.756456], [-73.76693, 42.755931], [-73.769192, 42.753199], [-73.769879, 42.752339], [-73.770908, 42.751098], [-73.771582, 42.750327], [-73.772273, 42.749608], [-73.776275, 42.745626], [-73.780132, 42.741809]]",2022-02-04,-73.7620234780376,42.7648465293339,18566305,39225543,,PROPERTY DAMAGE,999,2022,OTHER,2022/02/04,1900-01-01 09:35:00,COLLISION WITH GUIDE RAIL,DAYLIGHT,STRAIGHT AND LEVEL,SNOW/ICE,NONE,NOT ENTERED,"SLEET/HAIL/FREEZING RAIN
",0,1970/01/01,0,0,0,0,1,10102.0,0,NYSP LOUDONVILLE,No,601290.0,4735445.0,Not an intersection crash,,Albany,,0.0,,Colonie,,,,,Unknown,Unknown,Unknown,,,"V1:(UNSAFE SPEED,PAVEMENT SLIPPERY)",2022-02-04,-73.760768,42.77648
246,Feature,,"Colonie, NY",US,103.0,to I-87 S,195746310.0,4278.0,1.0,"[{'x': -73.760768, 'y': 42.77648}, {'x': -73.760882, 'y': 42.77602}, {'x': -73.761093, 'y': 42.775162}, {'x': -73.761324, 'y': 42.773888}, {'x': -73.761392, 'y': 42.773207}, {'x': -73.761891, 'y': 42.768494}, {'x': -73.762017, 'y': 42.76727}, {'x': -73.762065, 'y': 42.766731}, {'x': -73.762263, 'y': 42.764934}, {'x': -73.762427, 'y': 42.764072}, {'x': -73.762502, 'y': 42.763762}, {'x': -73.762579, 'y': 42.763481}, {'x': -73.762709, 'y': 42.763052}, {'x': -73.762907, 'y': 42.762408}, {'x': -73.763276, 'y': 42.761411}, {'x': -73.763701, 'y': 42.760512}, {'x': -73.764302, 'y': 42.759404}, {'x': -73.764671, 'y': 42.758817}, {'x': -73.76553, 'y': 42.757628}, {'x': -73.766477, 'y': 42.756456}, {'x': -73.76693, 'y': 42.755931}, {'x': -73.769192, 'y': 42.753199}, {'x': -73.769879, 'y': 42.752339}, {'x': -73.770908, 'y': 42.751098}, {'x': -73.771582, 'y': 42.750327}, {'x': -73.772273, 'y': 42.749608}, {'x': -73.776275, 'y': 42.745626}, {'x': -73.780132, 'y': 42.741809}]",1643966638305.0,3.0,"[{}, {}, {}, {}, {}]",17.27777777777778,62.2,I-87 S,NONE,NONE,195746310.0,2022-02-04 09:23:58,4,False,LineString,"[[-73.760768, 42.77648], [-73.760882, 42.77602], [-73.761093, 42.775162], [-73.761324, 42.773888], [-73.761392, 42.773207], [-73.761891, 42.768494], [-73.762017, 42.76727], [-73.762065, 42.766731], [-73.762263, 42.764934], [-73.762427, 42.764072], [-73.762502, 42.763762], [-73.762579, 42.763481], [-73.762709, 42.763052], [-73.762907, 42.762408], [-73.763276, 42.761411], [-73.763701, 42.760512], [-73.764302, 42.759404], [-73.764671, 42.758817], [-73.76553, 42.757628], [-73.766477, 42.756456], [-73.76693, 42.755931], [-73.769192, 42.753199], [-73.769879, 42.752339], [-73.770908, 42.751098], [-73.771582, 42.750327], [-73.772273, 42.749608], [-73.776275, 42.745626], [-73.780132, 42.741809]]",2022-02-04,-73.7587818438647,42.7891103717349,18562392,39221195,,PROPERTY DAMAGE,999,2022,OTHER,2022/02/04,1900-01-01 09:44:00,COLLISION WITH SIGN POST,DAYLIGHT,CURVE AND GRADE,SLUSH,NONE,NOT ENTERED,"SLEET/HAIL/FREEZING RAIN
",0,1970/01/01,0,0,0,0,1,10102.0,0,NYSP LOUDONVILLE,No,601515.58265635,4738143.3001098,Not an intersection crash,Island View Rd,Albany,4.0,250.0,,Colonie,I 87,87I11082075,88.0,T,11-Urban Principal Arterial Interstate,NYSDOT,NYSDOT,Adirondack Northway,55.0,"V1:(UNSAFE SPEED,PAVEMENT SLIPPERY)",2022-02-04,-73.760768,42.77648
247,Feature,,"Colonie, NY",US,145.0,to I-87 S,195748062.0,6057.0,1.0,"[{'x': -73.761507, 'y': 42.79156}, {'x': -73.760575, 'y': 42.790665}, {'x': -73.760081, 'y': 42.790204}, {'x': -73.759707, 'y': 42.789834}, {'x': -73.759559, 'y': 42.789677}, {'x': -73.759401, 'y': 42.7895}, {'x': -73.759149, 'y': 42.789195}, {'x': -73.75898, 'y': 42.788967}, {'x': -73.758841, 'y': 42.78876}, {'x': -73.758693, 'y': 42.78851}, {'x': -73.75854, 'y': 42.788228}, {'x': -73.758409, 'y': 42.787949}, {'x': -73.758273, 'y': 42.787552}, {'x': -73.758187, 'y': 42.787284}, {'x': -73.758133, 'y': 42.787068}, {'x': -73.758095, 'y': 42.786853}, {'x': -73.758059, 'y': 42.786629}, {'x': -73.75804, 'y': 42.78636}, {'x': -73.758055, 'y': 42.785671}, {'x': -73.758093, 'y': 42.785421}, {'x': -73.758212, 'y': 42.784899}, {'x': -73.758363, 'y': 42.784343}, {'x': -73.7592, 'y': 42.781644}, {'x': -73.759476, 'y': 42.780685}, {'x': -73.75971, 'y': 42.780015}, {'x': -73.760477, 'y': 42.777627}, {'x': -73.760752, 'y': 42.776545}, {'x': -73.760768, 'y': 42.77648}, {'x': -73.760882, 'y': 42.77602}, {'x': -73.761093, 'y': 42.775162}, {'x': -73.761324, 'y': 42.773888}, {'x': -73.761392, 'y': 42.773207}, {'x': -73.761891, 'y': 42.768494}, {'x': -73.762017, 'y': 42.76727}, {'x': -73.762065, 'y': 42.766731}, {'x': -73.762263, 'y': 42.764934}, {'x': -73.762427, 'y': 42.764072}, {'x': -73.762502, 'y': 42.763762}, {'x': -73.762579, 'y': 42.763481}, {'x': -73.762709, 'y': 42.763052}, {'x': -73.762907, 'y': 42.762408}, {'x': -73.763276, 'y': 42.761411}, {'x': -73.763701, 'y': 42.760512}, {'x': -73.764302, 'y': 42.759404}, {'x': -73.764671, 'y': 42.758817}, {'x': -73.76553, 'y': 42.757628}, {'x': -73.766477, 'y': 42.756456}, {'x': -73.76693, 'y': 42.755931}, {'x': -73.769192, 'y': 42.753199}, {'x': -73.769879, 'y': 42.752339}, {'x': -73.770908, 'y': 42.751098}, {'x': -73.771582, 'y': 42.750327}, {'x': -73.772273, 'y': 42.749608}, {'x': -73.776275, 'y': 42.745626}, {'x': -73.780132, 'y': 42.741809}]",1643966902214.0,3.0,"[{}, {}, {}, {}, {}, {}, {}]",17.155555555555555,61.76,I-87 S,NONE,NONE,195748062.0,2022-02-04 09:28:22,4,False,LineString,"[[-73.761507, 42.79156], [-73.760575, 42.790665], [-73.760081, 42.790204], [-73.759707, 42.789834], [-73.759559, 42.789677], [-73.759401, 42.7895], [-73.759149, 42.789195], [-73.75898, 42.788967], [-73.758841, 42.78876], [-73.758693, 42.78851], [-73.75854, 42.788228], [-73.758409, 42.787949], [-73.758273, 42.787552], [-73.758187, 42.787284], [-73.758133, 42.787068], [-73.758095, 42.786853], [-73.758059, 42.786629], [-73.75804, 42.78636], [-73.758055, 42.785671], [-73.758093, 42.785421], [-73.758212, 42.784899], [-73.758363, 42.784343], [-73.7592, 42.781644], [-73.759476, 42.780685], [-73.75971, 42.780015], [-73.760477, 42.777627], [-73.760752, 42.776545], [-73.760768, 42.77648], [-73.760882, 42.77602], [-73.761093, 42.775162], [-73.761324, 42.773888], [-73.761392, 42.773207], [-73.761891, 42.768494], [-73.762017, 42.76727], [-73.762065, 42.766731], [-73.762263, 42.764934], [-73.762427, 42.764072], [-73.762502, 42.763762], [-73.762579, 42.763481], [-73.762709, 42.763052], [-73.762907, 42.762408], [-73.763276, 42.761411], [-73.763701, 42.760512], [-73.764302, 42.759404], [-73.764671, 42.758817], [-73.76553, 42.757628], [-73.766477, 42.756456], [-73.76693, 42.755931], [-73.769192, 42.753199], [-73.769879, 42.752339], [-73.770908, 42.751098], [-73.771582, 42.750327], [-73.772273, 42.749608], [-73.776275, 42.745626], [-73.780132, 42.741809]]",2022-02-04,-73.7620234780376,42.7648465293339,18566305,39225543,,PROPERTY DAMAGE,999,2022,OTHER,2022/02/04,1900-01-01 09:35:00,COLLISION WITH GUIDE RAIL,DAYLIGHT,STRAIGHT AND LEVEL,SNOW/ICE,NONE,NOT ENTERED,"SLEET/HAIL/FREEZING RAIN
",0,1970/01/01,0,0,0,0,1,10102.0,0,NYSP LOUDONVILLE,No,601290.0,4735445.0,Not an intersection crash,,Albany,,0.0,,Colonie,,,,,Unknown,Unknown,Unknown,,,"V1:(UNSAFE SPEED,PAVEMENT SLIPPERY)",2022-02-04,-73.761507,42.79156
248,Feature,,"Colonie, NY",US,145.0,to I-87 S,195748062.0,6057.0,1.0,"[{'x': -73.761507, 'y': 42.79156}, {'x': -73.760575, 'y': 42.790665}, {'x': -73.760081, 'y': 42.790204}, {'x': -73.759707, 'y': 42.789834}, {'x': -73.759559, 'y': 42.789677}, {'x': -73.759401, 'y': 42.7895}, {'x': -73.759149, 'y': 42.789195}, {'x': -73.75898, 'y': 42.788967}, {'x': -73.758841, 'y': 42.78876}, {'x': -73.758693, 'y': 42.78851}, {'x': -73.75854, 'y': 42.788228}, {'x': -73.758409, 'y': 42.787949}, {'x': -73.758273, 'y': 42.787552}, {'x': -73.758187, 'y': 42.787284}, {'x': -73.758133, 'y': 42.787068}, {'x': -73.758095, 'y': 42.786853}, {'x': -73.758059, 'y': 42.786629}, {'x': -73.75804, 'y': 42.78636}, {'x': -73.758055, 'y': 42.785671}, {'x': -73.758093, 'y': 42.785421}, {'x': -73.758212, 'y': 42.784899}, {'x': -73.758363, 'y': 42.784343}, {'x': -73.7592, 'y': 42.781644}, {'x': -73.759476, 'y': 42.780685}, {'x': -73.75971, 'y': 42.780015}, {'x': -73.760477, 'y': 42.777627}, {'x': -73.760752, 'y': 42.776545}, {'x': -73.760768, 'y': 42.77648}, {'x': -73.760882, 'y': 42.77602}, {'x': -73.761093, 'y': 42.775162}, {'x': -73.761324, 'y': 42.773888}, {'x': -73.761392, 'y': 42.773207}, {'x': -73.761891, 'y': 42.768494}, {'x': -73.762017, 'y': 42.76727}, {'x': -73.762065, 'y': 42.766731}, {'x': -73.762263, 'y': 42.764934}, {'x': -73.762427, 'y': 42.764072}, {'x': -73.762502, 'y': 42.763762}, {'x': -73.762579, 'y': 42.763481}, {'x': -73.762709, 'y': 42.763052}, {'x': -73.762907, 'y': 42.762408}, {'x': -73.763276, 'y': 42.761411}, {'x': -73.763701, 'y': 42.760512}, {'x': -73.764302, 'y': 42.759404}, {'x': -73.764671, 'y': 42.758817}, {'x': -73.76553, 'y': 42.757628}, {'x': -73.766477, 'y': 42.756456}, {'x': -73.76693, 'y': 42.755931}, {'x': -73.769192, 'y': 42.753199}, {'x': -73.769879, 'y': 42.752339}, {'x': -73.770908, 'y': 42.751098}, {'x': -73.771582, 'y': 42.750327}, {'x': -73.772273, 'y': 42.749608}, {'x': -73.776275, 'y': 42.745626}, {'x': -73.780132, 'y': 42.741809}]",1643966902214.0,3.0,"[{}, {}, {}, {}, {}, {}, {}]",17.155555555555555,61.76,I-87 S,NONE,NONE,195748062.0,2022-02-04 09:28:22,4,False,LineString,"[[-73.761507, 42.79156], [-73.760575, 42.790665], [-73.760081, 42.790204], [-73.759707, 42.789834], [-73.759559, 42.789677], [-73.759401, 42.7895], [-73.759149, 42.789195], [-73.75898, 42.788967], [-73.758841, 42.78876], [-73.758693, 42.78851], [-73.75854, 42.788228], [-73.758409, 42.787949], [-73.758273, 42.787552], [-73.758187, 42.787284], [-73.758133, 42.787068], [-73.758095, 42.786853], [-73.758059, 42.786629], [-73.75804, 42.78636], [-73.758055, 42.785671], [-73.758093, 42.785421], [-73.758212, 42.784899], [-73.758363, 42.784343], [-73.7592, 42.781644], [-73.759476, 42.780685], [-73.75971, 42.780015], [-73.760477, 42.777627], [-73.760752, 42.776545], [-73.760768, 42.77648], [-73.760882, 42.77602], [-73.761093, 42.775162], [-73.761324, 42.773888], [-73.761392, 42.773207], [-73.761891, 42.768494], [-73.762017, 42.76727], [-73.762065, 42.766731], [-73.762263, 42.764934], [-73.762427, 42.764072], [-73.762502, 42.763762], [-73.762579, 42.763481], [-73.762709, 42.763052], [-73.762907, 42.762408], [-73.763276, 42.761411], [-73.763701, 42.760512], [-73.764302, 42.759404], [-73.764671, 42.758817], [-73.76553, 42.757628], [-73.766477, 42.756456], [-73.76693, 42.755931], [-73.769192, 42.753199], [-73.769879, 42.752339], [-73.770908, 42.751098], [-73.771582, 42.750327], [-73.772273, 42.749608], [-73.776275, 42.745626], [-73.780132, 42.741809]]",2022-02-04,-73.7587818438647,42.7891103717349,18562392,39221195,,PROPERTY DAMAGE,999,2022,OTHER,2022/02/04,1900-01-01 09:44:00,COLLISION WITH SIGN POST,DAYLIGHT,CURVE AND GRADE,SLUSH,NONE,NOT ENTERED,"SLEET/HAIL/FREEZING RAIN
",0,1970/01/01,0,0,0,0,1,10102.0,0,NYSP LOUDONVILLE,No,601515.58265635,4738143.3001098,Not an intersection crash,Island View Rd,Albany,4.0,250.0,,Colonie,I 87,87I11082075,88.0,T,11-Urban Principal Arterial Interstate,NYSDOT,NYSDOT,Adirondack Northway,55.0,"V1:(UNSAFE SPEED,PAVEMENT SLIPPERY)",2022-02-04,-73.761507,42.79156
249,Feature,,"Colonie, NY",US,82.0,to I-87 N,195749886.0,4380.0,1.0,"[{'x': -73.834552, 'y': 42.701397}, {'x': -73.833719, 'y': 42.702729}, {'x': -73.833323, 'y': 42.703338}, {'x': -73.832858, 'y': 42.704048}, {'x': -73.832415, 'y': 42.704663}, {'x': -73.831877, 'y': 42.705278}, {'x': -73.831189, 'y': 42.705981}, {'x': -73.830498, 'y': 42.706674}, {'x': -73.829659, 'y': 42.707403}, {'x': -73.829253, 'y': 42.707721}, {'x': -73.828466, 'y': 42.708256}, {'x': -73.826457, 'y': 42.709528}, {'x': -73.824338, 'y': 42.710854}, {'x': -73.823436, 'y': 42.711413}, {'x': -73.820703, 'y': 42.713114}, {'x': -73.819602, 'y': 42.713773}, {'x': -73.818212, 'y': 42.714672}, {'x': -73.817274, 'y': 42.715294}, {'x': -73.816947, 'y': 42.71553}, {'x': -73.815916, 'y': 42.716358}, {'x': -73.815011, 'y': 42.717119}, {'x': -73.814518, 'y': 42.717557}, {'x': -73.81445, 'y': 42.717614}, {'x': -73.8141, 'y': 42.717912}, {'x': -73.812135, 'y': 42.719582}, {'x': -73.811165, 'y': 42.720303}, {'x': -73.808949, 'y': 42.721787}, {'x': -73.808492, 'y': 42.722077}, {'x': -73.807827, 'y': 42.72248}, {'x': -73.807054, 'y': 42.722928}, {'x': -73.805872, 'y': 42.72357}, {'x': -73.805168, 'y': 42.723932}, {'x': -73.804235, 'y': 42.724389}, {'x': -73.803256, 'y': 42.724835}, {'x': -73.801502, 'y': 42.7256}, {'x': -73.799105, 'y': 42.726639}, {'x': -73.796028, 'y': 42.727961}]",1643967034223.0,3.0,"[{}, {}, {}, {}, {}, {}, {}, {}, {}]",18.42222222222222,66.32,I-87 N,NONE,NONE,195749886.0,2022-02-04 09:30:34,4,False,LineString,"[[-73.834552, 42.701397], [-73.833719, 42.702729], [-73.833323, 42.703338], [-73.832858, 42.704048], [-73.832415, 42.704663], [-73.831877, 42.705278], [-73.831189, 42.705981], [-73.830498, 42.706674], [-73.829659, 42.707403], [-73.829253, 42.707721], [-73.828466, 42.708256], [-73.826457, 42.709528], [-73.824338, 42.710854], [-73.823436, 42.711413], [-73.820703, 42.713114], [-73.819602, 42.713773], [-73.818212, 42.714672], [-73.817274, 42.715294], [-73.816947, 42.71553], [-73.815916, 42.716358], [-73.815011, 42.717119], [-73.814518, 42.717557], [-73.81445, 42.717614], [-73.8141, 42.717912], [-73.812135, 42.719582], [-73.811165, 42.720303], [-73.808949, 42.721787], [-73.808492, 42.722077], [-73.807827, 42.72248], [-73.807054, 42.722928], [-73.805872, 42.72357], [-73.805168, 42.723932], [-73.804235, 42.724389], [-73.803256, 42.724835], [-73.801502, 42.7256], [-73.799105, 42.726639], [-73.796028, 42.727961]]",2022-02-04,-73.8319673123051,42.7051831118957,18582086,39242326,,PROPERTY DAMAGE,999,2022,OVERTAKING,2022/02/04,1900-01-01 09:25:00,COLLISION WITH MOTOR VEHICLE,DAYLIGHT,STRAIGHT AND LEVEL,SNOW/ICE,NONE,NOT ENTERED,"SLEET/HAIL/FREEZING RAIN
",0,1970/01/01,0,0,0,0,2,10102.0,0,NYSP LOUDONVILLE,No,595658.86871955,4728738.07712209,Not an intersection crash,,Albany,,0.0,,Colonie,I 87,87I11082003,88.0,T,11-Urban Principal Arterial Interstate,NYSDOT,NYSDOT,Adirondack Northway,55.0,"V1:(UNSAFE SPEED,PAVEMENT SLIPPERY) / V2:(NOT APPLICABLE,NOT APPLICABLE)",2022-02-04,-73.834552,42.701397
250,Feature,,"Colonie, NY",US,79.0,to I-87 S / to NY Thruway,195751068.0,5569.0,1.0,"[{'x': -73.772273, 'y': 42.749608}, {'x': -73.776275, 'y': 42.745626}, {'x': -73.780132, 'y': 42.741809}, {'x': -73.783425, 'y': 42.738567}, {'x': -73.783802, 'y': 42.738196}, {'x': -73.78587, 'y': 42.736116}, {'x': -73.786614, 'y': 42.735369}, {'x': -73.787681, 'y': 42.7343}, {'x': -73.788417, 'y': 42.733582}, {'x': -73.788779, 'y': 42.733213}, {'x': -73.789379, 'y': 42.732628}, {'x': -73.789708, 'y': 42.732319}, {'x': -73.790508, 'y': 42.731635}, {'x': -73.791224, 'y': 42.731084}, {'x': -73.791898, 'y': 42.730608}, {'x': -73.792677, 'y': 42.730099}, {'x': -73.793792, 'y': 42.729448}, {'x': -73.794528, 'y': 42.72906}, {'x': -73.795723, 'y': 42.72849}, {'x': -73.796398, 'y': 42.728208}, {'x': -73.798554, 'y': 42.72735}, {'x': -73.801762, 'y': 42.726045}, {'x': -73.80335, 'y': 42.725391}, {'x': -73.804938, 'y': 42.724664}, {'x': -73.806085, 'y': 42.724088}, {'x': -73.806923, 'y': 42.723634}, {'x': -73.809003, 'y': 42.72247}, {'x': -73.809595, 'y': 42.722103}, {'x': -73.810474, 'y': 42.721512}, {'x': -73.811236, 'y': 42.720992}, {'x': -73.811998, 'y': 42.720411}, {'x': -73.813878, 'y': 42.718879}, {'x': -73.8146, 'y': 42.718261}, {'x': -73.814949, 'y': 42.717962}, {'x': -73.816766, 'y': 42.716409}, {'x': -73.818446, 'y': 42.715001}, {'x': -73.818762, 'y': 42.714735}, {'x': -73.819338, 'y': 42.714289}]",1643967165751.0,3.0,"[{}, {}, {}, {}, {}, {}, {}, {}, {}, {}, {}, {}, {}]",20.541666666666668,73.95,I-87 S,NONE,NONE,195751068.0,2022-02-04 09:32:45,4,False,LineString,"[[-73.772273, 42.749608], [-73.776275, 42.745626], [-73.780132, 42.741809], [-73.783425, 42.738567], [-73.783802, 42.738196], [-73.78587, 42.736116], [-73.786614, 42.735369], [-73.787681, 42.7343], [-73.788417, 42.733582], [-73.788779, 42.733213], [-73.789379, 42.732628], [-73.789708, 42.732319], [-73.790508, 42.731635], [-73.791224, 42.731084], [-73.791898, 42.730608], [-73.792677, 42.730099], [-73.793792, 42.729448], [-73.794528, 42.72906], [-73.795723, 42.72849], [-73.796398, 42.728208], [-73.798554, 42.72735], [-73.801762, 42.726045], [-73.80335, 42.725391], [-73.804938, 42.724664], [-73.806085, 42.724088], [-73.806923, 42.723634], [-73.809003, 42.72247], [-73.809595, 42.722103], [-73.810474, 42.721512], [-73.811236, 42.720992], [-73.811998, 42.720411], [-73.813878, 42.718879], [-73.8146, 42.718261], [-73.814949, 42.717962], [-73.816766, 42.716409], [-73.818446, 42.715001], [-73.818762, 42.714735], [-73.819338, 42.714289]]",2022-02-04,-73.7620234780376,42.7648465293339,18566305,39225543,,PROPERTY DAMAGE,999,2022,OTHER,2022/02/04,1900-01-01 09:35:00,COLLISION WITH GUIDE RAIL,DAYLIGHT,STRAIGHT AND LEVEL,SNOW/ICE,NONE,NOT ENTERED,"SLEET/HAIL/FREEZING RAIN
",0,1970/01/01,0,0,0,0,1,10102.0,0,NYSP LOUDONVILLE,No,601290.0,4735445.0,Not an intersection crash,,Albany,,0.0,,Colonie,,,,,Unknown,Unknown,Unknown,,,"V1:(UNSAFE SPEED,PAVEMENT SLIPPERY)",2022-02-04,-73.772273,42.749608