,type,properties.blockingAlertUuid,properties.city,properties.country,properties.delay,properties.endNode,properties.id,properties.length,properties.level,properties.line,properties.pubMillis,properties.roadType,properties.segments,properties.speed,properties.speedKMH,properties.street,properties.turnType,properties.type,properties.uuid,properties.utc_timestamp,properties.day_of_week,properties.weekday_weekend,geometry.type,geometry.coordinates,key_date_jams,X,Y,OBJECTID,CaseNumber,MaxInjuryS,CrashSever,RoadwayAcc,CaseYear,CollisionT,CrashDate,CrashTimeF,CrashType,LightCondi,RoadwayCha,RoadSurfac,TrafficCon,TrafficWay,WeatherCon,Commercial,DMVInsertD,NumberOfFa,NumberOfIn,NumberOfOt,NumberOfSe,NumberOfVe,PoliceDept,NonReporta,ReportingA,NonPublicW,UTMEasting,UTMNorthin,Intersecti,ClosestCro,CountyName,DirectionF,DistanceFr,MasterInte,CityTownNa,OnStreet,ReferenceM,ACCESS_CON,DIVIDED,FUNCTIONAL,MAINT_JURI,OWNING_JUR,NAME,POSTED_SPE,ApparentFa,key_date_crashes,jams_x,jams_y
251,Feature,,"Colonie, NY",US,102.0,I-87 N,195752824.0,5118.0,1.0,"[{'x': -73.772658, 'y': 42.74864}, {'x': -73.770009, 'y': 42.751834}, {'x': -73.768973, 'y': 42.75309}, {'x': -73.766003, 'y': 42.756671}, {'x': -73.764876, 'y': 42.758023}, {'x': -73.764531, 'y': 42.758543}, {'x': -73.764217, 'y': 42.759048}, {'x': -73.764095, 'y': 42.759277}, {'x': -73.763561, 'y': 42.760245}, {'x': -73.763106, 'y': 42.761192}, {'x': -73.762685, 'y': 42.762264}, {'x': -73.762476, 'y': 42.762938}, {'x': -73.762343, 'y': 42.763356}, {'x': -73.762219, 'y': 42.763799}, {'x': -73.762027, 'y': 42.764813}, {'x': -73.761724, 'y': 42.766827}, {'x': -73.761551, 'y': 42.7678}, {'x': -73.761551, 'y': 42.767801}, {'x': -73.761309, 'y': 42.769458}, {'x': -73.760972, 'y': 42.771503}, {'x': -73.760797, 'y': 42.772736}, {'x': -73.76063, 'y': 42.773914}, {'x': -73.760428, 'y': 42.775075}, {'x': -73.760213, 'y': 42.776158}, {'x': -73.760126, 'y': 42.776594}, {'x': -73.759927, 'y': 42.777545}, {'x': -73.759618, 'y': 42.778818}, {'x': -73.75932, 'y': 42.779975}, {'x': -73.759033, 'y': 42.780944}, {'x': -73.758871, 'y': 42.781588}, {'x': -73.75806, 'y': 42.784406}, {'x': -73.757897, 'y': 42.78507}, {'x': -73.757821, 'y': 42.785425}, {'x': -73.757792, 'y': 42.785628}, {'x': -73.757777, 'y': 42.785832}, {'x': -73.757769, 'y': 42.786019}, {'x': -73.757773, 'y': 42.786314}, {'x': -73.757793, 'y': 42.786682}, {'x': -73.757903, 'y': 42.787273}, {'x': -73.758044, 'y': 42.787728}, {'x': -73.75819, 'y': 42.788089}, {'x': -73.758333, 'y': 42.788383}, {'x': -73.758482, 'y': 42.788656}, {'x': -73.758699, 'y': 42.788998}, {'x': -73.75886, 'y': 42.789218}, {'x': -73.759028, 'y': 42.789439}, {'x': -73.759211, 'y': 42.789652}, {'x': -73.759365, 'y': 42.789816}, {'x': -73.759612, 'y': 42.790067}, {'x': -73.75985, 'y': 42.790306}, {'x': -73.760339, 'y': 42.79077}, {'x': -73.761382, 'y': 42.791751}]",1643967363883.0,3.0,"[{}, {}, {}, {}, {}, {}, {}]",18.219444444444445,65.59,I-87 N,NONE,NONE,195752824.0,2022-02-04 09:36:03,4,False,LineString,"[[-73.772658, 42.74864], [-73.770009, 42.751834], [-73.768973, 42.75309], [-73.766003, 42.756671], [-73.764876, 42.758023], [-73.764531, 42.758543], [-73.764217, 42.759048], [-73.764095, 42.759277], [-73.763561, 42.760245], [-73.763106, 42.761192], [-73.762685, 42.762264], [-73.762476, 42.762938], [-73.762343, 42.763356], [-73.762219, 42.763799], [-73.762027, 42.764813], [-73.761724, 42.766827], [-73.761551, 42.7678], [-73.761551, 42.767801], [-73.761309, 42.769458], [-73.760972, 42.771503], [-73.760797, 42.772736], [-73.76063, 42.773914], [-73.760428, 42.775075], [-73.760213, 42.776158], [-73.760126, 42.776594], [-73.759927, 42.777545], [-73.759618, 42.778818], [-73.75932, 42.779975], [-73.759033, 42.780944], [-73.758871, 42.781588], [-73.75806, 42.784406], [-73.757897, 42.78507], [-73.757821, 42.785425], [-73.757792, 42.785628], [-73.757777, 42.785832], [-73.757769, 42.786019], [-73.757773, 42.786314], [-73.757793, 42.786682], [-73.757903, 42.787273], [-73.758044, 42.787728], [-73.75819, 42.788089], [-73.758333, 42.788383], [-73.758482, 42.788656], [-73.758699, 42.788998], [-73.75886, 42.789218], [-73.759028, 42.789439], [-73.759211, 42.789652], [-73.759365, 42.789816], [-73.759612, 42.790067], [-73.75985, 42.790306], [-73.760339, 42.79077], [-73.761382, 42.791751]]",2022-02-04,-73.7620234780376,42.7648465293339,18566305,39225543,,PROPERTY DAMAGE,999,2022,OTHER,2022/02/04,1900-01-01 09:35:00,COLLISION WITH GUIDE RAIL,DAYLIGHT,STRAIGHT AND LEVEL,SNOW/ICE,NONE,NOT ENTERED,"SLEET/HAIL/FREEZING RAIN
",0,1970/01/01,0,0,0,0,1,10102.0,0,NYSP LOUDONVILLE,No,601290.0,4735445.0,Not an intersection crash,,Albany,,0.0,,Colonie,,,,,Unknown,Unknown,Unknown,,,"V1:(UNSAFE SPEED,PAVEMENT SLIPPERY)",2022-02-04,-73.772658,42.74864
252,Feature,,"Halfmoon, NY",US,62.0,I-87 N,195756446.0,2546.0,1.0,"[{'x': -73.761382, 'y': 42.791751}, {'x': -73.762206, 'y': 42.792526}, {'x': -73.762522, 'y': 42.792826}, {'x': -73.762735, 'y': 42.793035}, {'x': -73.763032, 'y': 42.793317}, {'x': -73.763181, 'y': 42.793479}, {'x': -73.763328, 'y': 42.793649}, {'x': -73.763589, 'y': 42.793955}, {'x': -73.763716, 'y': 42.794134}, {'x': -73.763844, 'y': 42.794324}, {'x': -73.764017, 'y': 42.79463}, {'x': -73.764109, 'y': 42.794829}, {'x': -73.764312, 'y': 42.79534}, {'x': -73.764382, 'y': 42.795596}, {'x': -73.764435, 'y': 42.795947}, {'x': -73.765022, 'y': 42.80594}, {'x': -73.765099, 'y': 42.806713}, {'x': -73.765301, 'y': 42.807732}, {'x': -73.765724, 'y': 42.80924}, {'x': -73.766285, 'y': 42.811435}, {'x': -73.766433, 'y': 42.812174}, {'x': -73.766622, 'y': 42.813258}, {'x': -73.766708, 'y': 42.813917}]",1643967629852.0,3.0,"[{}, {}]",16.961111111111112,61.06,I-87 N,NONE,NONE,195756446.0,2022-02-04 09:40:29,4,False,LineString,"[[-73.761382, 42.791751], [-73.762206, 42.792526], [-73.762522, 42.792826], [-73.762735, 42.793035], [-73.763032, 42.793317], [-73.763181, 42.793479], [-73.763328, 42.793649], [-73.763589, 42.793955], [-73.763716, 42.794134], [-73.763844, 42.794324], [-73.764017, 42.79463], [-73.764109, 42.794829], [-73.764312, 42.79534], [-73.764382, 42.795596], [-73.764435, 42.795947], [-73.765022, 42.80594], [-73.765099, 42.806713], [-73.765301, 42.807732], [-73.765724, 42.80924], [-73.766285, 42.811435], [-73.766433, 42.812174], [-73.766622, 42.813258], [-73.766708, 42.813917]]",2022-02-04,-73.7619748663266,42.7651247887566,18566331,39225569,,PROPERTY DAMAGE,999,2022,OTHER,2022/02/04,1900-01-01 10:08:00,COLLISION WITH GUIDE RAIL,DAYLIGHT,STRAIGHT AND LEVEL,SNOW/ICE,NONE,NOT ENTERED,"SLEET/HAIL/FREEZING RAIN
",0,1970/01/01,0,0,0,0,1,10102.0,0,NYSP LOUDONVILLE,No,601293.52396362,4735475.95785135,Not an intersection crash,Ramp,Albany,4.0,304.0,,Colonie,I 87,87I11082058,88.0,T,11-Urban Principal Arterial Interstate,NYSDOT,NYSDOT,Adirondack Northway,55.0,"V1:(UNSAFE SPEED,PAVEMENT SLIPPERY)",2022-02-04,-73.761382,42.791751
253,Feature,,"Halfmoon, NY",US,62.0,I-87 N,195756446.0,2546.0,1.0,"[{'x': -73.761382, 'y': 42.791751}, {'x': -73.762206, 'y': 42.792526}, {'x': -73.762522, 'y': 42.792826}, {'x': -73.762735, 'y': 42.793035}, {'x': -73.763032, 'y': 42.793317}, {'x': -73.763181, 'y': 42.793479}, {'x': -73.763328, 'y': 42.793649}, {'x': -73.763589, 'y': 42.793955}, {'x': -73.763716, 'y': 42.794134}, {'x': -73.763844, 'y': 42.794324}, {'x': -73.764017, 'y': 42.79463}, {'x': -73.764109, 'y': 42.794829}, {'x': -73.764312, 'y': 42.79534}, {'x': -73.764382, 'y': 42.795596}, {'x': -73.764435, 'y': 42.795947}, {'x': -73.765022, 'y': 42.80594}, {'x': -73.765099, 'y': 42.806713}, {'x': -73.765301, 'y': 42.807732}, {'x': -73.765724, 'y': 42.80924}, {'x': -73.766285, 'y': 42.811435}, {'x': -73.766433, 'y': 42.812174}, {'x': -73.766622, 'y': 42.813258}, {'x': -73.766708, 'y': 42.813917}]",1643967629852.0,3.0,"[{}, {}]",16.961111111111112,61.06,I-87 N,NONE,NONE,195756446.0,2022-02-04 09:40:29,4,False,LineString,"[[-73.761382, 42.791751], [-73.762206, 42.792526], [-73.762522, 42.792826], [-73.762735, 42.793035], [-73.763032, 42.793317], [-73.763181, 42.793479], [-73.763328, 42.793649], [-73.763589, 42.793955], [-73.763716, 42.794134], [-73.763844, 42.794324], [-73.764017, 42.79463], [-73.764109, 42.794829], [-73.764312, 42.79534], [-73.764382, 42.795596], [-73.764435, 42.795947], [-73.765022, 42.80594], [-73.765099, 42.806713], [-73.765301, 42.807732], [-73.765724, 42.80924], [-73.766285, 42.811435], [-73.766433, 42.812174], [-73.766622, 42.813258], [-73.766708, 42.813917]]",2022-02-04,-73.7620234780376,42.7648465293339,18566305,39225543,,PROPERTY DAMAGE,999,2022,OTHER,2022/02/04,1900-01-01 09:35:00,COLLISION WITH GUIDE RAIL,DAYLIGHT,STRAIGHT AND LEVEL,SNOW/ICE,NONE,NOT ENTERED,"SLEET/HAIL/FREEZING RAIN
",0,1970/01/01,0,0,0,0,1,10102.0,0,NYSP LOUDONVILLE,No,601290.0,4735445.0,Not an intersection crash,,Albany,,0.0,,Colonie,,,,,Unknown,Unknown,Unknown,,,"V1:(UNSAFE SPEED,PAVEMENT SLIPPERY)",2022-02-04,-73.761382,42.791751
254,Feature,,"Halfmoon, NY",US,62.0,I-87 N,195756446.0,2546.0,1.0,"[{'x': -73.761382, 'y': 42.791751}, {'x': -73.762206, 'y': 42.792526}, {'x': -73.762522, 'y': 42.792826}, {'x': -73.762735, 'y': 42.793035}, {'x': -73.763032, 'y': 42.793317}, {'x': -73.763181, 'y': 42.793479}, {'x': -73.763328, 'y': 42.793649}, {'x': -73.763589, 'y': 42.793955}, {'x': -73.763716, 'y': 42.794134}, {'x': -73.763844, 'y': 42.794324}, {'x': -73.764017, 'y': 42.79463}, {'x': -73.764109, 'y': 42.794829}, {'x': -73.764312, 'y': 42.79534}, {'x': -73.764382, 'y': 42.795596}, {'x': -73.764435, 'y': 42.795947}, {'x': -73.765022, 'y': 42.80594}, {'x': -73.765099, 'y': 42.806713}, {'x': -73.765301, 'y': 42.807732}, {'x': -73.765724, 'y': 42.80924}, {'x': -73.766285, 'y': 42.811435}, {'x': -73.766433, 'y': 42.812174}, {'x': -73.766622, 'y': 42.813258}, {'x': -73.766708, 'y': 42.813917}]",1643967629852.0,3.0,"[{}, {}]",16.961111111111112,61.06,I-87 N,NONE,NONE,195756446.0,2022-02-04 09:40:29,4,False,LineString,"[[-73.761382, 42.791751], [-73.762206, 42.792526], [-73.762522, 42.792826], [-73.762735, 42.793035], [-73.763032, 42.793317], [-73.763181, 42.793479], [-73.763328, 42.793649], [-73.763589, 42.793955], [-73.763716, 42.794134], [-73.763844, 42.794324], [-73.764017, 42.79463], [-73.764109, 42.794829], [-73.764312, 42.79534], [-73.764382, 42.795596], [-73.764435, 42.795947], [-73.765022, 42.80594], [-73.765099, 42.806713], [-73.765301, 42.807732], [-73.765724, 42.80924], [-73.766285, 42.811435], [-73.766433, 42.812174], [-73.766622, 42.813258], [-73.766708, 42.813917]]",2022-02-04,-73.7587818438647,42.7891103717349,18562392,39221195,,PROPERTY DAMAGE,999,2022,OTHER,2022/02/04,1900-01-01 09:44:00,COLLISION WITH SIGN POST,DAYLIGHT,CURVE AND GRADE,SLUSH,NONE,NOT ENTERED,"SLEET/HAIL/FREEZING RAIN
",0,1970/01/01,0,0,0,0,1,10102.0,0,NYSP LOUDONVILLE,No,601515.58265635,4738143.3001098,Not an intersection crash,Island View Rd,Albany,4.0,250.0,,Colonie,I 87,87I11082075,88.0,T,11-Urban Principal Arterial Interstate,NYSDOT,NYSDOT,Adirondack Northway,55.0,"V1:(UNSAFE SPEED,PAVEMENT SLIPPERY)",2022-02-04,-73.761382,42.791751
255,Feature,,"Colonie, NY",US,70.0,to I-87 N,195757658.0,3986.0,1.0,"[{'x': -73.8141, 'y': 42.717912}, {'x': -73.812135, 'y': 42.719582}, {'x': -73.811165, 'y': 42.720303}, {'x': -73.808949, 'y': 42.721787}, {'x': -73.808492, 'y': 42.722077}, {'x': -73.807827, 'y': 42.72248}, {'x': -73.807054, 'y': 42.722928}, {'x': -73.805872, 'y': 42.72357}, {'x': -73.805168, 'y': 42.723932}, {'x': -73.804235, 'y': 42.724389}, {'x': -73.803256, 'y': 42.724835}, {'x': -73.801502, 'y': 42.7256}, {'x': -73.799105, 'y': 42.726639}, {'x': -73.796028, 'y': 42.727961}, {'x': -73.795362, 'y': 42.728254}, {'x': -73.794073, 'y': 42.728825}, {'x': -73.793306, 'y': 42.729201}, {'x': -73.792703, 'y': 42.729518}, {'x': -73.791969, 'y': 42.729944}, {'x': -73.7912, 'y': 42.730444}, {'x': -73.790482, 'y': 42.730942}, {'x': -73.789942, 'y': 42.731365}, {'x': -73.789655, 'y': 42.731593}, {'x': -73.789004, 'y': 42.732179}, {'x': -73.788369, 'y': 42.73281}, {'x': -73.787856, 'y': 42.733318}, {'x': -73.783582, 'y': 42.737639}, {'x': -73.783086, 'y': 42.738147}, {'x': -73.782717, 'y': 42.738516}, {'x': -73.782067, 'y': 42.739158}, {'x': -73.781372, 'y': 42.739867}, {'x': -73.780549, 'y': 42.74068}, {'x': -73.779103, 'y': 42.742145}]",1643967761390.0,3.0,"[{}, {}, {}, {}, {}, {}, {}, {}, {}]",19.069444444444443,68.65,I-87 N,NONE,NONE,195757658.0,2022-02-04 09:42:41,4,False,LineString,"[[-73.8141, 42.717912], [-73.812135, 42.719582], [-73.811165, 42.720303], [-73.808949, 42.721787], [-73.808492, 42.722077], [-73.807827, 42.72248], [-73.807054, 42.722928], [-73.805872, 42.72357], [-73.805168, 42.723932], [-73.804235, 42.724389], [-73.803256, 42.724835], [-73.801502, 42.7256], [-73.799105, 42.726639], [-73.796028, 42.727961], [-73.795362, 42.728254], [-73.794073, 42.728825], [-73.793306, 42.729201], [-73.792703, 42.729518], [-73.791969, 42.729944], [-73.7912, 42.730444], [-73.790482, 42.730942], [-73.789942, 42.731365], [-73.789655, 42.731593], [-73.789004, 42.732179], [-73.788369, 42.73281], [-73.787856, 42.733318], [-73.783582, 42.737639], [-73.783086, 42.738147], [-73.782717, 42.738516], [-73.782067, 42.739158], [-73.781372, 42.739867], [-73.780549, 42.74068], [-73.779103, 42.742145]]",2022-02-04,-73.8319673123051,42.7051831118957,18582086,39242326,,PROPERTY DAMAGE,999,2022,OVERTAKING,2022/02/04,1900-01-01 09:25:00,COLLISION WITH MOTOR VEHICLE,DAYLIGHT,STRAIGHT AND LEVEL,SNOW/ICE,NONE,NOT ENTERED,"SLEET/HAIL/FREEZING RAIN
",0,1970/01/01,0,0,0,0,2,10102.0,0,NYSP LOUDONVILLE,No,595658.86871955,4728738.07712209,Not an intersection crash,,Albany,,0.0,,Colonie,I 87,87I11082003,88.0,T,11-Urban Principal Arterial Interstate,NYSDOT,NYSDOT,Adirondack Northway,55.0,"V1:(UNSAFE SPEED,PAVEMENT SLIPPERY) / V2:(NOT APPLICABLE,NOT APPLICABLE)",2022-02-04,-73.8141,42.717912
256,Feature,,"Colonie, NY",US,91.0,Exit 7: NY-7 E Â» Troy / Cohoes,195770120.0,4325.0,1.0,"[{'x': -73.795362, 'y': 42.728254}, {'x': -73.794073, 'y': 42.728825}, {'x': -73.793306, 'y': 42.729201}, {'x': -73.792703, 'y': 42.729518}, {'x': -73.791969, 'y': 42.729944}, {'x': -73.7912, 'y': 42.730444}, {'x': -73.790482, 'y': 42.730942}, {'x': -73.789942, 'y': 42.731365}, {'x': -73.789655, 'y': 42.731593}, {'x': -73.789004, 'y': 42.732179}, {'x': -73.788369, 'y': 42.73281}, {'x': -73.787856, 'y': 42.733318}, {'x': -73.783582, 'y': 42.737639}, {'x': -73.783086, 'y': 42.738147}, {'x': -73.782717, 'y': 42.738516}, {'x': -73.782067, 'y': 42.739158}, {'x': -73.781372, 'y': 42.739867}, {'x': -73.780549, 'y': 42.74068}, {'x': -73.779103, 'y': 42.742145}, {'x': -73.775834, 'y': 42.745424}, {'x': -73.772658, 'y': 42.74864}, {'x': -73.770009, 'y': 42.751834}, {'x': -73.768973, 'y': 42.75309}, {'x': -73.766003, 'y': 42.756671}, {'x': -73.764876, 'y': 42.758023}, {'x': -73.764531, 'y': 42.758543}, {'x': -73.764217, 'y': 42.759048}, {'x': -73.764095, 'y': 42.759277}]",1643968556483.0,3.0,"[{}, {}, {}, {}, {}, {}, {}, {}]",17.780555555555555,64.01,I-87 N,NONE,NONE,195770120.0,2022-02-04 09:55:56,4,False,LineString,"[[-73.795362, 42.728254], [-73.794073, 42.728825], [-73.793306, 42.729201], [-73.792703, 42.729518], [-73.791969, 42.729944], [-73.7912, 42.730444], [-73.790482, 42.730942], [-73.789942, 42.731365], [-73.789655, 42.731593], [-73.789004, 42.732179], [-73.788369, 42.73281], [-73.787856, 42.733318], [-73.783582, 42.737639], [-73.783086, 42.738147], [-73.782717, 42.738516], [-73.782067, 42.739158], [-73.781372, 42.739867], [-73.780549, 42.74068], [-73.779103, 42.742145], [-73.775834, 42.745424], [-73.772658, 42.74864], [-73.770009, 42.751834], [-73.768973, 42.75309], [-73.766003, 42.756671], [-73.764876, 42.758023], [-73.764531, 42.758543], [-73.764217, 42.759048], [-73.764095, 42.759277]]",2022-02-04,-73.7737403366494,42.7475275723849,18562383,39221186,,PROPERTY DAMAGE,999,2022,OTHER,2022/02/04,1900-01-01 10:15:00,COLLISION WITH GUIDE RAIL,DAYLIGHT,STRAIGHT AND LEVEL,SNOW/ICE,NONE,NOT ENTERED,SNOW,0,1970/01/01,0,0,0,0,1,10102.0,0,NYSP LOUDONVILLE,No,600359.27414377,4733507.80605943,Not an intersection crash,Ramp,Albany,4.0,283.0,,Colonie,I 87,87I11082045,88.0,T,11-Urban Principal Arterial Interstate,NYSDOT,NYSDOT,Adirondack Northway,55.0,"V1:(ALCOHOL INVOLVEMENT,UNSAFE SPEED)",2022-02-04,-73.795362,42.728254
257,Feature,,"Colonie, NY",US,71.0,to US-20 / Western Ave,195782856.0,4428.0,1.0,"[{'x': -73.783802, 'y': 42.738196}, {'x': -73.78587, 'y': 42.736116}, {'x': -73.786614, 'y': 42.735369}, {'x': -73.787681, 'y': 42.7343}, {'x': -73.788417, 'y': 42.733582}, {'x': -73.788779, 'y': 42.733213}, {'x': -73.789379, 'y': 42.732628}, {'x': -73.789708, 'y': 42.732319}, {'x': -73.790508, 'y': 42.731635}, {'x': -73.791224, 'y': 42.731084}, {'x': -73.791898, 'y': 42.730608}, {'x': -73.792677, 'y': 42.730099}, {'x': -73.793792, 'y': 42.729448}, {'x': -73.794528, 'y': 42.72906}, {'x': -73.795723, 'y': 42.72849}, {'x': -73.796398, 'y': 42.728208}, {'x': -73.798554, 'y': 42.72735}, {'x': -73.801762, 'y': 42.726045}, {'x': -73.80335, 'y': 42.725391}, {'x': -73.804938, 'y': 42.724664}, {'x': -73.806085, 'y': 42.724088}, {'x': -73.806923, 'y': 42.723634}, {'x': -73.809003, 'y': 42.72247}, {'x': -73.809595, 'y': 42.722103}, {'x': -73.810474, 'y': 42.721512}, {'x': -73.811236, 'y': 42.720992}, {'x': -73.811998, 'y': 42.720411}, {'x': -73.813878, 'y': 42.718879}, {'x': -73.8146, 'y': 42.718261}, {'x': -73.814949, 'y': 42.717962}, {'x': -73.816766, 'y': 42.716409}, {'x': -73.818446, 'y': 42.715001}, {'x': -73.818762, 'y': 42.714735}, {'x': -73.819338, 'y': 42.714289}, {'x': -73.819783, 'y': 42.713955}, {'x': -73.820152, 'y': 42.713699}, {'x': -73.822805, 'y': 42.71204}, {'x': -73.82338, 'y': 42.711702}]",1643969682150.0,3.0,"[{}, {}, {}, {}, {}, {}, {}, {}, {}, {}, {}]",19.63055555555556,70.67,I-87 S,NONE,NONE,195782856.0,2022-02-04 10:14:42,4,False,LineString,"[[-73.783802, 42.738196], [-73.78587, 42.736116], [-73.786614, 42.735369], [-73.787681, 42.7343], [-73.788417, 42.733582], [-73.788779, 42.733213], [-73.789379, 42.732628], [-73.789708, 42.732319], [-73.790508, 42.731635], [-73.791224, 42.731084], [-73.791898, 42.730608], [-73.792677, 42.730099], [-73.793792, 42.729448], [-73.794528, 42.72906], [-73.795723, 42.72849], [-73.796398, 42.728208], [-73.798554, 42.72735], [-73.801762, 42.726045], [-73.80335, 42.725391], [-73.804938, 42.724664], [-73.806085, 42.724088], [-73.806923, 42.723634], [-73.809003, 42.72247], [-73.809595, 42.722103], [-73.810474, 42.721512], [-73.811236, 42.720992], [-73.811998, 42.720411], [-73.813878, 42.718879], [-73.8146, 42.718261], [-73.814949, 42.717962], [-73.816766, 42.716409], [-73.818446, 42.715001], [-73.818762, 42.714735], [-73.819338, 42.714289], [-73.819783, 42.713955], [-73.820152, 42.713699], [-73.822805, 42.71204], [-73.82338, 42.711702]]",2022-02-04,-73.7737403366494,42.7475275723849,18562383,39221186,,PROPERTY DAMAGE,999,2022,OTHER,2022/02/04,1900-01-01 10:15:00,COLLISION WITH GUIDE RAIL,DAYLIGHT,STRAIGHT AND LEVEL,SNOW/ICE,NONE,NOT ENTERED,SNOW,0,1970/01/01,0,0,0,0,1,10102.0,0,NYSP LOUDONVILLE,No,600359.27414377,4733507.80605943,Not an intersection crash,Ramp,Albany,4.0,283.0,,Colonie,I 87,87I11082045,88.0,T,11-Urban Principal Arterial Interstate,NYSDOT,NYSDOT,Adirondack Northway,55.0,"V1:(ALCOHOL INVOLVEMENT,UNSAFE SPEED)",2022-02-04,-73.783802,42.738196
258,Feature,,"Colonie, NY",US,65.0,Exit 7: NY-7 E Â» Troy / Cohoes,195785170.0,3725.0,1.0,"[{'x': -73.789655, 'y': 42.731593}, {'x': -73.789004, 'y': 42.732179}, {'x': -73.788369, 'y': 42.73281}, {'x': -73.787856, 'y': 42.733318}, {'x': -73.783582, 'y': 42.737639}, {'x': -73.783086, 'y': 42.738147}, {'x': -73.782717, 'y': 42.738516}, {'x': -73.782067, 'y': 42.739158}, {'x': -73.781372, 'y': 42.739867}, {'x': -73.780549, 'y': 42.74068}, {'x': -73.779103, 'y': 42.742145}, {'x': -73.775834, 'y': 42.745424}, {'x': -73.772658, 'y': 42.74864}, {'x': -73.770009, 'y': 42.751834}, {'x': -73.768973, 'y': 42.75309}, {'x': -73.766003, 'y': 42.756671}, {'x': -73.764876, 'y': 42.758023}, {'x': -73.764531, 'y': 42.758543}, {'x': -73.764217, 'y': 42.759048}, {'x': -73.764095, 'y': 42.759277}]",1643969813895.0,3.0,"[{}, {}, {}, {}, {}, {}, {}]",19.025,68.49,I-87 N,NONE,NONE,195785170.0,2022-02-04 10:16:53,4,False,LineString,"[[-73.789655, 42.731593], [-73.789004, 42.732179], [-73.788369, 42.73281], [-73.787856, 42.733318], [-73.783582, 42.737639], [-73.783086, 42.738147], [-73.782717, 42.738516], [-73.782067, 42.739158], [-73.781372, 42.739867], [-73.780549, 42.74068], [-73.779103, 42.742145], [-73.775834, 42.745424], [-73.772658, 42.74864], [-73.770009, 42.751834], [-73.768973, 42.75309], [-73.766003, 42.756671], [-73.764876, 42.758023], [-73.764531, 42.758543], [-73.764217, 42.759048], [-73.764095, 42.759277]]",2022-02-04,-73.7737403366494,42.7475275723849,18562383,39221186,,PROPERTY DAMAGE,999,2022,OTHER,2022/02/04,1900-01-01 10:15:00,COLLISION WITH GUIDE RAIL,DAYLIGHT,STRAIGHT AND LEVEL,SNOW/ICE,NONE,NOT ENTERED,SNOW,0,1970/01/01,0,0,0,0,1,10102.0,0,NYSP LOUDONVILLE,No,600359.27414377,4733507.80605943,Not an intersection crash,Ramp,Albany,4.0,283.0,,Colonie,I 87,87I11082045,88.0,T,11-Urban Principal Arterial Interstate,NYSDOT,NYSDOT,Adirondack Northway,55.0,"V1:(ALCOHOL INVOLVEMENT,UNSAFE SPEED)",2022-02-04,-73.789655,42.731593
259,Feature,,"Colonie, NY",US,107.0,to I-87 S,195793608.0,6382.0,1.0,"[{'x': -73.760575, 'y': 42.790665}, {'x': -73.760081, 'y': 42.790204}, {'x': -73.759707, 'y': 42.789834}, {'x': -73.759559, 'y': 42.789677}, {'x': -73.759401, 'y': 42.7895}, {'x': -73.759149, 'y': 42.789195}, {'x': -73.75898, 'y': 42.788967}, {'x': -73.758841, 'y': 42.78876}, {'x': -73.758693, 'y': 42.78851}, {'x': -73.75854, 'y': 42.788228}, {'x': -73.758409, 'y': 42.787949}, {'x': -73.758273, 'y': 42.787552}, {'x': -73.758187, 'y': 42.787284}, {'x': -73.758133, 'y': 42.787068}, {'x': -73.758095, 'y': 42.786853}, {'x': -73.758059, 'y': 42.786629}, {'x': -73.75804, 'y': 42.78636}, {'x': -73.758055, 'y': 42.785671}, {'x': -73.758093, 'y': 42.785421}, {'x': -73.758212, 'y': 42.784899}, {'x': -73.758363, 'y': 42.784343}, {'x': -73.7592, 'y': 42.781644}, {'x': -73.759476, 'y': 42.780685}, {'x': -73.75971, 'y': 42.780015}, {'x': -73.760477, 'y': 42.777627}, {'x': -73.760752, 'y': 42.776545}, {'x': -73.760768, 'y': 42.77648}, {'x': -73.760882, 'y': 42.77602}, {'x': -73.761093, 'y': 42.775162}, {'x': -73.761324, 'y': 42.773888}, {'x': -73.761392, 'y': 42.773207}, {'x': -73.761891, 'y': 42.768494}, {'x': -73.762017, 'y': 42.76727}, {'x': -73.762065, 'y': 42.766731}, {'x': -73.762263, 'y': 42.764934}, {'x': -73.762427, 'y': 42.764072}, {'x': -73.762502, 'y': 42.763762}, {'x': -73.762579, 'y': 42.763481}, {'x': -73.762709, 'y': 42.763052}, {'x': -73.762907, 'y': 42.762408}, {'x': -73.763276, 'y': 42.761411}, {'x': -73.763701, 'y': 42.760512}, {'x': -73.764302, 'y': 42.759404}, {'x': -73.764671, 'y': 42.758817}, {'x': -73.76553, 'y': 42.757628}, {'x': -73.766477, 'y': 42.756456}, {'x': -73.76693, 'y': 42.755931}, {'x': -73.769192, 'y': 42.753199}, {'x': -73.769879, 'y': 42.752339}, {'x': -73.770908, 'y': 42.751098}, {'x': -73.771582, 'y': 42.750327}, {'x': -73.772273, 'y': 42.749608}, {'x': -73.776275, 'y': 42.745626}, {'x': -73.780132, 'y': 42.741809}, {'x': -73.783425, 'y': 42.738567}]",1643970409406.0,3.0,"[{}, {}, {}, {}, {}, {}, {}]",19.594444444444445,70.54,I-87 S,NONE,NONE,195793608.0,2022-02-04 10:26:49,4,False,LineString,"[[-73.760575, 42.790665], [-73.760081, 42.790204], [-73.759707, 42.789834], [-73.759559, 42.789677], [-73.759401, 42.7895], [-73.759149, 42.789195], [-73.75898, 42.788967], [-73.758841, 42.78876], [-73.758693, 42.78851], [-73.75854, 42.788228], [-73.758409, 42.787949], [-73.758273, 42.787552], [-73.758187, 42.787284], [-73.758133, 42.787068], [-73.758095, 42.786853], [-73.758059, 42.786629], [-73.75804, 42.78636], [-73.758055, 42.785671], [-73.758093, 42.785421], [-73.758212, 42.784899], [-73.758363, 42.784343], [-73.7592, 42.781644], [-73.759476, 42.780685], [-73.75971, 42.780015], [-73.760477, 42.777627], [-73.760752, 42.776545], [-73.760768, 42.77648], [-73.760882, 42.77602], [-73.761093, 42.775162], [-73.761324, 42.773888], [-73.761392, 42.773207], [-73.761891, 42.768494], [-73.762017, 42.76727], [-73.762065, 42.766731], [-73.762263, 42.764934], [-73.762427, 42.764072], [-73.762502, 42.763762], [-73.762579, 42.763481], [-73.762709, 42.763052], [-73.762907, 42.762408], [-73.763276, 42.761411], [-73.763701, 42.760512], [-73.764302, 42.759404], [-73.764671, 42.758817], [-73.76553, 42.757628], [-73.766477, 42.756456], [-73.76693, 42.755931], [-73.769192, 42.753199], [-73.769879, 42.752339], [-73.770908, 42.751098], [-73.771582, 42.750327], [-73.772273, 42.749608], [-73.776275, 42.745626], [-73.780132, 42.741809], [-73.783425, 42.738567]]",2022-02-04,-73.7619748663266,42.7651247887566,18566331,39225569,,PROPERTY DAMAGE,999,2022,OTHER,2022/02/04,1900-01-01 10:08:00,COLLISION WITH GUIDE RAIL,DAYLIGHT,STRAIGHT AND LEVEL,SNOW/ICE,NONE,NOT ENTERED,"SLEET/HAIL/FREEZING RAIN
",0,1970/01/01,0,0,0,0,1,10102.0,0,NYSP LOUDONVILLE,No,601293.52396362,4735475.95785135,Not an intersection crash,Ramp,Albany,4.0,304.0,,Colonie,I 87,87I11082058,88.0,T,11-Urban Principal Arterial Interstate,NYSDOT,NYSDOT,Adirondack Northway,55.0,"V1:(UNSAFE SPEED,PAVEMENT SLIPPERY)",2022-02-04,-73.760575,42.790665