,type,properties.blockingAlertUuid,properties.city,properties.country,properties.delay,properties.endNode,properties.id,properties.length,properties.level,properties.line,properties.pubMillis,properties.roadType,properties.segments,properties.speed,properties.speedKMH,properties.street,properties.turnType,properties.type,properties.uuid,properties.utc_timestamp,properties.day_of_week,properties.weekday_weekend,geometry.type,geometry.coordinates,key_date_jams,X,Y,OBJECTID,CaseNumber,MaxInjuryS,CrashSever,RoadwayAcc,CaseYear,CollisionT,CrashDate,CrashTimeF,CrashType,LightCondi,RoadwayCha,RoadSurfac,TrafficCon,TrafficWay,WeatherCon,Commercial,DMVInsertD,NumberOfFa,NumberOfIn,NumberOfOt,NumberOfSe,NumberOfVe,PoliceDept,NonReporta,ReportingA,NonPublicW,UTMEasting,UTMNorthin,Intersecti,ClosestCro,CountyName,DirectionF,DistanceFr,MasterInte,CityTownNa,OnStreet,ReferenceM,ACCESS_CON,DIVIDED,FUNCTIONAL,MAINT_JURI,OWNING_JUR,NAME,POSTED_SPE,ApparentFa,key_date_crashes,jams_x,jams_y
260,Feature,,"Colonie, NY",US,89.0,to I-87 S,195804872.0,4172.0,1.0,"[{'x': -73.761891, 'y': 42.768494}, {'x': -73.762017, 'y': 42.76727}, {'x': -73.762065, 'y': 42.766731}, {'x': -73.762263, 'y': 42.764934}, {'x': -73.762427, 'y': 42.764072}, {'x': -73.762502, 'y': 42.763762}, {'x': -73.762579, 'y': 42.763481}, {'x': -73.762709, 'y': 42.763052}, {'x': -73.762907, 'y': 42.762408}, {'x': -73.763276, 'y': 42.761411}, {'x': -73.763701, 'y': 42.760512}, {'x': -73.764302, 'y': 42.759404}, {'x': -73.764671, 'y': 42.758817}, {'x': -73.76553, 'y': 42.757628}, {'x': -73.766477, 'y': 42.756456}, {'x': -73.76693, 'y': 42.755931}, {'x': -73.769192, 'y': 42.753199}, {'x': -73.769879, 'y': 42.752339}, {'x': -73.770908, 'y': 42.751098}, {'x': -73.771582, 'y': 42.750327}, {'x': -73.772273, 'y': 42.749608}, {'x': -73.776275, 'y': 42.745626}, {'x': -73.780132, 'y': 42.741809}, {'x': -73.783425, 'y': 42.738567}, {'x': -73.783802, 'y': 42.738196}, {'x': -73.78587, 'y': 42.736116}]",1643971008738.0,3.0,"[{}, {}, {}, {}, {}, {}]",18.06111111111111,65.02,I-87 S,NONE,NONE,195804872.0,2022-02-04 10:36:48,4,False,LineString,"[[-73.761891, 42.768494], [-73.762017, 42.76727], [-73.762065, 42.766731], [-73.762263, 42.764934], [-73.762427, 42.764072], [-73.762502, 42.763762], [-73.762579, 42.763481], [-73.762709, 42.763052], [-73.762907, 42.762408], [-73.763276, 42.761411], [-73.763701, 42.760512], [-73.764302, 42.759404], [-73.764671, 42.758817], [-73.76553, 42.757628], [-73.766477, 42.756456], [-73.76693, 42.755931], [-73.769192, 42.753199], [-73.769879, 42.752339], [-73.770908, 42.751098], [-73.771582, 42.750327], [-73.772273, 42.749608], [-73.776275, 42.745626], [-73.780132, 42.741809], [-73.783425, 42.738567], [-73.783802, 42.738196], [-73.78587, 42.736116]]",2022-02-04,-73.7619748663266,42.7651247887566,18566331,39225569,,PROPERTY DAMAGE,999,2022,OTHER,2022/02/04,1900-01-01 10:08:00,COLLISION WITH GUIDE RAIL,DAYLIGHT,STRAIGHT AND LEVEL,SNOW/ICE,NONE,NOT ENTERED,"SLEET/HAIL/FREEZING RAIN
",0,1970/01/01,0,0,0,0,1,10102.0,0,NYSP LOUDONVILLE,No,601293.52396362,4735475.95785135,Not an intersection crash,Ramp,Albany,4.0,304.0,,Colonie,I 87,87I11082058,88.0,T,11-Urban Principal Arterial Interstate,NYSDOT,NYSDOT,Adirondack Northway,55.0,"V1:(UNSAFE SPEED,PAVEMENT SLIPPERY)",2022-02-04,-73.761891,42.768494
261,Feature,,"Colonie, NY",US,89.0,to I-87 S,195804872.0,4172.0,1.0,"[{'x': -73.761891, 'y': 42.768494}, {'x': -73.762017, 'y': 42.76727}, {'x': -73.762065, 'y': 42.766731}, {'x': -73.762263, 'y': 42.764934}, {'x': -73.762427, 'y': 42.764072}, {'x': -73.762502, 'y': 42.763762}, {'x': -73.762579, 'y': 42.763481}, {'x': -73.762709, 'y': 42.763052}, {'x': -73.762907, 'y': 42.762408}, {'x': -73.763276, 'y': 42.761411}, {'x': -73.763701, 'y': 42.760512}, {'x': -73.764302, 'y': 42.759404}, {'x': -73.764671, 'y': 42.758817}, {'x': -73.76553, 'y': 42.757628}, {'x': -73.766477, 'y': 42.756456}, {'x': -73.76693, 'y': 42.755931}, {'x': -73.769192, 'y': 42.753199}, {'x': -73.769879, 'y': 42.752339}, {'x': -73.770908, 'y': 42.751098}, {'x': -73.771582, 'y': 42.750327}, {'x': -73.772273, 'y': 42.749608}, {'x': -73.776275, 'y': 42.745626}, {'x': -73.780132, 'y': 42.741809}, {'x': -73.783425, 'y': 42.738567}, {'x': -73.783802, 'y': 42.738196}, {'x': -73.78587, 'y': 42.736116}]",1643971008738.0,3.0,"[{}, {}, {}, {}, {}, {}]",18.06111111111111,65.02,I-87 S,NONE,NONE,195804872.0,2022-02-04 10:36:48,4,False,LineString,"[[-73.761891, 42.768494], [-73.762017, 42.76727], [-73.762065, 42.766731], [-73.762263, 42.764934], [-73.762427, 42.764072], [-73.762502, 42.763762], [-73.762579, 42.763481], [-73.762709, 42.763052], [-73.762907, 42.762408], [-73.763276, 42.761411], [-73.763701, 42.760512], [-73.764302, 42.759404], [-73.764671, 42.758817], [-73.76553, 42.757628], [-73.766477, 42.756456], [-73.76693, 42.755931], [-73.769192, 42.753199], [-73.769879, 42.752339], [-73.770908, 42.751098], [-73.771582, 42.750327], [-73.772273, 42.749608], [-73.776275, 42.745626], [-73.780132, 42.741809], [-73.783425, 42.738567], [-73.783802, 42.738196], [-73.78587, 42.736116]]",2022-02-04,-73.7737403366494,42.7475275723849,18562383,39221186,,PROPERTY DAMAGE,999,2022,OTHER,2022/02/04,1900-01-01 10:15:00,COLLISION WITH GUIDE RAIL,DAYLIGHT,STRAIGHT AND LEVEL,SNOW/ICE,NONE,NOT ENTERED,SNOW,0,1970/01/01,0,0,0,0,1,10102.0,0,NYSP LOUDONVILLE,No,600359.27414377,4733507.80605943,Not an intersection crash,Ramp,Albany,4.0,283.0,,Colonie,I 87,87I11082045,88.0,T,11-Urban Principal Arterial Interstate,NYSDOT,NYSDOT,Adirondack Northway,55.0,"V1:(ALCOHOL INVOLVEMENT,UNSAFE SPEED)",2022-02-04,-73.761891,42.768494
262,Feature,,"Colonie, NY",US,126.0,I-87 N,195805708.0,6512.0,1.0,"[{'x': -73.782717, 'y': 42.738516}, {'x': -73.782067, 'y': 42.739158}, {'x': -73.781372, 'y': 42.739867}, {'x': -73.780549, 'y': 42.74068}, {'x': -73.779103, 'y': 42.742145}, {'x': -73.775834, 'y': 42.745424}, {'x': -73.772658, 'y': 42.74864}, {'x': -73.770009, 'y': 42.751834}, {'x': -73.768973, 'y': 42.75309}, {'x': -73.766003, 'y': 42.756671}, {'x': -73.764876, 'y': 42.758023}, {'x': -73.764531, 'y': 42.758543}, {'x': -73.764217, 'y': 42.759048}, {'x': -73.764095, 'y': 42.759277}, {'x': -73.763561, 'y': 42.760245}, {'x': -73.763106, 'y': 42.761192}, {'x': -73.762685, 'y': 42.762264}, {'x': -73.762476, 'y': 42.762938}, {'x': -73.762343, 'y': 42.763356}, {'x': -73.762219, 'y': 42.763799}, {'x': -73.762027, 'y': 42.764813}, {'x': -73.761724, 'y': 42.766827}, {'x': -73.761551, 'y': 42.7678}, {'x': -73.761551, 'y': 42.767801}, {'x': -73.761309, 'y': 42.769458}, {'x': -73.760972, 'y': 42.771503}, {'x': -73.760797, 'y': 42.772736}, {'x': -73.76063, 'y': 42.773914}, {'x': -73.760428, 'y': 42.775075}, {'x': -73.760213, 'y': 42.776158}, {'x': -73.760126, 'y': 42.776594}, {'x': -73.759927, 'y': 42.777545}, {'x': -73.759618, 'y': 42.778818}, {'x': -73.75932, 'y': 42.779975}, {'x': -73.759033, 'y': 42.780944}, {'x': -73.758871, 'y': 42.781588}, {'x': -73.75806, 'y': 42.784406}, {'x': -73.757897, 'y': 42.78507}, {'x': -73.757821, 'y': 42.785425}, {'x': -73.757792, 'y': 42.785628}, {'x': -73.757777, 'y': 42.785832}, {'x': -73.757769, 'y': 42.786019}, {'x': -73.757773, 'y': 42.786314}, {'x': -73.757793, 'y': 42.786682}, {'x': -73.757903, 'y': 42.787273}, {'x': -73.758044, 'y': 42.787728}, {'x': -73.75819, 'y': 42.788089}, {'x': -73.758333, 'y': 42.788383}, {'x': -73.758482, 'y': 42.788656}, {'x': -73.758699, 'y': 42.788998}, {'x': -73.75886, 'y': 42.789218}, {'x': -73.759028, 'y': 42.789439}, {'x': -73.759211, 'y': 42.789652}, {'x': -73.759365, 'y': 42.789816}, {'x': -73.759612, 'y': 42.790067}, {'x': -73.75985, 'y': 42.790306}, {'x': -73.760339, 'y': 42.79077}, {'x': -73.761382, 'y': 42.791751}]",1643971008935.0,3.0,"[{}, {}, {}, {}, {}, {}, {}, {}, {}, {}]",18.427777777777777,66.34,I-87 N,NONE,NONE,195805708.0,2022-02-04 10:36:48,4,False,LineString,"[[-73.782717, 42.738516], [-73.782067, 42.739158], [-73.781372, 42.739867], [-73.780549, 42.74068], [-73.779103, 42.742145], [-73.775834, 42.745424], [-73.772658, 42.74864], [-73.770009, 42.751834], [-73.768973, 42.75309], [-73.766003, 42.756671], [-73.764876, 42.758023], [-73.764531, 42.758543], [-73.764217, 42.759048], [-73.764095, 42.759277], [-73.763561, 42.760245], [-73.763106, 42.761192], [-73.762685, 42.762264], [-73.762476, 42.762938], [-73.762343, 42.763356], [-73.762219, 42.763799], [-73.762027, 42.764813], [-73.761724, 42.766827], [-73.761551, 42.7678], [-73.761551, 42.767801], [-73.761309, 42.769458], [-73.760972, 42.771503], [-73.760797, 42.772736], [-73.76063, 42.773914], [-73.760428, 42.775075], [-73.760213, 42.776158], [-73.760126, 42.776594], [-73.759927, 42.777545], [-73.759618, 42.778818], [-73.75932, 42.779975], [-73.759033, 42.780944], [-73.758871, 42.781588], [-73.75806, 42.784406], [-73.757897, 42.78507], [-73.757821, 42.785425], [-73.757792, 42.785628], [-73.757777, 42.785832], [-73.757769, 42.786019], [-73.757773, 42.786314], [-73.757793, 42.786682], [-73.757903, 42.787273], [-73.758044, 42.787728], [-73.75819, 42.788089], [-73.758333, 42.788383], [-73.758482, 42.788656], [-73.758699, 42.788998], [-73.75886, 42.789218], [-73.759028, 42.789439], [-73.759211, 42.789652], [-73.759365, 42.789816], [-73.759612, 42.790067], [-73.75985, 42.790306], [-73.760339, 42.79077], [-73.761382, 42.791751]]",2022-02-04,-73.7737403366494,42.7475275723849,18562383,39221186,,PROPERTY DAMAGE,999,2022,OTHER,2022/02/04,1900-01-01 10:15:00,COLLISION WITH GUIDE RAIL,DAYLIGHT,STRAIGHT AND LEVEL,SNOW/ICE,NONE,NOT ENTERED,SNOW,0,1970/01/01,0,0,0,0,1,10102.0,0,NYSP LOUDONVILLE,No,600359.27414377,4733507.80605943,Not an intersection crash,Ramp,Albany,4.0,283.0,,Colonie,I 87,87I11082045,88.0,T,11-Urban Principal Arterial Interstate,NYSDOT,NYSDOT,Adirondack Northway,55.0,"V1:(ALCOHOL INVOLVEMENT,UNSAFE SPEED)",2022-02-04,-73.782717,42.738516
263,Feature,,"Colonie, NY",US,87.0,I-87 N,195818114.0,4073.0,1.0,"[{'x': -73.766003, 'y': 42.756671}, {'x': -73.764876, 'y': 42.758023}, {'x': -73.764531, 'y': 42.758543}, {'x': -73.764217, 'y': 42.759048}, {'x': -73.764095, 'y': 42.759277}, {'x': -73.763561, 'y': 42.760245}, {'x': -73.763106, 'y': 42.761192}, {'x': -73.762685, 'y': 42.762264}, {'x': -73.762476, 'y': 42.762938}, {'x': -73.762343, 'y': 42.763356}, {'x': -73.762219, 'y': 42.763799}, {'x': -73.762027, 'y': 42.764813}, {'x': -73.761724, 'y': 42.766827}, {'x': -73.761551, 'y': 42.7678}, {'x': -73.761551, 'y': 42.767801}, {'x': -73.761309, 'y': 42.769458}, {'x': -73.760972, 'y': 42.771503}, {'x': -73.760797, 'y': 42.772736}, {'x': -73.76063, 'y': 42.773914}, {'x': -73.760428, 'y': 42.775075}, {'x': -73.760213, 'y': 42.776158}, {'x': -73.760126, 'y': 42.776594}, {'x': -73.759927, 'y': 42.777545}, {'x': -73.759618, 'y': 42.778818}, {'x': -73.75932, 'y': 42.779975}, {'x': -73.759033, 'y': 42.780944}, {'x': -73.758871, 'y': 42.781588}, {'x': -73.75806, 'y': 42.784406}, {'x': -73.757897, 'y': 42.78507}, {'x': -73.757821, 'y': 42.785425}, {'x': -73.757792, 'y': 42.785628}, {'x': -73.757777, 'y': 42.785832}, {'x': -73.757769, 'y': 42.786019}, {'x': -73.757773, 'y': 42.786314}, {'x': -73.757793, 'y': 42.786682}, {'x': -73.757903, 'y': 42.787273}, {'x': -73.758044, 'y': 42.787728}, {'x': -73.75819, 'y': 42.788089}, {'x': -73.758333, 'y': 42.788383}, {'x': -73.758482, 'y': 42.788656}, {'x': -73.758699, 'y': 42.788998}, {'x': -73.75886, 'y': 42.789218}, {'x': -73.759028, 'y': 42.789439}, {'x': -73.759211, 'y': 42.789652}, {'x': -73.759365, 'y': 42.789816}, {'x': -73.759612, 'y': 42.790067}, {'x': -73.75985, 'y': 42.790306}, {'x': -73.760339, 'y': 42.79077}, {'x': -73.761382, 'y': 42.791751}]",1643971549734.0,3.0,"[{}, {}, {}, {}, {}, {}]",17.825,64.17,I-87 N,NONE,NONE,195818114.0,2022-02-04 10:45:49,4,False,LineString,"[[-73.766003, 42.756671], [-73.764876, 42.758023], [-73.764531, 42.758543], [-73.764217, 42.759048], [-73.764095, 42.759277], [-73.763561, 42.760245], [-73.763106, 42.761192], [-73.762685, 42.762264], [-73.762476, 42.762938], [-73.762343, 42.763356], [-73.762219, 42.763799], [-73.762027, 42.764813], [-73.761724, 42.766827], [-73.761551, 42.7678], [-73.761551, 42.767801], [-73.761309, 42.769458], [-73.760972, 42.771503], [-73.760797, 42.772736], [-73.76063, 42.773914], [-73.760428, 42.775075], [-73.760213, 42.776158], [-73.760126, 42.776594], [-73.759927, 42.777545], [-73.759618, 42.778818], [-73.75932, 42.779975], [-73.759033, 42.780944], [-73.758871, 42.781588], [-73.75806, 42.784406], [-73.757897, 42.78507], [-73.757821, 42.785425], [-73.757792, 42.785628], [-73.757777, 42.785832], [-73.757769, 42.786019], [-73.757773, 42.786314], [-73.757793, 42.786682], [-73.757903, 42.787273], [-73.758044, 42.787728], [-73.75819, 42.788089], [-73.758333, 42.788383], [-73.758482, 42.788656], [-73.758699, 42.788998], [-73.75886, 42.789218], [-73.759028, 42.789439], [-73.759211, 42.789652], [-73.759365, 42.789816], [-73.759612, 42.790067], [-73.75985, 42.790306], [-73.760339, 42.79077], [-73.761382, 42.791751]]",2022-02-04,-73.7737403366494,42.7475275723849,18562383,39221186,,PROPERTY DAMAGE,999,2022,OTHER,2022/02/04,1900-01-01 10:15:00,COLLISION WITH GUIDE RAIL,DAYLIGHT,STRAIGHT AND LEVEL,SNOW/ICE,NONE,NOT ENTERED,SNOW,0,1970/01/01,0,0,0,0,1,10102.0,0,NYSP LOUDONVILLE,No,600359.27414377,4733507.80605943,Not an intersection crash,Ramp,Albany,4.0,283.0,,Colonie,I 87,87I11082045,88.0,T,11-Urban Principal Arterial Interstate,NYSDOT,NYSDOT,Adirondack Northway,55.0,"V1:(ALCOHOL INVOLVEMENT,UNSAFE SPEED)",2022-02-04,-73.766003,42.756671
264,Feature,,"Colonie, NY",US,131.0,Exit 7: NY-7 E Â» Troy / Cohoes,195865270.0,8768.0,1.0,"[{'x': -73.834552, 'y': 42.701397}, {'x': -73.833719, 'y': 42.702729}, {'x': -73.833323, 'y': 42.703338}, {'x': -73.832858, 'y': 42.704048}, {'x': -73.832415, 'y': 42.704663}, {'x': -73.831877, 'y': 42.705278}, {'x': -73.831189, 'y': 42.705981}, {'x': -73.830498, 'y': 42.706674}, {'x': -73.829659, 'y': 42.707403}, {'x': -73.829253, 'y': 42.707721}, {'x': -73.828466, 'y': 42.708256}, {'x': -73.826457, 'y': 42.709528}, {'x': -73.824338, 'y': 42.710854}, {'x': -73.823436, 'y': 42.711413}, {'x': -73.820703, 'y': 42.713114}, {'x': -73.819602, 'y': 42.713773}, {'x': -73.818212, 'y': 42.714672}, {'x': -73.817274, 'y': 42.715294}, {'x': -73.816947, 'y': 42.71553}, {'x': -73.815916, 'y': 42.716358}, {'x': -73.815011, 'y': 42.717119}, {'x': -73.814518, 'y': 42.717557}, {'x': -73.81445, 'y': 42.717614}, {'x': -73.8141, 'y': 42.717912}, {'x': -73.812135, 'y': 42.719582}, {'x': -73.811165, 'y': 42.720303}, {'x': -73.808949, 'y': 42.721787}, {'x': -73.808492, 'y': 42.722077}, {'x': -73.807827, 'y': 42.72248}, {'x': -73.807054, 'y': 42.722928}, {'x': -73.805872, 'y': 42.72357}, {'x': -73.805168, 'y': 42.723932}, {'x': -73.804235, 'y': 42.724389}, {'x': -73.803256, 'y': 42.724835}, {'x': -73.801502, 'y': 42.7256}, {'x': -73.799105, 'y': 42.726639}, {'x': -73.796028, 'y': 42.727961}, {'x': -73.795362, 'y': 42.728254}, {'x': -73.794073, 'y': 42.728825}, {'x': -73.793306, 'y': 42.729201}, {'x': -73.792703, 'y': 42.729518}, {'x': -73.791969, 'y': 42.729944}, {'x': -73.7912, 'y': 42.730444}, {'x': -73.790482, 'y': 42.730942}, {'x': -73.789942, 'y': 42.731365}, {'x': -73.789655, 'y': 42.731593}, {'x': -73.789004, 'y': 42.732179}, {'x': -73.788369, 'y': 42.73281}, {'x': -73.787856, 'y': 42.733318}, {'x': -73.783582, 'y': 42.737639}, {'x': -73.783086, 'y': 42.738147}, {'x': -73.782717, 'y': 42.738516}, {'x': -73.782067, 'y': 42.739158}, {'x': -73.781372, 'y': 42.739867}, {'x': -73.780549, 'y': 42.74068}, {'x': -73.779103, 'y': 42.742145}, {'x': -73.775834, 'y': 42.745424}, {'x': -73.772658, 'y': 42.74864}, {'x': -73.770009, 'y': 42.751834}, {'x': -73.768973, 'y': 42.75309}, {'x': -73.766003, 'y': 42.756671}, {'x': -73.764876, 'y': 42.758023}, {'x': -73.764531, 'y': 42.758543}, {'x': -73.764217, 'y': 42.759048}, {'x': -73.764095, 'y': 42.759277}]",1643973113382.0,3.0,"[{}, {}, {}, {}, {}, {}, {}, {}, {}, {}, {}, {}, {}, {}, {}, {}, {}, {}]",19.925,71.73,I-87 N,NONE,NONE,195865270.0,2022-02-04 11:11:53,4,False,LineString,"[[-73.834552, 42.701397], [-73.833719, 42.702729], [-73.833323, 42.703338], [-73.832858, 42.704048], [-73.832415, 42.704663], [-73.831877, 42.705278], [-73.831189, 42.705981], [-73.830498, 42.706674], [-73.829659, 42.707403], [-73.829253, 42.707721], [-73.828466, 42.708256], [-73.826457, 42.709528], [-73.824338, 42.710854], [-73.823436, 42.711413], [-73.820703, 42.713114], [-73.819602, 42.713773], [-73.818212, 42.714672], [-73.817274, 42.715294], [-73.816947, 42.71553], [-73.815916, 42.716358], [-73.815011, 42.717119], [-73.814518, 42.717557], [-73.81445, 42.717614], [-73.8141, 42.717912], [-73.812135, 42.719582], [-73.811165, 42.720303], [-73.808949, 42.721787], [-73.808492, 42.722077], [-73.807827, 42.72248], [-73.807054, 42.722928], [-73.805872, 42.72357], [-73.805168, 42.723932], [-73.804235, 42.724389], [-73.803256, 42.724835], [-73.801502, 42.7256], [-73.799105, 42.726639], [-73.796028, 42.727961], [-73.795362, 42.728254], [-73.794073, 42.728825], [-73.793306, 42.729201], [-73.792703, 42.729518], [-73.791969, 42.729944], [-73.7912, 42.730444], [-73.790482, 42.730942], [-73.789942, 42.731365], [-73.789655, 42.731593], [-73.789004, 42.732179], [-73.788369, 42.73281], [-73.787856, 42.733318], [-73.783582, 42.737639], [-73.783086, 42.738147], [-73.782717, 42.738516], [-73.782067, 42.739158], [-73.781372, 42.739867], [-73.780549, 42.74068], [-73.779103, 42.742145], [-73.775834, 42.745424], [-73.772658, 42.74864], [-73.770009, 42.751834], [-73.768973, 42.75309], [-73.766003, 42.756671], [-73.764876, 42.758023], [-73.764531, 42.758543], [-73.764217, 42.759048], [-73.764095, 42.759277]]",2022-02-04,-73.8443460400976,42.6960144094932,18562549,39221352,,PROPERTY DAMAGE,999,2022,OTHER,2022/02/04,1900-01-01 11:21:00,COLLISION WITH GUIDE RAIL,DAYLIGHT,STRAIGHT/ GRADE,SNOW/ICE,NONE,NOT ENTERED,"SLEET/HAIL/FREEZING RAIN
",0,1970/01/01,0,0,0,0,1,10102.0,0,NYSP LOUDONVILLE,No,594659.0,4727706.0,Not an intersection crash,,Albany,,0.0,,Albany,,,,,Unknown,Unknown,Unknown,,,"V1:(UNSAFE SPEED,PAVEMENT SLIPPERY)",2022-02-04,-73.834552,42.701397
265,Feature,,"Albany, NY",US,62.0,Exit 5: Everett Rd,195881210.0,3921.0,1.0,"[{'x': -73.842848, 'y': 42.697091}, {'x': -73.842422, 'y': 42.69655}, {'x': -73.84207, 'y': 42.696233}, {'x': -73.841697, 'y': 42.695956}, {'x': -73.841506, 'y': 42.69584}, {'x': -73.841251, 'y': 42.69569}, {'x': -73.840884, 'y': 42.695505}, {'x': -73.84049, 'y': 42.695353}, {'x': -73.840186, 'y': 42.695251}, {'x': -73.839848, 'y': 42.695164}, {'x': -73.839419, 'y': 42.695077}, {'x': -73.839068, 'y': 42.69503}, {'x': -73.838228, 'y': 42.694977}, {'x': -73.83497, 'y': 42.694816}, {'x': -73.833966, 'y': 42.694767}, {'x': -73.833418, 'y': 42.694719}, {'x': -73.833017, 'y': 42.694661}, {'x': -73.832514, 'y': 42.694541}, {'x': -73.830621, 'y': 42.694095}, {'x': -73.826474, 'y': 42.692982}, {'x': -73.825437, 'y': 42.692688}, {'x': -73.824624, 'y': 42.692442}, {'x': -73.823836, 'y': 42.692189}, {'x': -73.823393, 'y': 42.692039}, {'x': -73.821017, 'y': 42.691194}, {'x': -73.819357, 'y': 42.69057}, {'x': -73.81654, 'y': 42.689515}, {'x': -73.813212, 'y': 42.688347}, {'x': -73.812928, 'y': 42.688255}, {'x': -73.812333, 'y': 42.688063}, {'x': -73.811672, 'y': 42.687897}, {'x': -73.809165, 'y': 42.68738}, {'x': -73.808298, 'y': 42.687201}, {'x': -73.805655, 'y': 42.686739}, {'x': -73.805161, 'y': 42.686673}, {'x': -73.804722, 'y': 42.686633}, {'x': -73.804228, 'y': 42.686613}, {'x': -73.80383, 'y': 42.686605}, {'x': -73.803279, 'y': 42.686622}, {'x': -73.802709, 'y': 42.686667}, {'x': -73.802244, 'y': 42.686718}, {'x': -73.802013, 'y': 42.686752}, {'x': -73.800194, 'y': 42.687027}, {'x': -73.799607, 'y': 42.687097}, {'x': -73.799265, 'y': 42.687129}, {'x': -73.798846, 'y': 42.687146}, {'x': -73.79833, 'y': 42.687135}]",1643973525263.0,3.0,"[{}, {}, {}, {}, {}, {}, {}, {}]",19.26944444444445,69.37,I-90 E,NONE,NONE,195881210.0,2022-02-04 11:18:45,4,False,LineString,"[[-73.842848, 42.697091], [-73.842422, 42.69655], [-73.84207, 42.696233], [-73.841697, 42.695956], [-73.841506, 42.69584], [-73.841251, 42.69569], [-73.840884, 42.695505], [-73.84049, 42.695353], [-73.840186, 42.695251], [-73.839848, 42.695164], [-73.839419, 42.695077], [-73.839068, 42.69503], [-73.838228, 42.694977], [-73.83497, 42.694816], [-73.833966, 42.694767], [-73.833418, 42.694719], [-73.833017, 42.694661], [-73.832514, 42.694541], [-73.830621, 42.694095], [-73.826474, 42.692982], [-73.825437, 42.692688], [-73.824624, 42.692442], [-73.823836, 42.692189], [-73.823393, 42.692039], [-73.821017, 42.691194], [-73.819357, 42.69057], [-73.81654, 42.689515], [-73.813212, 42.688347], [-73.812928, 42.688255], [-73.812333, 42.688063], [-73.811672, 42.687897], [-73.809165, 42.68738], [-73.808298, 42.687201], [-73.805655, 42.686739], [-73.805161, 42.686673], [-73.804722, 42.686633], [-73.804228, 42.686613], [-73.80383, 42.686605], [-73.803279, 42.686622], [-73.802709, 42.686667], [-73.802244, 42.686718], [-73.802013, 42.686752], [-73.800194, 42.687027], [-73.799607, 42.687097], [-73.799265, 42.687129], [-73.798846, 42.687146], [-73.79833, 42.687135]]",2022-02-04,-73.8443460400976,42.6960144094932,18562549,39221352,,PROPERTY DAMAGE,999,2022,OTHER,2022/02/04,1900-01-01 11:21:00,COLLISION WITH GUIDE RAIL,DAYLIGHT,STRAIGHT/ GRADE,SNOW/ICE,NONE,NOT ENTERED,"SLEET/HAIL/FREEZING RAIN
",0,1970/01/01,0,0,0,0,1,10102.0,0,NYSP LOUDONVILLE,No,594659.0,4727706.0,Not an intersection crash,,Albany,,0.0,,Albany,,,,,Unknown,Unknown,Unknown,,,"V1:(UNSAFE SPEED,PAVEMENT SLIPPERY)",2022-02-04,-73.842848,42.697091