,type,properties.blockingAlertUuid,properties.city,properties.country,properties.delay,properties.endNode,properties.id,properties.length,properties.level,properties.line,properties.pubMillis,properties.roadType,properties.segments,properties.speed,properties.speedKMH,properties.street,properties.turnType,properties.type,properties.uuid,properties.utc_timestamp,properties.day_of_week,properties.weekday_weekend,geometry.type,geometry.coordinates,key_date_jams,X,Y,OBJECTID,CaseNumber,MaxInjuryS,CrashSever,RoadwayAcc,CaseYear,CollisionT,CrashDate,CrashTimeF,CrashType,LightCondi,RoadwayCha,RoadSurfac,TrafficCon,TrafficWay,WeatherCon,Commercial,DMVInsertD,NumberOfFa,NumberOfIn,NumberOfOt,NumberOfSe,NumberOfVe,PoliceDept,NonReporta,ReportingA,NonPublicW,UTMEasting,UTMNorthin,Intersecti,ClosestCro,CountyName,DirectionF,DistanceFr,MasterInte,CityTownNa,OnStreet,ReferenceM,ACCESS_CON,DIVIDED,FUNCTIONAL,MAINT_JURI,OWNING_JUR,NAME,POSTED_SPE,ApparentFa,key_date_crashes,jams_x,jams_y
271,Feature,,"Colesville, NY",US,172.0,to I-88 W / Binghamton,198302676.0,4718.0,2.0,"[{'x': -75.651318, 'y': 42.189254}, {'x': -75.652527, 'y': 42.189794}, {'x': -75.653318, 'y': 42.19023}, {'x': -75.653946, 'y': 42.190621}, {'x': -75.654541, 'y': 42.191033}, {'x': -75.654971, 'y': 42.191368}, {'x': -75.65733, 'y': 42.193362}, {'x': -75.657902, 'y': 42.193866}, {'x': -75.658518, 'y': 42.194352}, {'x': -75.659692, 'y': 42.195182}, {'x': -75.660518, 'y': 42.195666}, {'x': -75.661285, 'y': 42.196065}, {'x': -75.661674, 'y': 42.19625}, {'x': -75.662784, 'y': 42.196699}, {'x': -75.663827, 'y': 42.197051}, {'x': -75.6646, 'y': 42.197264}, {'x': -75.665661, 'y': 42.197511}, {'x': -75.666357, 'y': 42.197638}, {'x': -75.667421, 'y': 42.197783}, {'x': -75.668374, 'y': 42.197857}, {'x': -75.669234, 'y': 42.197901}, {'x': -75.669906, 'y': 42.197906}, {'x': -75.671308, 'y': 42.197847}, {'x': -75.672104, 'y': 42.19777}, {'x': -75.672569, 'y': 42.197707}, {'x': -75.673707, 'y': 42.197515}, {'x': -75.674379, 'y': 42.197364}, {'x': -75.67519, 'y': 42.19715}, {'x': -75.675929, 'y': 42.196921}, {'x': -75.676345, 'y': 42.196789}, {'x': -75.67687, 'y': 42.196622}, {'x': -75.677801, 'y': 42.196198}, {'x': -75.678624, 'y': 42.195787}, {'x': -75.679408, 'y': 42.195333}, {'x': -75.680032, 'y': 42.194938}, {'x': -75.680576, 'y': 42.194551}, {'x': -75.680816, 'y': 42.194382}, {'x': -75.681672, 'y': 42.193663}, {'x': -75.686619, 'y': 42.188651}, {'x': -75.687031, 'y': 42.18828}, {'x': -75.687374, 'y': 42.188}, {'x': -75.687733, 'y': 42.187727}, {'x': -75.688029, 'y': 42.187522}, {'x': -75.688393, 'y': 42.187291}, {'x': -75.688784, 'y': 42.187069}, {'x': -75.689298, 'y': 42.186808}, {'x': -75.689843, 'y': 42.186564}, {'x': -75.690211, 'y': 42.186412}, {'x': -75.690577, 'y': 42.186282}, {'x': -75.69098, 'y': 42.186155}, {'x': -75.691395, 'y': 42.186032}, {'x': -75.691918, 'y': 42.185902}, {'x': -75.692426, 'y': 42.1858}, {'x': -75.692908, 'y': 42.185714}, {'x': -75.69339, 'y': 42.185655}, {'x': -75.693989, 'y': 42.185597}, {'x': -75.694593, 'y': 42.185565}, {'x': -75.695266, 'y': 42.185563}, {'x': -75.695944, 'y': 42.185592}, {'x': -75.696405, 'y': 42.185631}, {'x': -75.696865, 'y': 42.185682}, {'x': -75.697819, 'y': 42.185835}]",1643985581031.0,3.0,"[{}, {}, {}]",14.397222222222222,51.83,I-88 W,NONE,NONE,198302676.0,2022-02-04 14:39:41,4,False,MultiLineString,"[[[-75.651318, 42.189254], [-75.652527, 42.189794]], [[-75.652527, 42.189794], [-75.653318, 42.19023]], [[-75.653318, 42.19023], [-75.653946, 42.190621]], [[-75.653946, 42.190621], [-75.654541, 42.191033]], [[-75.654541, 42.191033], [-75.654971, 42.191368]], [[-75.654971, 42.191368], [-75.65733, 42.193362]], [[-75.65733, 42.193362], [-75.657902, 42.193866]], [[-75.657902, 42.193866], [-75.658518, 42.194352]], [[-75.658518, 42.194352], [-75.659692, 42.195182]], [[-75.659692, 42.195182], [-75.660518, 42.195666]], [[-75.660518, 42.195666], [-75.661285, 42.196065]], [[-75.661285, 42.196065], [-75.661674, 42.19625]], [[-75.661674, 42.19625], [-75.662784, 42.196699]], [[-75.662784, 42.196699], [-75.663827, 42.197051]], [[-75.663827, 42.197051], [-75.6646, 42.197264]], [[-75.6646, 42.197264], [-75.665661, 42.197511]], [[-75.665661, 42.197511], [-75.666357, 42.197638]], [[-75.666357, 42.197638], [-75.667421, 42.197783]], [[-75.667421, 42.197783], [-75.668374, 42.197857]], [[-75.668374, 42.197857], [-75.669234, 42.197901]], [[-75.669234, 42.197901], [-75.669906, 42.197906]], [[-75.669906, 42.197906], [-75.671308, 42.197847]], [[-75.671308, 42.197847], [-75.672104, 42.19777]], [[-75.672104, 42.19777], [-75.672569, 42.197707]], [[-75.672569, 42.197707], [-75.673707, 42.197515]], [[-75.673707, 42.197515], [-75.674379, 42.197364]], [[-75.674379, 42.197364], [-75.67519, 42.19715]], [[-75.67519, 42.19715], [-75.675929, 42.196921]], [[-75.675929, 42.196921], [-75.676345, 42.196789]], [[-75.676345, 42.196789], [-75.67687, 42.196622]], [[-75.67687, 42.196622], [-75.677801, 42.196198]], [[-75.677801, 42.196198], [-75.678624, 42.195787]], [[-75.678624, 42.195787], [-75.679408, 42.195333]], [[-75.679408, 42.195333], [-75.680032, 42.194938]], [[-75.680032, 42.194938], [-75.680576, 42.194551]], [[-75.680576, 42.194551], [-75.680816, 42.194382]], [[-75.680816, 42.194382], [-75.681672, 42.193663]], [[-75.681672, 42.193663], [-75.686619, 42.188651]], [[-75.686619, 42.188651], [-75.687031, 42.18828]], [[-75.687031, 42.18828], [-75.687374, 42.188]], [[-75.687374, 42.188], [-75.687733, 42.187727]], [[-75.687733, 42.187727], [-75.688029, 42.187522]], [[-75.688029, 42.187522], [-75.688393, 42.187291]], [[-75.688393, 42.187291], [-75.688784, 42.187069]], [[-75.688784, 42.187069], [-75.689298, 42.186808]], [[-75.689298, 42.186808], [-75.689843, 42.186564]], [[-75.689843, 42.186564], [-75.690211, 42.186412]], [[-75.690211, 42.186412], [-75.690577, 42.186282]], [[-75.690577, 42.186282], [-75.69098, 42.186155]], [[-75.69098, 42.186155], [-75.691395, 42.186032]], [[-75.691395, 42.186032], [-75.691918, 42.185902]], [[-75.691918, 42.185902], [-75.692426, 42.1858]], [[-75.692426, 42.1858], [-75.692908, 42.185714]], [[-75.692908, 42.185714], [-75.69339, 42.185655]], [[-75.69339, 42.185655], [-75.693989, 42.185597]], [[-75.693989, 42.185597], [-75.694593, 42.185565]], [[-75.694593, 42.185565], [-75.695266, 42.185563]], [[-75.695266, 42.185563], [-75.695944, 42.185592]], [[-75.695944, 42.185592], [-75.696405, 42.185631]], [[-75.696405, 42.185631], [-75.696865, 42.185682]], [[-75.696865, 42.185682], [-75.697819, 42.185835]]]",2022-02-04,-75.6645956824931,42.1973058896103,18562353,39221155,,PROPERTY DAMAGE,999,2022,OTHER,2022/02/04,1900-01-01 14:52:00,COLLISION WITH SNOW EMBANKMENT,DAYLIGHT,CURVE AND GRADE,SNOW/ICE,NONE,NOT ENTERED,SNOW,0,1970/01/01,0,0,0,0,1,11101.0,0,NYSP CORTLAND,No,445130.0,4671897.0,Not an intersection crash,,Broome,,0.0,,Colesville,,,,,Unknown,Unknown,Unknown,,,"V1:(UNSAFE SPEED,PAVEMENT SLIPPERY)",2022-02-04,-75.651318,42.189254
272,Feature,,"Albany, NY",US,63.0,Exit 6: US-9 Â» Loudonville / Arbor Hill,200090606.0,4013.0,1.0,"[{'x': -73.797829, 'y': 42.687117}, {'x': -73.797311, 'y': 42.687076}, {'x': -73.796992, 'y': 42.687038}, {'x': -73.79639, 'y': 42.68695}, {'x': -73.79582, 'y': 42.686853}, {'x': -73.793941, 'y': 42.686531}, {'x': -73.793449, 'y': 42.686443}, {'x': -73.793011, 'y': 42.686343}, {'x': -73.792688, 'y': 42.686251}, {'x': -73.792307, 'y': 42.68613}, {'x': -73.791983, 'y': 42.686005}, {'x': -73.791697, 'y': 42.685885}, {'x': -73.791414, 'y': 42.685753}, {'x': -73.791192, 'y': 42.68564}, {'x': -73.79065, 'y': 42.685324}, {'x': -73.789729, 'y': 42.684772}, {'x': -73.788093, 'y': 42.683764}, {'x': -73.787433, 'y': 42.683374}, {'x': -73.786739, 'y': 42.683025}, {'x': -73.785797, 'y': 42.682664}, {'x': -73.785096, 'y': 42.682442}, {'x': -73.78451, 'y': 42.682287}, {'x': -73.783839, 'y': 42.682141}, {'x': -73.783146, 'y': 42.682039}, {'x': -73.782801, 'y': 42.681995}, {'x': -73.782279, 'y': 42.681938}, {'x': -73.77796, 'y': 42.681508}, {'x': -73.77686, 'y': 42.681398}, {'x': -73.775759, 'y': 42.681277}, {'x': -73.775205, 'y': 42.681202}, {'x': -73.774601, 'y': 42.681115}, {'x': -73.773516, 'y': 42.680939}, {'x': -73.772949, 'y': 42.680839}, {'x': -73.772383, 'y': 42.680719}, {'x': -73.771841, 'y': 42.680592}, {'x': -73.770757, 'y': 42.680337}, {'x': -73.770091, 'y': 42.680154}, {'x': -73.768389, 'y': 42.679585}, {'x': -73.766839, 'y': 42.678915}, {'x': -73.765726, 'y': 42.678346}, {'x': -73.765144, 'y': 42.678013}, {'x': -73.76314, 'y': 42.676674}, {'x': -73.761844, 'y': 42.675796}, {'x': -73.758169, 'y': 42.673335}, {'x': -73.755306, 'y': 42.671384}]",1643993791077.0,3.0,"[{}, {}, {}, {}, {}, {}]",18.93611111111111,68.17,I-90 E,NONE,NONE,200090606.0,2022-02-04 16:56:31,4,False,LineString,"[[-73.797829, 42.687117], [-73.797311, 42.687076], [-73.796992, 42.687038], [-73.79639, 42.68695], [-73.79582, 42.686853], [-73.793941, 42.686531], [-73.793449, 42.686443], [-73.793011, 42.686343], [-73.792688, 42.686251], [-73.792307, 42.68613], [-73.791983, 42.686005], [-73.791697, 42.685885], [-73.791414, 42.685753], [-73.791192, 42.68564], [-73.79065, 42.685324], [-73.789729, 42.684772], [-73.788093, 42.683764], [-73.787433, 42.683374], [-73.786739, 42.683025], [-73.785797, 42.682664], [-73.785096, 42.682442], [-73.78451, 42.682287], [-73.783839, 42.682141], [-73.783146, 42.682039], [-73.782801, 42.681995], [-73.782279, 42.681938], [-73.77796, 42.681508], [-73.77686, 42.681398], [-73.775759, 42.681277], [-73.775205, 42.681202], [-73.774601, 42.681115], [-73.773516, 42.680939], [-73.772949, 42.680839], [-73.772383, 42.680719], [-73.771841, 42.680592], [-73.770757, 42.680337], [-73.770091, 42.680154], [-73.768389, 42.679585], [-73.766839, 42.678915], [-73.765726, 42.678346], [-73.765144, 42.678013], [-73.76314, 42.676674], [-73.761844, 42.675796], [-73.758169, 42.673335], [-73.755306, 42.671384]]",2022-02-04,-73.8188082194168,42.6905365304508,18566464,39225702,,PROPERTY DAMAGE,999,2022,OTHER,2022/02/04,1900-01-01 17:24:00,COLLISION WITH OTHER BARRIER,DARK-ROAD UNLIGHTED,STRAIGHT AND LEVEL,SNOW/ICE,NONE,NOT ENTERED,"SLEET/HAIL/FREEZING RAIN
",0,1970/01/01,0,0,0,0,1,10102.0,0,NYSP LOUDONVILLE,No,596759.31777372,4727126.64371678,Not an intersection crash,Ramp,Albany,8.0,282.0,,Albany,I 90,90I11011014,88.0,T,11-Urban Principal Arterial Interstate,NYSDOT,NYSDOT,,55.0,"V1:(UNSAFE SPEED,PAVEMENT SLIPPERY)",2022-02-04,-73.797829,42.687117
273,Feature,,"Albany, NY",US,64.0,Exit 6: US-9 Â» Loudonville / Arbor Hill,200179690.0,4013.0,1.0,"[{'x': -73.797829, 'y': 42.687117}, {'x': -73.797311, 'y': 42.687076}, {'x': -73.796992, 'y': 42.687038}, {'x': -73.79639, 'y': 42.68695}, {'x': -73.79582, 'y': 42.686853}, {'x': -73.793941, 'y': 42.686531}, {'x': -73.793449, 'y': 42.686443}, {'x': -73.793011, 'y': 42.686343}, {'x': -73.792688, 'y': 42.686251}, {'x': -73.792307, 'y': 42.68613}, {'x': -73.791983, 'y': 42.686005}, {'x': -73.791697, 'y': 42.685885}, {'x': -73.791414, 'y': 42.685753}, {'x': -73.791192, 'y': 42.68564}, {'x': -73.79065, 'y': 42.685324}, {'x': -73.789729, 'y': 42.684772}, {'x': -73.788093, 'y': 42.683764}, {'x': -73.787433, 'y': 42.683374}, {'x': -73.786739, 'y': 42.683025}, {'x': -73.785797, 'y': 42.682664}, {'x': -73.785096, 'y': 42.682442}, {'x': -73.78451, 'y': 42.682287}, {'x': -73.783839, 'y': 42.682141}, {'x': -73.783146, 'y': 42.682039}, {'x': -73.782801, 'y': 42.681995}, {'x': -73.782279, 'y': 42.681938}, {'x': -73.77796, 'y': 42.681508}, {'x': -73.77686, 'y': 42.681398}, {'x': -73.775759, 'y': 42.681277}, {'x': -73.775205, 'y': 42.681202}, {'x': -73.774601, 'y': 42.681115}, {'x': -73.773516, 'y': 42.680939}, {'x': -73.772949, 'y': 42.680839}, {'x': -73.772383, 'y': 42.680719}, {'x': -73.771841, 'y': 42.680592}, {'x': -73.770757, 'y': 42.680337}, {'x': -73.770091, 'y': 42.680154}, {'x': -73.768389, 'y': 42.679585}, {'x': -73.766839, 'y': 42.678915}, {'x': -73.765726, 'y': 42.678346}, {'x': -73.765144, 'y': 42.678013}, {'x': -73.76314, 'y': 42.676674}, {'x': -73.761844, 'y': 42.675796}, {'x': -73.758169, 'y': 42.673335}, {'x': -73.755306, 'y': 42.671384}]",1643994177789.0,3.0,"[{}, {}, {}, {}, {}, {}]",18.90833333333333,68.07,I-90 E,NONE,NONE,200179690.0,2022-02-04 17:02:57,4,False,LineString,"[[-73.797829, 42.687117], [-73.797311, 42.687076], [-73.796992, 42.687038], [-73.79639, 42.68695], [-73.79582, 42.686853], [-73.793941, 42.686531], [-73.793449, 42.686443], [-73.793011, 42.686343], [-73.792688, 42.686251], [-73.792307, 42.68613], [-73.791983, 42.686005], [-73.791697, 42.685885], [-73.791414, 42.685753], [-73.791192, 42.68564], [-73.79065, 42.685324], [-73.789729, 42.684772], [-73.788093, 42.683764], [-73.787433, 42.683374], [-73.786739, 42.683025], [-73.785797, 42.682664], [-73.785096, 42.682442], [-73.78451, 42.682287], [-73.783839, 42.682141], [-73.783146, 42.682039], [-73.782801, 42.681995], [-73.782279, 42.681938], [-73.77796, 42.681508], [-73.77686, 42.681398], [-73.775759, 42.681277], [-73.775205, 42.681202], [-73.774601, 42.681115], [-73.773516, 42.680939], [-73.772949, 42.680839], [-73.772383, 42.680719], [-73.771841, 42.680592], [-73.770757, 42.680337], [-73.770091, 42.680154], [-73.768389, 42.679585], [-73.766839, 42.678915], [-73.765726, 42.678346], [-73.765144, 42.678013], [-73.76314, 42.676674], [-73.761844, 42.675796], [-73.758169, 42.673335], [-73.755306, 42.671384]]",2022-02-04,-73.8188082194168,42.6905365304508,18566464,39225702,,PROPERTY DAMAGE,999,2022,OTHER,2022/02/04,1900-01-01 17:24:00,COLLISION WITH OTHER BARRIER,DARK-ROAD UNLIGHTED,STRAIGHT AND LEVEL,SNOW/ICE,NONE,NOT ENTERED,"SLEET/HAIL/FREEZING RAIN
",0,1970/01/01,0,0,0,0,1,10102.0,0,NYSP LOUDONVILLE,No,596759.31777372,4727126.64371678,Not an intersection crash,Ramp,Albany,8.0,282.0,,Albany,I 90,90I11011014,88.0,T,11-Urban Principal Arterial Interstate,NYSDOT,NYSDOT,,55.0,"V1:(UNSAFE SPEED,PAVEMENT SLIPPERY)",2022-02-04,-73.797829,42.687117
274,Feature,,"Albany, NY",US,97.0,to I-90 E,200227580.0,6163.0,1.0,"[{'x': -73.832514, 'y': 42.694541}, {'x': -73.830621, 'y': 42.694095}, {'x': -73.826474, 'y': 42.692982}, {'x': -73.825437, 'y': 42.692688}, {'x': -73.824624, 'y': 42.692442}, {'x': -73.823836, 'y': 42.692189}, {'x': -73.823393, 'y': 42.692039}, {'x': -73.821017, 'y': 42.691194}, {'x': -73.819357, 'y': 42.69057}, {'x': -73.81654, 'y': 42.689515}, {'x': -73.813212, 'y': 42.688347}, {'x': -73.812928, 'y': 42.688255}, {'x': -73.812333, 'y': 42.688063}, {'x': -73.811672, 'y': 42.687897}, {'x': -73.809165, 'y': 42.68738}, {'x': -73.808298, 'y': 42.687201}, {'x': -73.805655, 'y': 42.686739}, {'x': -73.805161, 'y': 42.686673}, {'x': -73.804722, 'y': 42.686633}, {'x': -73.804228, 'y': 42.686613}, {'x': -73.80383, 'y': 42.686605}, {'x': -73.803279, 'y': 42.686622}, {'x': -73.802709, 'y': 42.686667}, {'x': -73.802244, 'y': 42.686718}, {'x': -73.802013, 'y': 42.686752}, {'x': -73.800194, 'y': 42.687027}, {'x': -73.799607, 'y': 42.687097}, {'x': -73.799265, 'y': 42.687129}, {'x': -73.798846, 'y': 42.687146}, {'x': -73.79833, 'y': 42.687135}, {'x': -73.797829, 'y': 42.687117}, {'x': -73.797311, 'y': 42.687076}, {'x': -73.796992, 'y': 42.687038}, {'x': -73.79639, 'y': 42.68695}, {'x': -73.79582, 'y': 42.686853}, {'x': -73.793941, 'y': 42.686531}, {'x': -73.793449, 'y': 42.686443}, {'x': -73.793011, 'y': 42.686343}, {'x': -73.792688, 'y': 42.686251}, {'x': -73.792307, 'y': 42.68613}, {'x': -73.791983, 'y': 42.686005}, {'x': -73.791697, 'y': 42.685885}, {'x': -73.791414, 'y': 42.685753}, {'x': -73.791192, 'y': 42.68564}, {'x': -73.79065, 'y': 42.685324}, {'x': -73.789729, 'y': 42.684772}, {'x': -73.788093, 'y': 42.683764}, {'x': -73.787433, 'y': 42.683374}, {'x': -73.786739, 'y': 42.683025}, {'x': -73.785797, 'y': 42.682664}, {'x': -73.785096, 'y': 42.682442}, {'x': -73.78451, 'y': 42.682287}, {'x': -73.783839, 'y': 42.682141}, {'x': -73.783146, 'y': 42.682039}, {'x': -73.782801, 'y': 42.681995}, {'x': -73.782279, 'y': 42.681938}, {'x': -73.77796, 'y': 42.681508}, {'x': -73.77686, 'y': 42.681398}, {'x': -73.775759, 'y': 42.681277}, {'x': -73.775205, 'y': 42.681202}, {'x': -73.774601, 'y': 42.681115}, {'x': -73.773516, 'y': 42.680939}, {'x': -73.772949, 'y': 42.680839}, {'x': -73.772383, 'y': 42.680719}, {'x': -73.771841, 'y': 42.680592}, {'x': -73.770757, 'y': 42.680337}, {'x': -73.770091, 'y': 42.680154}, {'x': -73.768389, 'y': 42.679585}, {'x': -73.766839, 'y': 42.678915}, {'x': -73.765726, 'y': 42.678346}, {'x': -73.765144, 'y': 42.678013}, {'x': -73.76314, 'y': 42.676674}]",1643994468859.0,3.0,"[{}, {}, {}, {}, {}, {}, {}, {}, {}, {}, {}, {}]",19.22222222222222,69.2,I-90 E,NONE,NONE,200227580.0,2022-02-04 17:07:48,4,False,LineString,"[[-73.832514, 42.694541], [-73.830621, 42.694095], [-73.826474, 42.692982], [-73.825437, 42.692688], [-73.824624, 42.692442], [-73.823836, 42.692189], [-73.823393, 42.692039], [-73.821017, 42.691194], [-73.819357, 42.69057], [-73.81654, 42.689515], [-73.813212, 42.688347], [-73.812928, 42.688255], [-73.812333, 42.688063], [-73.811672, 42.687897], [-73.809165, 42.68738], [-73.808298, 42.687201], [-73.805655, 42.686739], [-73.805161, 42.686673], [-73.804722, 42.686633], [-73.804228, 42.686613], [-73.80383, 42.686605], [-73.803279, 42.686622], [-73.802709, 42.686667], [-73.802244, 42.686718], [-73.802013, 42.686752], [-73.800194, 42.687027], [-73.799607, 42.687097], [-73.799265, 42.687129], [-73.798846, 42.687146], [-73.79833, 42.687135], [-73.797829, 42.687117], [-73.797311, 42.687076], [-73.796992, 42.687038], [-73.79639, 42.68695], [-73.79582, 42.686853], [-73.793941, 42.686531], [-73.793449, 42.686443], [-73.793011, 42.686343], [-73.792688, 42.686251], [-73.792307, 42.68613], [-73.791983, 42.686005], [-73.791697, 42.685885], [-73.791414, 42.685753], [-73.791192, 42.68564], [-73.79065, 42.685324], [-73.789729, 42.684772], [-73.788093, 42.683764], [-73.787433, 42.683374], [-73.786739, 42.683025], [-73.785797, 42.682664], [-73.785096, 42.682442], [-73.78451, 42.682287], [-73.783839, 42.682141], [-73.783146, 42.682039], [-73.782801, 42.681995], [-73.782279, 42.681938], [-73.77796, 42.681508], [-73.77686, 42.681398], [-73.775759, 42.681277], [-73.775205, 42.681202], [-73.774601, 42.681115], [-73.773516, 42.680939], [-73.772949, 42.680839], [-73.772383, 42.680719], [-73.771841, 42.680592], [-73.770757, 42.680337], [-73.770091, 42.680154], [-73.768389, 42.679585], [-73.766839, 42.678915], [-73.765726, 42.678346], [-73.765144, 42.678013], [-73.76314, 42.676674]]",2022-02-04,-73.8188082194168,42.6905365304508,18566464,39225702,,PROPERTY DAMAGE,999,2022,OTHER,2022/02/04,1900-01-01 17:24:00,COLLISION WITH OTHER BARRIER,DARK-ROAD UNLIGHTED,STRAIGHT AND LEVEL,SNOW/ICE,NONE,NOT ENTERED,"SLEET/HAIL/FREEZING RAIN
",0,1970/01/01,0,0,0,0,1,10102.0,0,NYSP LOUDONVILLE,No,596759.31777372,4727126.64371678,Not an intersection crash,Ramp,Albany,8.0,282.0,,Albany,I 90,90I11011014,88.0,T,11-Urban Principal Arterial Interstate,NYSDOT,NYSDOT,,55.0,"V1:(UNSAFE SPEED,PAVEMENT SLIPPERY)",2022-02-04,-73.832514,42.694541
275,Feature,,"Colonie, NY",US,104.0,Exit 5: NY-155 / Latham,200261616.0,6088.0,1.0,"[{'x': -73.834552, 'y': 42.701397}, {'x': -73.833719, 'y': 42.702729}, {'x': -73.833323, 'y': 42.703338}, {'x': -73.832858, 'y': 42.704048}, {'x': -73.832415, 'y': 42.704663}, {'x': -73.831877, 'y': 42.705278}, {'x': -73.831189, 'y': 42.705981}, {'x': -73.830498, 'y': 42.706674}, {'x': -73.829659, 'y': 42.707403}, {'x': -73.829253, 'y': 42.707721}, {'x': -73.828466, 'y': 42.708256}, {'x': -73.826457, 'y': 42.709528}, {'x': -73.824338, 'y': 42.710854}, {'x': -73.823436, 'y': 42.711413}, {'x': -73.820703, 'y': 42.713114}, {'x': -73.819602, 'y': 42.713773}, {'x': -73.818212, 'y': 42.714672}, {'x': -73.817274, 'y': 42.715294}, {'x': -73.816947, 'y': 42.71553}, {'x': -73.815916, 'y': 42.716358}, {'x': -73.815011, 'y': 42.717119}, {'x': -73.814518, 'y': 42.717557}, {'x': -73.81445, 'y': 42.717614}, {'x': -73.8141, 'y': 42.717912}, {'x': -73.812135, 'y': 42.719582}, {'x': -73.811165, 'y': 42.720303}, {'x': -73.808949, 'y': 42.721787}, {'x': -73.808492, 'y': 42.722077}, {'x': -73.807827, 'y': 42.72248}, {'x': -73.807054, 'y': 42.722928}, {'x': -73.805872, 'y': 42.72357}, {'x': -73.805168, 'y': 42.723932}, {'x': -73.804235, 'y': 42.724389}, {'x': -73.803256, 'y': 42.724835}, {'x': -73.801502, 'y': 42.7256}, {'x': -73.799105, 'y': 42.726639}, {'x': -73.796028, 'y': 42.727961}, {'x': -73.795362, 'y': 42.728254}, {'x': -73.794073, 'y': 42.728825}, {'x': -73.793306, 'y': 42.729201}, {'x': -73.792703, 'y': 42.729518}, {'x': -73.791969, 'y': 42.729944}, {'x': -73.7912, 'y': 42.730444}, {'x': -73.790482, 'y': 42.730942}, {'x': -73.789942, 'y': 42.731365}, {'x': -73.789655, 'y': 42.731593}, {'x': -73.789004, 'y': 42.732179}, {'x': -73.788369, 'y': 42.73281}, {'x': -73.787856, 'y': 42.733318}, {'x': -73.783582, 'y': 42.737639}, {'x': -73.783086, 'y': 42.738147}, {'x': -73.782717, 'y': 42.738516}, {'x': -73.782067, 'y': 42.739158}]",1643994565984.0,3.0,"[{}, {}, {}, {}, {}, {}, {}, {}, {}, {}, {}, {}, {}, {}]",19.122222222222224,68.84,I-87 N,NONE,NONE,200261616.0,2022-02-04 17:09:25,4,False,LineString,"[[-73.834552, 42.701397], [-73.833719, 42.702729], [-73.833323, 42.703338], [-73.832858, 42.704048], [-73.832415, 42.704663], [-73.831877, 42.705278], [-73.831189, 42.705981], [-73.830498, 42.706674], [-73.829659, 42.707403], [-73.829253, 42.707721], [-73.828466, 42.708256], [-73.826457, 42.709528], [-73.824338, 42.710854], [-73.823436, 42.711413], [-73.820703, 42.713114], [-73.819602, 42.713773], [-73.818212, 42.714672], [-73.817274, 42.715294], [-73.816947, 42.71553], [-73.815916, 42.716358], [-73.815011, 42.717119], [-73.814518, 42.717557], [-73.81445, 42.717614], [-73.8141, 42.717912], [-73.812135, 42.719582], [-73.811165, 42.720303], [-73.808949, 42.721787], [-73.808492, 42.722077], [-73.807827, 42.72248], [-73.807054, 42.722928], [-73.805872, 42.72357], [-73.805168, 42.723932], [-73.804235, 42.724389], [-73.803256, 42.724835], [-73.801502, 42.7256], [-73.799105, 42.726639], [-73.796028, 42.727961], [-73.795362, 42.728254], [-73.794073, 42.728825], [-73.793306, 42.729201], [-73.792703, 42.729518], [-73.791969, 42.729944], [-73.7912, 42.730444], [-73.790482, 42.730942], [-73.789942, 42.731365], [-73.789655, 42.731593], [-73.789004, 42.732179], [-73.788369, 42.73281], [-73.787856, 42.733318], [-73.783582, 42.737639], [-73.783086, 42.738147], [-73.782717, 42.738516], [-73.782067, 42.739158]]",2022-02-04,-73.8188082194168,42.6905365304508,18566464,39225702,,PROPERTY DAMAGE,999,2022,OTHER,2022/02/04,1900-01-01 17:24:00,COLLISION WITH OTHER BARRIER,DARK-ROAD UNLIGHTED,STRAIGHT AND LEVEL,SNOW/ICE,NONE,NOT ENTERED,"SLEET/HAIL/FREEZING RAIN
",0,1970/01/01,0,0,0,0,1,10102.0,0,NYSP LOUDONVILLE,No,596759.31777372,4727126.64371678,Not an intersection crash,Ramp,Albany,8.0,282.0,,Albany,I 90,90I11011014,88.0,T,11-Urban Principal Arterial Interstate,NYSDOT,NYSDOT,,55.0,"V1:(UNSAFE SPEED,PAVEMENT SLIPPERY)",2022-02-04,-73.834552,42.701397