,type,properties.blockingAlertUuid,properties.city,properties.country,properties.delay,properties.endNode,properties.id,properties.length,properties.level,properties.line,properties.pubMillis,properties.roadType,properties.segments,properties.speed,properties.speedKMH,properties.street,properties.turnType,properties.type,properties.uuid,properties.utc_timestamp,properties.day_of_week,properties.weekday_weekend,geometry.type,geometry.coordinates,key_date_jams,X,Y,OBJECTID,CaseNumber,MaxInjuryS,CrashSever,RoadwayAcc,CaseYear,CollisionT,CrashDate,CrashTimeF,CrashType,LightCondi,RoadwayCha,RoadSurfac,TrafficCon,TrafficWay,WeatherCon,Commercial,DMVInsertD,NumberOfFa,NumberOfIn,NumberOfOt,NumberOfSe,NumberOfVe,PoliceDept,NonReporta,ReportingA,NonPublicW,UTMEasting,UTMNorthin,Intersecti,ClosestCro,CountyName,DirectionF,DistanceFr,MasterInte,CityTownNa,OnStreet,ReferenceM,ACCESS_CON,DIVIDED,FUNCTIONAL,MAINT_JURI,OWNING_JUR,NAME,POSTED_SPE,ApparentFa,key_date_crashes,jams_x,jams_y
276,Feature,,"Albany, NY",US,83.0,to I-90 E,200473414.0,5639.0,1.0,"[{'x': -73.826474, 'y': 42.692982}, {'x': -73.825437, 'y': 42.692688}, {'x': -73.824624, 'y': 42.692442}, {'x': -73.823836, 'y': 42.692189}, {'x': -73.823393, 'y': 42.692039}, {'x': -73.821017, 'y': 42.691194}, {'x': -73.819357, 'y': 42.69057}, {'x': -73.81654, 'y': 42.689515}, {'x': -73.813212, 'y': 42.688347}, {'x': -73.812928, 'y': 42.688255}, {'x': -73.812333, 'y': 42.688063}, {'x': -73.811672, 'y': 42.687897}, {'x': -73.809165, 'y': 42.68738}, {'x': -73.808298, 'y': 42.687201}, {'x': -73.805655, 'y': 42.686739}, {'x': -73.805161, 'y': 42.686673}, {'x': -73.804722, 'y': 42.686633}, {'x': -73.804228, 'y': 42.686613}, {'x': -73.80383, 'y': 42.686605}, {'x': -73.803279, 'y': 42.686622}, {'x': -73.802709, 'y': 42.686667}, {'x': -73.802244, 'y': 42.686718}, {'x': -73.802013, 'y': 42.686752}, {'x': -73.800194, 'y': 42.687027}, {'x': -73.799607, 'y': 42.687097}, {'x': -73.799265, 'y': 42.687129}, {'x': -73.798846, 'y': 42.687146}, {'x': -73.79833, 'y': 42.687135}, {'x': -73.797829, 'y': 42.687117}, {'x': -73.797311, 'y': 42.687076}, {'x': -73.796992, 'y': 42.687038}, {'x': -73.79639, 'y': 42.68695}, {'x': -73.79582, 'y': 42.686853}, {'x': -73.793941, 'y': 42.686531}, {'x': -73.793449, 'y': 42.686443}, {'x': -73.793011, 'y': 42.686343}, {'x': -73.792688, 'y': 42.686251}, {'x': -73.792307, 'y': 42.68613}, {'x': -73.791983, 'y': 42.686005}, {'x': -73.791697, 'y': 42.685885}, {'x': -73.791414, 'y': 42.685753}, {'x': -73.791192, 'y': 42.68564}, {'x': -73.79065, 'y': 42.685324}, {'x': -73.789729, 'y': 42.684772}, {'x': -73.788093, 'y': 42.683764}, {'x': -73.787433, 'y': 42.683374}, {'x': -73.786739, 'y': 42.683025}, {'x': -73.785797, 'y': 42.682664}, {'x': -73.785096, 'y': 42.682442}, {'x': -73.78451, 'y': 42.682287}, {'x': -73.783839, 'y': 42.682141}, {'x': -73.783146, 'y': 42.682039}, {'x': -73.782801, 'y': 42.681995}, {'x': -73.782279, 'y': 42.681938}, {'x': -73.77796, 'y': 42.681508}, {'x': -73.77686, 'y': 42.681398}, {'x': -73.775759, 'y': 42.681277}, {'x': -73.775205, 'y': 42.681202}, {'x': -73.774601, 'y': 42.681115}, {'x': -73.773516, 'y': 42.680939}, {'x': -73.772949, 'y': 42.680839}, {'x': -73.772383, 'y': 42.680719}, {'x': -73.771841, 'y': 42.680592}, {'x': -73.770757, 'y': 42.680337}, {'x': -73.770091, 'y': 42.680154}, {'x': -73.768389, 'y': 42.679585}, {'x': -73.766839, 'y': 42.678915}, {'x': -73.765726, 'y': 42.678346}, {'x': -73.765144, 'y': 42.678013}, {'x': -73.76314, 'y': 42.676674}]",1643995641554.0,3.0,"[{}, {}, {}, {}, {}, {}, {}, {}, {}, {}, {}]",19.569444444444443,70.45,I-90 E,NONE,NONE,200473414.0,2022-02-04 17:27:21,4,False,LineString,"[[-73.826474, 42.692982], [-73.825437, 42.692688], [-73.824624, 42.692442], [-73.823836, 42.692189], [-73.823393, 42.692039], [-73.821017, 42.691194], [-73.819357, 42.69057], [-73.81654, 42.689515], [-73.813212, 42.688347], [-73.812928, 42.688255], [-73.812333, 42.688063], [-73.811672, 42.687897], [-73.809165, 42.68738], [-73.808298, 42.687201], [-73.805655, 42.686739], [-73.805161, 42.686673], [-73.804722, 42.686633], [-73.804228, 42.686613], [-73.80383, 42.686605], [-73.803279, 42.686622], [-73.802709, 42.686667], [-73.802244, 42.686718], [-73.802013, 42.686752], [-73.800194, 42.687027], [-73.799607, 42.687097], [-73.799265, 42.687129], [-73.798846, 42.687146], [-73.79833, 42.687135], [-73.797829, 42.687117], [-73.797311, 42.687076], [-73.796992, 42.687038], [-73.79639, 42.68695], [-73.79582, 42.686853], [-73.793941, 42.686531], [-73.793449, 42.686443], [-73.793011, 42.686343], [-73.792688, 42.686251], [-73.792307, 42.68613], [-73.791983, 42.686005], [-73.791697, 42.685885], [-73.791414, 42.685753], [-73.791192, 42.68564], [-73.79065, 42.685324], [-73.789729, 42.684772], [-73.788093, 42.683764], [-73.787433, 42.683374], [-73.786739, 42.683025], [-73.785797, 42.682664], [-73.785096, 42.682442], [-73.78451, 42.682287], [-73.783839, 42.682141], [-73.783146, 42.682039], [-73.782801, 42.681995], [-73.782279, 42.681938], [-73.77796, 42.681508], [-73.77686, 42.681398], [-73.775759, 42.681277], [-73.775205, 42.681202], [-73.774601, 42.681115], [-73.773516, 42.680939], [-73.772949, 42.680839], [-73.772383, 42.680719], [-73.771841, 42.680592], [-73.770757, 42.680337], [-73.770091, 42.680154], [-73.768389, 42.679585], [-73.766839, 42.678915], [-73.765726, 42.678346], [-73.765144, 42.678013], [-73.76314, 42.676674]]",2022-02-04,-73.8188082194168,42.6905365304508,18566464,39225702,,PROPERTY DAMAGE,999,2022,OTHER,2022/02/04,1900-01-01 17:24:00,COLLISION WITH OTHER BARRIER,DARK-ROAD UNLIGHTED,STRAIGHT AND LEVEL,SNOW/ICE,NONE,NOT ENTERED,"SLEET/HAIL/FREEZING RAIN
",0,1970/01/01,0,0,0,0,1,10102.0,0,NYSP LOUDONVILLE,No,596759.31777372,4727126.64371678,Not an intersection crash,Ramp,Albany,8.0,282.0,,Albany,I 90,90I11011014,88.0,T,11-Urban Principal Arterial Interstate,NYSDOT,NYSDOT,,55.0,"V1:(UNSAFE SPEED,PAVEMENT SLIPPERY)",2022-02-04,-73.826474,42.692982
277,Feature,,"Albany, NY",US,112.0,to I-90 E,200590326.0,5639.0,1.0,"[{'x': -73.826474, 'y': 42.692982}, {'x': -73.825437, 'y': 42.692688}, {'x': -73.824624, 'y': 42.692442}, {'x': -73.823836, 'y': 42.692189}, {'x': -73.823393, 'y': 42.692039}, {'x': -73.821017, 'y': 42.691194}, {'x': -73.819357, 'y': 42.69057}, {'x': -73.81654, 'y': 42.689515}, {'x': -73.813212, 'y': 42.688347}, {'x': -73.812928, 'y': 42.688255}, {'x': -73.812333, 'y': 42.688063}, {'x': -73.811672, 'y': 42.687897}, {'x': -73.809165, 'y': 42.68738}, {'x': -73.808298, 'y': 42.687201}, {'x': -73.805655, 'y': 42.686739}, {'x': -73.805161, 'y': 42.686673}, {'x': -73.804722, 'y': 42.686633}, {'x': -73.804228, 'y': 42.686613}, {'x': -73.80383, 'y': 42.686605}, {'x': -73.803279, 'y': 42.686622}, {'x': -73.802709, 'y': 42.686667}, {'x': -73.802244, 'y': 42.686718}, {'x': -73.802013, 'y': 42.686752}, {'x': -73.800194, 'y': 42.687027}, {'x': -73.799607, 'y': 42.687097}, {'x': -73.799265, 'y': 42.687129}, {'x': -73.798846, 'y': 42.687146}, {'x': -73.79833, 'y': 42.687135}, {'x': -73.797829, 'y': 42.687117}, {'x': -73.797311, 'y': 42.687076}, {'x': -73.796992, 'y': 42.687038}, {'x': -73.79639, 'y': 42.68695}, {'x': -73.79582, 'y': 42.686853}, {'x': -73.793941, 'y': 42.686531}, {'x': -73.793449, 'y': 42.686443}, {'x': -73.793011, 'y': 42.686343}, {'x': -73.792688, 'y': 42.686251}, {'x': -73.792307, 'y': 42.68613}, {'x': -73.791983, 'y': 42.686005}, {'x': -73.791697, 'y': 42.685885}, {'x': -73.791414, 'y': 42.685753}, {'x': -73.791192, 'y': 42.68564}, {'x': -73.79065, 'y': 42.685324}, {'x': -73.789729, 'y': 42.684772}, {'x': -73.788093, 'y': 42.683764}, {'x': -73.787433, 'y': 42.683374}, {'x': -73.786739, 'y': 42.683025}, {'x': -73.785797, 'y': 42.682664}, {'x': -73.785096, 'y': 42.682442}, {'x': -73.78451, 'y': 42.682287}, {'x': -73.783839, 'y': 42.682141}, {'x': -73.783146, 'y': 42.682039}, {'x': -73.782801, 'y': 42.681995}, {'x': -73.782279, 'y': 42.681938}, {'x': -73.77796, 'y': 42.681508}, {'x': -73.77686, 'y': 42.681398}, {'x': -73.775759, 'y': 42.681277}, {'x': -73.775205, 'y': 42.681202}, {'x': -73.774601, 'y': 42.681115}, {'x': -73.773516, 'y': 42.680939}, {'x': -73.772949, 'y': 42.680839}, {'x': -73.772383, 'y': 42.680719}, {'x': -73.771841, 'y': 42.680592}, {'x': -73.770757, 'y': 42.680337}, {'x': -73.770091, 'y': 42.680154}, {'x': -73.768389, 'y': 42.679585}, {'x': -73.766839, 'y': 42.678915}, {'x': -73.765726, 'y': 42.678346}, {'x': -73.765144, 'y': 42.678013}, {'x': -73.76314, 'y': 42.676674}]",1643996239828.0,3.0,"[{}, {}, {}, {}, {}, {}, {}, {}, {}, {}, {}]",17.833333333333332,64.2,I-90 E,NONE,NONE,200590326.0,2022-02-04 17:37:19,4,False,LineString,"[[-73.826474, 42.692982], [-73.825437, 42.692688], [-73.824624, 42.692442], [-73.823836, 42.692189], [-73.823393, 42.692039], [-73.821017, 42.691194], [-73.819357, 42.69057], [-73.81654, 42.689515], [-73.813212, 42.688347], [-73.812928, 42.688255], [-73.812333, 42.688063], [-73.811672, 42.687897], [-73.809165, 42.68738], [-73.808298, 42.687201], [-73.805655, 42.686739], [-73.805161, 42.686673], [-73.804722, 42.686633], [-73.804228, 42.686613], [-73.80383, 42.686605], [-73.803279, 42.686622], [-73.802709, 42.686667], [-73.802244, 42.686718], [-73.802013, 42.686752], [-73.800194, 42.687027], [-73.799607, 42.687097], [-73.799265, 42.687129], [-73.798846, 42.687146], [-73.79833, 42.687135], [-73.797829, 42.687117], [-73.797311, 42.687076], [-73.796992, 42.687038], [-73.79639, 42.68695], [-73.79582, 42.686853], [-73.793941, 42.686531], [-73.793449, 42.686443], [-73.793011, 42.686343], [-73.792688, 42.686251], [-73.792307, 42.68613], [-73.791983, 42.686005], [-73.791697, 42.685885], [-73.791414, 42.685753], [-73.791192, 42.68564], [-73.79065, 42.685324], [-73.789729, 42.684772], [-73.788093, 42.683764], [-73.787433, 42.683374], [-73.786739, 42.683025], [-73.785797, 42.682664], [-73.785096, 42.682442], [-73.78451, 42.682287], [-73.783839, 42.682141], [-73.783146, 42.682039], [-73.782801, 42.681995], [-73.782279, 42.681938], [-73.77796, 42.681508], [-73.77686, 42.681398], [-73.775759, 42.681277], [-73.775205, 42.681202], [-73.774601, 42.681115], [-73.773516, 42.680939], [-73.772949, 42.680839], [-73.772383, 42.680719], [-73.771841, 42.680592], [-73.770757, 42.680337], [-73.770091, 42.680154], [-73.768389, 42.679585], [-73.766839, 42.678915], [-73.765726, 42.678346], [-73.765144, 42.678013], [-73.76314, 42.676674]]",2022-02-04,-73.8188082194168,42.6905365304508,18566464,39225702,,PROPERTY DAMAGE,999,2022,OTHER,2022/02/04,1900-01-01 17:24:00,COLLISION WITH OTHER BARRIER,DARK-ROAD UNLIGHTED,STRAIGHT AND LEVEL,SNOW/ICE,NONE,NOT ENTERED,"SLEET/HAIL/FREEZING RAIN
",0,1970/01/01,0,0,0,0,1,10102.0,0,NYSP LOUDONVILLE,No,596759.31777372,4727126.64371678,Not an intersection crash,Ramp,Albany,8.0,282.0,,Albany,I 90,90I11011014,88.0,T,11-Urban Principal Arterial Interstate,NYSDOT,NYSDOT,,55.0,"V1:(UNSAFE SPEED,PAVEMENT SLIPPERY)",2022-02-04,-73.826474,42.692982
278,Feature,,"Colonie, NY",US,74.0,I-87 N,201240182.0,5118.0,1.0,"[{'x': -73.772658, 'y': 42.74864}, {'x': -73.770009, 'y': 42.751834}, {'x': -73.768973, 'y': 42.75309}, {'x': -73.766003, 'y': 42.756671}, {'x': -73.764876, 'y': 42.758023}, {'x': -73.764531, 'y': 42.758543}, {'x': -73.764217, 'y': 42.759048}, {'x': -73.764095, 'y': 42.759277}, {'x': -73.763561, 'y': 42.760245}, {'x': -73.763106, 'y': 42.761192}, {'x': -73.762685, 'y': 42.762264}, {'x': -73.762476, 'y': 42.762938}, {'x': -73.762343, 'y': 42.763356}, {'x': -73.762219, 'y': 42.763799}, {'x': -73.762027, 'y': 42.764813}, {'x': -73.761724, 'y': 42.766827}, {'x': -73.761551, 'y': 42.7678}, {'x': -73.761551, 'y': 42.767801}, {'x': -73.761309, 'y': 42.769458}, {'x': -73.760972, 'y': 42.771503}, {'x': -73.760797, 'y': 42.772736}, {'x': -73.76063, 'y': 42.773914}, {'x': -73.760428, 'y': 42.775075}, {'x': -73.760213, 'y': 42.776158}, {'x': -73.760126, 'y': 42.776594}, {'x': -73.759927, 'y': 42.777545}, {'x': -73.759618, 'y': 42.778818}, {'x': -73.75932, 'y': 42.779975}, {'x': -73.759033, 'y': 42.780944}, {'x': -73.758871, 'y': 42.781588}, {'x': -73.75806, 'y': 42.784406}, {'x': -73.757897, 'y': 42.78507}, {'x': -73.757821, 'y': 42.785425}, {'x': -73.757792, 'y': 42.785628}, {'x': -73.757777, 'y': 42.785832}, {'x': -73.757769, 'y': 42.786019}, {'x': -73.757773, 'y': 42.786314}, {'x': -73.757793, 'y': 42.786682}, {'x': -73.757903, 'y': 42.787273}, {'x': -73.758044, 'y': 42.787728}, {'x': -73.75819, 'y': 42.788089}, {'x': -73.758333, 'y': 42.788383}, {'x': -73.758482, 'y': 42.788656}, {'x': -73.758699, 'y': 42.788998}, {'x': -73.75886, 'y': 42.789218}, {'x': -73.759028, 'y': 42.789439}, {'x': -73.759211, 'y': 42.789652}, {'x': -73.759365, 'y': 42.789816}, {'x': -73.759612, 'y': 42.790067}, {'x': -73.75985, 'y': 42.790306}, {'x': -73.760339, 'y': 42.79077}, {'x': -73.761382, 'y': 42.791751}]",1643999212529.0,3.0,"[{}, {}, {}, {}, {}, {}, {}]",20.291666666666668,73.05,I-87 N,NONE,NONE,201240182.0,2022-02-04 18:26:52,4,False,LineString,"[[-73.772658, 42.74864], [-73.770009, 42.751834], [-73.768973, 42.75309], [-73.766003, 42.756671], [-73.764876, 42.758023], [-73.764531, 42.758543], [-73.764217, 42.759048], [-73.764095, 42.759277], [-73.763561, 42.760245], [-73.763106, 42.761192], [-73.762685, 42.762264], [-73.762476, 42.762938], [-73.762343, 42.763356], [-73.762219, 42.763799], [-73.762027, 42.764813], [-73.761724, 42.766827], [-73.761551, 42.7678], [-73.761551, 42.767801], [-73.761309, 42.769458], [-73.760972, 42.771503], [-73.760797, 42.772736], [-73.76063, 42.773914], [-73.760428, 42.775075], [-73.760213, 42.776158], [-73.760126, 42.776594], [-73.759927, 42.777545], [-73.759618, 42.778818], [-73.75932, 42.779975], [-73.759033, 42.780944], [-73.758871, 42.781588], [-73.75806, 42.784406], [-73.757897, 42.78507], [-73.757821, 42.785425], [-73.757792, 42.785628], [-73.757777, 42.785832], [-73.757769, 42.786019], [-73.757773, 42.786314], [-73.757793, 42.786682], [-73.757903, 42.787273], [-73.758044, 42.787728], [-73.75819, 42.788089], [-73.758333, 42.788383], [-73.758482, 42.788656], [-73.758699, 42.788998], [-73.75886, 42.789218], [-73.759028, 42.789439], [-73.759211, 42.789652], [-73.759365, 42.789816], [-73.759612, 42.790067], [-73.75985, 42.790306], [-73.760339, 42.79077], [-73.761382, 42.791751]]",2022-02-04,-73.7657903047378,42.7572863315113,18562424,39221227,,PROPERTY DAMAGE,999,2022,OTHER,2022/02/04,1900-01-01 18:35:00,COLLISION WITH GUIDE RAIL,DARK-ROAD UNLIGHTED,CURVE AND LEVEL,SNOW/ICE,NONE,NOT ENTERED,SNOW,0,1970/01/01,0,0,0,0,1,10102.0,0,NYSP LOUDONVILLE,No,600994.07830555,4734600.95706933,Not an intersection crash,,Albany,,0.0,,Colonie,I 87,87I11082053,88.0,T,11-Urban Principal Arterial Interstate,NYSDOT,NYSDOT,Adirondack Northway,55.0,"V1:(UNSAFE SPEED,PAVEMENT SLIPPERY)",2022-02-04,-73.772658,42.74864
279,Feature,,"Amherst, NY",US,83.0,I-290 E,544055754.0,1652.0,2.0,"[{'x': -78.779861, 'y': 42.975884}, {'x': -78.776957, 'y': 42.973699}, {'x': -78.773875, 'y': 42.971337}, {'x': -78.772159, 'y': 42.970019}, {'x': -78.772034, 'y': 42.969924}, {'x': -78.771302, 'y': 42.969357}, {'x': -78.769866, 'y': 42.968093}, {'x': -78.769767, 'y': 42.967989}, {'x': -78.768864, 'y': 42.96693}, {'x': -78.768356, 'y': 42.966173}, {'x': -78.767814, 'y': 42.965122}, {'x': -78.767809, 'y': 42.965111}, {'x': -78.76777, 'y': 42.965021}, {'x': -78.767542, 'y': 42.964329}]",1644410064370.0,3.0,[{}],11.394444444444444,41.02,I-290 E,NONE,NONE,544055754.0,2022-02-09 12:34:24,2,False,LineString,"[[-78.779861, 42.975884], [-78.776957, 42.973699], [-78.773875, 42.971337], [-78.772159, 42.970019], [-78.772034, 42.969924], [-78.771302, 42.969357], [-78.769866, 42.968093], [-78.769767, 42.967989], [-78.768864, 42.96693], [-78.768356, 42.966173], [-78.767814, 42.965122], [-78.767809, 42.965111], [-78.76777, 42.965021], [-78.767542, 42.964329]]",2022-02-09,-78.7630748572547,42.9518127801564,18567781,39227188,,PROPERTY DAMAGE,999,2022,OVERTAKING,2022/02/09,1900-01-01 12:17:00,COLLISION WITH MOTOR VEHICLE,DAYLIGHT,CURVE AND LEVEL,DRY,NONE,NOT ENTERED,CLEAR,0,1970/01/01,0,0,0,0,2,11404.0,0,NYSP THRUWAY BUFFALO,No,193022.33783976,4762337.77518353,Not an intersection crash,,Erie,,0.0,,Amherst,RAMP,,88.0,T,11-Urban Principal Arterial Interstate,NYSDOT,NYSDOT,,55.0,"V1:(UNSAFE LANE CHANGE,NOT APPLICABLE) / V2:(UNSAFE LANE CHANGE,NOT APPLICABLE)",2022-02-09,-78.779861,42.975884
280,Feature,,"Amherst, NY",US,83.0,I-290 E,544055754.0,1652.0,2.0,"[{'x': -78.779861, 'y': 42.975884}, {'x': -78.776957, 'y': 42.973699}, {'x': -78.773875, 'y': 42.971337}, {'x': -78.772159, 'y': 42.970019}, {'x': -78.772034, 'y': 42.969924}, {'x': -78.771302, 'y': 42.969357}, {'x': -78.769866, 'y': 42.968093}, {'x': -78.769767, 'y': 42.967989}, {'x': -78.768864, 'y': 42.96693}, {'x': -78.768356, 'y': 42.966173}, {'x': -78.767814, 'y': 42.965122}, {'x': -78.767809, 'y': 42.965111}, {'x': -78.76777, 'y': 42.965021}, {'x': -78.767542, 'y': 42.964329}]",1644410064370.0,3.0,[{}],11.427777777777775,41.14,I-290 E,NONE,NONE,544055754.0,2022-02-09 12:34:24,2,False,LineString,"[[-78.779861, 42.975884], [-78.776957, 42.973699], [-78.773875, 42.971337], [-78.772159, 42.970019], [-78.772034, 42.969924], [-78.771302, 42.969357], [-78.769866, 42.968093], [-78.769767, 42.967989], [-78.768864, 42.96693], [-78.768356, 42.966173], [-78.767814, 42.965122], [-78.767809, 42.965111], [-78.76777, 42.965021], [-78.767542, 42.964329]]",2022-02-09,-78.7630748572547,42.9518127801564,18567781,39227188,,PROPERTY DAMAGE,999,2022,OVERTAKING,2022/02/09,1900-01-01 12:17:00,COLLISION WITH MOTOR VEHICLE,DAYLIGHT,CURVE AND LEVEL,DRY,NONE,NOT ENTERED,CLEAR,0,1970/01/01,0,0,0,0,2,11404.0,0,NYSP THRUWAY BUFFALO,No,193022.33783976,4762337.77518353,Not an intersection crash,,Erie,,0.0,,Amherst,RAMP,,88.0,T,11-Urban Principal Arterial Interstate,NYSDOT,NYSDOT,,55.0,"V1:(UNSAFE LANE CHANGE,NOT APPLICABLE) / V2:(UNSAFE LANE CHANGE,NOT APPLICABLE)",2022-02-09,-78.779861,42.975884
281,Feature,,"Binghamton, NY",US,64.0,Exit 1: NY-7 W Â» Binghamton,647662700.0,3013.0,1.0,"[{'x': -75.869004, 'y': 42.163841}, {'x': -75.871102, 'y': 42.164209}, {'x': -75.871582, 'y': 42.164283}, {'x': -75.871923, 'y': 42.164321}, {'x': -75.872242, 'y': 42.164337}, {'x': -75.872537, 'y': 42.164339}, {'x': -75.87309, 'y': 42.164305}, {'x': -75.87338, 'y': 42.164265}, {'x': -75.873696, 'y': 42.164207}, {'x': -75.874174, 'y': 42.164097}, {'x': -75.874472, 'y': 42.16401}, {'x': -75.874724, 'y': 42.163924}, {'x': -75.875147, 'y': 42.163748}, {'x': -75.876574, 'y': 42.163044}, {'x': -75.876984, 'y': 42.162842}, {'x': -75.879239, 'y': 42.161649}, {'x': -75.88141, 'y': 42.160516}, {'x': -75.88248, 'y': 42.159936}, {'x': -75.883065, 'y': 42.159578}, {'x': -75.883454, 'y': 42.1593}, {'x': -75.88424, 'y': 42.158679}, {'x': -75.884658, 'y': 42.158313}, {'x': -75.885573, 'y': 42.157317}, {'x': -75.885814, 'y': 42.157029}, {'x': -75.886386, 'y': 42.15623}, {'x': -75.890048, 'y': 42.150081}, {'x': -75.890589, 'y': 42.149213}, {'x': -75.89103, 'y': 42.148418}, {'x': -75.892243, 'y': 42.146141}]",1644801510676.0,3.0,"[{}, {}]",17.461111111111112,62.86,I-88 W,NONE,NONE,647662700.0,2022-02-14 01:18:30,0,False,LineString,"[[-75.869004, 42.163841], [-75.871102, 42.164209], [-75.871582, 42.164283], [-75.871923, 42.164321], [-75.872242, 42.164337], [-75.872537, 42.164339], [-75.87309, 42.164305], [-75.87338, 42.164265], [-75.873696, 42.164207], [-75.874174, 42.164097], [-75.874472, 42.16401], [-75.874724, 42.163924], [-75.875147, 42.163748], [-75.876574, 42.163044], [-75.876984, 42.162842], [-75.879239, 42.161649], [-75.88141, 42.160516], [-75.88248, 42.159936], [-75.883065, 42.159578], [-75.883454, 42.1593], [-75.88424, 42.158679], [-75.884658, 42.158313], [-75.885573, 42.157317], [-75.885814, 42.157029], [-75.886386, 42.15623], [-75.890048, 42.150081], [-75.890589, 42.149213], [-75.89103, 42.148418], [-75.892243, 42.146141]]",2022-02-14,-75.8974086006283,42.1727292786527,18579801,39239851,,PROPERTY DAMAGE,999,2022,OTHER,2022/02/14,1900-01-01 01:23:00,COLLISION WITH DEER,DARK-ROAD UNLIGHTED,STRAIGHT/ GRADE,DRY,NONE,NOT ENTERED,CLOUDY,0,1970/01/01,0,0,0,0,1,10301.0,0,NYSP BINGHAMTON,No,425879.78164032,4669344.16463522,Not an intersection crash,Connecting Road,Broome,1.0,164.0,,Chenango,I 81,81I91013039,88.0,T,1-Rural Principal Arterial Interstate,NYSDOT,NYSDOT,,65.0,"V1:(ANIMALS ACTION,NOT APPLICABLE)",2022-02-14,-75.869004,42.163841
282,Feature,,"Amherst, NY",US,70.0,Exit 4: I-990 N / University at Buffalo / N Campus / Lockport,738243648.0,4822.0,1.0,"[{'x': -78.766415, 'y': 42.959223}, {'x': -78.766572, 'y': 42.960296}, {'x': -78.766902, 'y': 42.962506}, {'x': -78.766969, 'y': 42.962973}, {'x': -78.767045, 'y': 42.963395}, {'x': -78.767137, 'y': 42.963829}, {'x': -78.767169, 'y': 42.963973}, {'x': -78.767241, 'y': 42.964244}, {'x': -78.767403, 'y': 42.964721}, {'x': -78.767507, 'y': 42.964996}, {'x': -78.767676, 'y': 42.965378}, {'x': -78.767914, 'y': 42.965866}, {'x': -78.768066, 'y': 42.96613}, {'x': -78.768245, 'y': 42.966427}, {'x': -78.768507, 'y': 42.966814}, {'x': -78.768763, 'y': 42.967165}, {'x': -78.769104, 'y': 42.967592}, {'x': -78.769562, 'y': 42.968094}, {'x': -78.769776, 'y': 42.968308}, {'x': -78.770013, 'y': 42.96854}, {'x': -78.770276, 'y': 42.968773}, {'x': -78.770638, 'y': 42.96908}, {'x': -78.771356, 'y': 42.969637}, {'x': -78.774385, 'y': 42.97196}, {'x': -78.779811, 'y': 42.97612}, {'x': -78.782522, 'y': 42.978147}, {'x': -78.783228, 'y': 42.978673}, {'x': -78.783724, 'y': 42.978953}, {'x': -78.787572, 'y': 42.981121}, {'x': -78.787572, 'y': 42.981122}, {'x': -78.787886, 'y': 42.981299}, {'x': -78.788201, 'y': 42.981454}, {'x': -78.789379, 'y': 42.982062}, {'x': -78.790806, 'y': 42.982831}, {'x': -78.791462, 'y': 42.983189}, {'x': -78.792106, 'y': 42.983557}, {'x': -78.792727, 'y': 42.983943}, {'x': -78.79334, 'y': 42.984361}, {'x': -78.793652, 'y': 42.984574}, {'x': -78.794319, 'y': 42.985083}, {'x': -78.794975, 'y': 42.985617}, {'x': -78.7953, 'y': 42.985902}, {'x': -78.79573, 'y': 42.98631}, {'x': -78.796178, 'y': 42.986763}, {'x': -78.79701, 'y': 42.987688}, {'x': -78.797454, 'y': 42.988248}, {'x': -78.798522, 'y': 42.989605}, {'x': -78.799268, 'y': 42.990526}, {'x': -78.800094, 'y': 42.991378}, {'x': -78.800477, 'y': 42.99175}, {'x': -78.801407, 'y': 42.992558}]",1645162870939.0,3.0,"[{}, {}, {}, {}, {}, {}, {}, {}, {}, {}, {}]",19.60833333333333,70.59,I-290 W,NONE,NONE,738243648.0,2022-02-18 05:41:10,4,False,LineString,"[[-78.766415, 42.959223], [-78.766572, 42.960296], [-78.766902, 42.962506], [-78.766969, 42.962973], [-78.767045, 42.963395], [-78.767137, 42.963829], [-78.767169, 42.963973], [-78.767241, 42.964244], [-78.767403, 42.964721], [-78.767507, 42.964996], [-78.767676, 42.965378], [-78.767914, 42.965866], [-78.768066, 42.96613], [-78.768245, 42.966427], [-78.768507, 42.966814], [-78.768763, 42.967165], [-78.769104, 42.967592], [-78.769562, 42.968094], [-78.769776, 42.968308], [-78.770013, 42.96854], [-78.770276, 42.968773], [-78.770638, 42.96908], [-78.771356, 42.969637], [-78.774385, 42.97196], [-78.779811, 42.97612], [-78.782522, 42.978147], [-78.783228, 42.978673], [-78.783724, 42.978953], [-78.787572, 42.981121], [-78.787572, 42.981122], [-78.787886, 42.981299], [-78.788201, 42.981454], [-78.789379, 42.982062], [-78.790806, 42.982831], [-78.791462, 42.983189], [-78.792106, 42.983557], [-78.792727, 42.983943], [-78.79334, 42.984361], [-78.793652, 42.984574], [-78.794319, 42.985083], [-78.794975, 42.985617], [-78.7953, 42.985902], [-78.79573, 42.98631], [-78.796178, 42.986763], [-78.79701, 42.987688], [-78.797454, 42.988248], [-78.798522, 42.989605], [-78.799268, 42.990526], [-78.800094, 42.991378], [-78.800477, 42.99175], [-78.801407, 42.992558]]",2022-02-18,-78.7603909274965,42.9509733079621,18579889,39239940,C - POSSIBLE INJURY,INJURY,999,2022,OTHER,2022/02/18,1900-01-01 05:36:00,COLL. W/EARTH ELE./ROCK CUT/DITCH,DARK-ROAD UNLIGHTED,CURVE AND LEVEL,SNOW/ICE,NONE,NOT ENTERED,SNOW,0,1970/01/01,0,1,1,0,1,11404.0,0,NYSP THRUWAY BUFFALO,No,193237.12997821,4762234.72955029,Not an intersection crash,,Erie,,0.0,,Amherst,I 90,,89.0,T,11-Urban Principal Arterial Interstate,NYS Thruway,NYS Thruway,NYS Thruway,55.0,"V1:(ALCOHOL INVOLVEMENT,UNSAFE SPEED)",2022-02-18,-78.766415,42.959223