,type,properties.blockingAlertUuid,properties.city,properties.country,properties.delay,properties.endNode,properties.id,properties.length,properties.level,properties.line,properties.pubMillis,properties.roadType,properties.segments,properties.speed,properties.speedKMH,properties.street,properties.turnType,properties.type,properties.uuid,properties.utc_timestamp,properties.day_of_week,properties.weekday_weekend,geometry.type,geometry.coordinates,key_date_jams,X,Y,OBJECTID,CaseNumber,MaxInjuryS,CrashSever,RoadwayAcc,CaseYear,CollisionT,CrashDate,CrashTimeF,CrashType,LightCondi,RoadwayCha,RoadSurfac,TrafficCon,TrafficWay,WeatherCon,Commercial,DMVInsertD,NumberOfFa,NumberOfIn,NumberOfOt,NumberOfSe,NumberOfVe,PoliceDept,NonReporta,ReportingA,NonPublicW,UTMEasting,UTMNorthin,Intersecti,ClosestCro,CountyName,DirectionF,DistanceFr,MasterInte,CityTownNa,OnStreet,ReferenceM,ACCESS_CON,DIVIDED,FUNCTIONAL,MAINT_JURI,OWNING_JUR,NAME,POSTED_SPE,ApparentFa,key_date_crashes,jams_x,jams_y
290,Feature,,"Buffalo, NY",US,115.0,Exit 3: NY-16 / Seneca St,738529940.0,6001.0,1.0,"[{'x': -78.892014, 'y': 42.892367}, {'x': -78.891827, 'y': 42.892189}, {'x': -78.891012, 'y': 42.891365}, {'x': -78.890253, 'y': 42.890662}, {'x': -78.889567, 'y': 42.889989}, {'x': -78.888818, 'y': 42.889202}, {'x': -78.888258, 'y': 42.888645}, {'x': -78.887312, 'y': 42.887675}, {'x': -78.886793, 'y': 42.887148}, {'x': -78.885128, 'y': 42.885513}, {'x': -78.883435, 'y': 42.883823}, {'x': -78.88262, 'y': 42.882972}, {'x': -78.881774, 'y': 42.88218}, {'x': -78.881567, 'y': 42.881992}, {'x': -78.881329, 'y': 42.881782}, {'x': -78.881158, 'y': 42.881638}, {'x': -78.880913, 'y': 42.881438}, {'x': -78.880483, 'y': 42.881102}, {'x': -78.880254, 'y': 42.880919}, {'x': -78.87997, 'y': 42.88071}, {'x': -78.879545, 'y': 42.880389}, {'x': -78.879126, 'y': 42.880063}, {'x': -78.87889, 'y': 42.879898}, {'x': -78.87859, 'y': 42.879723}, {'x': -78.878154, 'y': 42.879536}, {'x': -78.87771, 'y': 42.879378}, {'x': -78.87719, 'y': 42.879219}, {'x': -78.876126, 'y': 42.878937}, {'x': -78.875791, 'y': 42.878839}, {'x': -78.875304, 'y': 42.878663}, {'x': -78.875264, 'y': 42.878644}, {'x': -78.875032, 'y': 42.878542}, {'x': -78.874674, 'y': 42.878363}, {'x': -78.873362, 'y': 42.877648}, {'x': -78.87293, 'y': 42.877447}, {'x': -78.872626, 'y': 42.877329}, {'x': -78.872307, 'y': 42.877225}, {'x': -78.872022, 'y': 42.877146}, {'x': -78.871766, 'y': 42.877083}, {'x': -78.871494, 'y': 42.877029}, {'x': -78.870099, 'y': 42.876774}, {'x': -78.867798, 'y': 42.876376}, {'x': -78.866537, 'y': 42.876149}, {'x': -78.865077, 'y': 42.875887}, {'x': -78.864324, 'y': 42.875757}, {'x': -78.863657, 'y': 42.875607}, {'x': -78.863228, 'y': 42.875508}, {'x': -78.86291, 'y': 42.875427}, {'x': -78.862498, 'y': 42.875312}, {'x': -78.861886, 'y': 42.87506}, {'x': -78.861549, 'y': 42.874893}, {'x': -78.861209, 'y': 42.874685}, {'x': -78.860475, 'y': 42.874259}, {'x': -78.859999, 'y': 42.873984}, {'x': -78.859818, 'y': 42.873899}, {'x': -78.859544, 'y': 42.873782}, {'x': -78.859285, 'y': 42.873687}, {'x': -78.859021, 'y': 42.873604}, {'x': -78.858735, 'y': 42.873517}, {'x': -78.857482, 'y': 42.873278}, {'x': -78.855894, 'y': 42.872993}, {'x': -78.85416, 'y': 42.872698}, {'x': -78.852435, 'y': 42.872439}, {'x': -78.851599, 'y': 42.872321}, {'x': -78.850925, 'y': 42.872224}, {'x': -78.850084, 'y': 42.872076}, {'x': -78.84918, 'y': 42.871871}, {'x': -78.8483, 'y': 42.871657}, {'x': -78.847162, 'y': 42.871313}, {'x': -78.846032, 'y': 42.870957}, {'x': -78.845432, 'y': 42.870798}, {'x': -78.845078, 'y': 42.8707}, {'x': -78.844525, 'y': 42.870577}, {'x': -78.84319, 'y': 42.870323}, {'x': -78.842866, 'y': 42.870265}, {'x': -78.839221, 'y': 42.869604}, {'x': -78.835815, 'y': 42.869029}, {'x': -78.831736, 'y': 42.868321}, {'x': -78.82999, 'y': 42.868016}]",1645170250502.0,3.0,"[{}, {}, {}, {}, {}, {}, {}, {}, {}, {}]",17.219444444444445,61.99,I-190 S,NONE,NONE,738529940.0,2022-02-18 07:44:10,4,False,LineString,"[[-78.892014, 42.892367], [-78.891827, 42.892189], [-78.891012, 42.891365], [-78.890253, 42.890662], [-78.889567, 42.889989], [-78.888818, 42.889202], [-78.888258, 42.888645], [-78.887312, 42.887675], [-78.886793, 42.887148], [-78.885128, 42.885513], [-78.883435, 42.883823], [-78.88262, 42.882972], [-78.881774, 42.88218], [-78.881567, 42.881992], [-78.881329, 42.881782], [-78.881158, 42.881638], [-78.880913, 42.881438], [-78.880483, 42.881102], [-78.880254, 42.880919], [-78.87997, 42.88071], [-78.879545, 42.880389], [-78.879126, 42.880063], [-78.87889, 42.879898], [-78.87859, 42.879723], [-78.878154, 42.879536], [-78.87771, 42.879378], [-78.87719, 42.879219], [-78.876126, 42.878937], [-78.875791, 42.878839], [-78.875304, 42.878663], [-78.875264, 42.878644], [-78.875032, 42.878542], [-78.874674, 42.878363], [-78.873362, 42.877648], [-78.87293, 42.877447], [-78.872626, 42.877329], [-78.872307, 42.877225], [-78.872022, 42.877146], [-78.871766, 42.877083], [-78.871494, 42.877029], [-78.870099, 42.876774], [-78.867798, 42.876376], [-78.866537, 42.876149], [-78.865077, 42.875887], [-78.864324, 42.875757], [-78.863657, 42.875607], [-78.863228, 42.875508], [-78.86291, 42.875427], [-78.862498, 42.875312], [-78.861886, 42.87506], [-78.861549, 42.874893], [-78.861209, 42.874685], [-78.860475, 42.874259], [-78.859999, 42.873984], [-78.859818, 42.873899], [-78.859544, 42.873782], [-78.859285, 42.873687], [-78.859021, 42.873604], [-78.858735, 42.873517], [-78.857482, 42.873278], [-78.855894, 42.872993], [-78.85416, 42.872698], [-78.852435, 42.872439], [-78.851599, 42.872321], [-78.850925, 42.872224], [-78.850084, 42.872076], [-78.84918, 42.871871], [-78.8483, 42.871657], [-78.847162, 42.871313], [-78.846032, 42.870957], [-78.845432, 42.870798], [-78.845078, 42.8707], [-78.844525, 42.870577], [-78.84319, 42.870323], [-78.842866, 42.870265], [-78.839221, 42.869604], [-78.835815, 42.869029], [-78.831736, 42.868321], [-78.82999, 42.868016]]",2022-02-18,-78.890340932578,42.8907511650891,18580001,39240052,,PROPERTY DAMAGE,999,2022,OTHER,2022/02/18,1900-01-01 07:22:00,COLLISION WITH OTHER BARRIER,DAYLIGHT,STRAIGHT AND LEVEL,SNOW/ICE,NONE,NOT ENTERED,SNOW,0,1970/01/01,0,0,0,0,1,11404.0,0,NYSP THRUWAY BUFFALO,No,182325.24245292,4756029.15969287,Not an intersection crash,,Erie,,0.0,,Buffalo,I 190,,88.0,T,11-Urban Principal Arterial Interstate,NYS Thruway,NYS Thruway,,55.0,"V1:(UNSAFE SPEED,UNSAFE LANE CHANGE)",2022-02-18,-78.892014,42.892367
291,Feature,,"Amherst, NY",US,69.0,I-290 W,738567812.0,3751.0,1.0,"[{'x': -78.793652, 'y': 42.984574}, {'x': -78.794319, 'y': 42.985083}, {'x': -78.794975, 'y': 42.985617}, {'x': -78.7953, 'y': 42.985902}, {'x': -78.79573, 'y': 42.98631}, {'x': -78.796178, 'y': 42.986763}, {'x': -78.79701, 'y': 42.987688}, {'x': -78.797454, 'y': 42.988248}, {'x': -78.798522, 'y': 42.989605}, {'x': -78.799268, 'y': 42.990526}, {'x': -78.800094, 'y': 42.991378}, {'x': -78.800477, 'y': 42.99175}, {'x': -78.801407, 'y': 42.992558}, {'x': -78.80482, 'y': 42.995167}, {'x': -78.811124, 'y': 43.000001}, {'x': -78.812595, 'y': 43.00112}, {'x': -78.813067, 'y': 43.001474}, {'x': -78.813725, 'y': 43.001883}, {'x': -78.815438, 'y': 43.002721}, {'x': -78.815866, 'y': 43.002898}, {'x': -78.816641, 'y': 43.003204}, {'x': -78.817018, 'y': 43.003322}, {'x': -78.817532, 'y': 43.00349}, {'x': -78.818348, 'y': 43.003717}, {'x': -78.81963, 'y': 43.003982}, {'x': -78.820279, 'y': 43.004089}, {'x': -78.820859, 'y': 43.004166}, {'x': -78.821762, 'y': 43.004261}, {'x': -78.822379, 'y': 43.004297}, {'x': -78.822696, 'y': 43.004309}, {'x': -78.82315, 'y': 43.004321}, {'x': -78.823821, 'y': 43.004301}, {'x': -78.824842, 'y': 43.004244}, {'x': -78.824951, 'y': 43.004234}, {'x': -78.825599, 'y': 43.004173}, {'x': -78.826326, 'y': 43.004057}, {'x': -78.827796, 'y': 43.003737}]",1645171884541.0,3.0,"[{}, {}, {}, {}, {}, {}, {}]",18.069444444444443,65.05,I-290 W,NONE,NONE,738567812.0,2022-02-18 08:11:24,4,False,LineString,"[[-78.793652, 42.984574], [-78.794319, 42.985083], [-78.794975, 42.985617], [-78.7953, 42.985902], [-78.79573, 42.98631], [-78.796178, 42.986763], [-78.79701, 42.987688], [-78.797454, 42.988248], [-78.798522, 42.989605], [-78.799268, 42.990526], [-78.800094, 42.991378], [-78.800477, 42.99175], [-78.801407, 42.992558], [-78.80482, 42.995167], [-78.811124, 43.000001], [-78.812595, 43.00112], [-78.813067, 43.001474], [-78.813725, 43.001883], [-78.815438, 43.002721], [-78.815866, 43.002898], [-78.816641, 43.003204], [-78.817018, 43.003322], [-78.817532, 43.00349], [-78.818348, 43.003717], [-78.81963, 43.003982], [-78.820279, 43.004089], [-78.820859, 43.004166], [-78.821762, 43.004261], [-78.822379, 43.004297], [-78.822696, 43.004309], [-78.82315, 43.004321], [-78.823821, 43.004301], [-78.824842, 43.004244], [-78.824951, 43.004234], [-78.825599, 43.004173], [-78.826326, 43.004057], [-78.827796, 43.003737]]",2022-02-18,-78.7840512277552,42.9791699303584,18581617,39241739,,PROPERTY DAMAGE,999,2022,OTHER,2022/02/18,1900-01-01 08:30:00,COLLISION WITH GUIDE RAIL,DAYLIGHT,CURVE AND GRADE,SNOW/ICE,NONE,"TWO-WAY,DIVIDED,POSITIVE MEDIA BARR",SNOW,0,1970/01/01,0,0,0,0,1,1451.0,0,AMHERST TOWN PD,No,191447.95309599,4765453.10954716,Not an intersection crash,Ramp,Erie,7.0,406.0,,Amherst,[Route] 290,290I53011081,88.0,T,11-Urban Principal Arterial Interstate,NYSDOT,NYSDOT,,55.0,"V1:(OTHER (VEHICLE),PAVEMENT SLIPPERY)",2022-02-18,-78.793652,42.984574
292,Feature,,"Grand Island, NY",US,211.0,I-190 S,738605472.0,3784.0,2.0,"[{'x': -78.972815, 'y': 43.018915}, {'x': -78.971152, 'y': 43.016397}, {'x': -78.970685, 'y': 43.015772}, {'x': -78.970196, 'y': 43.015148}, {'x': -78.969709, 'y': 43.014645}, {'x': -78.969168, 'y': 43.014182}, {'x': -78.968516, 'y': 43.013681}, {'x': -78.967664, 'y': 43.01314}, {'x': -78.967061, 'y': 43.012809}, {'x': -78.966393, 'y': 43.012485}, {'x': -78.951375, 'y': 43.00628}, {'x': -78.949729, 'y': 43.005557}, {'x': -78.948574, 'y': 43.005008}, {'x': -78.94782, 'y': 43.004634}, {'x': -78.947135, 'y': 43.004269}, {'x': -78.944511, 'y': 43.00276}, {'x': -78.943385, 'y': 43.002096}, {'x': -78.941819, 'y': 43.001203}, {'x': -78.936887, 'y': 42.998331}]",1645173593553.0,3.0,"[{}, {}, {}, {}, {}]",10.9,39.24,I-190 S,NONE,NONE,738605472.0,2022-02-18 08:39:53,4,False,LineString,"[[-78.972815, 43.018915], [-78.971152, 43.016397], [-78.970685, 43.015772], [-78.970196, 43.015148], [-78.969709, 43.014645], [-78.969168, 43.014182], [-78.968516, 43.013681], [-78.967664, 43.01314], [-78.967061, 43.012809], [-78.966393, 43.012485], [-78.951375, 43.00628], [-78.949729, 43.005557], [-78.948574, 43.005008], [-78.94782, 43.004634], [-78.947135, 43.004269], [-78.944511, 43.00276], [-78.943385, 43.002096], [-78.941819, 43.001203], [-78.936887, 42.998331]]",2022-02-18,-78.9702177493389,43.0155971266713,18580006,39240057,,PROPERTY DAMAGE,999,2022,OTHER,2022/02/18,1900-01-01 08:33:00,COLLISION WITH SIGN POST,DAYLIGHT,STRAIGHT AND LEVEL,SNOW/ICE,NONE,NOT ENTERED,SNOW,0,1970/01/01,0,0,0,0,1,11404.0,0,NYSP THRUWAY BUFFALO,No,176457.72127492,4770200.4129758,Not an intersection crash,Connecting Road,Erie,1.0,58.0,,Grand Island,I 190,,88.0,T,11-Urban Principal Arterial Interstate,NYS Thruway,NYS Thruway,Niagara Thruway,65.0,"V1:(UNSAFE SPEED,PAVEMENT SLIPPERY)",2022-02-18,-78.972815,43.018915
293,Feature,,"Amherst, NY",US,76.0,I-290 E,738690532.0,1652.0,2.0,"[{'x': -78.779861, 'y': 42.975884}, {'x': -78.776957, 'y': 42.973699}, {'x': -78.773875, 'y': 42.971337}, {'x': -78.772159, 'y': 42.970019}, {'x': -78.772034, 'y': 42.969924}, {'x': -78.771302, 'y': 42.969357}, {'x': -78.769866, 'y': 42.968093}, {'x': -78.769767, 'y': 42.967989}, {'x': -78.768864, 'y': 42.96693}, {'x': -78.768356, 'y': 42.966173}, {'x': -78.767814, 'y': 42.965122}, {'x': -78.767809, 'y': 42.965111}, {'x': -78.76777, 'y': 42.965021}, {'x': -78.767542, 'y': 42.964329}]",1645179437402.0,3.0,[{}],11.969444444444443,43.09,I-290 E,NONE,NONE,738690532.0,2022-02-18 10:17:17,4,False,LineString,"[[-78.779861, 42.975884], [-78.776957, 42.973699], [-78.773875, 42.971337], [-78.772159, 42.970019], [-78.772034, 42.969924], [-78.771302, 42.969357], [-78.769866, 42.968093], [-78.769767, 42.967989], [-78.768864, 42.96693], [-78.768356, 42.966173], [-78.767814, 42.965122], [-78.767809, 42.965111], [-78.76777, 42.965021], [-78.767542, 42.964329]]",2022-02-18,-78.7663929978967,42.9591270455858,18579776,39239826,,PROPERTY DAMAGE,999,2022,REAR END,2022/02/18,1900-01-01 10:44:00,COLLISION WITH MOTOR VEHICLE,DAYLIGHT,CURVE AND LEVEL,SNOW/ICE,NONE,NOT ENTERED,CLOUDY,0,1970/01/01,0,0,0,0,2,1451.0,0,AMHERST TOWN PD,No,192788.0700008,4763162.27000118,Not an intersection crash,,Erie,,0.0,,Amherst,[Route] 290,290I53011100,88.0,T,11-Urban Principal Arterial Interstate,NYSDOT,NYSDOT,,55.0,"V1:(PAVEMENT SLIPPERY,FOLLOWING TOO CLOSELY) / V2:(REACTION TO OTHER UNINVOLVED VEHICL,PAVEMENT SLIPPERY)",2022-02-18,-78.779861,42.975884
294,Feature,,"Amherst, NY",US,132.0,I-290 W,738721330.0,7497.0,1.0,"[{'x': -78.766103, 'y': 42.955269}, {'x': -78.766177, 'y': 42.957257}, {'x': -78.76625, 'y': 42.958075}, {'x': -78.766415, 'y': 42.959223}, {'x': -78.766572, 'y': 42.960296}, {'x': -78.766902, 'y': 42.962506}, {'x': -78.766969, 'y': 42.962973}, {'x': -78.767045, 'y': 42.963395}, {'x': -78.767137, 'y': 42.963829}, {'x': -78.767169, 'y': 42.963973}, {'x': -78.767241, 'y': 42.964244}, {'x': -78.767403, 'y': 42.964721}, {'x': -78.767507, 'y': 42.964996}, {'x': -78.767676, 'y': 42.965378}, {'x': -78.767914, 'y': 42.965866}, {'x': -78.768066, 'y': 42.96613}, {'x': -78.768245, 'y': 42.966427}, {'x': -78.768507, 'y': 42.966814}, {'x': -78.768763, 'y': 42.967165}, {'x': -78.769104, 'y': 42.967592}, {'x': -78.769562, 'y': 42.968094}, {'x': -78.769776, 'y': 42.968308}, {'x': -78.770013, 'y': 42.96854}, {'x': -78.770276, 'y': 42.968773}, {'x': -78.770638, 'y': 42.96908}, {'x': -78.771356, 'y': 42.969637}, {'x': -78.774385, 'y': 42.97196}, {'x': -78.779811, 'y': 42.97612}, {'x': -78.782522, 'y': 42.978147}, {'x': -78.783228, 'y': 42.978673}, {'x': -78.783724, 'y': 42.978953}, {'x': -78.787572, 'y': 42.981121}, {'x': -78.787572, 'y': 42.981122}, {'x': -78.787886, 'y': 42.981299}, {'x': -78.788201, 'y': 42.981454}, {'x': -78.789379, 'y': 42.982062}, {'x': -78.790806, 'y': 42.982831}, {'x': -78.791462, 'y': 42.983189}, {'x': -78.792106, 'y': 42.983557}, {'x': -78.792727, 'y': 42.983943}, {'x': -78.79334, 'y': 42.984361}, {'x': -78.793652, 'y': 42.984574}, {'x': -78.794319, 'y': 42.985083}, {'x': -78.794975, 'y': 42.985617}, {'x': -78.7953, 'y': 42.985902}, {'x': -78.79573, 'y': 42.98631}, {'x': -78.796178, 'y': 42.986763}, {'x': -78.79701, 'y': 42.987688}, {'x': -78.797454, 'y': 42.988248}, {'x': -78.798522, 'y': 42.989605}, {'x': -78.799268, 'y': 42.990526}, {'x': -78.800094, 'y': 42.991378}, {'x': -78.800477, 'y': 42.99175}, {'x': -78.801407, 'y': 42.992558}, {'x': -78.80482, 'y': 42.995167}, {'x': -78.811124, 'y': 43.000001}, {'x': -78.812595, 'y': 43.00112}, {'x': -78.813067, 'y': 43.001474}, {'x': -78.813725, 'y': 43.001883}, {'x': -78.815438, 'y': 43.002721}, {'x': -78.815866, 'y': 43.002898}, {'x': -78.816641, 'y': 43.003204}, {'x': -78.817018, 'y': 43.003322}, {'x': -78.817532, 'y': 43.00349}, {'x': -78.818348, 'y': 43.003717}, {'x': -78.81963, 'y': 43.003982}, {'x': -78.820279, 'y': 43.004089}, {'x': -78.820859, 'y': 43.004166}, {'x': -78.821762, 'y': 43.004261}, {'x': -78.822379, 'y': 43.004297}, {'x': -78.822696, 'y': 43.004309}]",1645180834408.0,3.0,"[{}, {}, {}, {}, {}, {}, {}, {}, {}, {}, {}, {}, {}, {}, {}]",18.427777777777777,66.34,I-290 W,NONE,NONE,738721330.0,2022-02-18 10:40:34,4,False,LineString,"[[-78.766103, 42.955269], [-78.766177, 42.957257], [-78.76625, 42.958075], [-78.766415, 42.959223], [-78.766572, 42.960296], [-78.766902, 42.962506], [-78.766969, 42.962973], [-78.767045, 42.963395], [-78.767137, 42.963829], [-78.767169, 42.963973], [-78.767241, 42.964244], [-78.767403, 42.964721], [-78.767507, 42.964996], [-78.767676, 42.965378], [-78.767914, 42.965866], [-78.768066, 42.96613], [-78.768245, 42.966427], [-78.768507, 42.966814], [-78.768763, 42.967165], [-78.769104, 42.967592], [-78.769562, 42.968094], [-78.769776, 42.968308], [-78.770013, 42.96854], [-78.770276, 42.968773], [-78.770638, 42.96908], [-78.771356, 42.969637], [-78.774385, 42.97196], [-78.779811, 42.97612], [-78.782522, 42.978147], [-78.783228, 42.978673], [-78.783724, 42.978953], [-78.787572, 42.981121], [-78.787572, 42.981122], [-78.787886, 42.981299], [-78.788201, 42.981454], [-78.789379, 42.982062], [-78.790806, 42.982831], [-78.791462, 42.983189], [-78.792106, 42.983557], [-78.792727, 42.983943], [-78.79334, 42.984361], [-78.793652, 42.984574], [-78.794319, 42.985083], [-78.794975, 42.985617], [-78.7953, 42.985902], [-78.79573, 42.98631], [-78.796178, 42.986763], [-78.79701, 42.987688], [-78.797454, 42.988248], [-78.798522, 42.989605], [-78.799268, 42.990526], [-78.800094, 42.991378], [-78.800477, 42.99175], [-78.801407, 42.992558], [-78.80482, 42.995167], [-78.811124, 43.000001], [-78.812595, 43.00112], [-78.813067, 43.001474], [-78.813725, 43.001883], [-78.815438, 43.002721], [-78.815866, 43.002898], [-78.816641, 43.003204], [-78.817018, 43.003322], [-78.817532, 43.00349], [-78.818348, 43.003717], [-78.81963, 43.003982], [-78.820279, 43.004089], [-78.820859, 43.004166], [-78.821762, 43.004261], [-78.822379, 43.004297], [-78.822696, 43.004309]]",2022-02-18,-78.7663929978967,42.9591270455858,18579776,39239826,,PROPERTY DAMAGE,999,2022,REAR END,2022/02/18,1900-01-01 10:44:00,COLLISION WITH MOTOR VEHICLE,DAYLIGHT,CURVE AND LEVEL,SNOW/ICE,NONE,NOT ENTERED,CLOUDY,0,1970/01/01,0,0,0,0,2,1451.0,0,AMHERST TOWN PD,No,192788.0700008,4763162.27000118,Not an intersection crash,,Erie,,0.0,,Amherst,[Route] 290,290I53011100,88.0,T,11-Urban Principal Arterial Interstate,NYSDOT,NYSDOT,,55.0,"V1:(PAVEMENT SLIPPERY,FOLLOWING TOO CLOSELY) / V2:(REACTION TO OTHER UNINVOLVED VEHICL,PAVEMENT SLIPPERY)",2022-02-18,-78.766103,42.955269
295,Feature,,"Amherst, NY",US,109.0,I-290 W,738755704.0,7480.0,1.0,"[{'x': -78.766415, 'y': 42.959223}, {'x': -78.766572, 'y': 42.960296}, {'x': -78.766902, 'y': 42.962506}, {'x': -78.766969, 'y': 42.962973}, {'x': -78.767045, 'y': 42.963395}, {'x': -78.767137, 'y': 42.963829}, {'x': -78.767169, 'y': 42.963973}, {'x': -78.767241, 'y': 42.964244}, {'x': -78.767403, 'y': 42.964721}, {'x': -78.767507, 'y': 42.964996}, {'x': -78.767676, 'y': 42.965378}, {'x': -78.767914, 'y': 42.965866}, {'x': -78.768066, 'y': 42.96613}, {'x': -78.768245, 'y': 42.966427}, {'x': -78.768507, 'y': 42.966814}, {'x': -78.768763, 'y': 42.967165}, {'x': -78.769104, 'y': 42.967592}, {'x': -78.769562, 'y': 42.968094}, {'x': -78.769776, 'y': 42.968308}, {'x': -78.770013, 'y': 42.96854}, {'x': -78.770276, 'y': 42.968773}, {'x': -78.770638, 'y': 42.96908}, {'x': -78.771356, 'y': 42.969637}, {'x': -78.774385, 'y': 42.97196}, {'x': -78.779811, 'y': 42.97612}, {'x': -78.782522, 'y': 42.978147}, {'x': -78.783228, 'y': 42.978673}, {'x': -78.783724, 'y': 42.978953}, {'x': -78.787572, 'y': 42.981121}, {'x': -78.787572, 'y': 42.981122}, {'x': -78.787886, 'y': 42.981299}, {'x': -78.788201, 'y': 42.981454}, {'x': -78.789379, 'y': 42.982062}, {'x': -78.790806, 'y': 42.982831}, {'x': -78.791462, 'y': 42.983189}, {'x': -78.792106, 'y': 42.983557}, {'x': -78.792727, 'y': 42.983943}, {'x': -78.79334, 'y': 42.984361}, {'x': -78.793652, 'y': 42.984574}, {'x': -78.794319, 'y': 42.985083}, {'x': -78.794975, 'y': 42.985617}, {'x': -78.7953, 'y': 42.985902}, {'x': -78.79573, 'y': 42.98631}, {'x': -78.796178, 'y': 42.986763}, {'x': -78.79701, 'y': 42.987688}, {'x': -78.797454, 'y': 42.988248}, {'x': -78.798522, 'y': 42.989605}, {'x': -78.799268, 'y': 42.990526}, {'x': -78.800094, 'y': 42.991378}, {'x': -78.800477, 'y': 42.99175}, {'x': -78.801407, 'y': 42.992558}, {'x': -78.80482, 'y': 42.995167}, {'x': -78.811124, 'y': 43.000001}, {'x': -78.812595, 'y': 43.00112}, {'x': -78.813067, 'y': 43.001474}, {'x': -78.813725, 'y': 43.001883}, {'x': -78.815438, 'y': 43.002721}, {'x': -78.815866, 'y': 43.002898}, {'x': -78.816641, 'y': 43.003204}, {'x': -78.817018, 'y': 43.003322}, {'x': -78.817532, 'y': 43.00349}, {'x': -78.818348, 'y': 43.003717}, {'x': -78.81963, 'y': 43.003982}, {'x': -78.820279, 'y': 43.004089}, {'x': -78.820859, 'y': 43.004166}, {'x': -78.821762, 'y': 43.004261}, {'x': -78.822379, 'y': 43.004297}, {'x': -78.822696, 'y': 43.004309}, {'x': -78.82315, 'y': 43.004321}, {'x': -78.823821, 'y': 43.004301}, {'x': -78.824842, 'y': 43.004244}, {'x': -78.824951, 'y': 43.004234}, {'x': -78.825599, 'y': 43.004173}, {'x': -78.826326, 'y': 43.004057}, {'x': -78.827796, 'y': 43.003737}]",1645181993776.0,3.0,"[{}, {}, {}, {}, {}, {}, {}, {}, {}, {}, {}, {}, {}, {}, {}]",19.566666666666663,70.44,I-290 W,NONE,NONE,738755704.0,2022-02-18 10:59:53,4,False,LineString,"[[-78.766415, 42.959223], [-78.766572, 42.960296], [-78.766902, 42.962506], [-78.766969, 42.962973], [-78.767045, 42.963395], [-78.767137, 42.963829], [-78.767169, 42.963973], [-78.767241, 42.964244], [-78.767403, 42.964721], [-78.767507, 42.964996], [-78.767676, 42.965378], [-78.767914, 42.965866], [-78.768066, 42.96613], [-78.768245, 42.966427], [-78.768507, 42.966814], [-78.768763, 42.967165], [-78.769104, 42.967592], [-78.769562, 42.968094], [-78.769776, 42.968308], [-78.770013, 42.96854], [-78.770276, 42.968773], [-78.770638, 42.96908], [-78.771356, 42.969637], [-78.774385, 42.97196], [-78.779811, 42.97612], [-78.782522, 42.978147], [-78.783228, 42.978673], [-78.783724, 42.978953], [-78.787572, 42.981121], [-78.787572, 42.981122], [-78.787886, 42.981299], [-78.788201, 42.981454], [-78.789379, 42.982062], [-78.790806, 42.982831], [-78.791462, 42.983189], [-78.792106, 42.983557], [-78.792727, 42.983943], [-78.79334, 42.984361], [-78.793652, 42.984574], [-78.794319, 42.985083], [-78.794975, 42.985617], [-78.7953, 42.985902], [-78.79573, 42.98631], [-78.796178, 42.986763], [-78.79701, 42.987688], [-78.797454, 42.988248], [-78.798522, 42.989605], [-78.799268, 42.990526], [-78.800094, 42.991378], [-78.800477, 42.99175], [-78.801407, 42.992558], [-78.80482, 42.995167], [-78.811124, 43.000001], [-78.812595, 43.00112], [-78.813067, 43.001474], [-78.813725, 43.001883], [-78.815438, 43.002721], [-78.815866, 43.002898], [-78.816641, 43.003204], [-78.817018, 43.003322], [-78.817532, 43.00349], [-78.818348, 43.003717], [-78.81963, 43.003982], [-78.820279, 43.004089], [-78.820859, 43.004166], [-78.821762, 43.004261], [-78.822379, 43.004297], [-78.822696, 43.004309], [-78.82315, 43.004321], [-78.823821, 43.004301], [-78.824842, 43.004244], [-78.824951, 43.004234], [-78.825599, 43.004173], [-78.826326, 43.004057], [-78.827796, 43.003737]]",2022-02-18,-78.7663929978967,42.9591270455858,18579776,39239826,,PROPERTY DAMAGE,999,2022,REAR END,2022/02/18,1900-01-01 10:44:00,COLLISION WITH MOTOR VEHICLE,DAYLIGHT,CURVE AND LEVEL,SNOW/ICE,NONE,NOT ENTERED,CLOUDY,0,1970/01/01,0,0,0,0,2,1451.0,0,AMHERST TOWN PD,No,192788.0700008,4763162.27000118,Not an intersection crash,,Erie,,0.0,,Amherst,[Route] 290,290I53011100,88.0,T,11-Urban Principal Arterial Interstate,NYSDOT,NYSDOT,,55.0,"V1:(PAVEMENT SLIPPERY,FOLLOWING TOO CLOSELY) / V2:(REACTION TO OTHER UNINVOLVED VEHICL,PAVEMENT SLIPPERY)",2022-02-18,-78.766415,42.959223