,type,properties.blockingAlertUuid,properties.city,properties.country,properties.delay,properties.endNode,properties.id,properties.length,properties.level,properties.line,properties.pubMillis,properties.roadType,properties.segments,properties.speed,properties.speedKMH,properties.street,properties.turnType,properties.type,properties.uuid,properties.utc_timestamp,properties.day_of_week,properties.weekday_weekend,geometry.type,geometry.coordinates,key_date_jams,X,Y,OBJECTID,CaseNumber,MaxInjuryS,CrashSever,RoadwayAcc,CaseYear,CollisionT,CrashDate,CrashTimeF,CrashType,LightCondi,RoadwayCha,RoadSurfac,TrafficCon,TrafficWay,WeatherCon,Commercial,DMVInsertD,NumberOfFa,NumberOfIn,NumberOfOt,NumberOfSe,NumberOfVe,PoliceDept,NonReporta,ReportingA,NonPublicW,UTMEasting,UTMNorthin,Intersecti,ClosestCro,CountyName,DirectionF,DistanceFr,MasterInte,CityTownNa,OnStreet,ReferenceM,ACCESS_CON,DIVIDED,FUNCTIONAL,MAINT_JURI,OWNING_JUR,NAME,POSTED_SPE,ApparentFa,key_date_crashes,jams_x,jams_y
296,Feature,,"Amherst, NY",US,119.0,I-290 W,738775876.0,6965.0,1.0,"[{'x': -78.767137, 'y': 42.963829}, {'x': -78.767169, 'y': 42.963973}, {'x': -78.767241, 'y': 42.964244}, {'x': -78.767403, 'y': 42.964721}, {'x': -78.767507, 'y': 42.964996}, {'x': -78.767676, 'y': 42.965378}, {'x': -78.767914, 'y': 42.965866}, {'x': -78.768066, 'y': 42.96613}, {'x': -78.768245, 'y': 42.966427}, {'x': -78.768507, 'y': 42.966814}, {'x': -78.768763, 'y': 42.967165}, {'x': -78.769104, 'y': 42.967592}, {'x': -78.769562, 'y': 42.968094}, {'x': -78.769776, 'y': 42.968308}, {'x': -78.770013, 'y': 42.96854}, {'x': -78.770276, 'y': 42.968773}, {'x': -78.770638, 'y': 42.96908}, {'x': -78.771356, 'y': 42.969637}, {'x': -78.774385, 'y': 42.97196}, {'x': -78.779811, 'y': 42.97612}, {'x': -78.782522, 'y': 42.978147}, {'x': -78.783228, 'y': 42.978673}, {'x': -78.783724, 'y': 42.978953}, {'x': -78.787572, 'y': 42.981121}, {'x': -78.787572, 'y': 42.981122}, {'x': -78.787886, 'y': 42.981299}, {'x': -78.788201, 'y': 42.981454}, {'x': -78.789379, 'y': 42.982062}, {'x': -78.790806, 'y': 42.982831}, {'x': -78.791462, 'y': 42.983189}, {'x': -78.792106, 'y': 42.983557}, {'x': -78.792727, 'y': 42.983943}, {'x': -78.79334, 'y': 42.984361}, {'x': -78.793652, 'y': 42.984574}, {'x': -78.794319, 'y': 42.985083}, {'x': -78.794975, 'y': 42.985617}, {'x': -78.7953, 'y': 42.985902}, {'x': -78.79573, 'y': 42.98631}, {'x': -78.796178, 'y': 42.986763}, {'x': -78.79701, 'y': 42.987688}, {'x': -78.797454, 'y': 42.988248}, {'x': -78.798522, 'y': 42.989605}, {'x': -78.799268, 'y': 42.990526}, {'x': -78.800094, 'y': 42.991378}, {'x': -78.800477, 'y': 42.99175}, {'x': -78.801407, 'y': 42.992558}, {'x': -78.80482, 'y': 42.995167}, {'x': -78.811124, 'y': 43.000001}, {'x': -78.812595, 'y': 43.00112}, {'x': -78.813067, 'y': 43.001474}, {'x': -78.813725, 'y': 43.001883}, {'x': -78.815438, 'y': 43.002721}, {'x': -78.815866, 'y': 43.002898}, {'x': -78.816641, 'y': 43.003204}, {'x': -78.817018, 'y': 43.003322}, {'x': -78.817532, 'y': 43.00349}, {'x': -78.818348, 'y': 43.003717}, {'x': -78.81963, 'y': 43.003982}, {'x': -78.820279, 'y': 43.004089}, {'x': -78.820859, 'y': 43.004166}, {'x': -78.821762, 'y': 43.004261}, {'x': -78.822379, 'y': 43.004297}, {'x': -78.822696, 'y': 43.004309}, {'x': -78.82315, 'y': 43.004321}, {'x': -78.823821, 'y': 43.004301}, {'x': -78.824842, 'y': 43.004244}, {'x': -78.824951, 'y': 43.004234}, {'x': -78.825599, 'y': 43.004173}, {'x': -78.826326, 'y': 43.004057}, {'x': -78.827796, 'y': 43.003737}]",1645182403507.0,3.0,"[{}, {}, {}, {}, {}, {}, {}, {}, {}, {}, {}, {}, {}]",18.622222222222224,67.04,I-290 W,NONE,NONE,738775876.0,2022-02-18 11:06:43,4,False,LineString,"[[-78.767137, 42.963829], [-78.767169, 42.963973], [-78.767241, 42.964244], [-78.767403, 42.964721], [-78.767507, 42.964996], [-78.767676, 42.965378], [-78.767914, 42.965866], [-78.768066, 42.96613], [-78.768245, 42.966427], [-78.768507, 42.966814], [-78.768763, 42.967165], [-78.769104, 42.967592], [-78.769562, 42.968094], [-78.769776, 42.968308], [-78.770013, 42.96854], [-78.770276, 42.968773], [-78.770638, 42.96908], [-78.771356, 42.969637], [-78.774385, 42.97196], [-78.779811, 42.97612], [-78.782522, 42.978147], [-78.783228, 42.978673], [-78.783724, 42.978953], [-78.787572, 42.981121], [-78.787572, 42.981122], [-78.787886, 42.981299], [-78.788201, 42.981454], [-78.789379, 42.982062], [-78.790806, 42.982831], [-78.791462, 42.983189], [-78.792106, 42.983557], [-78.792727, 42.983943], [-78.79334, 42.984361], [-78.793652, 42.984574], [-78.794319, 42.985083], [-78.794975, 42.985617], [-78.7953, 42.985902], [-78.79573, 42.98631], [-78.796178, 42.986763], [-78.79701, 42.987688], [-78.797454, 42.988248], [-78.798522, 42.989605], [-78.799268, 42.990526], [-78.800094, 42.991378], [-78.800477, 42.99175], [-78.801407, 42.992558], [-78.80482, 42.995167], [-78.811124, 43.000001], [-78.812595, 43.00112], [-78.813067, 43.001474], [-78.813725, 43.001883], [-78.815438, 43.002721], [-78.815866, 43.002898], [-78.816641, 43.003204], [-78.817018, 43.003322], [-78.817532, 43.00349], [-78.818348, 43.003717], [-78.81963, 43.003982], [-78.820279, 43.004089], [-78.820859, 43.004166], [-78.821762, 43.004261], [-78.822379, 43.004297], [-78.822696, 43.004309], [-78.82315, 43.004321], [-78.823821, 43.004301], [-78.824842, 43.004244], [-78.824951, 43.004234], [-78.825599, 43.004173], [-78.826326, 43.004057], [-78.827796, 43.003737]]",2022-02-18,-78.7663929978967,42.9591270455858,18579776,39239826,,PROPERTY DAMAGE,999,2022,REAR END,2022/02/18,1900-01-01 10:44:00,COLLISION WITH MOTOR VEHICLE,DAYLIGHT,CURVE AND LEVEL,SNOW/ICE,NONE,NOT ENTERED,CLOUDY,0,1970/01/01,0,0,0,0,2,1451.0,0,AMHERST TOWN PD,No,192788.0700008,4763162.27000118,Not an intersection crash,,Erie,,0.0,,Amherst,[Route] 290,290I53011100,88.0,T,11-Urban Principal Arterial Interstate,NYSDOT,NYSDOT,,55.0,"V1:(PAVEMENT SLIPPERY,FOLLOWING TOO CLOSELY) / V2:(REACTION TO OTHER UNINVOLVED VEHICL,PAVEMENT SLIPPERY)",2022-02-18,-78.767137,42.963829
297,Feature,,"Tonawanda, NY",US,80.0,Exit 4: I-990 N Â» University at Buffalo / N Campus / Lockport,780109808.0,1076.0,3.0,"[{'x': -78.827698, 'y': 43.003561}, {'x': -78.827487, 'y': 43.003618}, {'x': -78.826962, 'y': 43.003746}, {'x': -78.825466, 'y': 43.004006}, {'x': -78.824736, 'y': 43.004071}, {'x': -78.823739, 'y': 43.004118}, {'x': -78.822891, 'y': 43.004122}, {'x': -78.822472, 'y': 43.004113}, {'x': -78.822376, 'y': 43.004107}, {'x': -78.822304, 'y': 43.004103}, {'x': -78.821569, 'y': 43.004053}, {'x': -78.820999, 'y': 43.003988}, {'x': -78.820651, 'y': 43.003946}, {'x': -78.819503, 'y': 43.003758}, {'x': -78.819139, 'y': 43.003685}, {'x': -78.817944, 'y': 43.003392}, {'x': -78.817478, 'y': 43.003256}, {'x': -78.817017, 'y': 43.003103}, {'x': -78.816491, 'y': 43.002921}, {'x': -78.815971, 'y': 43.002724}, {'x': -78.81552, 'y': 43.002522}, {'x': -78.815072, 'y': 43.002313}]",1645277503107.0,3.0,"[{}, {}, {}, {}]",8.936111111111112,32.17,I-290 E,NONE,NONE,780109808.0,2022-02-19 13:31:43,5,True,LineString,"[[-78.827698, 43.003561], [-78.827487, 43.003618], [-78.826962, 43.003746], [-78.825466, 43.004006], [-78.824736, 43.004071], [-78.823739, 43.004118], [-78.822891, 43.004122], [-78.822472, 43.004113], [-78.822376, 43.004107], [-78.822304, 43.004103], [-78.821569, 43.004053], [-78.820999, 43.003988], [-78.820651, 43.003946], [-78.819503, 43.003758], [-78.819139, 43.003685], [-78.817944, 43.003392], [-78.817478, 43.003256], [-78.817017, 43.003103], [-78.816491, 43.002921], [-78.815971, 43.002724], [-78.81552, 43.002522], [-78.815072, 43.002313]]",2022-02-19,-78.8224369967947,43.0042890854833,18597790,39259289,,PROPERTY DAMAGE,888,2022,OTHER,2022/02/19,1900-01-01 14:00:00,COLLISION WITH MOTOR VEHICLE,DAYLIGHT,STRAIGHT AND LEVEL,DRY,TRAFFIC SIGNAL,NOT ENTERED,CLEAR,0,1970/01/01,0,0,0,0,3,,0,,No,188444.75000096,4768384.85000019,Not an intersection crash,,Erie,,0.0,,Tonawanda,[Route] 62,62 53034048,88.0,T,11-Urban Principal Arterial Interstate,NYSDOT,NYSDOT,,55.0,"V1:(NOT ENTERED,NOT ENTERED) / V2:(NOT ENTERED,NOT ENTERED) / V3:(NOT ENTERED,NOT ENTERED)",2022-02-19,-78.827698,43.003561
298,Feature,,"Amherst, NY",US,74.0,Exit 4: North French Rd,637922210.0,3223.0,2.0,"[{'x': -78.794239, 'y': 43.021555}, {'x': -78.794137, 'y': 43.021614}, {'x': -78.793611, 'y': 43.021936}, {'x': -78.792716, 'y': 43.022426}, {'x': -78.792065, 'y': 43.02273}, {'x': -78.791621, 'y': 43.02295}, {'x': -78.790985, 'y': 43.023215}, {'x': -78.789893, 'y': 43.023652}, {'x': -78.789218, 'y': 43.023893}, {'x': -78.788473, 'y': 43.024159}, {'x': -78.787346, 'y': 43.024459}, {'x': -78.785935, 'y': 43.024833}, {'x': -78.784953, 'y': 43.025041}, {'x': -78.783548, 'y': 43.025276}, {'x': -78.78278, 'y': 43.025386}, {'x': -78.781697, 'y': 43.025484}, {'x': -78.780785, 'y': 43.025547}, {'x': -78.77961, 'y': 43.025606}, {'x': -78.777733, 'y': 43.025637}, {'x': -78.775614, 'y': 43.025664}, {'x': -78.774911, 'y': 43.025656}, {'x': -78.774326, 'y': 43.025641}, {'x': -78.772261, 'y': 43.025594}, {'x': -78.768801, 'y': 43.0255}, {'x': -78.768205, 'y': 43.025496}, {'x': -78.768072, 'y': 43.025497}, {'x': -78.767615, 'y': 43.025502}, {'x': -78.766951, 'y': 43.025575}, {'x': -78.766221, 'y': 43.025685}, {'x': -78.765535, 'y': 43.025857}, {'x': -78.764832, 'y': 43.026108}, {'x': -78.764247, 'y': 43.02634}, {'x': -78.76392, 'y': 43.026512}, {'x': -78.763614, 'y': 43.026689}, {'x': -78.763351, 'y': 43.026842}, {'x': -78.763024, 'y': 43.027085}, {'x': -78.762756, 'y': 43.02732}, {'x': -78.762514, 'y': 43.027493}, {'x': -78.7623, 'y': 43.027689}, {'x': -78.761855, 'y': 43.028136}, {'x': -78.7615, 'y': 43.028657}, {'x': -78.761109, 'y': 43.029403}, {'x': -78.760589, 'y': 43.031354}]",1645770039241.0,3.0,"[{}, {}, {}, {}, {}, {}, {}]",17.04722222222222,61.37,I-990 N,NONE,NONE,637922210.0,2022-02-25 06:20:39,4,False,LineString,"[[-78.794239, 43.021555], [-78.794137, 43.021614], [-78.793611, 43.021936], [-78.792716, 43.022426], [-78.792065, 43.02273], [-78.791621, 43.02295], [-78.790985, 43.023215], [-78.789893, 43.023652], [-78.789218, 43.023893], [-78.788473, 43.024159], [-78.787346, 43.024459], [-78.785935, 43.024833], [-78.784953, 43.025041], [-78.783548, 43.025276], [-78.78278, 43.025386], [-78.781697, 43.025484], [-78.780785, 43.025547], [-78.77961, 43.025606], [-78.777733, 43.025637], [-78.775614, 43.025664], [-78.774911, 43.025656], [-78.774326, 43.025641], [-78.772261, 43.025594], [-78.768801, 43.0255], [-78.768205, 43.025496], [-78.768072, 43.025497], [-78.767615, 43.025502], [-78.766951, 43.025575], [-78.766221, 43.025685], [-78.765535, 43.025857], [-78.764832, 43.026108], [-78.764247, 43.02634], [-78.76392, 43.026512], [-78.763614, 43.026689], [-78.763351, 43.026842], [-78.763024, 43.027085], [-78.762756, 43.02732], [-78.762514, 43.027493], [-78.7623, 43.027689], [-78.761855, 43.028136], [-78.7615, 43.028657], [-78.761109, 43.029403], [-78.760589, 43.031354]]",2022-02-25,-78.8208127358593,43.0039391511324,18586289,39246832,,PROPERTY DAMAGE,999,2022,OVERTAKING,2022/02/25,1900-01-01 06:29:00,COLLISION WITH MOTOR VEHICLE,DARK-ROAD UNLIGHTED,CURVE AND GRADE,SNOW/ICE,NONE,"TWO-WAY,DIVIDED,POSITIVE MEDIA BARR",SNOW,0,1970/01/01,0,0,0,0,2,1451.0,0,AMHERST TOWN PD,No,188575.38201206,4768339.95192667,Not an intersection crash,Ramp,Erie,7.0,70.0,,Amherst,I 290,290I53011053,88.0,T,11-Urban Principal Arterial Interstate,NYSDOT,NYSDOT,Youngmann Memorial Highway,55.0,"V1:(PAVEMENT SLIPPERY,UNSAFE SPEED) / V2:(PAVEMENT SLIPPERY,NOT APPLICABLE)",2022-02-25,-78.794239,43.021555
299,Feature,,"Tonawanda, NY",US,73.0,Exit 1A: NY-384 S â€¢ Delaware Ave,637921772.0,3920.0,1.0,"[{'x': -78.827796, 'y': 43.003737}, {'x': -78.828746, 'y': 43.003441}, {'x': -78.8313, 'y': 43.002523}, {'x': -78.833021, 'y': 43.002001}, {'x': -78.834524, 'y': 43.00166}, {'x': -78.835849, 'y': 43.00144}, {'x': -78.835968, 'y': 43.001427}, {'x': -78.836751, 'y': 43.001337}, {'x': -78.838048, 'y': 43.001189}, {'x': -78.839571, 'y': 43.001134}, {'x': -78.848226, 'y': 43.00112}, {'x': -78.848912, 'y': 43.001071}, {'x': -78.849614, 'y': 43.000985}, {'x': -78.850311, 'y': 43.000871}, {'x': -78.851143, 'y': 43.000683}, {'x': -78.85191, 'y': 43.000467}, {'x': -78.852843, 'y': 43.000126}, {'x': -78.853717, 'y': 42.999726}, {'x': -78.854703, 'y': 42.999197}, {'x': -78.855874, 'y': 42.998568}, {'x': -78.85613, 'y': 42.998446}, {'x': -78.857939, 'y': 42.997513}, {'x': -78.85898, 'y': 42.997042}, {'x': -78.859774, 'y': 42.996772}, {'x': -78.860686, 'y': 42.996501}, {'x': -78.861308, 'y': 42.99634}, {'x': -78.861946, 'y': 42.996187}, {'x': -78.862697, 'y': 42.996065}, {'x': -78.863438, 'y': 42.995948}, {'x': -78.864253, 'y': 42.99585}, {'x': -78.865305, 'y': 42.995814}, {'x': -78.868087, 'y': 42.995759}, {'x': -78.868928, 'y': 42.995754}, {'x': -78.872544, 'y': 42.99571}, {'x': -78.873402, 'y': 42.995693}]",1645770039369.0,3.0,"[{}, {}, {}, {}, {}, {}]",17.944444444444443,64.6,I-290 W,NONE,NONE,637921772.0,2022-02-25 06:20:39,4,False,LineString,"[[-78.827796, 43.003737], [-78.828746, 43.003441], [-78.8313, 43.002523], [-78.833021, 43.002001], [-78.834524, 43.00166], [-78.835849, 43.00144], [-78.835968, 43.001427], [-78.836751, 43.001337], [-78.838048, 43.001189], [-78.839571, 43.001134], [-78.848226, 43.00112], [-78.848912, 43.001071], [-78.849614, 43.000985], [-78.850311, 43.000871], [-78.851143, 43.000683], [-78.85191, 43.000467], [-78.852843, 43.000126], [-78.853717, 42.999726], [-78.854703, 42.999197], [-78.855874, 42.998568], [-78.85613, 42.998446], [-78.857939, 42.997513], [-78.85898, 42.997042], [-78.859774, 42.996772], [-78.860686, 42.996501], [-78.861308, 42.99634], [-78.861946, 42.996187], [-78.862697, 42.996065], [-78.863438, 42.995948], [-78.864253, 42.99585], [-78.865305, 42.995814], [-78.868087, 42.995759], [-78.868928, 42.995754], [-78.872544, 42.99571], [-78.873402, 42.995693]]",2022-02-25,-78.8208127358593,43.0039391511324,18586289,39246832,,PROPERTY DAMAGE,999,2022,OVERTAKING,2022/02/25,1900-01-01 06:29:00,COLLISION WITH MOTOR VEHICLE,DARK-ROAD UNLIGHTED,CURVE AND GRADE,SNOW/ICE,NONE,"TWO-WAY,DIVIDED,POSITIVE MEDIA BARR",SNOW,0,1970/01/01,0,0,0,0,2,1451.0,0,AMHERST TOWN PD,No,188575.38201206,4768339.95192667,Not an intersection crash,Ramp,Erie,7.0,70.0,,Amherst,I 290,290I53011053,88.0,T,11-Urban Principal Arterial Interstate,NYSDOT,NYSDOT,Youngmann Memorial Highway,55.0,"V1:(PAVEMENT SLIPPERY,UNSAFE SPEED) / V2:(PAVEMENT SLIPPERY,NOT APPLICABLE)",2022-02-25,-78.827796,43.003737
300,Feature,,"Tonawanda, NY",US,85.0,to I-190 N Â» Niagara Falls,637990678.0,2209.0,2.0,"[{'x': -78.885652, 'y': 42.994631}, {'x': -78.891612, 'y': 42.994076}, {'x': -78.891966, 'y': 42.994037}, {'x': -78.891971, 'y': 42.994041}, {'x': -78.893977, 'y': 42.993778}, {'x': -78.902807, 'y': 42.992165}, {'x': -78.904266, 'y': 42.991808}, {'x': -78.905532, 'y': 42.991455}, {'x': -78.906584, 'y': 42.991094}, {'x': -78.908542, 'y': 42.990286}, {'x': -78.909422, 'y': 42.989842}, {'x': -78.911236, 'y': 42.988909}]",1645773140416.0,3.0,[{}],13.186111111111112,47.47,I-290 W,NONE,NONE,637990678.0,2022-02-25 07:12:20,4,False,LineString,"[[-78.885652, 42.994631], [-78.891612, 42.994076], [-78.891966, 42.994037], [-78.891971, 42.994041], [-78.893977, 42.993778], [-78.902807, 42.992165], [-78.904266, 42.991808], [-78.905532, 42.991455], [-78.906584, 42.991094], [-78.908542, 42.990286], [-78.909422, 42.989842], [-78.911236, 42.988909]]",2022-02-25,-78.9099709503826,42.9807475183118,18587834,39248536,A - SERIOUS INJURY,INJURY,999,2022,OVERTAKING,2022/02/25,1900-01-01 07:27:00,COLLISION WITH OTHER BARRIER,DAYLIGHT,CURVE AND LEVEL,SNOW/ICE,NONE,NOT ENTERED,SNOW,0,1970/01/01,0,1,0,1,2,11404.0,0,NYSP THRUWAY BUFFALO,No,181187.49119071,4766099.07000615,Not an intersection crash,,Erie,,0.0,,Tonawanda,I 190,,89.0,T,11-Urban Principal Arterial Interstate,NYS Thruway,NYS Thruway,Niagara Thruway,55.0,"V1:(UNSAFE SPEED,PAVEMENT SLIPPERY) / V2:(NOT APPLICABLE,NOT APPLICABLE)",2022-02-25,-78.885652,42.994631
301,Feature,,"Elmira, NY",US,114.0,I-86 E,637993290.0,7196.0,1.0,"[{'x': -76.789465, 'y': 42.099421}, {'x': -76.789147, 'y': 42.099112}, {'x': -76.788926, 'y': 42.098873}, {'x': -76.78866, 'y': 42.098556}, {'x': -76.788443, 'y': 42.098287}, {'x': -76.78688, 'y': 42.096059}, {'x': -76.786395, 'y': 42.095393}, {'x': -76.785932, 'y': 42.094847}, {'x': -76.785457, 'y': 42.094305}, {'x': -76.784632, 'y': 42.093345}, {'x': -76.784251, 'y': 42.092871}, {'x': -76.784022, 'y': 42.092573}, {'x': -76.783551, 'y': 42.091867}, {'x': -76.783144, 'y': 42.091165}, {'x': -76.782879, 'y': 42.090719}, {'x': -76.782789, 'y': 42.090579}, {'x': -76.781992, 'y': 42.089178}, {'x': -76.78155, 'y': 42.088431}, {'x': -76.780965, 'y': 42.087573}, {'x': -76.78078, 'y': 42.087336}, {'x': -76.780086, 'y': 42.08646}, {'x': -76.779732, 'y': 42.085963}, {'x': -76.779388, 'y': 42.085453}, {'x': -76.778922, 'y': 42.084765}, {'x': -76.777698, 'y': 42.082742}, {'x': -76.776556, 'y': 42.080911}, {'x': -76.775778, 'y': 42.079656}, {'x': -76.774963, 'y': 42.07835}, {'x': -76.774732, 'y': 42.077972}, {'x': -76.774501, 'y': 42.07763}, {'x': -76.774244, 'y': 42.077212}, {'x': -76.773959, 'y': 42.076845}, {'x': -76.773621, 'y': 42.076415}, {'x': -76.773171, 'y': 42.075957}, {'x': -76.77264, 'y': 42.075444}, {'x': -76.771792, 'y': 42.074643}, {'x': -76.770263, 'y': 42.07321}, {'x': -76.768611, 'y': 42.071633}, {'x': -76.767104, 'y': 42.070219}, {'x': -76.76616, 'y': 42.069264}, {'x': -76.764974, 'y': 42.068097}, {'x': -76.764362, 'y': 42.067468}, {'x': -76.76388, 'y': 42.06693}, {'x': -76.763075, 'y': 42.065923}, {'x': -76.762013, 'y': 42.064537}, {'x': -76.761321, 'y': 42.063521}, {'x': -76.760682, 'y': 42.062617}, {'x': -76.760033, 'y': 42.061681}, {'x': -76.75917, 'y': 42.060419}, {'x': -76.758531, 'y': 42.05955}, {'x': -76.758049, 'y': 42.058925}, {'x': -76.757614, 'y': 42.058507}, {'x': -76.757222, 'y': 42.058125}, {'x': -76.756589, 'y': 42.057619}, {'x': -76.755356, 'y': 42.056679}, {'x': -76.754653, 'y': 42.056045}, {'x': -76.754218, 'y': 42.055564}, {'x': -76.753902, 'y': 42.055153}, {'x': -76.753532, 'y': 42.05462}, {'x': -76.752888, 'y': 42.053648}, {'x': -76.751869, 'y': 42.052082}, {'x': -76.751472, 'y': 42.051525}, {'x': -76.751134, 'y': 42.05109}, {'x': -76.750764, 'y': 42.050724}, {'x': -76.750335, 'y': 42.05031}, {'x': -76.749895, 'y': 42.049951}, {'x': -76.749412, 'y': 42.049593}, {'x': -76.748881, 'y': 42.049222}, {'x': -76.747196, 'y': 42.048039}, {'x': -76.74571, 'y': 42.047039}, {'x': -76.74511, 'y': 42.046545}, {'x': -76.743388, 'y': 42.045043}]",1645773271581.0,3.0,"[{}, {}, {}]",20.738888888888887,74.66,I-86 E,NONE,NONE,637993290.0,2022-02-25 07:14:31,4,False,LineString,"[[-76.789465, 42.099421], [-76.789147, 42.099112], [-76.788926, 42.098873], [-76.78866, 42.098556], [-76.788443, 42.098287], [-76.78688, 42.096059], [-76.786395, 42.095393], [-76.785932, 42.094847], [-76.785457, 42.094305], [-76.784632, 42.093345], [-76.784251, 42.092871], [-76.784022, 42.092573], [-76.783551, 42.091867], [-76.783144, 42.091165], [-76.782879, 42.090719], [-76.782789, 42.090579], [-76.781992, 42.089178], [-76.78155, 42.088431], [-76.780965, 42.087573], [-76.78078, 42.087336], [-76.780086, 42.08646], [-76.779732, 42.085963], [-76.779388, 42.085453], [-76.778922, 42.084765], [-76.777698, 42.082742], [-76.776556, 42.080911], [-76.775778, 42.079656], [-76.774963, 42.07835], [-76.774732, 42.077972], [-76.774501, 42.07763], [-76.774244, 42.077212], [-76.773959, 42.076845], [-76.773621, 42.076415], [-76.773171, 42.075957], [-76.77264, 42.075444], [-76.771792, 42.074643], [-76.770263, 42.07321], [-76.768611, 42.071633], [-76.767104, 42.070219], [-76.76616, 42.069264], [-76.764974, 42.068097], [-76.764362, 42.067468], [-76.76388, 42.06693], [-76.763075, 42.065923], [-76.762013, 42.064537], [-76.761321, 42.063521], [-76.760682, 42.062617], [-76.760033, 42.061681], [-76.75917, 42.060419], [-76.758531, 42.05955], [-76.758049, 42.058925], [-76.757614, 42.058507], [-76.757222, 42.058125], [-76.756589, 42.057619], [-76.755356, 42.056679], [-76.754653, 42.056045], [-76.754218, 42.055564], [-76.753902, 42.055153], [-76.753532, 42.05462], [-76.752888, 42.053648], [-76.751869, 42.052082], [-76.751472, 42.051525], [-76.751134, 42.05109], [-76.750764, 42.050724], [-76.750335, 42.05031], [-76.749895, 42.049951], [-76.749412, 42.049593], [-76.748881, 42.049222], [-76.747196, 42.048039], [-76.74571, 42.047039], [-76.74511, 42.046545], [-76.743388, 42.045043]]",2022-02-25,-76.7920896759975,42.101936025961,18591765,39252789,,PROPERTY DAMAGE,999,2022,OTHER,2022/02/25,1900-01-01 07:02:00,COLLISION WITH GUIDE RAIL,DAYLIGHT,STRAIGHT AND LEVEL,SNOW/ICE,NONE,NOT ENTERED,CLOUDY,0,1970/01/01,0,0,0,0,1,700.0,0,CHEMUNG CO SHERIFF DEPT,No,351818.01655422,4662648.13935065,Not an intersection crash,,Chemung,,0.0,,Elmira,SOUTHERN TIER EXPY,14 62013005,88.0,T,11-Urban Principal Arterial Interstate,NYSDOT,NYSDOT,Southern Tier Expressway,65.0,"V1:(PAVEMENT SLIPPERY,NOT APPLICABLE)",2022-02-25,-76.789465,42.099421