,type,properties.blockingAlertUuid,properties.city,properties.country,properties.delay,properties.endNode,properties.id,properties.length,properties.level,properties.line,properties.pubMillis,properties.roadType,properties.segments,properties.speed,properties.speedKMH,properties.street,properties.turnType,properties.type,properties.uuid,properties.utc_timestamp,properties.day_of_week,properties.weekday_weekend,geometry.type,geometry.coordinates,key_date_jams,X,Y,OBJECTID,CaseNumber,MaxInjuryS,CrashSever,RoadwayAcc,CaseYear,CollisionT,CrashDate,CrashTimeF,CrashType,LightCondi,RoadwayCha,RoadSurfac,TrafficCon,TrafficWay,WeatherCon,Commercial,DMVInsertD,NumberOfFa,NumberOfIn,NumberOfOt,NumberOfSe,NumberOfVe,PoliceDept,NonReporta,ReportingA,NonPublicW,UTMEasting,UTMNorthin,Intersecti,ClosestCro,CountyName,DirectionF,DistanceFr,MasterInte,CityTownNa,OnStreet,ReferenceM,ACCESS_CON,DIVIDED,FUNCTIONAL,MAINT_JURI,OWNING_JUR,NAME,POSTED_SPE,ApparentFa,key_date_crashes,jams_x,jams_y
302,Feature,,"Grand Island, NY",US,103.0,Exit 20: Long Rd,638007432.0,6827.0,1.0,"[{'x': -78.936583, 'y': 42.998601}, {'x': -78.941532, 'y': 43.001466}, {'x': -78.943127, 'y': 43.002391}, {'x': -78.944136, 'y': 43.002997}, {'x': -78.945338, 'y': 43.003655}, {'x': -78.94583, 'y': 43.003903}, {'x': -78.946441, 'y': 43.004211}, {'x': -78.947952, 'y': 43.00494}, {'x': -78.94929, 'y': 43.005582}, {'x': -78.950885, 'y': 43.006281}, {'x': -78.952795, 'y': 43.007086}, {'x': -78.956144, 'y': 43.008476}, {'x': -78.966288, 'y': 43.012656}, {'x': -78.967554, 'y': 43.013318}, {'x': -78.968356, 'y': 43.01384}, {'x': -78.969029, 'y': 43.014385}, {'x': -78.969608, 'y': 43.014936}, {'x': -78.970122, 'y': 43.01552}, {'x': -78.970594, 'y': 43.016126}, {'x': -78.971044, 'y': 43.016749}, {'x': -78.972067, 'y': 43.018223}, {'x': -78.976056, 'y': 43.024198}, {'x': -78.988498, 'y': 43.042799}, {'x': -78.989031, 'y': 43.043692}]",1645773923586.0,3.0,"[{}, {}, {}, {}, {}, {}, {}]",19.941666666666663,71.79,I-190 N,NONE,NONE,638007432.0,2022-02-25 07:25:23,4,False,LineString,"[[-78.936583, 42.998601], [-78.941532, 43.001466], [-78.943127, 43.002391], [-78.944136, 43.002997], [-78.945338, 43.003655], [-78.94583, 43.003903], [-78.946441, 43.004211], [-78.947952, 43.00494], [-78.94929, 43.005582], [-78.950885, 43.006281], [-78.952795, 43.007086], [-78.956144, 43.008476], [-78.966288, 43.012656], [-78.967554, 43.013318], [-78.968356, 43.01384], [-78.969029, 43.014385], [-78.969608, 43.014936], [-78.970122, 43.01552], [-78.970594, 43.016126], [-78.971044, 43.016749], [-78.972067, 43.018223], [-78.976056, 43.024198], [-78.988498, 43.042799], [-78.989031, 43.043692]]",2022-02-25,-78.9099709503826,42.9807475183118,18587834,39248536,A - SERIOUS INJURY,INJURY,999,2022,OVERTAKING,2022/02/25,1900-01-01 07:27:00,COLLISION WITH OTHER BARRIER,DAYLIGHT,CURVE AND LEVEL,SNOW/ICE,NONE,NOT ENTERED,SNOW,0,1970/01/01,0,1,0,1,2,11404.0,0,NYSP THRUWAY BUFFALO,No,181187.49119071,4766099.07000615,Not an intersection crash,,Erie,,0.0,,Tonawanda,I 190,,89.0,T,11-Urban Principal Arterial Interstate,NYS Thruway,NYS Thruway,Niagara Thruway,55.0,"V1:(UNSAFE SPEED,PAVEMENT SLIPPERY) / V2:(NOT APPLICABLE,NOT APPLICABLE)",2022-02-25,-78.936583,42.998601
303,Feature,,"Horseheads, NY",US,61.0,I-86 W,638014318.0,4441.0,1.0,"[{'x': -76.810507, 'y': 42.154494}, {'x': -76.810774, 'y': 42.154583}, {'x': -76.811257, 'y': 42.154723}, {'x': -76.811924, 'y': 42.154882}, {'x': -76.814374, 'y': 42.155462}, {'x': -76.814849, 'y': 42.155571}, {'x': -76.815544, 'y': 42.155724}, {'x': -76.817252, 'y': 42.156137}, {'x': -76.818342, 'y': 42.156424}, {'x': -76.819872, 'y': 42.156854}, {'x': -76.821168, 'y': 42.157239}, {'x': -76.821745, 'y': 42.157411}, {'x': -76.822969, 'y': 42.157774}, {'x': -76.823713, 'y': 42.157995}, {'x': -76.825607, 'y': 42.15856}, {'x': -76.827723, 'y': 42.159133}, {'x': -76.828266, 'y': 42.159286}, {'x': -76.828371, 'y': 42.159315}, {'x': -76.829901, 'y': 42.159705}, {'x': -76.830598, 'y': 42.159862}, {'x': -76.83124, 'y': 42.159947}, {'x': -76.831909, 'y': 42.160003}, {'x': -76.832439, 'y': 42.160017}, {'x': -76.832994, 'y': 42.160002}, {'x': -76.833225, 'y': 42.15999}, {'x': -76.833744, 'y': 42.159968}, {'x': -76.834318, 'y': 42.159954}, {'x': -76.834953, 'y': 42.15997}, {'x': -76.835584, 'y': 42.160032}, {'x': -76.836146, 'y': 42.160122}, {'x': -76.836956, 'y': 42.160297}, {'x': -76.837182, 'y': 42.160347}, {'x': -76.838666, 'y': 42.160693}, {'x': -76.838706, 'y': 42.160702}, {'x': -76.839787, 'y': 42.160943}, {'x': -76.841068, 'y': 42.161223}, {'x': -76.841389, 'y': 42.161297}, {'x': -76.842845, 'y': 42.161591}, {'x': -76.843972, 'y': 42.16177}, {'x': -76.844792, 'y': 42.161869}, {'x': -76.845413, 'y': 42.16192}, {'x': -76.845697, 'y': 42.16194}, {'x': -76.846912, 'y': 42.162007}, {'x': -76.84745, 'y': 42.162017}, {'x': -76.849053, 'y': 42.161988}, {'x': -76.850126, 'y': 42.161921}, {'x': -76.850412, 'y': 42.161895}, {'x': -76.850767, 'y': 42.161862}, {'x': -76.851546, 'y': 42.161778}, {'x': -76.852394, 'y': 42.161639}, {'x': -76.85322, 'y': 42.161492}, {'x': -76.862276, 'y': 42.159781}]",1645774251776.0,3.0,"[{}, {}, {}, {}, {}, {}, {}, {}, {}, {}, {}, {}, {}]",21.341666666666665,76.83,I-86 W,NONE,NONE,638014318.0,2022-02-25 07:30:51,4,False,LineString,"[[-76.810507, 42.154494], [-76.810774, 42.154583], [-76.811257, 42.154723], [-76.811924, 42.154882], [-76.814374, 42.155462], [-76.814849, 42.155571], [-76.815544, 42.155724], [-76.817252, 42.156137], [-76.818342, 42.156424], [-76.819872, 42.156854], [-76.821168, 42.157239], [-76.821745, 42.157411], [-76.822969, 42.157774], [-76.823713, 42.157995], [-76.825607, 42.15856], [-76.827723, 42.159133], [-76.828266, 42.159286], [-76.828371, 42.159315], [-76.829901, 42.159705], [-76.830598, 42.159862], [-76.83124, 42.159947], [-76.831909, 42.160003], [-76.832439, 42.160017], [-76.832994, 42.160002], [-76.833225, 42.15999], [-76.833744, 42.159968], [-76.834318, 42.159954], [-76.834953, 42.15997], [-76.835584, 42.160032], [-76.836146, 42.160122], [-76.836956, 42.160297], [-76.837182, 42.160347], [-76.838666, 42.160693], [-76.838706, 42.160702], [-76.839787, 42.160943], [-76.841068, 42.161223], [-76.841389, 42.161297], [-76.842845, 42.161591], [-76.843972, 42.16177], [-76.844792, 42.161869], [-76.845413, 42.16192], [-76.845697, 42.16194], [-76.846912, 42.162007], [-76.84745, 42.162017], [-76.849053, 42.161988], [-76.850126, 42.161921], [-76.850412, 42.161895], [-76.850767, 42.161862], [-76.851546, 42.161778], [-76.852394, 42.161639], [-76.85322, 42.161492], [-76.862276, 42.159781]]",2022-02-25,-76.8026903997942,42.1335471668173,18590316,39251229,,PROPERTY DAMAGE,999,2022,OTHER,2022/02/25,1900-01-01 07:19:00,COLLISION WITH GUIDE RAIL,DAYLIGHT,STRAIGHT AND LEVEL,SNOW/ICE,NONE,NOT ENTERED,SNOW,0,1970/01/01,0,0,0,0,1,700.0,0,CHEMUNG CO SHERIFF DEPT,No,351015.53639356,4666176.58039698,Not an intersection crash,,Chemung,,0.0,,Horseheads,SOUTHERN TIER EXPY,14 62013028,88.0,T,11-Urban Principal Arterial Interstate,NYSDOT,NYSDOT,Southern Tier Expressway,65.0,"V1:(UNSAFE SPEED,PAVEMENT SLIPPERY)",2022-02-25,-76.810507,42.154494
304,Feature,,"Elmira, NY",US,122.0,I-86 E,638014708.0,7196.0,1.0,"[{'x': -76.789465, 'y': 42.099421}, {'x': -76.789147, 'y': 42.099112}, {'x': -76.788926, 'y': 42.098873}, {'x': -76.78866, 'y': 42.098556}, {'x': -76.788443, 'y': 42.098287}, {'x': -76.78688, 'y': 42.096059}, {'x': -76.786395, 'y': 42.095393}, {'x': -76.785932, 'y': 42.094847}, {'x': -76.785457, 'y': 42.094305}, {'x': -76.784632, 'y': 42.093345}, {'x': -76.784251, 'y': 42.092871}, {'x': -76.784022, 'y': 42.092573}, {'x': -76.783551, 'y': 42.091867}, {'x': -76.783144, 'y': 42.091165}, {'x': -76.782879, 'y': 42.090719}, {'x': -76.782789, 'y': 42.090579}, {'x': -76.781992, 'y': 42.089178}, {'x': -76.78155, 'y': 42.088431}, {'x': -76.780965, 'y': 42.087573}, {'x': -76.78078, 'y': 42.087336}, {'x': -76.780086, 'y': 42.08646}, {'x': -76.779732, 'y': 42.085963}, {'x': -76.779388, 'y': 42.085453}, {'x': -76.778922, 'y': 42.084765}, {'x': -76.777698, 'y': 42.082742}, {'x': -76.776556, 'y': 42.080911}, {'x': -76.775778, 'y': 42.079656}, {'x': -76.774963, 'y': 42.07835}, {'x': -76.774732, 'y': 42.077972}, {'x': -76.774501, 'y': 42.07763}, {'x': -76.774244, 'y': 42.077212}, {'x': -76.773959, 'y': 42.076845}, {'x': -76.773621, 'y': 42.076415}, {'x': -76.773171, 'y': 42.075957}, {'x': -76.77264, 'y': 42.075444}, {'x': -76.771792, 'y': 42.074643}, {'x': -76.770263, 'y': 42.07321}, {'x': -76.768611, 'y': 42.071633}, {'x': -76.767104, 'y': 42.070219}, {'x': -76.76616, 'y': 42.069264}, {'x': -76.764974, 'y': 42.068097}, {'x': -76.764362, 'y': 42.067468}, {'x': -76.76388, 'y': 42.06693}, {'x': -76.763075, 'y': 42.065923}, {'x': -76.762013, 'y': 42.064537}, {'x': -76.761321, 'y': 42.063521}, {'x': -76.760682, 'y': 42.062617}, {'x': -76.760033, 'y': 42.061681}, {'x': -76.75917, 'y': 42.060419}, {'x': -76.758531, 'y': 42.05955}, {'x': -76.758049, 'y': 42.058925}, {'x': -76.757614, 'y': 42.058507}, {'x': -76.757222, 'y': 42.058125}, {'x': -76.756589, 'y': 42.057619}, {'x': -76.755356, 'y': 42.056679}, {'x': -76.754653, 'y': 42.056045}, {'x': -76.754218, 'y': 42.055564}, {'x': -76.753902, 'y': 42.055153}, {'x': -76.753532, 'y': 42.05462}, {'x': -76.752888, 'y': 42.053648}, {'x': -76.751869, 'y': 42.052082}, {'x': -76.751472, 'y': 42.051525}, {'x': -76.751134, 'y': 42.05109}, {'x': -76.750764, 'y': 42.050724}, {'x': -76.750335, 'y': 42.05031}, {'x': -76.749895, 'y': 42.049951}, {'x': -76.749412, 'y': 42.049593}, {'x': -76.748881, 'y': 42.049222}, {'x': -76.747196, 'y': 42.048039}, {'x': -76.74571, 'y': 42.047039}, {'x': -76.74511, 'y': 42.046545}, {'x': -76.743388, 'y': 42.045043}]",1645774252143.0,3.0,"[{}, {}, {}]",20.266666666666666,72.96,I-86 E,NONE,NONE,638014708.0,2022-02-25 07:30:52,4,False,LineString,"[[-76.789465, 42.099421], [-76.789147, 42.099112], [-76.788926, 42.098873], [-76.78866, 42.098556], [-76.788443, 42.098287], [-76.78688, 42.096059], [-76.786395, 42.095393], [-76.785932, 42.094847], [-76.785457, 42.094305], [-76.784632, 42.093345], [-76.784251, 42.092871], [-76.784022, 42.092573], [-76.783551, 42.091867], [-76.783144, 42.091165], [-76.782879, 42.090719], [-76.782789, 42.090579], [-76.781992, 42.089178], [-76.78155, 42.088431], [-76.780965, 42.087573], [-76.78078, 42.087336], [-76.780086, 42.08646], [-76.779732, 42.085963], [-76.779388, 42.085453], [-76.778922, 42.084765], [-76.777698, 42.082742], [-76.776556, 42.080911], [-76.775778, 42.079656], [-76.774963, 42.07835], [-76.774732, 42.077972], [-76.774501, 42.07763], [-76.774244, 42.077212], [-76.773959, 42.076845], [-76.773621, 42.076415], [-76.773171, 42.075957], [-76.77264, 42.075444], [-76.771792, 42.074643], [-76.770263, 42.07321], [-76.768611, 42.071633], [-76.767104, 42.070219], [-76.76616, 42.069264], [-76.764974, 42.068097], [-76.764362, 42.067468], [-76.76388, 42.06693], [-76.763075, 42.065923], [-76.762013, 42.064537], [-76.761321, 42.063521], [-76.760682, 42.062617], [-76.760033, 42.061681], [-76.75917, 42.060419], [-76.758531, 42.05955], [-76.758049, 42.058925], [-76.757614, 42.058507], [-76.757222, 42.058125], [-76.756589, 42.057619], [-76.755356, 42.056679], [-76.754653, 42.056045], [-76.754218, 42.055564], [-76.753902, 42.055153], [-76.753532, 42.05462], [-76.752888, 42.053648], [-76.751869, 42.052082], [-76.751472, 42.051525], [-76.751134, 42.05109], [-76.750764, 42.050724], [-76.750335, 42.05031], [-76.749895, 42.049951], [-76.749412, 42.049593], [-76.748881, 42.049222], [-76.747196, 42.048039], [-76.74571, 42.047039], [-76.74511, 42.046545], [-76.743388, 42.045043]]",2022-02-25,-76.7920896759975,42.101936025961,18591765,39252789,,PROPERTY DAMAGE,999,2022,OTHER,2022/02/25,1900-01-01 07:02:00,COLLISION WITH GUIDE RAIL,DAYLIGHT,STRAIGHT AND LEVEL,SNOW/ICE,NONE,NOT ENTERED,CLOUDY,0,1970/01/01,0,0,0,0,1,700.0,0,CHEMUNG CO SHERIFF DEPT,No,351818.01655422,4662648.13935065,Not an intersection crash,,Chemung,,0.0,,Elmira,SOUTHERN TIER EXPY,14 62013005,88.0,T,11-Urban Principal Arterial Interstate,NYSDOT,NYSDOT,Southern Tier Expressway,65.0,"V1:(PAVEMENT SLIPPERY,NOT APPLICABLE)",2022-02-25,-76.789465,42.099421
305,Feature,,"Chenango, NY",US,192.0,I-81 S,638035694.0,9930.0,1.0,"[{'x': -75.917199, 'y': 42.241472}, {'x': -75.91583, 'y': 42.235177}, {'x': -75.914686, 'y': 42.229995}, {'x': -75.914686, 'y': 42.229994}, {'x': -75.914544, 'y': 42.22933}, {'x': -75.914365, 'y': 42.228695}, {'x': -75.914145, 'y': 42.228164}, {'x': -75.913943, 'y': 42.227775}, {'x': -75.913598, 'y': 42.227257}, {'x': -75.913337, 'y': 42.226919}, {'x': -75.913005, 'y': 42.226561}, {'x': -75.912594, 'y': 42.226173}, {'x': -75.90965, 'y': 42.223561}, {'x': -75.909115, 'y': 42.223039}, {'x': -75.908714, 'y': 42.222556}, {'x': -75.908459, 'y': 42.222196}, {'x': -75.908224, 'y': 42.221803}, {'x': -75.900673, 'y': 42.207971}, {'x': -75.900218, 'y': 42.207107}, {'x': -75.899787, 'y': 42.206128}, {'x': -75.899435, 'y': 42.205173}, {'x': -75.899285, 'y': 42.204685}, {'x': -75.899032, 'y': 42.203705}, {'x': -75.898891, 'y': 42.202957}, {'x': -75.898771, 'y': 42.202027}, {'x': -75.898714, 'y': 42.201207}, {'x': -75.898702, 'y': 42.200745}, {'x': -75.898735, 'y': 42.199722}, {'x': -75.898828, 'y': 42.198808}, {'x': -75.898994, 'y': 42.197818}, {'x': -75.899302, 'y': 42.196598}, {'x': -75.902256, 'y': 42.187533}, {'x': -75.902415, 'y': 42.186995}, {'x': -75.902536, 'y': 42.186444}, {'x': -75.902599, 'y': 42.186001}, {'x': -75.902627, 'y': 42.185438}, {'x': -75.902588, 'y': 42.184748}, {'x': -75.902527, 'y': 42.184342}, {'x': -75.90241, 'y': 42.183852}, {'x': -75.902163, 'y': 42.18313}, {'x': -75.902016, 'y': 42.182799}, {'x': -75.901644, 'y': 42.182044}, {'x': -75.899552, 'y': 42.177794}, {'x': -75.899254, 'y': 42.177226}, {'x': -75.898753, 'y': 42.176198}, {'x': -75.898376, 'y': 42.175372}, {'x': -75.898113, 'y': 42.174735}, {'x': -75.8978, 'y': 42.173898}, {'x': -75.897449, 'y': 42.172818}, {'x': -75.89642, 'y': 42.169396}, {'x': -75.896168, 'y': 42.168547}, {'x': -75.896033, 'y': 42.168091}, {'x': -75.895981, 'y': 42.167889}, {'x': -75.895908, 'y': 42.16756}, {'x': -75.895864, 'y': 42.167161}, {'x': -75.895869, 'y': 42.166556}, {'x': -75.895925, 'y': 42.166129}, {'x': -75.896021, 'y': 42.1657}, {'x': -75.896198, 'y': 42.164932}, {'x': -75.897238, 'y': 42.160557}, {'x': -75.897756, 'y': 42.158361}, {'x': -75.898141, 'y': 42.156718}, {'x': -75.898253, 'y': 42.156197}]",1645775568871.0,3.0,"[{}, {}, {}, {}, {}]",19.122222222222224,68.84,I-81 S,NONE,NONE,638035694.0,2022-02-25 07:52:48,4,False,LineString,"[[-75.917199, 42.241472], [-75.91583, 42.235177], [-75.914686, 42.229995], [-75.914686, 42.229994], [-75.914544, 42.22933], [-75.914365, 42.228695], [-75.914145, 42.228164], [-75.913943, 42.227775], [-75.913598, 42.227257], [-75.913337, 42.226919], [-75.913005, 42.226561], [-75.912594, 42.226173], [-75.90965, 42.223561], [-75.909115, 42.223039], [-75.908714, 42.222556], [-75.908459, 42.222196], [-75.908224, 42.221803], [-75.900673, 42.207971], [-75.900218, 42.207107], [-75.899787, 42.206128], [-75.899435, 42.205173], [-75.899285, 42.204685], [-75.899032, 42.203705], [-75.898891, 42.202957], [-75.898771, 42.202027], [-75.898714, 42.201207], [-75.898702, 42.200745], [-75.898735, 42.199722], [-75.898828, 42.198808], [-75.898994, 42.197818], [-75.899302, 42.196598], [-75.902256, 42.187533], [-75.902415, 42.186995], [-75.902536, 42.186444], [-75.902599, 42.186001], [-75.902627, 42.185438], [-75.902588, 42.184748], [-75.902527, 42.184342], [-75.90241, 42.183852], [-75.902163, 42.18313], [-75.902016, 42.182799], [-75.901644, 42.182044], [-75.899552, 42.177794], [-75.899254, 42.177226], [-75.898753, 42.176198], [-75.898376, 42.175372], [-75.898113, 42.174735], [-75.8978, 42.173898], [-75.897449, 42.172818], [-75.89642, 42.169396], [-75.896168, 42.168547], [-75.896033, 42.168091], [-75.895981, 42.167889], [-75.895908, 42.16756], [-75.895864, 42.167161], [-75.895869, 42.166556], [-75.895925, 42.166129], [-75.896021, 42.1657], [-75.896198, 42.164932], [-75.897238, 42.160557], [-75.897756, 42.158361], [-75.898141, 42.156718], [-75.898253, 42.156197]]",2022-02-25,-75.9177332523751,42.2479760969964,18590075,39250986,,PROPERTY DAMAGE,999,2022,OTHER,2022/02/25,1900-01-01 07:53:00,COLL. W/EARTH ELE./ROCK CUT/DITCH,DAYLIGHT,STRAIGHT AND LEVEL,SNOW/ICE,NONE,NOT ENTERED,CLOUDY,0,1970/01/01,0,0,0,0,1,11201.0,1,NYSP SIDNEY,No,424291.0,4677717.0,Not an intersection crash,,Broome,,0.0,,Barker,,,,,Unknown,Unknown,Unknown,,,"V1:(PAVEMENT SLIPPERY,UNSAFE SPEED)",2022-02-25,-75.917199,42.241472
306,Feature,,"Big Flats, NY",US,80.0,to I-86 E / Binghamton,638040982.0,4766.0,1.0,"[{'x': -76.936362, 'y': 42.142529}, {'x': -76.926198, 'y': 42.14543}, {'x': -76.920838, 'y': 42.146942}, {'x': -76.91788, 'y': 42.147784}, {'x': -76.915225, 'y': 42.148507}, {'x': -76.915041, 'y': 42.148549}, {'x': -76.914427, 'y': 42.148692}, {'x': -76.913217, 'y': 42.148961}, {'x': -76.910715, 'y': 42.149509}, {'x': -76.910457, 'y': 42.149568}, {'x': -76.90921, 'y': 42.149838}, {'x': -76.902877, 'y': 42.151212}, {'x': -76.900194, 'y': 42.151801}, {'x': -76.894632, 'y': 42.153006}, {'x': -76.891048, 'y': 42.153793}, {'x': -76.889004, 'y': 42.154243}, {'x': -76.885437, 'y': 42.155018}, {'x': -76.881591, 'y': 42.155863}]",1645775892906.0,3.0,"[{}, {}, {}, {}]",20.4,73.44,I-86 E,NONE,NONE,638040982.0,2022-02-25 07:58:12,4,False,LineString,"[[-76.936362, 42.142529], [-76.926198, 42.14543], [-76.920838, 42.146942], [-76.91788, 42.147784], [-76.915225, 42.148507], [-76.915041, 42.148549], [-76.914427, 42.148692], [-76.913217, 42.148961], [-76.910715, 42.149509], [-76.910457, 42.149568], [-76.90921, 42.149838], [-76.902877, 42.151212], [-76.900194, 42.151801], [-76.894632, 42.153006], [-76.891048, 42.153793], [-76.889004, 42.154243], [-76.885437, 42.155018], [-76.881591, 42.155863]]",2022-02-25,-76.9091581296108,42.1499943053204,18586474,39247017,,PROPERTY DAMAGE,999,2022,OTHER,2022/02/25,1900-01-01 08:24:00,COLLISION WITH GUIDE RAIL,DAYLIGHT,STRAIGHT AND LEVEL,SNOW/ICE,NONE,NOT ENTERED,CLOUDY,0,1970/01/01,0,0,0,0,1,10703.0,0,BIG FLATS STATE POLICE,No,342256.96870669,4668194.1185757,Not an intersection crash,Ramp,Chemung,8.0,332.0,,Big Flats,I 86,17 62051031,88.0,T,11-Urban Principal Arterial Interstate,NYSDOT,NYSDOT,Southern Tier Expressway,65.0,"V1:(UNSAFE SPEED,NOT APPLICABLE)",2022-02-25,-76.936362,42.142529
307,Feature,,"Cortland, NY",US,73.0,I-81 N,638064588.0,2563.0,1.0,"[{'x': -76.156534, 'y': 42.604183}, {'x': -76.156745, 'y': 42.604948}, {'x': -76.156911, 'y': 42.605482}, {'x': -76.157141, 'y': 42.606033}, {'x': -76.157262, 'y': 42.606271}, {'x': -76.157534, 'y': 42.606696}, {'x': -76.157956, 'y': 42.607225}, {'x': -76.158077, 'y': 42.60735}, {'x': -76.158509, 'y': 42.607752}, {'x': -76.158942, 'y': 42.608086}, {'x': -76.159266, 'y': 42.608309}, {'x': -76.159522, 'y': 42.608464}, {'x': -76.159783, 'y': 42.608609}, {'x': -76.160099, 'y': 42.60877}, {'x': -76.160431, 'y': 42.608919}, {'x': -76.160771, 'y': 42.609053}, {'x': -76.16112, 'y': 42.609176}, {'x': -76.161881, 'y': 42.609386}, {'x': -76.162298, 'y': 42.609471}, {'x': -76.162654, 'y': 42.609529}, {'x': -76.162975, 'y': 42.609575}, {'x': -76.163187, 'y': 42.609597}, {'x': -76.163398, 'y': 42.609611}, {'x': -76.163596, 'y': 42.609621}, {'x': -76.164004, 'y': 42.609636}, {'x': -76.164693, 'y': 42.609625}, {'x': -76.167287, 'y': 42.609509}, {'x': -76.168577, 'y': 42.609452}, {'x': -76.169875, 'y': 42.609389}, {'x': -76.170682, 'y': 42.609356}, {'x': -76.171736, 'y': 42.609308}, {'x': -76.174268, 'y': 42.609211}, {'x': -76.174947, 'y': 42.609245}, {'x': -76.175431, 'y': 42.609297}, {'x': -76.17595, 'y': 42.609382}, {'x': -76.176363, 'y': 42.609473}, {'x': -76.177051, 'y': 42.609674}, {'x': -76.17748, 'y': 42.609838}, {'x': -76.177933, 'y': 42.61004}, {'x': -76.178373, 'y': 42.610272}, {'x': -76.178779, 'y': 42.610529}, {'x': -76.17904, 'y': 42.610712}, {'x': -76.179344, 'y': 42.610958}, {'x': -76.179589, 'y': 42.61118}, {'x': -76.179888, 'y': 42.611498}, {'x': -76.180199, 'y': 42.611886}, {'x': -76.180324, 'y': 42.612073}, {'x': -76.180486, 'y': 42.612347}, {'x': -76.180672, 'y': 42.612685}, {'x': -76.180803, 'y': 42.613018}, {'x': -76.180904, 'y': 42.613368}]",1645777509363.0,3.0,"[{}, {}, {}]",15.944444444444445,57.4,I-81 N,NONE,NONE,638064588.0,2022-02-25 08:25:09,4,False,LineString,"[[-76.156534, 42.604183], [-76.156745, 42.604948], [-76.156911, 42.605482], [-76.157141, 42.606033], [-76.157262, 42.606271], [-76.157534, 42.606696], [-76.157956, 42.607225], [-76.158077, 42.60735], [-76.158509, 42.607752], [-76.158942, 42.608086], [-76.159266, 42.608309], [-76.159522, 42.608464], [-76.159783, 42.608609], [-76.160099, 42.60877], [-76.160431, 42.608919], [-76.160771, 42.609053], [-76.16112, 42.609176], [-76.161881, 42.609386], [-76.162298, 42.609471], [-76.162654, 42.609529], [-76.162975, 42.609575], [-76.163187, 42.609597], [-76.163398, 42.609611], [-76.163596, 42.609621], [-76.164004, 42.609636], [-76.164693, 42.609625], [-76.167287, 42.609509], [-76.168577, 42.609452], [-76.169875, 42.609389], [-76.170682, 42.609356], [-76.171736, 42.609308], [-76.174268, 42.609211], [-76.174947, 42.609245], [-76.175431, 42.609297], [-76.17595, 42.609382], [-76.176363, 42.609473], [-76.177051, 42.609674], [-76.17748, 42.609838], [-76.177933, 42.61004], [-76.178373, 42.610272], [-76.178779, 42.610529], [-76.17904, 42.610712], [-76.179344, 42.610958], [-76.179589, 42.61118], [-76.179888, 42.611498], [-76.180199, 42.611886], [-76.180324, 42.612073], [-76.180486, 42.612347], [-76.180672, 42.612685], [-76.180803, 42.613018], [-76.180904, 42.613368]]",2022-02-25,-76.1797711096833,42.6107147360236,18589953,39250864,,PROPERTY DAMAGE,999,2022,OTHER,2022/02/25,1900-01-01 08:54:00,COLLISION WITH SIGN POST,DAYLIGHT,CURVE AND GRADE,SNOW/ICE,NONE,NOT ENTERED,CLOUDY,0,1970/01/01,0,0,0,0,1,11201.0,0,NYSP SIDNEY,No,403233.3864959,4718261.32858885,Not an intersection crash,,Cortland,,0.0,,Cortland,I 81,81I32022011,88.0,T,11-Urban Principal Arterial Interstate,NYSDOT,NYSDOT,,65.0,"V1:(UNSAFE SPEED,PAVEMENT SLIPPERY)",2022-02-25,-76.156534,42.604183