,type,properties.blockingAlertUuid,properties.city,properties.country,properties.delay,properties.endNode,properties.id,properties.length,properties.level,properties.line,properties.pubMillis,properties.roadType,properties.segments,properties.speed,properties.speedKMH,properties.street,properties.turnType,properties.type,properties.uuid,properties.utc_timestamp,properties.day_of_week,properties.weekday_weekend,geometry.type,geometry.coordinates,key_date_jams,X,Y,OBJECTID,CaseNumber,MaxInjuryS,CrashSever,RoadwayAcc,CaseYear,CollisionT,CrashDate,CrashTimeF,CrashType,LightCondi,RoadwayCha,RoadSurfac,TrafficCon,TrafficWay,WeatherCon,Commercial,DMVInsertD,NumberOfFa,NumberOfIn,NumberOfOt,NumberOfSe,NumberOfVe,PoliceDept,NonReporta,ReportingA,NonPublicW,UTMEasting,UTMNorthin,Intersecti,ClosestCro,CountyName,DirectionF,DistanceFr,MasterInte,CityTownNa,OnStreet,ReferenceM,ACCESS_CON,DIVIDED,FUNCTIONAL,MAINT_JURI,OWNING_JUR,NAME,POSTED_SPE,ApparentFa,key_date_crashes,jams_x,jams_y
308,Feature,,"Lisle, NY",US,129.0,I-81 N,638066264.0,7772.0,1.0,"[{'x': -75.982114, 'y': 42.346077}, {'x': -75.983126, 'y': 42.347049}, {'x': -75.983153, 'y': 42.347075}, {'x': -75.984091, 'y': 42.347981}, {'x': -75.984727, 'y': 42.348595}, {'x': -75.988527, 'y': 42.352263}, {'x': -75.990131, 'y': 42.353907}, {'x': -75.990668, 'y': 42.354539}, {'x': -75.991122, 'y': 42.355121}, {'x': -75.991467, 'y': 42.355597}, {'x': -75.991985, 'y': 42.356369}, {'x': -75.992658, 'y': 42.357492}, {'x': -75.993141, 'y': 42.358439}, {'x': -75.993351, 'y': 42.35891}, {'x': -75.993732, 'y': 42.359848}, {'x': -75.994051, 'y': 42.360807}, {'x': -75.994185, 'y': 42.361283}, {'x': -75.994411, 'y': 42.362227}, {'x': -75.994501, 'y': 42.362698}, {'x': -75.994632, 'y': 42.363623}, {'x': -75.994708, 'y': 42.364573}, {'x': -75.994727, 'y': 42.365545}, {'x': -75.994693, 'y': 42.366372}, {'x': -75.994603, 'y': 42.367338}, {'x': -75.994147, 'y': 42.370206}, {'x': -75.993942, 'y': 42.371621}, {'x': -75.993835, 'y': 42.372918}, {'x': -75.993789, 'y': 42.37398}, {'x': -75.993791, 'y': 42.374731}, {'x': -75.993845, 'y': 42.37593}, {'x': -75.993887, 'y': 42.376392}, {'x': -75.993927, 'y': 42.376863}, {'x': -75.994043, 'y': 42.377748}, {'x': -75.994219, 'y': 42.378781}, {'x': -75.994419, 'y': 42.37973}, {'x': -75.994677, 'y': 42.380735}, {'x': -75.994945, 'y': 42.381609}, {'x': -75.995261, 'y': 42.38254}, {'x': -75.995806, 'y': 42.383907}, {'x': -75.996262, 'y': 42.38491}, {'x': -75.996765, 'y': 42.385889}, {'x': -75.996986, 'y': 42.386303}, {'x': -75.997538, 'y': 42.387254}, {'x': -75.997837, 'y': 42.38773}, {'x': -75.99848, 'y': 42.388701}, {'x': -75.999097, 'y': 42.389555}, {'x': -75.999831, 'y': 42.3905}, {'x': -76.00062, 'y': 42.39143}, {'x': -76.001803, 'y': 42.392741}, {'x': -76.007413, 'y': 42.398884}, {'x': -76.009313, 'y': 42.400977}, {'x': -76.011452, 'y': 42.403321}, {'x': -76.012007, 'y': 42.403978}, {'x': -76.012225, 'y': 42.404256}, {'x': -76.012765, 'y': 42.405005}, {'x': -76.01319, 'y': 42.405696}, {'x': -76.01349, 'y': 42.406225}, {'x': -76.013917, 'y': 42.407104}, {'x': -76.014114, 'y': 42.407569}, {'x': -76.014346, 'y': 42.408212}, {'x': -76.014612, 'y': 42.40914}, {'x': -76.014686, 'y': 42.409405}]",1645777638058.0,3.0,[{}],20.441666666666663,73.59,I-81 N,NONE,NONE,638066264.0,2022-02-25 08:27:18,4,False,LineString,"[[-75.982114, 42.346077], [-75.983126, 42.347049], [-75.983153, 42.347075], [-75.984091, 42.347981], [-75.984727, 42.348595], [-75.988527, 42.352263], [-75.990131, 42.353907], [-75.990668, 42.354539], [-75.991122, 42.355121], [-75.991467, 42.355597], [-75.991985, 42.356369], [-75.992658, 42.357492], [-75.993141, 42.358439], [-75.993351, 42.35891], [-75.993732, 42.359848], [-75.994051, 42.360807], [-75.994185, 42.361283], [-75.994411, 42.362227], [-75.994501, 42.362698], [-75.994632, 42.363623], [-75.994708, 42.364573], [-75.994727, 42.365545], [-75.994693, 42.366372], [-75.994603, 42.367338], [-75.994147, 42.370206], [-75.993942, 42.371621], [-75.993835, 42.372918], [-75.993789, 42.37398], [-75.993791, 42.374731], [-75.993845, 42.37593], [-75.993887, 42.376392], [-75.993927, 42.376863], [-75.994043, 42.377748], [-75.994219, 42.378781], [-75.994419, 42.37973], [-75.994677, 42.380735], [-75.994945, 42.381609], [-75.995261, 42.38254], [-75.995806, 42.383907], [-75.996262, 42.38491], [-75.996765, 42.385889], [-75.996986, 42.386303], [-75.997538, 42.387254], [-75.997837, 42.38773], [-75.99848, 42.388701], [-75.999097, 42.389555], [-75.999831, 42.3905], [-76.00062, 42.39143], [-76.001803, 42.392741], [-76.007413, 42.398884], [-76.009313, 42.400977], [-76.011452, 42.403321], [-76.012007, 42.403978], [-76.012225, 42.404256], [-76.012765, 42.405005], [-76.01319, 42.405696], [-76.01349, 42.406225], [-76.013917, 42.407104], [-76.014114, 42.407569], [-76.014346, 42.408212], [-76.014612, 42.40914], [-76.014686, 42.409405]]",2022-02-25,-75.9676254791933,42.3196910523722,18608952,39271472,,PROPERTY DAMAGE,999,2022,OTHER,2022/02/25,1900-01-01 08:37:00,COLLISION WITH SNOW EMBANKMENT,DAYLIGHT,STRAIGHT AND LEVEL,SLUSH,NONE,NOT ENTERED,"SLEET/HAIL/FREEZING RAIN
",0,1970/01/01,0,0,0,0,1,300.0,1,BROOME CO SO,No,420265.55838112,4685725.4686478,Not an intersection crash,Ramp,Broome,8.0,107.0,,Barker,I 81,81I91013155,88.0,T,1-Rural Principal Arterial Interstate,NYSDOT,NYSDOT,Interstate 81,65.0,"V1:(PAVEMENT SLIPPERY,NOT APPLICABLE)",2022-02-25,-75.982114,42.346077
309,Feature,,"Cortland, NY",US,103.0,I-81 S,638066878.0,2614.0,2.0,"[{'x': -76.181452, 'y': 42.613357}, {'x': -76.181332, 'y': 42.612934}, {'x': -76.181177, 'y': 42.612531}, {'x': -76.18102, 'y': 42.612211}, {'x': -76.180823, 'y': 42.611911}, {'x': -76.180486, 'y': 42.61144}, {'x': -76.180066, 'y': 42.610974}, {'x': -76.17991, 'y': 42.610831}, {'x': -76.179517, 'y': 42.610499}, {'x': -76.178929, 'y': 42.610087}, {'x': -76.178631, 'y': 42.609909}, {'x': -76.178286, 'y': 42.609731}, {'x': -76.177676, 'y': 42.609456}, {'x': -76.176949, 'y': 42.609204}, {'x': -76.176158, 'y': 42.609009}, {'x': -76.175471, 'y': 42.608892}, {'x': -76.174617, 'y': 42.608812}, {'x': -76.174146, 'y': 42.608806}, {'x': -76.170816, 'y': 42.608942}, {'x': -76.170154, 'y': 42.608973}, {'x': -76.168509, 'y': 42.609047}, {'x': -76.166445, 'y': 42.609143}, {'x': -76.165405, 'y': 42.60919}, {'x': -76.164381, 'y': 42.609225}, {'x': -76.163953, 'y': 42.609228}, {'x': -76.163546, 'y': 42.609214}, {'x': -76.162911, 'y': 42.609158}, {'x': -76.16262, 'y': 42.609116}, {'x': -76.162114, 'y': 42.609016}, {'x': -76.161631, 'y': 42.608886}, {'x': -76.161356, 'y': 42.608811}, {'x': -76.161065, 'y': 42.608706}, {'x': -76.160775, 'y': 42.608597}, {'x': -76.160492, 'y': 42.608475}, {'x': -76.160106, 'y': 42.608284}, {'x': -76.159672, 'y': 42.608032}, {'x': -76.159253, 'y': 42.607754}, {'x': -76.158974, 'y': 42.607527}, {'x': -76.158703, 'y': 42.607294}, {'x': -76.158443, 'y': 42.607028}, {'x': -76.158234, 'y': 42.606781}, {'x': -76.158113, 'y': 42.606628}, {'x': -76.157874, 'y': 42.606262}, {'x': -76.157661, 'y': 42.605918}, {'x': -76.157577, 'y': 42.605732}, {'x': -76.157383, 'y': 42.605229}, {'x': -76.156979, 'y': 42.603717}]",1645777702459.0,3.0,"[{}, {}, {}]",13.683333333333334,49.26,I-81 S,NONE,NONE,638066878.0,2022-02-25 08:28:22,4,False,LineString,"[[-76.181452, 42.613357], [-76.181332, 42.612934], [-76.181177, 42.612531], [-76.18102, 42.612211], [-76.180823, 42.611911], [-76.180486, 42.61144], [-76.180066, 42.610974], [-76.17991, 42.610831], [-76.179517, 42.610499], [-76.178929, 42.610087], [-76.178631, 42.609909], [-76.178286, 42.609731], [-76.177676, 42.609456], [-76.176949, 42.609204], [-76.176158, 42.609009], [-76.175471, 42.608892], [-76.174617, 42.608812], [-76.174146, 42.608806], [-76.170816, 42.608942], [-76.170154, 42.608973], [-76.168509, 42.609047], [-76.166445, 42.609143], [-76.165405, 42.60919], [-76.164381, 42.609225], [-76.163953, 42.609228], [-76.163546, 42.609214], [-76.162911, 42.609158], [-76.16262, 42.609116], [-76.162114, 42.609016], [-76.161631, 42.608886], [-76.161356, 42.608811], [-76.161065, 42.608706], [-76.160775, 42.608597], [-76.160492, 42.608475], [-76.160106, 42.608284], [-76.159672, 42.608032], [-76.159253, 42.607754], [-76.158974, 42.607527], [-76.158703, 42.607294], [-76.158443, 42.607028], [-76.158234, 42.606781], [-76.158113, 42.606628], [-76.157874, 42.606262], [-76.157661, 42.605918], [-76.157577, 42.605732], [-76.157383, 42.605229], [-76.156979, 42.603717]]",2022-02-25,-76.1797711096833,42.6107147360236,18589953,39250864,,PROPERTY DAMAGE,999,2022,OTHER,2022/02/25,1900-01-01 08:54:00,COLLISION WITH SIGN POST,DAYLIGHT,CURVE AND GRADE,SNOW/ICE,NONE,NOT ENTERED,CLOUDY,0,1970/01/01,0,0,0,0,1,11201.0,0,NYSP SIDNEY,No,403233.3864959,4718261.32858885,Not an intersection crash,,Cortland,,0.0,,Cortland,I 81,81I32022011,88.0,T,11-Urban Principal Arterial Interstate,NYSDOT,NYSDOT,,65.0,"V1:(UNSAFE SPEED,PAVEMENT SLIPPERY)",2022-02-25,-76.181452,42.613357
310,Feature,,"Cortlandville, NY",US,169.0,I-81 S,638069358.0,9154.0,1.0,"[{'x': -76.156979, 'y': 42.603717}, {'x': -76.156741, 'y': 42.602846}, {'x': -76.156582, 'y': 42.602363}, {'x': -76.156418, 'y': 42.601968}, {'x': -76.156207, 'y': 42.601564}, {'x': -76.155953, 'y': 42.601145}, {'x': -76.1558, 'y': 42.60093}, {'x': -76.155403, 'y': 42.600455}, {'x': -76.15512, 'y': 42.600158}, {'x': -76.154704, 'y': 42.599777}, {'x': -76.154377, 'y': 42.59952}, {'x': -76.153896, 'y': 42.599183}, {'x': -76.153476, 'y': 42.598928}, {'x': -76.153122, 'y': 42.598735}, {'x': -76.15264, 'y': 42.598502}, {'x': -76.152111, 'y': 42.598289}, {'x': -76.151607, 'y': 42.598112}, {'x': -76.150915, 'y': 42.59791}, {'x': -76.150415, 'y': 42.597802}, {'x': -76.149674, 'y': 42.59766}, {'x': -76.145221, 'y': 42.596905}, {'x': -76.144211, 'y': 42.596707}, {'x': -76.143109, 'y': 42.59644}, {'x': -76.142485, 'y': 42.596269}, {'x': -76.141458, 'y': 42.595952}, {'x': -76.140315, 'y': 42.595544}, {'x': -76.139349, 'y': 42.59515}, {'x': -76.138405, 'y': 42.594713}, {'x': -76.137559, 'y': 42.594295}, {'x': -76.136567, 'y': 42.59377}, {'x': -76.135901, 'y': 42.593398}, {'x': -76.135011, 'y': 42.59286}, {'x': -76.133835, 'y': 42.59209}, {'x': -76.132603, 'y': 42.591183}, {'x': -76.132282, 'y': 42.590968}, {'x': -76.131928, 'y': 42.590685}, {'x': -76.131444, 'y': 42.590289}, {'x': -76.130772, 'y': 42.589713}, {'x': -76.130219, 'y': 42.58921}, {'x': -76.129777, 'y': 42.588789}, {'x': -76.129084, 'y': 42.588084}, {'x': -76.128822, 'y': 42.58779}, {'x': -76.128822, 'y': 42.587791}, {'x': -76.1287, 'y': 42.587656}, {'x': -76.128662, 'y': 42.587612}, {'x': -76.127789, 'y': 42.586586}, {'x': -76.127524, 'y': 42.586272}, {'x': -76.12696, 'y': 42.58551}, {'x': -76.126253, 'y': 42.584482}, {'x': -76.125893, 'y': 42.58391}, {'x': -76.125401, 'y': 42.583055}, {'x': -76.124818, 'y': 42.581976}, {'x': -76.122639, 'y': 42.577655}, {'x': -76.121671, 'y': 42.575733}, {'x': -76.121182, 'y': 42.574693}, {'x': -76.121064, 'y': 42.574421}, {'x': -76.120803, 'y': 42.573821}, {'x': -76.120338, 'y': 42.572663}, {'x': -76.118884, 'y': 42.569069}, {'x': -76.118248, 'y': 42.567634}, {'x': -76.117666, 'y': 42.566527}, {'x': -76.117228, 'y': 42.565774}, {'x': -76.116599, 'y': 42.564805}, {'x': -76.116067, 'y': 42.564064}, {'x': -76.115144, 'y': 42.562904}, {'x': -76.114526, 'y': 42.562198}, {'x': -76.11419, 'y': 42.561843}, {'x': -76.113103, 'y': 42.560753}, {'x': -76.11206, 'y': 42.55982}, {'x': -76.111497, 'y': 42.559352}, {'x': -76.110916, 'y': 42.558887}, {'x': -76.110312, 'y': 42.558432}, {'x': -76.108566, 'y': 42.557212}, {'x': -76.106983, 'y': 42.556154}, {'x': -76.105519, 'y': 42.555215}, {'x': -76.104825, 'y': 42.554793}, {'x': -76.104097, 'y': 42.554394}, {'x': -76.103364, 'y': 42.554033}, {'x': -76.101708, 'y': 42.553304}, {'x': -76.101314, 'y': 42.553132}, {'x': -76.099852, 'y': 42.552487}, {'x': -76.099384, 'y': 42.552254}, {'x': -76.099027, 'y': 42.552047}, {'x': -76.09874, 'y': 42.551878}, {'x': -76.098047, 'y': 42.551403}, {'x': -76.097894, 'y': 42.5513}, {'x': -76.097392, 'y': 42.55089}, {'x': -76.096815, 'y': 42.550339}, {'x': -76.096506, 'y': 42.549999}, {'x': -76.09596, 'y': 42.549356}, {'x': -76.095263, 'y': 42.548408}, {'x': -76.093825, 'y': 42.546266}, {'x': -76.091674, 'y': 42.543021}, {'x': -76.091137, 'y': 42.542128}]",1645777831032.0,3.0,"[{}, {}, {}]",19.28333333333333,69.42,I-81 S,NONE,NONE,638069358.0,2022-02-25 08:30:31,4,False,LineString,"[[-76.156979, 42.603717], [-76.156741, 42.602846], [-76.156582, 42.602363], [-76.156418, 42.601968], [-76.156207, 42.601564], [-76.155953, 42.601145], [-76.1558, 42.60093], [-76.155403, 42.600455], [-76.15512, 42.600158], [-76.154704, 42.599777], [-76.154377, 42.59952], [-76.153896, 42.599183], [-76.153476, 42.598928], [-76.153122, 42.598735], [-76.15264, 42.598502], [-76.152111, 42.598289], [-76.151607, 42.598112], [-76.150915, 42.59791], [-76.150415, 42.597802], [-76.149674, 42.59766], [-76.145221, 42.596905], [-76.144211, 42.596707], [-76.143109, 42.59644], [-76.142485, 42.596269], [-76.141458, 42.595952], [-76.140315, 42.595544], [-76.139349, 42.59515], [-76.138405, 42.594713], [-76.137559, 42.594295], [-76.136567, 42.59377], [-76.135901, 42.593398], [-76.135011, 42.59286], [-76.133835, 42.59209], [-76.132603, 42.591183], [-76.132282, 42.590968], [-76.131928, 42.590685], [-76.131444, 42.590289], [-76.130772, 42.589713], [-76.130219, 42.58921], [-76.129777, 42.588789], [-76.129084, 42.588084], [-76.128822, 42.58779], [-76.128822, 42.587791], [-76.1287, 42.587656], [-76.128662, 42.587612], [-76.127789, 42.586586], [-76.127524, 42.586272], [-76.12696, 42.58551], [-76.126253, 42.584482], [-76.125893, 42.58391], [-76.125401, 42.583055], [-76.124818, 42.581976], [-76.122639, 42.577655], [-76.121671, 42.575733], [-76.121182, 42.574693], [-76.121064, 42.574421], [-76.120803, 42.573821], [-76.120338, 42.572663], [-76.118884, 42.569069], [-76.118248, 42.567634], [-76.117666, 42.566527], [-76.117228, 42.565774], [-76.116599, 42.564805], [-76.116067, 42.564064], [-76.115144, 42.562904], [-76.114526, 42.562198], [-76.11419, 42.561843], [-76.113103, 42.560753], [-76.11206, 42.55982], [-76.111497, 42.559352], [-76.110916, 42.558887], [-76.110312, 42.558432], [-76.108566, 42.557212], [-76.106983, 42.556154], [-76.105519, 42.555215], [-76.104825, 42.554793], [-76.104097, 42.554394], [-76.103364, 42.554033], [-76.101708, 42.553304], [-76.101314, 42.553132], [-76.099852, 42.552487], [-76.099384, 42.552254], [-76.099027, 42.552047], [-76.09874, 42.551878], [-76.098047, 42.551403], [-76.097894, 42.5513], [-76.097392, 42.55089], [-76.096815, 42.550339], [-76.096506, 42.549999], [-76.09596, 42.549356], [-76.095263, 42.548408], [-76.093825, 42.546266], [-76.091674, 42.543021], [-76.091137, 42.542128]]",2022-02-25,-76.1797711096833,42.6107147360236,18589953,39250864,,PROPERTY DAMAGE,999,2022,OTHER,2022/02/25,1900-01-01 08:54:00,COLLISION WITH SIGN POST,DAYLIGHT,CURVE AND GRADE,SNOW/ICE,NONE,NOT ENTERED,CLOUDY,0,1970/01/01,0,0,0,0,1,11201.0,0,NYSP SIDNEY,No,403233.3864959,4718261.32858885,Not an intersection crash,,Cortland,,0.0,,Cortland,I 81,81I32022011,88.0,T,11-Urban Principal Arterial Interstate,NYSDOT,NYSDOT,,65.0,"V1:(UNSAFE SPEED,PAVEMENT SLIPPERY)",2022-02-25,-76.156979,42.603717
311,Feature,,"Triangle, NY",US,60.0,I-81 N,638071086.0,2960.0,1.0,"[{'x': -75.973715, 'y': 42.322156}, {'x': -75.974468, 'y': 42.32246}, {'x': -75.97534, 'y': 42.322812}, {'x': -75.97601, 'y': 42.323105}, {'x': -75.976612, 'y': 42.323428}, {'x': -75.977011, 'y': 42.323678}, {'x': -75.977434, 'y': 42.323999}, {'x': -75.977853, 'y': 42.324367}, {'x': -75.97798, 'y': 42.324498}, {'x': -75.978228, 'y': 42.324767}, {'x': -75.978463, 'y': 42.325077}, {'x': -75.978699, 'y': 42.325434}, {'x': -75.978859, 'y': 42.325733}, {'x': -75.978954, 'y': 42.325944}, {'x': -75.979158, 'y': 42.326527}, {'x': -75.979249, 'y': 42.327001}, {'x': -75.979286, 'y': 42.327496}, {'x': -75.979278, 'y': 42.327821}, {'x': -75.979202, 'y': 42.328764}, {'x': -75.979083, 'y': 42.33009}, {'x': -75.979062, 'y': 42.330327}, {'x': -75.979036, 'y': 42.330614}, {'x': -75.979029, 'y': 42.330694}, {'x': -75.978869, 'y': 42.332435}, {'x': -75.978818, 'y': 42.333026}, {'x': -75.978806, 'y': 42.333169}, {'x': -75.978772, 'y': 42.333574}, {'x': -75.978574, 'y': 42.335773}, {'x': -75.97854, 'y': 42.336147}, {'x': -75.978517, 'y': 42.336404}, {'x': -75.978339, 'y': 42.338336}, {'x': -75.978313, 'y': 42.338609}, {'x': -75.978212, 'y': 42.339714}, {'x': -75.978176, 'y': 42.340321}, {'x': -75.978189, 'y': 42.340789}, {'x': -75.978232, 'y': 42.341176}, {'x': -75.978369, 'y': 42.34171}, {'x': -75.978505, 'y': 42.342067}, {'x': -75.978765, 'y': 42.342571}, {'x': -75.97898, 'y': 42.342915}, {'x': -75.979192, 'y': 42.343174}, {'x': -75.979654, 'y': 42.343697}, {'x': -75.982114, 'y': 42.346077}]",1645777959872.0,3.0,"[{}, {}]",19.025,68.49,I-81 N,NONE,NONE,638071086.0,2022-02-25 08:32:39,4,False,LineString,"[[-75.973715, 42.322156], [-75.974468, 42.32246], [-75.97534, 42.322812], [-75.97601, 42.323105], [-75.976612, 42.323428], [-75.977011, 42.323678], [-75.977434, 42.323999], [-75.977853, 42.324367], [-75.97798, 42.324498], [-75.978228, 42.324767], [-75.978463, 42.325077], [-75.978699, 42.325434], [-75.978859, 42.325733], [-75.978954, 42.325944], [-75.979158, 42.326527], [-75.979249, 42.327001], [-75.979286, 42.327496], [-75.979278, 42.327821], [-75.979202, 42.328764], [-75.979083, 42.33009], [-75.979062, 42.330327], [-75.979036, 42.330614], [-75.979029, 42.330694], [-75.978869, 42.332435], [-75.978818, 42.333026], [-75.978806, 42.333169], [-75.978772, 42.333574], [-75.978574, 42.335773], [-75.97854, 42.336147], [-75.978517, 42.336404], [-75.978339, 42.338336], [-75.978313, 42.338609], [-75.978212, 42.339714], [-75.978176, 42.340321], [-75.978189, 42.340789], [-75.978232, 42.341176], [-75.978369, 42.34171], [-75.978505, 42.342067], [-75.978765, 42.342571], [-75.97898, 42.342915], [-75.979192, 42.343174], [-75.979654, 42.343697], [-75.982114, 42.346077]]",2022-02-25,-75.9676254791933,42.3196910523722,18608952,39271472,,PROPERTY DAMAGE,999,2022,OTHER,2022/02/25,1900-01-01 08:37:00,COLLISION WITH SNOW EMBANKMENT,DAYLIGHT,STRAIGHT AND LEVEL,SLUSH,NONE,NOT ENTERED,"SLEET/HAIL/FREEZING RAIN
",0,1970/01/01,0,0,0,0,1,300.0,1,BROOME CO SO,No,420265.55838112,4685725.4686478,Not an intersection crash,Ramp,Broome,8.0,107.0,,Barker,I 81,81I91013155,88.0,T,1-Rural Principal Arterial Interstate,NYSDOT,NYSDOT,Interstate 81,65.0,"V1:(PAVEMENT SLIPPERY,NOT APPLICABLE)",2022-02-25,-75.973715,42.322156
312,Feature,,"Triangle, NY",US,60.0,I-81 N,638075500.0,2960.0,1.0,"[{'x': -75.973715, 'y': 42.322156}, {'x': -75.974468, 'y': 42.32246}, {'x': -75.97534, 'y': 42.322812}, {'x': -75.97601, 'y': 42.323105}, {'x': -75.976612, 'y': 42.323428}, {'x': -75.977011, 'y': 42.323678}, {'x': -75.977434, 'y': 42.323999}, {'x': -75.977853, 'y': 42.324367}, {'x': -75.97798, 'y': 42.324498}, {'x': -75.978228, 'y': 42.324767}, {'x': -75.978463, 'y': 42.325077}, {'x': -75.978699, 'y': 42.325434}, {'x': -75.978859, 'y': 42.325733}, {'x': -75.978954, 'y': 42.325944}, {'x': -75.979158, 'y': 42.326527}, {'x': -75.979249, 'y': 42.327001}, {'x': -75.979286, 'y': 42.327496}, {'x': -75.979278, 'y': 42.327821}, {'x': -75.979202, 'y': 42.328764}, {'x': -75.979083, 'y': 42.33009}, {'x': -75.979062, 'y': 42.330327}, {'x': -75.979036, 'y': 42.330614}, {'x': -75.979029, 'y': 42.330694}, {'x': -75.978869, 'y': 42.332435}, {'x': -75.978818, 'y': 42.333026}, {'x': -75.978806, 'y': 42.333169}, {'x': -75.978772, 'y': 42.333574}, {'x': -75.978574, 'y': 42.335773}, {'x': -75.97854, 'y': 42.336147}, {'x': -75.978517, 'y': 42.336404}, {'x': -75.978339, 'y': 42.338336}, {'x': -75.978313, 'y': 42.338609}, {'x': -75.978212, 'y': 42.339714}, {'x': -75.978176, 'y': 42.340321}, {'x': -75.978189, 'y': 42.340789}, {'x': -75.978232, 'y': 42.341176}, {'x': -75.978369, 'y': 42.34171}, {'x': -75.978505, 'y': 42.342067}, {'x': -75.978765, 'y': 42.342571}, {'x': -75.97898, 'y': 42.342915}, {'x': -75.979192, 'y': 42.343174}, {'x': -75.979654, 'y': 42.343697}, {'x': -75.982114, 'y': 42.346077}]",1645778282089.0,3.0,"[{}, {}]",18.980555555555554,68.33,I-81 N,NONE,NONE,638075500.0,2022-02-25 08:38:02,4,False,LineString,"[[-75.973715, 42.322156], [-75.974468, 42.32246], [-75.97534, 42.322812], [-75.97601, 42.323105], [-75.976612, 42.323428], [-75.977011, 42.323678], [-75.977434, 42.323999], [-75.977853, 42.324367], [-75.97798, 42.324498], [-75.978228, 42.324767], [-75.978463, 42.325077], [-75.978699, 42.325434], [-75.978859, 42.325733], [-75.978954, 42.325944], [-75.979158, 42.326527], [-75.979249, 42.327001], [-75.979286, 42.327496], [-75.979278, 42.327821], [-75.979202, 42.328764], [-75.979083, 42.33009], [-75.979062, 42.330327], [-75.979036, 42.330614], [-75.979029, 42.330694], [-75.978869, 42.332435], [-75.978818, 42.333026], [-75.978806, 42.333169], [-75.978772, 42.333574], [-75.978574, 42.335773], [-75.97854, 42.336147], [-75.978517, 42.336404], [-75.978339, 42.338336], [-75.978313, 42.338609], [-75.978212, 42.339714], [-75.978176, 42.340321], [-75.978189, 42.340789], [-75.978232, 42.341176], [-75.978369, 42.34171], [-75.978505, 42.342067], [-75.978765, 42.342571], [-75.97898, 42.342915], [-75.979192, 42.343174], [-75.979654, 42.343697], [-75.982114, 42.346077]]",2022-02-25,-75.9676254791933,42.3196910523722,18608952,39271472,,PROPERTY DAMAGE,999,2022,OTHER,2022/02/25,1900-01-01 08:37:00,COLLISION WITH SNOW EMBANKMENT,DAYLIGHT,STRAIGHT AND LEVEL,SLUSH,NONE,NOT ENTERED,"SLEET/HAIL/FREEZING RAIN
",0,1970/01/01,0,0,0,0,1,300.0,1,BROOME CO SO,No,420265.55838112,4685725.4686478,Not an intersection crash,Ramp,Broome,8.0,107.0,,Barker,I 81,81I91013155,88.0,T,1-Rural Principal Arterial Interstate,NYSDOT,NYSDOT,Interstate 81,65.0,"V1:(PAVEMENT SLIPPERY,NOT APPLICABLE)",2022-02-25,-75.973715,42.322156
313,Feature,,"Lisle, NY",US,185.0,I-81 N,638075084.0,7772.0,1.0,"[{'x': -75.982114, 'y': 42.346077}, {'x': -75.983126, 'y': 42.347049}, {'x': -75.983153, 'y': 42.347075}, {'x': -75.984091, 'y': 42.347981}, {'x': -75.984727, 'y': 42.348595}, {'x': -75.988527, 'y': 42.352263}, {'x': -75.990131, 'y': 42.353907}, {'x': -75.990668, 'y': 42.354539}, {'x': -75.991122, 'y': 42.355121}, {'x': -75.991467, 'y': 42.355597}, {'x': -75.991985, 'y': 42.356369}, {'x': -75.992658, 'y': 42.357492}, {'x': -75.993141, 'y': 42.358439}, {'x': -75.993351, 'y': 42.35891}, {'x': -75.993732, 'y': 42.359848}, {'x': -75.994051, 'y': 42.360807}, {'x': -75.994185, 'y': 42.361283}, {'x': -75.994411, 'y': 42.362227}, {'x': -75.994501, 'y': 42.362698}, {'x': -75.994632, 'y': 42.363623}, {'x': -75.994708, 'y': 42.364573}, {'x': -75.994727, 'y': 42.365545}, {'x': -75.994693, 'y': 42.366372}, {'x': -75.994603, 'y': 42.367338}, {'x': -75.994147, 'y': 42.370206}, {'x': -75.993942, 'y': 42.371621}, {'x': -75.993835, 'y': 42.372918}, {'x': -75.993789, 'y': 42.37398}, {'x': -75.993791, 'y': 42.374731}, {'x': -75.993845, 'y': 42.37593}, {'x': -75.993887, 'y': 42.376392}, {'x': -75.993927, 'y': 42.376863}, {'x': -75.994043, 'y': 42.377748}, {'x': -75.994219, 'y': 42.378781}, {'x': -75.994419, 'y': 42.37973}, {'x': -75.994677, 'y': 42.380735}, {'x': -75.994945, 'y': 42.381609}, {'x': -75.995261, 'y': 42.38254}, {'x': -75.995806, 'y': 42.383907}, {'x': -75.996262, 'y': 42.38491}, {'x': -75.996765, 'y': 42.385889}, {'x': -75.996986, 'y': 42.386303}, {'x': -75.997538, 'y': 42.387254}, {'x': -75.997837, 'y': 42.38773}, {'x': -75.99848, 'y': 42.388701}, {'x': -75.999097, 'y': 42.389555}, {'x': -75.999831, 'y': 42.3905}, {'x': -76.00062, 'y': 42.39143}, {'x': -76.001803, 'y': 42.392741}, {'x': -76.007413, 'y': 42.398884}, {'x': -76.009313, 'y': 42.400977}, {'x': -76.011452, 'y': 42.403321}, {'x': -76.012007, 'y': 42.403978}, {'x': -76.012225, 'y': 42.404256}, {'x': -76.012765, 'y': 42.405005}, {'x': -76.01319, 'y': 42.405696}, {'x': -76.01349, 'y': 42.406225}, {'x': -76.013917, 'y': 42.407104}, {'x': -76.014114, 'y': 42.407569}, {'x': -76.014346, 'y': 42.408212}, {'x': -76.014612, 'y': 42.40914}, {'x': -76.014686, 'y': 42.409405}]",1645778282492.0,3.0,[{}],17.79722222222222,64.07,I-81 N,NONE,NONE,638075084.0,2022-02-25 08:38:02,4,False,LineString,"[[-75.982114, 42.346077], [-75.983126, 42.347049], [-75.983153, 42.347075], [-75.984091, 42.347981], [-75.984727, 42.348595], [-75.988527, 42.352263], [-75.990131, 42.353907], [-75.990668, 42.354539], [-75.991122, 42.355121], [-75.991467, 42.355597], [-75.991985, 42.356369], [-75.992658, 42.357492], [-75.993141, 42.358439], [-75.993351, 42.35891], [-75.993732, 42.359848], [-75.994051, 42.360807], [-75.994185, 42.361283], [-75.994411, 42.362227], [-75.994501, 42.362698], [-75.994632, 42.363623], [-75.994708, 42.364573], [-75.994727, 42.365545], [-75.994693, 42.366372], [-75.994603, 42.367338], [-75.994147, 42.370206], [-75.993942, 42.371621], [-75.993835, 42.372918], [-75.993789, 42.37398], [-75.993791, 42.374731], [-75.993845, 42.37593], [-75.993887, 42.376392], [-75.993927, 42.376863], [-75.994043, 42.377748], [-75.994219, 42.378781], [-75.994419, 42.37973], [-75.994677, 42.380735], [-75.994945, 42.381609], [-75.995261, 42.38254], [-75.995806, 42.383907], [-75.996262, 42.38491], [-75.996765, 42.385889], [-75.996986, 42.386303], [-75.997538, 42.387254], [-75.997837, 42.38773], [-75.99848, 42.388701], [-75.999097, 42.389555], [-75.999831, 42.3905], [-76.00062, 42.39143], [-76.001803, 42.392741], [-76.007413, 42.398884], [-76.009313, 42.400977], [-76.011452, 42.403321], [-76.012007, 42.403978], [-76.012225, 42.404256], [-76.012765, 42.405005], [-76.01319, 42.405696], [-76.01349, 42.406225], [-76.013917, 42.407104], [-76.014114, 42.407569], [-76.014346, 42.408212], [-76.014612, 42.40914], [-76.014686, 42.409405]]",2022-02-25,-75.9676254791933,42.3196910523722,18608952,39271472,,PROPERTY DAMAGE,999,2022,OTHER,2022/02/25,1900-01-01 08:37:00,COLLISION WITH SNOW EMBANKMENT,DAYLIGHT,STRAIGHT AND LEVEL,SLUSH,NONE,NOT ENTERED,"SLEET/HAIL/FREEZING RAIN
",0,1970/01/01,0,0,0,0,1,300.0,1,BROOME CO SO,No,420265.55838112,4685725.4686478,Not an intersection crash,Ramp,Broome,8.0,107.0,,Barker,I 81,81I91013155,88.0,T,1-Rural Principal Arterial Interstate,NYSDOT,NYSDOT,Interstate 81,65.0,"V1:(PAVEMENT SLIPPERY,NOT APPLICABLE)",2022-02-25,-75.982114,42.346077