,type,properties.blockingAlertUuid,properties.city,properties.country,properties.delay,properties.endNode,properties.id,properties.length,properties.level,properties.line,properties.pubMillis,properties.roadType,properties.segments,properties.speed,properties.speedKMH,properties.street,properties.turnType,properties.type,properties.uuid,properties.utc_timestamp,properties.day_of_week,properties.weekday_weekend,geometry.type,geometry.coordinates,key_date_jams,X,Y,OBJECTID,CaseNumber,MaxInjuryS,CrashSever,RoadwayAcc,CaseYear,CollisionT,CrashDate,CrashTimeF,CrashType,LightCondi,RoadwayCha,RoadSurfac,TrafficCon,TrafficWay,WeatherCon,Commercial,DMVInsertD,NumberOfFa,NumberOfIn,NumberOfOt,NumberOfSe,NumberOfVe,PoliceDept,NonReporta,ReportingA,NonPublicW,UTMEasting,UTMNorthin,Intersecti,ClosestCro,CountyName,DirectionF,DistanceFr,MasterInte,CityTownNa,OnStreet,ReferenceM,ACCESS_CON,DIVIDED,FUNCTIONAL,MAINT_JURI,OWNING_JUR,NAME,POSTED_SPE,ApparentFa,key_date_crashes,jams_x,jams_y
314,Feature,,"Lisle, NY",US,129.0,I-81 N,638075084.0,7772.0,1.0,"[{'x': -75.982114, 'y': 42.346077}, {'x': -75.983126, 'y': 42.347049}, {'x': -75.983153, 'y': 42.347075}, {'x': -75.984091, 'y': 42.347981}, {'x': -75.984727, 'y': 42.348595}, {'x': -75.988527, 'y': 42.352263}, {'x': -75.990131, 'y': 42.353907}, {'x': -75.990668, 'y': 42.354539}, {'x': -75.991122, 'y': 42.355121}, {'x': -75.991467, 'y': 42.355597}, {'x': -75.991985, 'y': 42.356369}, {'x': -75.992658, 'y': 42.357492}, {'x': -75.993141, 'y': 42.358439}, {'x': -75.993351, 'y': 42.35891}, {'x': -75.993732, 'y': 42.359848}, {'x': -75.994051, 'y': 42.360807}, {'x': -75.994185, 'y': 42.361283}, {'x': -75.994411, 'y': 42.362227}, {'x': -75.994501, 'y': 42.362698}, {'x': -75.994632, 'y': 42.363623}, {'x': -75.994708, 'y': 42.364573}, {'x': -75.994727, 'y': 42.365545}, {'x': -75.994693, 'y': 42.366372}, {'x': -75.994603, 'y': 42.367338}, {'x': -75.994147, 'y': 42.370206}, {'x': -75.993942, 'y': 42.371621}, {'x': -75.993835, 'y': 42.372918}, {'x': -75.993789, 'y': 42.37398}, {'x': -75.993791, 'y': 42.374731}, {'x': -75.993845, 'y': 42.37593}, {'x': -75.993887, 'y': 42.376392}, {'x': -75.993927, 'y': 42.376863}, {'x': -75.994043, 'y': 42.377748}, {'x': -75.994219, 'y': 42.378781}, {'x': -75.994419, 'y': 42.37973}, {'x': -75.994677, 'y': 42.380735}, {'x': -75.994945, 'y': 42.381609}, {'x': -75.995261, 'y': 42.38254}, {'x': -75.995806, 'y': 42.383907}, {'x': -75.996262, 'y': 42.38491}, {'x': -75.996765, 'y': 42.385889}, {'x': -75.996986, 'y': 42.386303}, {'x': -75.997538, 'y': 42.387254}, {'x': -75.997837, 'y': 42.38773}, {'x': -75.99848, 'y': 42.388701}, {'x': -75.999097, 'y': 42.389555}, {'x': -75.999831, 'y': 42.3905}, {'x': -76.00062, 'y': 42.39143}, {'x': -76.001803, 'y': 42.392741}, {'x': -76.007413, 'y': 42.398884}, {'x': -76.009313, 'y': 42.400977}, {'x': -76.011452, 'y': 42.403321}, {'x': -76.012007, 'y': 42.403978}, {'x': -76.012225, 'y': 42.404256}, {'x': -76.012765, 'y': 42.405005}, {'x': -76.01319, 'y': 42.405696}, {'x': -76.01349, 'y': 42.406225}, {'x': -76.013917, 'y': 42.407104}, {'x': -76.014114, 'y': 42.407569}, {'x': -76.014346, 'y': 42.408212}, {'x': -76.014612, 'y': 42.40914}, {'x': -76.014686, 'y': 42.409405}]",1645778282492.0,3.0,[{}],20.441666666666663,73.59,I-81 N,NONE,NONE,638075084.0,2022-02-25 08:38:02,4,False,LineString,"[[-75.982114, 42.346077], [-75.983126, 42.347049], [-75.983153, 42.347075], [-75.984091, 42.347981], [-75.984727, 42.348595], [-75.988527, 42.352263], [-75.990131, 42.353907], [-75.990668, 42.354539], [-75.991122, 42.355121], [-75.991467, 42.355597], [-75.991985, 42.356369], [-75.992658, 42.357492], [-75.993141, 42.358439], [-75.993351, 42.35891], [-75.993732, 42.359848], [-75.994051, 42.360807], [-75.994185, 42.361283], [-75.994411, 42.362227], [-75.994501, 42.362698], [-75.994632, 42.363623], [-75.994708, 42.364573], [-75.994727, 42.365545], [-75.994693, 42.366372], [-75.994603, 42.367338], [-75.994147, 42.370206], [-75.993942, 42.371621], [-75.993835, 42.372918], [-75.993789, 42.37398], [-75.993791, 42.374731], [-75.993845, 42.37593], [-75.993887, 42.376392], [-75.993927, 42.376863], [-75.994043, 42.377748], [-75.994219, 42.378781], [-75.994419, 42.37973], [-75.994677, 42.380735], [-75.994945, 42.381609], [-75.995261, 42.38254], [-75.995806, 42.383907], [-75.996262, 42.38491], [-75.996765, 42.385889], [-75.996986, 42.386303], [-75.997538, 42.387254], [-75.997837, 42.38773], [-75.99848, 42.388701], [-75.999097, 42.389555], [-75.999831, 42.3905], [-76.00062, 42.39143], [-76.001803, 42.392741], [-76.007413, 42.398884], [-76.009313, 42.400977], [-76.011452, 42.403321], [-76.012007, 42.403978], [-76.012225, 42.404256], [-76.012765, 42.405005], [-76.01319, 42.405696], [-76.01349, 42.406225], [-76.013917, 42.407104], [-76.014114, 42.407569], [-76.014346, 42.408212], [-76.014612, 42.40914], [-76.014686, 42.409405]]",2022-02-25,-75.9676254791933,42.3196910523722,18608952,39271472,,PROPERTY DAMAGE,999,2022,OTHER,2022/02/25,1900-01-01 08:37:00,COLLISION WITH SNOW EMBANKMENT,DAYLIGHT,STRAIGHT AND LEVEL,SLUSH,NONE,NOT ENTERED,"SLEET/HAIL/FREEZING RAIN
",0,1970/01/01,0,0,0,0,1,300.0,1,BROOME CO SO,No,420265.55838112,4685725.4686478,Not an intersection crash,Ramp,Broome,8.0,107.0,,Barker,I 81,81I91013155,88.0,T,1-Rural Principal Arterial Interstate,NYSDOT,NYSDOT,Interstate 81,65.0,"V1:(PAVEMENT SLIPPERY,NOT APPLICABLE)",2022-02-25,-75.982114,42.346077
315,Feature,,"Big Flats, NY",US,61.0,to I-86 E / Binghamton,638087730.0,2691.0,1.0,"[{'x': -76.912845, 'y': 42.149042}, {'x': -76.910715, 'y': 42.149509}, {'x': -76.910457, 'y': 42.149568}, {'x': -76.90921, 'y': 42.149838}, {'x': -76.902877, 'y': 42.151212}, {'x': -76.900194, 'y': 42.151801}, {'x': -76.894632, 'y': 42.153006}, {'x': -76.891048, 'y': 42.153793}, {'x': -76.889004, 'y': 42.154243}, {'x': -76.885437, 'y': 42.155018}, {'x': -76.881591, 'y': 42.155863}]",1645778991385.0,3.0,"[{}, {}, {}]",18.252777777777776,65.71,I-86 E,NONE,NONE,638087730.0,2022-02-25 08:49:51,4,False,LineString,"[[-76.912845, 42.149042], [-76.910715, 42.149509], [-76.910457, 42.149568], [-76.90921, 42.149838], [-76.902877, 42.151212], [-76.900194, 42.151801], [-76.894632, 42.153006], [-76.891048, 42.153793], [-76.889004, 42.154243], [-76.885437, 42.155018], [-76.881591, 42.155863]]",2022-02-25,-76.9091581296108,42.1499943053204,18586474,39247017,,PROPERTY DAMAGE,999,2022,OTHER,2022/02/25,1900-01-01 08:24:00,COLLISION WITH GUIDE RAIL,DAYLIGHT,STRAIGHT AND LEVEL,SNOW/ICE,NONE,NOT ENTERED,CLOUDY,0,1970/01/01,0,0,0,0,1,10703.0,0,BIG FLATS STATE POLICE,No,342256.96870669,4668194.1185757,Not an intersection crash,Ramp,Chemung,8.0,332.0,,Big Flats,I 86,17 62051031,88.0,T,11-Urban Principal Arterial Interstate,NYSDOT,NYSDOT,Southern Tier Expressway,65.0,"V1:(UNSAFE SPEED,NOT APPLICABLE)",2022-02-25,-76.912845,42.149042
316,Feature,,"Big Flats, NY",US,60.0,to I-86 E / Binghamton,638087730.0,2691.0,1.0,"[{'x': -76.912845, 'y': 42.149042}, {'x': -76.910715, 'y': 42.149509}, {'x': -76.910457, 'y': 42.149568}, {'x': -76.90921, 'y': 42.149838}, {'x': -76.902877, 'y': 42.151212}, {'x': -76.900194, 'y': 42.151801}, {'x': -76.894632, 'y': 42.153006}, {'x': -76.891048, 'y': 42.153793}, {'x': -76.889004, 'y': 42.154243}, {'x': -76.885437, 'y': 42.155018}, {'x': -76.881591, 'y': 42.155863}]",1645778991385.0,3.0,"[{}, {}, {}]",18.41111111111111,66.28,I-86 E,NONE,NONE,638087730.0,2022-02-25 08:49:51,4,False,LineString,"[[-76.912845, 42.149042], [-76.910715, 42.149509], [-76.910457, 42.149568], [-76.90921, 42.149838], [-76.902877, 42.151212], [-76.900194, 42.151801], [-76.894632, 42.153006], [-76.891048, 42.153793], [-76.889004, 42.154243], [-76.885437, 42.155018], [-76.881591, 42.155863]]",2022-02-25,-76.9091581296108,42.1499943053204,18586474,39247017,,PROPERTY DAMAGE,999,2022,OTHER,2022/02/25,1900-01-01 08:24:00,COLLISION WITH GUIDE RAIL,DAYLIGHT,STRAIGHT AND LEVEL,SNOW/ICE,NONE,NOT ENTERED,CLOUDY,0,1970/01/01,0,0,0,0,1,10703.0,0,BIG FLATS STATE POLICE,No,342256.96870669,4668194.1185757,Not an intersection crash,Ramp,Chemung,8.0,332.0,,Big Flats,I 86,17 62051031,88.0,T,11-Urban Principal Arterial Interstate,NYSDOT,NYSDOT,Southern Tier Expressway,65.0,"V1:(UNSAFE SPEED,NOT APPLICABLE)",2022-02-25,-76.912845,42.149042
317,Feature,,"Triangle, NY",US,66.0,I-81 N,638091412.0,2960.0,1.0,"[{'x': -75.973715, 'y': 42.322156}, {'x': -75.974468, 'y': 42.32246}, {'x': -75.97534, 'y': 42.322812}, {'x': -75.97601, 'y': 42.323105}, {'x': -75.976612, 'y': 42.323428}, {'x': -75.977011, 'y': 42.323678}, {'x': -75.977434, 'y': 42.323999}, {'x': -75.977853, 'y': 42.324367}, {'x': -75.97798, 'y': 42.324498}, {'x': -75.978228, 'y': 42.324767}, {'x': -75.978463, 'y': 42.325077}, {'x': -75.978699, 'y': 42.325434}, {'x': -75.978859, 'y': 42.325733}, {'x': -75.978954, 'y': 42.325944}, {'x': -75.979158, 'y': 42.326527}, {'x': -75.979249, 'y': 42.327001}, {'x': -75.979286, 'y': 42.327496}, {'x': -75.979278, 'y': 42.327821}, {'x': -75.979202, 'y': 42.328764}, {'x': -75.979083, 'y': 42.33009}, {'x': -75.979062, 'y': 42.330327}, {'x': -75.979036, 'y': 42.330614}, {'x': -75.979029, 'y': 42.330694}, {'x': -75.978869, 'y': 42.332435}, {'x': -75.978818, 'y': 42.333026}, {'x': -75.978806, 'y': 42.333169}, {'x': -75.978772, 'y': 42.333574}, {'x': -75.978574, 'y': 42.335773}, {'x': -75.97854, 'y': 42.336147}, {'x': -75.978517, 'y': 42.336404}, {'x': -75.978339, 'y': 42.338336}, {'x': -75.978313, 'y': 42.338609}, {'x': -75.978212, 'y': 42.339714}, {'x': -75.978176, 'y': 42.340321}, {'x': -75.978189, 'y': 42.340789}, {'x': -75.978232, 'y': 42.341176}, {'x': -75.978369, 'y': 42.34171}, {'x': -75.978505, 'y': 42.342067}, {'x': -75.978765, 'y': 42.342571}, {'x': -75.97898, 'y': 42.342915}, {'x': -75.979192, 'y': 42.343174}, {'x': -75.979654, 'y': 42.343697}, {'x': -75.982114, 'y': 42.346077}]",1645779184344.0,3.0,"[{}, {}]",18.29722222222222,65.87,I-81 N,NONE,NONE,638091412.0,2022-02-25 08:53:04,4,False,LineString,"[[-75.973715, 42.322156], [-75.974468, 42.32246], [-75.97534, 42.322812], [-75.97601, 42.323105], [-75.976612, 42.323428], [-75.977011, 42.323678], [-75.977434, 42.323999], [-75.977853, 42.324367], [-75.97798, 42.324498], [-75.978228, 42.324767], [-75.978463, 42.325077], [-75.978699, 42.325434], [-75.978859, 42.325733], [-75.978954, 42.325944], [-75.979158, 42.326527], [-75.979249, 42.327001], [-75.979286, 42.327496], [-75.979278, 42.327821], [-75.979202, 42.328764], [-75.979083, 42.33009], [-75.979062, 42.330327], [-75.979036, 42.330614], [-75.979029, 42.330694], [-75.978869, 42.332435], [-75.978818, 42.333026], [-75.978806, 42.333169], [-75.978772, 42.333574], [-75.978574, 42.335773], [-75.97854, 42.336147], [-75.978517, 42.336404], [-75.978339, 42.338336], [-75.978313, 42.338609], [-75.978212, 42.339714], [-75.978176, 42.340321], [-75.978189, 42.340789], [-75.978232, 42.341176], [-75.978369, 42.34171], [-75.978505, 42.342067], [-75.978765, 42.342571], [-75.97898, 42.342915], [-75.979192, 42.343174], [-75.979654, 42.343697], [-75.982114, 42.346077]]",2022-02-25,-75.9676254791933,42.3196910523722,18608952,39271472,,PROPERTY DAMAGE,999,2022,OTHER,2022/02/25,1900-01-01 08:37:00,COLLISION WITH SNOW EMBANKMENT,DAYLIGHT,STRAIGHT AND LEVEL,SLUSH,NONE,NOT ENTERED,"SLEET/HAIL/FREEZING RAIN
",0,1970/01/01,0,0,0,0,1,300.0,1,BROOME CO SO,No,420265.55838112,4685725.4686478,Not an intersection crash,Ramp,Broome,8.0,107.0,,Barker,I 81,81I91013155,88.0,T,1-Rural Principal Arterial Interstate,NYSDOT,NYSDOT,Interstate 81,65.0,"V1:(PAVEMENT SLIPPERY,NOT APPLICABLE)",2022-02-25,-75.973715,42.322156
318,Feature,,"Cortland, NY",US,124.0,I-81 S,638101476.0,1488.0,3.0,"[{'x': -76.170816, 'y': 42.608942}, {'x': -76.170154, 'y': 42.608973}, {'x': -76.168509, 'y': 42.609047}, {'x': -76.166445, 'y': 42.609143}, {'x': -76.165405, 'y': 42.60919}, {'x': -76.164381, 'y': 42.609225}, {'x': -76.163953, 'y': 42.609228}, {'x': -76.163546, 'y': 42.609214}, {'x': -76.162911, 'y': 42.609158}, {'x': -76.16262, 'y': 42.609116}, {'x': -76.162114, 'y': 42.609016}, {'x': -76.161631, 'y': 42.608886}, {'x': -76.161356, 'y': 42.608811}, {'x': -76.161065, 'y': 42.608706}, {'x': -76.160775, 'y': 42.608597}, {'x': -76.160492, 'y': 42.608475}, {'x': -76.160106, 'y': 42.608284}, {'x': -76.159672, 'y': 42.608032}, {'x': -76.159253, 'y': 42.607754}, {'x': -76.158974, 'y': 42.607527}, {'x': -76.158703, 'y': 42.607294}, {'x': -76.158443, 'y': 42.607028}, {'x': -76.158234, 'y': 42.606781}, {'x': -76.158113, 'y': 42.606628}, {'x': -76.157874, 'y': 42.606262}, {'x': -76.157661, 'y': 42.605918}, {'x': -76.157577, 'y': 42.605732}, {'x': -76.157383, 'y': 42.605229}, {'x': -76.156979, 'y': 42.603717}]",1645779829980.0,3.0,"[{}, {}]",8.555555555555555,30.8,I-81 S,NONE,NONE,638101476.0,2022-02-25 09:03:49,4,False,LineString,"[[-76.170816, 42.608942], [-76.170154, 42.608973], [-76.168509, 42.609047], [-76.166445, 42.609143], [-76.165405, 42.60919], [-76.164381, 42.609225], [-76.163953, 42.609228], [-76.163546, 42.609214], [-76.162911, 42.609158], [-76.16262, 42.609116], [-76.162114, 42.609016], [-76.161631, 42.608886], [-76.161356, 42.608811], [-76.161065, 42.608706], [-76.160775, 42.608597], [-76.160492, 42.608475], [-76.160106, 42.608284], [-76.159672, 42.608032], [-76.159253, 42.607754], [-76.158974, 42.607527], [-76.158703, 42.607294], [-76.158443, 42.607028], [-76.158234, 42.606781], [-76.158113, 42.606628], [-76.157874, 42.606262], [-76.157661, 42.605918], [-76.157577, 42.605732], [-76.157383, 42.605229], [-76.156979, 42.603717]]",2022-02-25,-76.1797711096833,42.6107147360236,18589953,39250864,,PROPERTY DAMAGE,999,2022,OTHER,2022/02/25,1900-01-01 08:54:00,COLLISION WITH SIGN POST,DAYLIGHT,CURVE AND GRADE,SNOW/ICE,NONE,NOT ENTERED,CLOUDY,0,1970/01/01,0,0,0,0,1,11201.0,0,NYSP SIDNEY,No,403233.3864959,4718261.32858885,Not an intersection crash,,Cortland,,0.0,,Cortland,I 81,81I32022011,88.0,T,11-Urban Principal Arterial Interstate,NYSDOT,NYSDOT,,65.0,"V1:(UNSAFE SPEED,PAVEMENT SLIPPERY)",2022-02-25,-76.170816,42.608942
319,Feature,,"Fishkill, NY",US,90.0,Exit 44: NY-52 Â» Beacon / Fishkill,638137802.0,5249.0,1.0,"[{'x': -73.853352, 'y': 41.528168}, {'x': -73.85667, 'y': 41.52644}, {'x': -73.858357, 'y': 41.525733}, {'x': -73.859968, 'y': 41.525259}, {'x': -73.861602, 'y': 41.524955}, {'x': -73.863284, 'y': 41.524781}, {'x': -73.864697, 'y': 41.524763}, {'x': -73.866163, 'y': 41.524844}, {'x': -73.871988, 'y': 41.525566}, {'x': -73.873986, 'y': 41.525699}, {'x': -73.876114, 'y': 41.525724}, {'x': -73.878051, 'y': 41.525654}, {'x': -73.879985, 'y': 41.525477}, {'x': -73.885132, 'y': 41.524777}, {'x': -73.890783, 'y': 41.524011}, {'x': -73.894671, 'y': 41.52347}, {'x': -73.897898, 'y': 41.523046}, {'x': -73.900193, 'y': 41.522731}, {'x': -73.901645, 'y': 41.522621}, {'x': -73.902869, 'y': 41.522607}, {'x': -73.904407, 'y': 41.522703}, {'x': -73.906079, 'y': 41.522935}, {'x': -73.907356, 'y': 41.523211}, {'x': -73.90886, 'y': 41.523645}, {'x': -73.910464, 'y': 41.524281}, {'x': -73.912011, 'y': 41.525074}, {'x': -73.913542, 'y': 41.525949}]",1645782164418.0,3.0,"[{}, {}, {}, {}]",19.45833333333333,70.05,I-84 W,NONE,NONE,638137802.0,2022-02-25 09:42:44,4,False,LineString,"[[-73.853352, 41.528168], [-73.85667, 41.52644], [-73.858357, 41.525733], [-73.859968, 41.525259], [-73.861602, 41.524955], [-73.863284, 41.524781], [-73.864697, 41.524763], [-73.866163, 41.524844], [-73.871988, 41.525566], [-73.873986, 41.525699], [-73.876114, 41.525724], [-73.878051, 41.525654], [-73.879985, 41.525477], [-73.885132, 41.524777], [-73.890783, 41.524011], [-73.894671, 41.52347], [-73.897898, 41.523046], [-73.900193, 41.522731], [-73.901645, 41.522621], [-73.902869, 41.522607], [-73.904407, 41.522703], [-73.906079, 41.522935], [-73.907356, 41.523211], [-73.90886, 41.523645], [-73.910464, 41.524281], [-73.912011, 41.525074], [-73.913542, 41.525949]]",2022-02-25,-73.8673067093488,41.524989509963,18589819,39250730,,PROPERTY DAMAGE,999,2022,OTHER,2022/02/25,1900-01-01 09:59:00,COLL. W/EARTH ELE./ROCK CUT/DITCH,DAYLIGHT,STRAIGHT/ GRADE,SNOW/ICE,NONE,NOT ENTERED,"SLEET/HAIL/FREEZING RAIN
",0,1970/01/01,0,0,0,0,1,11308.0,0,SP THRUWAY EAST FISHKILL,No,594502.12631508,4597657.85096771,Not an intersection crash,Cary Rd,Dutchess,7.0,59.0,,Fishkill,I 84,84I82021072,88.0,T,11-Urban Principal Arterial Interstate,NYSDOT,NYSDOT,,55.0,"V1:(UNSAFE SPEED,PAVEMENT SLIPPERY)",2022-02-25,-73.853352,41.528168
320,Feature,,"Fishkill, NY",US,110.0,to I-84 W Â» Beacon / Newburgh,638150116.0,3573.0,2.0,"[{'x': -73.853352, 'y': 41.528168}, {'x': -73.85667, 'y': 41.52644}, {'x': -73.858357, 'y': 41.525733}, {'x': -73.859968, 'y': 41.525259}, {'x': -73.861602, 'y': 41.524955}, {'x': -73.863284, 'y': 41.524781}, {'x': -73.864697, 'y': 41.524763}, {'x': -73.866163, 'y': 41.524844}, {'x': -73.871988, 'y': 41.525566}, {'x': -73.873986, 'y': 41.525699}, {'x': -73.876114, 'y': 41.525724}, {'x': -73.878051, 'y': 41.525654}, {'x': -73.879985, 'y': 41.525477}, {'x': -73.885132, 'y': 41.524777}, {'x': -73.890783, 'y': 41.524011}, {'x': -73.894671, 'y': 41.52347}]",1645782816657.0,3.0,"[{}, {}, {}]",15.46111111111111,55.66,I-84 W,NONE,NONE,638150116.0,2022-02-25 09:53:36,4,False,LineString,"[[-73.853352, 41.528168], [-73.85667, 41.52644], [-73.858357, 41.525733], [-73.859968, 41.525259], [-73.861602, 41.524955], [-73.863284, 41.524781], [-73.864697, 41.524763], [-73.866163, 41.524844], [-73.871988, 41.525566], [-73.873986, 41.525699], [-73.876114, 41.525724], [-73.878051, 41.525654], [-73.879985, 41.525477], [-73.885132, 41.524777], [-73.890783, 41.524011], [-73.894671, 41.52347]]",2022-02-25,-73.8673067093488,41.524989509963,18589819,39250730,,PROPERTY DAMAGE,999,2022,OTHER,2022/02/25,1900-01-01 09:59:00,COLL. W/EARTH ELE./ROCK CUT/DITCH,DAYLIGHT,STRAIGHT/ GRADE,SNOW/ICE,NONE,NOT ENTERED,"SLEET/HAIL/FREEZING RAIN
",0,1970/01/01,0,0,0,0,1,11308.0,0,SP THRUWAY EAST FISHKILL,No,594502.12631508,4597657.85096771,Not an intersection crash,Cary Rd,Dutchess,7.0,59.0,,Fishkill,I 84,84I82021072,88.0,T,11-Urban Principal Arterial Interstate,NYSDOT,NYSDOT,,55.0,"V1:(UNSAFE SPEED,PAVEMENT SLIPPERY)",2022-02-25,-73.853352,41.528168
321,Feature,,"Fishkill, NY",US,109.0,to I-84 W Â» Beacon / Newburgh,638150116.0,3573.0,2.0,"[{'x': -73.853352, 'y': 41.528168}, {'x': -73.85667, 'y': 41.52644}, {'x': -73.858357, 'y': 41.525733}, {'x': -73.859968, 'y': 41.525259}, {'x': -73.861602, 'y': 41.524955}, {'x': -73.863284, 'y': 41.524781}, {'x': -73.864697, 'y': 41.524763}, {'x': -73.866163, 'y': 41.524844}, {'x': -73.871988, 'y': 41.525566}, {'x': -73.873986, 'y': 41.525699}, {'x': -73.876114, 'y': 41.525724}, {'x': -73.878051, 'y': 41.525654}, {'x': -73.879985, 'y': 41.525477}, {'x': -73.885132, 'y': 41.524777}, {'x': -73.890783, 'y': 41.524011}, {'x': -73.894671, 'y': 41.52347}]",1645782816657.0,3.0,"[{}, {}, {}]",15.491666666666667,55.77,I-84 W,NONE,NONE,638150116.0,2022-02-25 09:53:36,4,False,LineString,"[[-73.853352, 41.528168], [-73.85667, 41.52644], [-73.858357, 41.525733], [-73.859968, 41.525259], [-73.861602, 41.524955], [-73.863284, 41.524781], [-73.864697, 41.524763], [-73.866163, 41.524844], [-73.871988, 41.525566], [-73.873986, 41.525699], [-73.876114, 41.525724], [-73.878051, 41.525654], [-73.879985, 41.525477], [-73.885132, 41.524777], [-73.890783, 41.524011], [-73.894671, 41.52347]]",2022-02-25,-73.8673067093488,41.524989509963,18589819,39250730,,PROPERTY DAMAGE,999,2022,OTHER,2022/02/25,1900-01-01 09:59:00,COLL. W/EARTH ELE./ROCK CUT/DITCH,DAYLIGHT,STRAIGHT/ GRADE,SNOW/ICE,NONE,NOT ENTERED,"SLEET/HAIL/FREEZING RAIN
",0,1970/01/01,0,0,0,0,1,11308.0,0,SP THRUWAY EAST FISHKILL,No,594502.12631508,4597657.85096771,Not an intersection crash,Cary Rd,Dutchess,7.0,59.0,,Fishkill,I 84,84I82021072,88.0,T,11-Urban Principal Arterial Interstate,NYSDOT,NYSDOT,,55.0,"V1:(UNSAFE SPEED,PAVEMENT SLIPPERY)",2022-02-25,-73.853352,41.528168
322,Feature,,"East Fishkill, NY",US,203.0,to I-84 E,638167484.0,11742.0,1.0,"[{'x': -73.853422, 'y': 41.527462}, {'x': -73.852311, 'y': 41.527983}, {'x': -73.849879, 'y': 41.529017}, {'x': -73.848243, 'y': 41.529622}, {'x': -73.846095, 'y': 41.530304}, {'x': -73.844704, 'y': 41.530686}, {'x': -73.84333, 'y': 41.531022}, {'x': -73.841173, 'y': 41.53147}, {'x': -73.839139, 'y': 41.531797}, {'x': -73.834914, 'y': 41.532306}, {'x': -73.833556, 'y': 41.532441}, {'x': -73.83179, 'y': 41.532506}, {'x': -73.830752, 'y': 41.532495}, {'x': -73.829421, 'y': 41.532426}, {'x': -73.827773, 'y': 41.532252}, {'x': -73.826349, 'y': 41.532004}, {'x': -73.823003, 'y': 41.53136}, {'x': -73.818245, 'y': 41.530422}, {'x': -73.815929, 'y': 41.530055}, {'x': -73.814278, 'y': 41.529884}, {'x': -73.812031, 'y': 41.529762}, {'x': -73.809964, 'y': 41.529785}, {'x': -73.808787, 'y': 41.529851}, {'x': -73.807122, 'y': 41.529993}, {'x': -73.805113, 'y': 41.530283}, {'x': -73.803718, 'y': 41.53055}, {'x': -73.802022, 'y': 41.530937}, {'x': -73.798437, 'y': 41.531786}, {'x': -73.795106, 'y': 41.532597}, {'x': -73.787644, 'y': 41.534389}, {'x': -73.78616, 'y': 41.534834}, {'x': -73.78172, 'y': 41.5364}, {'x': -73.779856, 'y': 41.537049}, {'x': -73.778583, 'y': 41.537428}, {'x': -73.776718, 'y': 41.537881}, {'x': -73.775107, 'y': 41.538204}, {'x': -73.773154, 'y': 41.5385}, {'x': -73.771494, 'y': 41.538762}, {'x': -73.769842, 'y': 41.539025}, {'x': -73.765613, 'y': 41.539704}, {'x': -73.764107, 'y': 41.540008}, {'x': -73.762572, 'y': 41.540368}, {'x': -73.761066, 'y': 41.540771}, {'x': -73.758884, 'y': 41.54143}, {'x': -73.756988, 'y': 41.542102}, {'x': -73.753302, 'y': 41.543596}, {'x': -73.752348, 'y': 41.543977}, {'x': -73.749784, 'y': 41.545055}, {'x': -73.746553, 'y': 41.546387}, {'x': -73.744443, 'y': 41.547254}, {'x': -73.743081, 'y': 41.547647}, {'x': -73.741211, 'y': 41.548061}, {'x': -73.739456, 'y': 41.548286}, {'x': -73.737892, 'y': 41.548375}, {'x': -73.736001, 'y': 41.548324}, {'x': -73.733733, 'y': 41.548106}, {'x': -73.729746, 'y': 41.547718}, {'x': -73.729497, 'y': 41.547699}, {'x': -73.728171, 'y': 41.547566}, {'x': -73.726193, 'y': 41.547372}, {'x': -73.723087, 'y': 41.547074}, {'x': -73.722433, 'y': 41.546991}, {'x': -73.721702, 'y': 41.546874}, {'x': -73.721084, 'y': 41.546747}, {'x': -73.720374, 'y': 41.546581}, {'x': -73.719814, 'y': 41.546419}, {'x': -73.719344, 'y': 41.546268}]",1645783803199.0,3.0,"[{}, {}, {}, {}, {}, {}, {}, {}]",19.52777777777778,70.3,I-84 E,NONE,NONE,638167484.0,2022-02-25 10:10:03,4,False,LineString,"[[-73.853422, 41.527462], [-73.852311, 41.527983], [-73.849879, 41.529017], [-73.848243, 41.529622], [-73.846095, 41.530304], [-73.844704, 41.530686], [-73.84333, 41.531022], [-73.841173, 41.53147], [-73.839139, 41.531797], [-73.834914, 41.532306], [-73.833556, 41.532441], [-73.83179, 41.532506], [-73.830752, 41.532495], [-73.829421, 41.532426], [-73.827773, 41.532252], [-73.826349, 41.532004], [-73.823003, 41.53136], [-73.818245, 41.530422], [-73.815929, 41.530055], [-73.814278, 41.529884], [-73.812031, 41.529762], [-73.809964, 41.529785], [-73.808787, 41.529851], [-73.807122, 41.529993], [-73.805113, 41.530283], [-73.803718, 41.53055], [-73.802022, 41.530937], [-73.798437, 41.531786], [-73.795106, 41.532597], [-73.787644, 41.534389], [-73.78616, 41.534834], [-73.78172, 41.5364], [-73.779856, 41.537049], [-73.778583, 41.537428], [-73.776718, 41.537881], [-73.775107, 41.538204], [-73.773154, 41.5385], [-73.771494, 41.538762], [-73.769842, 41.539025], [-73.765613, 41.539704], [-73.764107, 41.540008], [-73.762572, 41.540368], [-73.761066, 41.540771], [-73.758884, 41.54143], [-73.756988, 41.542102], [-73.753302, 41.543596], [-73.752348, 41.543977], [-73.749784, 41.545055], [-73.746553, 41.546387], [-73.744443, 41.547254], [-73.743081, 41.547647], [-73.741211, 41.548061], [-73.739456, 41.548286], [-73.737892, 41.548375], [-73.736001, 41.548324], [-73.733733, 41.548106], [-73.729746, 41.547718], [-73.729497, 41.547699], [-73.728171, 41.547566], [-73.726193, 41.547372], [-73.723087, 41.547074], [-73.722433, 41.546991], [-73.721702, 41.546874], [-73.721084, 41.546747], [-73.720374, 41.546581], [-73.719814, 41.546419], [-73.719344, 41.546268]]",2022-02-25,-73.8673067093488,41.524989509963,18589819,39250730,,PROPERTY DAMAGE,999,2022,OTHER,2022/02/25,1900-01-01 09:59:00,COLL. W/EARTH ELE./ROCK CUT/DITCH,DAYLIGHT,STRAIGHT/ GRADE,SNOW/ICE,NONE,NOT ENTERED,"SLEET/HAIL/FREEZING RAIN
",0,1970/01/01,0,0,0,0,1,11308.0,0,SP THRUWAY EAST FISHKILL,No,594502.12631508,4597657.85096771,Not an intersection crash,Cary Rd,Dutchess,7.0,59.0,,Fishkill,I 84,84I82021072,88.0,T,11-Urban Principal Arterial Interstate,NYSDOT,NYSDOT,,55.0,"V1:(UNSAFE SPEED,PAVEMENT SLIPPERY)",2022-02-25,-73.853422,41.527462