,type,properties.blockingAlertUuid,properties.city,properties.country,properties.delay,properties.endNode,properties.id,properties.length,properties.level,properties.line,properties.pubMillis,properties.roadType,properties.segments,properties.speed,properties.speedKMH,properties.street,properties.turnType,properties.type,properties.uuid,properties.utc_timestamp,properties.day_of_week,properties.weekday_weekend,geometry.type,geometry.coordinates,key_date_jams,X,Y,OBJECTID,CaseNumber,MaxInjuryS,CrashSever,RoadwayAcc,CaseYear,CollisionT,CrashDate,CrashTimeF,CrashType,LightCondi,RoadwayCha,RoadSurfac,TrafficCon,TrafficWay,WeatherCon,Commercial,DMVInsertD,NumberOfFa,NumberOfIn,NumberOfOt,NumberOfSe,NumberOfVe,PoliceDept,NonReporta,ReportingA,NonPublicW,UTMEasting,UTMNorthin,Intersecti,ClosestCro,CountyName,DirectionF,DistanceFr,MasterInte,CityTownNa,OnStreet,ReferenceM,ACCESS_CON,DIVIDED,FUNCTIONAL,MAINT_JURI,OWNING_JUR,NAME,POSTED_SPE,ApparentFa,key_date_crashes,jams_x,jams_y
323,Feature,,"Fishkill, NY",US,61.0,Exit 46B: US-9 N Â» Poughkeepsie,638173636.0,2764.0,1.0,"[{'x': -73.853352, 'y': 41.528168}, {'x': -73.85667, 'y': 41.52644}, {'x': -73.858357, 'y': 41.525733}, {'x': -73.859968, 'y': 41.525259}, {'x': -73.861602, 'y': 41.524955}, {'x': -73.863284, 'y': 41.524781}, {'x': -73.864697, 'y': 41.524763}, {'x': -73.866163, 'y': 41.524844}, {'x': -73.871988, 'y': 41.525566}, {'x': -73.873986, 'y': 41.525699}, {'x': -73.876114, 'y': 41.525724}, {'x': -73.878051, 'y': 41.525654}, {'x': -73.879985, 'y': 41.525477}, {'x': -73.885132, 'y': 41.524777}]",1645784134079.0,3.0,[{}],17.669444444444444,63.61,I-84 W,NONE,NONE,638173636.0,2022-02-25 10:15:34,4,False,LineString,"[[-73.853352, 41.528168], [-73.85667, 41.52644], [-73.858357, 41.525733], [-73.859968, 41.525259], [-73.861602, 41.524955], [-73.863284, 41.524781], [-73.864697, 41.524763], [-73.866163, 41.524844], [-73.871988, 41.525566], [-73.873986, 41.525699], [-73.876114, 41.525724], [-73.878051, 41.525654], [-73.879985, 41.525477], [-73.885132, 41.524777]]",2022-02-25,-73.8226313773826,41.5319028255654,18593830,39254937,,PROPERTY DAMAGE,2,2022,OTHER,2022/02/25,1900-01-01 10:42:00,COLL. W/EARTH ELE./ROCK CUT/DITCH,DAYLIGHT,STRAIGHT AND LEVEL,SNOW/ICE,NONE,"TWO-WAY,DIVIDED,UNPROTECTED MEDIA","SLEET/HAIL/FREEZING RAIN
",1,1970/01/01,0,0,0,0,1,11304.0,0,POUGHKEEPSIE SP,No,598219.05447035,4598475.20629174,Not an intersection crash,Connecting Road,Dutchess,8.0,1.0,,East Fishkill,I 84,84I82021096,88.0,T,11-Urban Principal Arterial Interstate,NYSDOT,NYSDOT,,55.0,"V1:(UNSAFE SPEED,PAVEMENT SLIPPERY)",2022-02-25,-73.853352,41.528168
324,Feature,,"Fishkill, NY",US,61.0,Exit 46B: US-9 N Â» Poughkeepsie,638173636.0,2764.0,1.0,"[{'x': -73.853352, 'y': 41.528168}, {'x': -73.85667, 'y': 41.52644}, {'x': -73.858357, 'y': 41.525733}, {'x': -73.859968, 'y': 41.525259}, {'x': -73.861602, 'y': 41.524955}, {'x': -73.863284, 'y': 41.524781}, {'x': -73.864697, 'y': 41.524763}, {'x': -73.866163, 'y': 41.524844}, {'x': -73.871988, 'y': 41.525566}, {'x': -73.873986, 'y': 41.525699}, {'x': -73.876114, 'y': 41.525724}, {'x': -73.878051, 'y': 41.525654}, {'x': -73.879985, 'y': 41.525477}, {'x': -73.885132, 'y': 41.524777}]",1645784134079.0,3.0,[{}],17.669444444444444,63.61,I-84 W,NONE,NONE,638173636.0,2022-02-25 10:15:34,4,False,LineString,"[[-73.853352, 41.528168], [-73.85667, 41.52644], [-73.858357, 41.525733], [-73.859968, 41.525259], [-73.861602, 41.524955], [-73.863284, 41.524781], [-73.864697, 41.524763], [-73.866163, 41.524844], [-73.871988, 41.525566], [-73.873986, 41.525699], [-73.876114, 41.525724], [-73.878051, 41.525654], [-73.879985, 41.525477], [-73.885132, 41.524777]]",2022-02-25,-73.8673067093488,41.524989509963,18589819,39250730,,PROPERTY DAMAGE,999,2022,OTHER,2022/02/25,1900-01-01 09:59:00,COLL. W/EARTH ELE./ROCK CUT/DITCH,DAYLIGHT,STRAIGHT/ GRADE,SNOW/ICE,NONE,NOT ENTERED,"SLEET/HAIL/FREEZING RAIN
",0,1970/01/01,0,0,0,0,1,11308.0,0,SP THRUWAY EAST FISHKILL,No,594502.12631508,4597657.85096771,Not an intersection crash,Cary Rd,Dutchess,7.0,59.0,,Fishkill,I 84,84I82021072,88.0,T,11-Urban Principal Arterial Interstate,NYSDOT,NYSDOT,,55.0,"V1:(UNSAFE SPEED,PAVEMENT SLIPPERY)",2022-02-25,-73.853352,41.528168
325,Feature,,"Fishkill, NY",US,180.0,I-84 W,638174476.0,11190.0,1.0,"[{'x': -73.853352, 'y': 41.528168}, {'x': -73.85667, 'y': 41.52644}, {'x': -73.858357, 'y': 41.525733}, {'x': -73.859968, 'y': 41.525259}, {'x': -73.861602, 'y': 41.524955}, {'x': -73.863284, 'y': 41.524781}, {'x': -73.864697, 'y': 41.524763}, {'x': -73.866163, 'y': 41.524844}, {'x': -73.871988, 'y': 41.525566}, {'x': -73.873986, 'y': 41.525699}, {'x': -73.876114, 'y': 41.525724}, {'x': -73.878051, 'y': 41.525654}, {'x': -73.879985, 'y': 41.525477}, {'x': -73.885132, 'y': 41.524777}, {'x': -73.890783, 'y': 41.524011}, {'x': -73.894671, 'y': 41.52347}, {'x': -73.897898, 'y': 41.523046}, {'x': -73.900193, 'y': 41.522731}, {'x': -73.901645, 'y': 41.522621}, {'x': -73.902869, 'y': 41.522607}, {'x': -73.904407, 'y': 41.522703}, {'x': -73.906079, 'y': 41.522935}, {'x': -73.907356, 'y': 41.523211}, {'x': -73.90886, 'y': 41.523645}, {'x': -73.910464, 'y': 41.524281}, {'x': -73.912011, 'y': 41.525074}, {'x': -73.913542, 'y': 41.525949}, {'x': -73.917464, 'y': 41.528134}, {'x': -73.918143, 'y': 41.528488}, {'x': -73.918797, 'y': 41.528777}, {'x': -73.919834, 'y': 41.529169}, {'x': -73.921106, 'y': 41.529549}, {'x': -73.92228, 'y': 41.5298}, {'x': -73.923481, 'y': 41.529974}, {'x': -73.924798, 'y': 41.53007}, {'x': -73.945935, 'y': 41.53015}, {'x': -73.947043, 'y': 41.530125}, {'x': -73.947909, 'y': 41.530067}, {'x': -73.949081, 'y': 41.529922}, {'x': -73.949976, 'y': 41.529771}, {'x': -73.950879, 'y': 41.529567}, {'x': -73.951677, 'y': 41.529365}, {'x': -73.952467, 'y': 41.529114}, {'x': -73.953644, 'y': 41.528674}, {'x': -73.95503, 'y': 41.528027}, {'x': -73.955995, 'y': 41.527475}, {'x': -73.956647, 'y': 41.52705}, {'x': -73.966298, 'y': 41.520181}, {'x': -73.966601, 'y': 41.519994}, {'x': -73.967366, 'y': 41.519562}, {'x': -73.968668, 'y': 41.518998}, {'x': -73.96975, 'y': 41.518632}, {'x': -73.970521, 'y': 41.518433}, {'x': -73.971711, 'y': 41.518174}, {'x': -73.973185, 'y': 41.517982}, {'x': -73.974589, 'y': 41.517906}, {'x': -73.976111, 'y': 41.517946}, {'x': -73.977823, 'y': 41.518059}]",1645784198957.0,3.0,"[{}, {}, {}, {}, {}, {}, {}, {}]",19.927777777777777,71.74,I-84 W,NONE,NONE,638174476.0,2022-02-25 10:16:38,4,False,LineString,"[[-73.853352, 41.528168], [-73.85667, 41.52644], [-73.858357, 41.525733], [-73.859968, 41.525259], [-73.861602, 41.524955], [-73.863284, 41.524781], [-73.864697, 41.524763], [-73.866163, 41.524844], [-73.871988, 41.525566], [-73.873986, 41.525699], [-73.876114, 41.525724], [-73.878051, 41.525654], [-73.879985, 41.525477], [-73.885132, 41.524777], [-73.890783, 41.524011], [-73.894671, 41.52347], [-73.897898, 41.523046], [-73.900193, 41.522731], [-73.901645, 41.522621], [-73.902869, 41.522607], [-73.904407, 41.522703], [-73.906079, 41.522935], [-73.907356, 41.523211], [-73.90886, 41.523645], [-73.910464, 41.524281], [-73.912011, 41.525074], [-73.913542, 41.525949], [-73.917464, 41.528134], [-73.918143, 41.528488], [-73.918797, 41.528777], [-73.919834, 41.529169], [-73.921106, 41.529549], [-73.92228, 41.5298], [-73.923481, 41.529974], [-73.924798, 41.53007], [-73.945935, 41.53015], [-73.947043, 41.530125], [-73.947909, 41.530067], [-73.949081, 41.529922], [-73.949976, 41.529771], [-73.950879, 41.529567], [-73.951677, 41.529365], [-73.952467, 41.529114], [-73.953644, 41.528674], [-73.95503, 41.528027], [-73.955995, 41.527475], [-73.956647, 41.52705], [-73.966298, 41.520181], [-73.966601, 41.519994], [-73.967366, 41.519562], [-73.968668, 41.518998], [-73.96975, 41.518632], [-73.970521, 41.518433], [-73.971711, 41.518174], [-73.973185, 41.517982], [-73.974589, 41.517906], [-73.976111, 41.517946], [-73.977823, 41.518059]]",2022-02-25,-73.8226313773826,41.5319028255654,18593830,39254937,,PROPERTY DAMAGE,2,2022,OTHER,2022/02/25,1900-01-01 10:42:00,COLL. W/EARTH ELE./ROCK CUT/DITCH,DAYLIGHT,STRAIGHT AND LEVEL,SNOW/ICE,NONE,"TWO-WAY,DIVIDED,UNPROTECTED MEDIA","SLEET/HAIL/FREEZING RAIN
",1,1970/01/01,0,0,0,0,1,11304.0,0,POUGHKEEPSIE SP,No,598219.05447035,4598475.20629174,Not an intersection crash,Connecting Road,Dutchess,8.0,1.0,,East Fishkill,I 84,84I82021096,88.0,T,11-Urban Principal Arterial Interstate,NYSDOT,NYSDOT,,55.0,"V1:(UNSAFE SPEED,PAVEMENT SLIPPERY)",2022-02-25,-73.853352,41.528168
326,Feature,,"Fishkill, NY",US,180.0,I-84 W,638174476.0,11190.0,1.0,"[{'x': -73.853352, 'y': 41.528168}, {'x': -73.85667, 'y': 41.52644}, {'x': -73.858357, 'y': 41.525733}, {'x': -73.859968, 'y': 41.525259}, {'x': -73.861602, 'y': 41.524955}, {'x': -73.863284, 'y': 41.524781}, {'x': -73.864697, 'y': 41.524763}, {'x': -73.866163, 'y': 41.524844}, {'x': -73.871988, 'y': 41.525566}, {'x': -73.873986, 'y': 41.525699}, {'x': -73.876114, 'y': 41.525724}, {'x': -73.878051, 'y': 41.525654}, {'x': -73.879985, 'y': 41.525477}, {'x': -73.885132, 'y': 41.524777}, {'x': -73.890783, 'y': 41.524011}, {'x': -73.894671, 'y': 41.52347}, {'x': -73.897898, 'y': 41.523046}, {'x': -73.900193, 'y': 41.522731}, {'x': -73.901645, 'y': 41.522621}, {'x': -73.902869, 'y': 41.522607}, {'x': -73.904407, 'y': 41.522703}, {'x': -73.906079, 'y': 41.522935}, {'x': -73.907356, 'y': 41.523211}, {'x': -73.90886, 'y': 41.523645}, {'x': -73.910464, 'y': 41.524281}, {'x': -73.912011, 'y': 41.525074}, {'x': -73.913542, 'y': 41.525949}, {'x': -73.917464, 'y': 41.528134}, {'x': -73.918143, 'y': 41.528488}, {'x': -73.918797, 'y': 41.528777}, {'x': -73.919834, 'y': 41.529169}, {'x': -73.921106, 'y': 41.529549}, {'x': -73.92228, 'y': 41.5298}, {'x': -73.923481, 'y': 41.529974}, {'x': -73.924798, 'y': 41.53007}, {'x': -73.945935, 'y': 41.53015}, {'x': -73.947043, 'y': 41.530125}, {'x': -73.947909, 'y': 41.530067}, {'x': -73.949081, 'y': 41.529922}, {'x': -73.949976, 'y': 41.529771}, {'x': -73.950879, 'y': 41.529567}, {'x': -73.951677, 'y': 41.529365}, {'x': -73.952467, 'y': 41.529114}, {'x': -73.953644, 'y': 41.528674}, {'x': -73.95503, 'y': 41.528027}, {'x': -73.955995, 'y': 41.527475}, {'x': -73.956647, 'y': 41.52705}, {'x': -73.966298, 'y': 41.520181}, {'x': -73.966601, 'y': 41.519994}, {'x': -73.967366, 'y': 41.519562}, {'x': -73.968668, 'y': 41.518998}, {'x': -73.96975, 'y': 41.518632}, {'x': -73.970521, 'y': 41.518433}, {'x': -73.971711, 'y': 41.518174}, {'x': -73.973185, 'y': 41.517982}, {'x': -73.974589, 'y': 41.517906}, {'x': -73.976111, 'y': 41.517946}, {'x': -73.977823, 'y': 41.518059}]",1645784198957.0,3.0,"[{}, {}, {}, {}, {}, {}, {}, {}]",19.927777777777777,71.74,I-84 W,NONE,NONE,638174476.0,2022-02-25 10:16:38,4,False,LineString,"[[-73.853352, 41.528168], [-73.85667, 41.52644], [-73.858357, 41.525733], [-73.859968, 41.525259], [-73.861602, 41.524955], [-73.863284, 41.524781], [-73.864697, 41.524763], [-73.866163, 41.524844], [-73.871988, 41.525566], [-73.873986, 41.525699], [-73.876114, 41.525724], [-73.878051, 41.525654], [-73.879985, 41.525477], [-73.885132, 41.524777], [-73.890783, 41.524011], [-73.894671, 41.52347], [-73.897898, 41.523046], [-73.900193, 41.522731], [-73.901645, 41.522621], [-73.902869, 41.522607], [-73.904407, 41.522703], [-73.906079, 41.522935], [-73.907356, 41.523211], [-73.90886, 41.523645], [-73.910464, 41.524281], [-73.912011, 41.525074], [-73.913542, 41.525949], [-73.917464, 41.528134], [-73.918143, 41.528488], [-73.918797, 41.528777], [-73.919834, 41.529169], [-73.921106, 41.529549], [-73.92228, 41.5298], [-73.923481, 41.529974], [-73.924798, 41.53007], [-73.945935, 41.53015], [-73.947043, 41.530125], [-73.947909, 41.530067], [-73.949081, 41.529922], [-73.949976, 41.529771], [-73.950879, 41.529567], [-73.951677, 41.529365], [-73.952467, 41.529114], [-73.953644, 41.528674], [-73.95503, 41.528027], [-73.955995, 41.527475], [-73.956647, 41.52705], [-73.966298, 41.520181], [-73.966601, 41.519994], [-73.967366, 41.519562], [-73.968668, 41.518998], [-73.96975, 41.518632], [-73.970521, 41.518433], [-73.971711, 41.518174], [-73.973185, 41.517982], [-73.974589, 41.517906], [-73.976111, 41.517946], [-73.977823, 41.518059]]",2022-02-25,-73.8673067093488,41.524989509963,18589819,39250730,,PROPERTY DAMAGE,999,2022,OTHER,2022/02/25,1900-01-01 09:59:00,COLL. W/EARTH ELE./ROCK CUT/DITCH,DAYLIGHT,STRAIGHT/ GRADE,SNOW/ICE,NONE,NOT ENTERED,"SLEET/HAIL/FREEZING RAIN
",0,1970/01/01,0,0,0,0,1,11308.0,0,SP THRUWAY EAST FISHKILL,No,594502.12631508,4597657.85096771,Not an intersection crash,Cary Rd,Dutchess,7.0,59.0,,Fishkill,I 84,84I82021072,88.0,T,11-Urban Principal Arterial Interstate,NYSDOT,NYSDOT,,55.0,"V1:(UNSAFE SPEED,PAVEMENT SLIPPERY)",2022-02-25,-73.853352,41.528168
327,Feature,,"Fishkill, NY",US,60.0,I-84 E,638175304.0,2801.0,1.0,"[{'x': -73.885657, 'y': 41.524342}, {'x': -73.881396, 'y': 41.524919}, {'x': -73.879146, 'y': 41.525218}, {'x': -73.877212, 'y': 41.525368}, {'x': -73.87454, 'y': 41.525386}, {'x': -73.872345, 'y': 41.525275}, {'x': -73.871165, 'y': 41.525144}, {'x': -73.865032, 'y': 41.524377}, {'x': -73.863315, 'y': 41.524266}, {'x': -73.861622, 'y': 41.524354}, {'x': -73.859785, 'y': 41.524649}, {'x': -73.858197, 'y': 41.525109}, {'x': -73.85676, 'y': 41.525706}, {'x': -73.853422, 'y': 41.527462}]",1645784264825.0,3.0,[{}],18.15,65.34,I-84 E,NONE,NONE,638175304.0,2022-02-25 10:17:44,4,False,LineString,"[[-73.885657, 41.524342], [-73.881396, 41.524919], [-73.879146, 41.525218], [-73.877212, 41.525368], [-73.87454, 41.525386], [-73.872345, 41.525275], [-73.871165, 41.525144], [-73.865032, 41.524377], [-73.863315, 41.524266], [-73.861622, 41.524354], [-73.859785, 41.524649], [-73.858197, 41.525109], [-73.85676, 41.525706], [-73.853422, 41.527462]]",2022-02-25,-73.8673067093488,41.524989509963,18589819,39250730,,PROPERTY DAMAGE,999,2022,OTHER,2022/02/25,1900-01-01 09:59:00,COLL. W/EARTH ELE./ROCK CUT/DITCH,DAYLIGHT,STRAIGHT/ GRADE,SNOW/ICE,NONE,NOT ENTERED,"SLEET/HAIL/FREEZING RAIN
",0,1970/01/01,0,0,0,0,1,11308.0,0,SP THRUWAY EAST FISHKILL,No,594502.12631508,4597657.85096771,Not an intersection crash,Cary Rd,Dutchess,7.0,59.0,,Fishkill,I 84,84I82021072,88.0,T,11-Urban Principal Arterial Interstate,NYSDOT,NYSDOT,,55.0,"V1:(UNSAFE SPEED,PAVEMENT SLIPPERY)",2022-02-25,-73.885657,41.524342
328,Feature,,"East Fishkill, NY",US,166.0,to I-84 E,638182152.0,10856.0,1.0,"[{'x': -73.853422, 'y': 41.527462}, {'x': -73.852311, 'y': 41.527983}, {'x': -73.849879, 'y': 41.529017}, {'x': -73.848243, 'y': 41.529622}, {'x': -73.846095, 'y': 41.530304}, {'x': -73.844704, 'y': 41.530686}, {'x': -73.84333, 'y': 41.531022}, {'x': -73.841173, 'y': 41.53147}, {'x': -73.839139, 'y': 41.531797}, {'x': -73.834914, 'y': 41.532306}, {'x': -73.833556, 'y': 41.532441}, {'x': -73.83179, 'y': 41.532506}, {'x': -73.830752, 'y': 41.532495}, {'x': -73.829421, 'y': 41.532426}, {'x': -73.827773, 'y': 41.532252}, {'x': -73.826349, 'y': 41.532004}, {'x': -73.823003, 'y': 41.53136}, {'x': -73.818245, 'y': 41.530422}, {'x': -73.815929, 'y': 41.530055}, {'x': -73.814278, 'y': 41.529884}, {'x': -73.812031, 'y': 41.529762}, {'x': -73.809964, 'y': 41.529785}, {'x': -73.808787, 'y': 41.529851}, {'x': -73.807122, 'y': 41.529993}, {'x': -73.805113, 'y': 41.530283}, {'x': -73.803718, 'y': 41.53055}, {'x': -73.802022, 'y': 41.530937}, {'x': -73.798437, 'y': 41.531786}, {'x': -73.795106, 'y': 41.532597}, {'x': -73.787644, 'y': 41.534389}, {'x': -73.78616, 'y': 41.534834}, {'x': -73.78172, 'y': 41.5364}, {'x': -73.779856, 'y': 41.537049}, {'x': -73.778583, 'y': 41.537428}, {'x': -73.776718, 'y': 41.537881}, {'x': -73.775107, 'y': 41.538204}, {'x': -73.773154, 'y': 41.5385}, {'x': -73.771494, 'y': 41.538762}, {'x': -73.769842, 'y': 41.539025}, {'x': -73.765613, 'y': 41.539704}, {'x': -73.764107, 'y': 41.540008}, {'x': -73.762572, 'y': 41.540368}, {'x': -73.761066, 'y': 41.540771}, {'x': -73.758884, 'y': 41.54143}, {'x': -73.756988, 'y': 41.542102}, {'x': -73.753302, 'y': 41.543596}, {'x': -73.752348, 'y': 41.543977}, {'x': -73.749784, 'y': 41.545055}, {'x': -73.746553, 'y': 41.546387}, {'x': -73.744443, 'y': 41.547254}, {'x': -73.743081, 'y': 41.547647}, {'x': -73.741211, 'y': 41.548061}, {'x': -73.739456, 'y': 41.548286}, {'x': -73.737892, 'y': 41.548375}, {'x': -73.736001, 'y': 41.548324}, {'x': -73.733733, 'y': 41.548106}, {'x': -73.729746, 'y': 41.547718}]",1645784595107.0,3.0,"[{}, {}, {}, {}, {}, {}, {}]",20.369444444444444,73.33,I-84 E,NONE,NONE,638182152.0,2022-02-25 10:23:15,4,False,LineString,"[[-73.853422, 41.527462], [-73.852311, 41.527983], [-73.849879, 41.529017], [-73.848243, 41.529622], [-73.846095, 41.530304], [-73.844704, 41.530686], [-73.84333, 41.531022], [-73.841173, 41.53147], [-73.839139, 41.531797], [-73.834914, 41.532306], [-73.833556, 41.532441], [-73.83179, 41.532506], [-73.830752, 41.532495], [-73.829421, 41.532426], [-73.827773, 41.532252], [-73.826349, 41.532004], [-73.823003, 41.53136], [-73.818245, 41.530422], [-73.815929, 41.530055], [-73.814278, 41.529884], [-73.812031, 41.529762], [-73.809964, 41.529785], [-73.808787, 41.529851], [-73.807122, 41.529993], [-73.805113, 41.530283], [-73.803718, 41.53055], [-73.802022, 41.530937], [-73.798437, 41.531786], [-73.795106, 41.532597], [-73.787644, 41.534389], [-73.78616, 41.534834], [-73.78172, 41.5364], [-73.779856, 41.537049], [-73.778583, 41.537428], [-73.776718, 41.537881], [-73.775107, 41.538204], [-73.773154, 41.5385], [-73.771494, 41.538762], [-73.769842, 41.539025], [-73.765613, 41.539704], [-73.764107, 41.540008], [-73.762572, 41.540368], [-73.761066, 41.540771], [-73.758884, 41.54143], [-73.756988, 41.542102], [-73.753302, 41.543596], [-73.752348, 41.543977], [-73.749784, 41.545055], [-73.746553, 41.546387], [-73.744443, 41.547254], [-73.743081, 41.547647], [-73.741211, 41.548061], [-73.739456, 41.548286], [-73.737892, 41.548375], [-73.736001, 41.548324], [-73.733733, 41.548106], [-73.729746, 41.547718]]",2022-02-25,-73.8226313773826,41.5319028255654,18593830,39254937,,PROPERTY DAMAGE,2,2022,OTHER,2022/02/25,1900-01-01 10:42:00,COLL. W/EARTH ELE./ROCK CUT/DITCH,DAYLIGHT,STRAIGHT AND LEVEL,SNOW/ICE,NONE,"TWO-WAY,DIVIDED,UNPROTECTED MEDIA","SLEET/HAIL/FREEZING RAIN
",1,1970/01/01,0,0,0,0,1,11304.0,0,POUGHKEEPSIE SP,No,598219.05447035,4598475.20629174,Not an intersection crash,Connecting Road,Dutchess,8.0,1.0,,East Fishkill,I 84,84I82021096,88.0,T,11-Urban Principal Arterial Interstate,NYSDOT,NYSDOT,,55.0,"V1:(UNSAFE SPEED,PAVEMENT SLIPPERY)",2022-02-25,-73.853422,41.527462
329,Feature,,"East Fishkill, NY",US,166.0,to I-84 E,638182152.0,10856.0,1.0,"[{'x': -73.853422, 'y': 41.527462}, {'x': -73.852311, 'y': 41.527983}, {'x': -73.849879, 'y': 41.529017}, {'x': -73.848243, 'y': 41.529622}, {'x': -73.846095, 'y': 41.530304}, {'x': -73.844704, 'y': 41.530686}, {'x': -73.84333, 'y': 41.531022}, {'x': -73.841173, 'y': 41.53147}, {'x': -73.839139, 'y': 41.531797}, {'x': -73.834914, 'y': 41.532306}, {'x': -73.833556, 'y': 41.532441}, {'x': -73.83179, 'y': 41.532506}, {'x': -73.830752, 'y': 41.532495}, {'x': -73.829421, 'y': 41.532426}, {'x': -73.827773, 'y': 41.532252}, {'x': -73.826349, 'y': 41.532004}, {'x': -73.823003, 'y': 41.53136}, {'x': -73.818245, 'y': 41.530422}, {'x': -73.815929, 'y': 41.530055}, {'x': -73.814278, 'y': 41.529884}, {'x': -73.812031, 'y': 41.529762}, {'x': -73.809964, 'y': 41.529785}, {'x': -73.808787, 'y': 41.529851}, {'x': -73.807122, 'y': 41.529993}, {'x': -73.805113, 'y': 41.530283}, {'x': -73.803718, 'y': 41.53055}, {'x': -73.802022, 'y': 41.530937}, {'x': -73.798437, 'y': 41.531786}, {'x': -73.795106, 'y': 41.532597}, {'x': -73.787644, 'y': 41.534389}, {'x': -73.78616, 'y': 41.534834}, {'x': -73.78172, 'y': 41.5364}, {'x': -73.779856, 'y': 41.537049}, {'x': -73.778583, 'y': 41.537428}, {'x': -73.776718, 'y': 41.537881}, {'x': -73.775107, 'y': 41.538204}, {'x': -73.773154, 'y': 41.5385}, {'x': -73.771494, 'y': 41.538762}, {'x': -73.769842, 'y': 41.539025}, {'x': -73.765613, 'y': 41.539704}, {'x': -73.764107, 'y': 41.540008}, {'x': -73.762572, 'y': 41.540368}, {'x': -73.761066, 'y': 41.540771}, {'x': -73.758884, 'y': 41.54143}, {'x': -73.756988, 'y': 41.542102}, {'x': -73.753302, 'y': 41.543596}, {'x': -73.752348, 'y': 41.543977}, {'x': -73.749784, 'y': 41.545055}, {'x': -73.746553, 'y': 41.546387}, {'x': -73.744443, 'y': 41.547254}, {'x': -73.743081, 'y': 41.547647}, {'x': -73.741211, 'y': 41.548061}, {'x': -73.739456, 'y': 41.548286}, {'x': -73.737892, 'y': 41.548375}, {'x': -73.736001, 'y': 41.548324}, {'x': -73.733733, 'y': 41.548106}, {'x': -73.729746, 'y': 41.547718}]",1645784595107.0,3.0,"[{}, {}, {}, {}, {}, {}, {}]",20.369444444444444,73.33,I-84 E,NONE,NONE,638182152.0,2022-02-25 10:23:15,4,False,LineString,"[[-73.853422, 41.527462], [-73.852311, 41.527983], [-73.849879, 41.529017], [-73.848243, 41.529622], [-73.846095, 41.530304], [-73.844704, 41.530686], [-73.84333, 41.531022], [-73.841173, 41.53147], [-73.839139, 41.531797], [-73.834914, 41.532306], [-73.833556, 41.532441], [-73.83179, 41.532506], [-73.830752, 41.532495], [-73.829421, 41.532426], [-73.827773, 41.532252], [-73.826349, 41.532004], [-73.823003, 41.53136], [-73.818245, 41.530422], [-73.815929, 41.530055], [-73.814278, 41.529884], [-73.812031, 41.529762], [-73.809964, 41.529785], [-73.808787, 41.529851], [-73.807122, 41.529993], [-73.805113, 41.530283], [-73.803718, 41.53055], [-73.802022, 41.530937], [-73.798437, 41.531786], [-73.795106, 41.532597], [-73.787644, 41.534389], [-73.78616, 41.534834], [-73.78172, 41.5364], [-73.779856, 41.537049], [-73.778583, 41.537428], [-73.776718, 41.537881], [-73.775107, 41.538204], [-73.773154, 41.5385], [-73.771494, 41.538762], [-73.769842, 41.539025], [-73.765613, 41.539704], [-73.764107, 41.540008], [-73.762572, 41.540368], [-73.761066, 41.540771], [-73.758884, 41.54143], [-73.756988, 41.542102], [-73.753302, 41.543596], [-73.752348, 41.543977], [-73.749784, 41.545055], [-73.746553, 41.546387], [-73.744443, 41.547254], [-73.743081, 41.547647], [-73.741211, 41.548061], [-73.739456, 41.548286], [-73.737892, 41.548375], [-73.736001, 41.548324], [-73.733733, 41.548106], [-73.729746, 41.547718]]",2022-02-25,-73.8673067093488,41.524989509963,18589819,39250730,,PROPERTY DAMAGE,999,2022,OTHER,2022/02/25,1900-01-01 09:59:00,COLL. W/EARTH ELE./ROCK CUT/DITCH,DAYLIGHT,STRAIGHT/ GRADE,SNOW/ICE,NONE,NOT ENTERED,"SLEET/HAIL/FREEZING RAIN
",0,1970/01/01,0,0,0,0,1,11308.0,0,SP THRUWAY EAST FISHKILL,No,594502.12631508,4597657.85096771,Not an intersection crash,Cary Rd,Dutchess,7.0,59.0,,Fishkill,I 84,84I82021072,88.0,T,11-Urban Principal Arterial Interstate,NYSDOT,NYSDOT,,55.0,"V1:(UNSAFE SPEED,PAVEMENT SLIPPERY)",2022-02-25,-73.853422,41.527462