,type,properties.blockingAlertUuid,properties.city,properties.country,properties.delay,properties.endNode,properties.id,properties.length,properties.level,properties.line,properties.pubMillis,properties.roadType,properties.segments,properties.speed,properties.speedKMH,properties.street,properties.turnType,properties.type,properties.uuid,properties.utc_timestamp,properties.day_of_week,properties.weekday_weekend,geometry.type,geometry.coordinates,key_date_jams,X,Y,OBJECTID,CaseNumber,MaxInjuryS,CrashSever,RoadwayAcc,CaseYear,CollisionT,CrashDate,CrashTimeF,CrashType,LightCondi,RoadwayCha,RoadSurfac,TrafficCon,TrafficWay,WeatherCon,Commercial,DMVInsertD,NumberOfFa,NumberOfIn,NumberOfOt,NumberOfSe,NumberOfVe,PoliceDept,NonReporta,ReportingA,NonPublicW,UTMEasting,UTMNorthin,Intersecti,ClosestCro,CountyName,DirectionF,DistanceFr,MasterInte,CityTownNa,OnStreet,ReferenceM,ACCESS_CON,DIVIDED,FUNCTIONAL,MAINT_JURI,OWNING_JUR,NAME,POSTED_SPE,ApparentFa,key_date_crashes,jams_x,jams_y
330,Feature,,"East Fishkill, NY",US,198.0,I-84 E,638188596.0,12231.0,1.0,"[{'x': -73.803718, 'y': 41.53055}, {'x': -73.802022, 'y': 41.530937}, {'x': -73.798437, 'y': 41.531786}, {'x': -73.795106, 'y': 41.532597}, {'x': -73.787644, 'y': 41.534389}, {'x': -73.78616, 'y': 41.534834}, {'x': -73.78172, 'y': 41.5364}, {'x': -73.779856, 'y': 41.537049}, {'x': -73.778583, 'y': 41.537428}, {'x': -73.776718, 'y': 41.537881}, {'x': -73.775107, 'y': 41.538204}, {'x': -73.773154, 'y': 41.5385}, {'x': -73.771494, 'y': 41.538762}, {'x': -73.769842, 'y': 41.539025}, {'x': -73.765613, 'y': 41.539704}, {'x': -73.764107, 'y': 41.540008}, {'x': -73.762572, 'y': 41.540368}, {'x': -73.761066, 'y': 41.540771}, {'x': -73.758884, 'y': 41.54143}, {'x': -73.756988, 'y': 41.542102}, {'x': -73.753302, 'y': 41.543596}, {'x': -73.752348, 'y': 41.543977}, {'x': -73.749784, 'y': 41.545055}, {'x': -73.746553, 'y': 41.546387}, {'x': -73.744443, 'y': 41.547254}, {'x': -73.743081, 'y': 41.547647}, {'x': -73.741211, 'y': 41.548061}, {'x': -73.739456, 'y': 41.548286}, {'x': -73.737892, 'y': 41.548375}, {'x': -73.736001, 'y': 41.548324}, {'x': -73.733733, 'y': 41.548106}, {'x': -73.729746, 'y': 41.547718}, {'x': -73.729497, 'y': 41.547699}, {'x': -73.728171, 'y': 41.547566}, {'x': -73.726193, 'y': 41.547372}, {'x': -73.723087, 'y': 41.547074}, {'x': -73.722433, 'y': 41.546991}, {'x': -73.721702, 'y': 41.546874}, {'x': -73.721084, 'y': 41.546747}, {'x': -73.720374, 'y': 41.546581}, {'x': -73.719814, 'y': 41.546419}, {'x': -73.719344, 'y': 41.546268}, {'x': -73.718862, 'y': 41.546104}, {'x': -73.718379, 'y': 41.545915}, {'x': -73.717884, 'y': 41.545703}, {'x': -73.71746, 'y': 41.545509}, {'x': -73.716926, 'y': 41.545239}, {'x': -73.716413, 'y': 41.544952}, {'x': -73.715956, 'y': 41.544667}, {'x': -73.715413, 'y': 41.5443}, {'x': -73.715029, 'y': 41.544019}, {'x': -73.714686, 'y': 41.543746}, {'x': -73.714438, 'y': 41.543529}, {'x': -73.714181, 'y': 41.543297}, {'x': -73.713921, 'y': 41.543054}, {'x': -73.713574, 'y': 41.542694}, {'x': -73.711271, 'y': 41.540169}, {'x': -73.710756, 'y': 41.539625}, {'x': -73.709692, 'y': 41.53844}, {'x': -73.708394, 'y': 41.537037}, {'x': -73.707943, 'y': 41.536578}, {'x': -73.707208, 'y': 41.535867}, {'x': -73.706531, 'y': 41.535246}, {'x': -73.70593, 'y': 41.534725}, {'x': -73.705352, 'y': 41.534249}, {'x': -73.704817, 'y': 41.533809}, {'x': -73.704128, 'y': 41.53328}, {'x': -73.703192, 'y': 41.532595}, {'x': -73.701856, 'y': 41.53163}, {'x': -73.699859, 'y': 41.530182}, {'x': -73.699229, 'y': 41.529734}, {'x': -73.698753, 'y': 41.529374}, {'x': -73.698504, 'y': 41.529177}, {'x': -73.698092, 'y': 41.528849}, {'x': -73.697776, 'y': 41.528567}, {'x': -73.697312, 'y': 41.528144}, {'x': -73.696969, 'y': 41.527818}, {'x': -73.696467, 'y': 41.527283}, {'x': -73.69605, 'y': 41.526816}, {'x': -73.695758, 'y': 41.526461}, {'x': -73.69546, 'y': 41.526083}, {'x': -73.694935, 'y': 41.525394}, {'x': -73.69403, 'y': 41.524211}, {'x': -73.693169, 'y': 41.52308}, {'x': -73.691998, 'y': 41.521676}, {'x': -73.691261, 'y': 41.520867}, {'x': -73.690634, 'y': 41.520216}, {'x': -73.68945, 'y': 41.519069}, {'x': -73.688731, 'y': 41.51841}, {'x': -73.688111, 'y': 41.517837}, {'x': -73.687631, 'y': 41.517393}, {'x': -73.686886, 'y': 41.516702}, {'x': -73.686474, 'y': 41.51632}, {'x': -73.685929, 'y': 41.515808}, {'x': -73.685569, 'y': 41.515467}, {'x': -73.685196, 'y': 41.51508}, {'x': -73.684858, 'y': 41.514709}, {'x': -73.684544, 'y': 41.514322}, {'x': -73.684111, 'y': 41.513721}, {'x': -73.683904, 'y': 41.513414}, {'x': -73.68365, 'y': 41.513011}]",1645784922767.0,3.0,"[{}, {}, {}, {}, {}, {}, {}]",19.96388888888889,71.87,I-84 E,NONE,NONE,638188596.0,2022-02-25 10:28:42,4,False,LineString,"[[-73.803718, 41.53055], [-73.802022, 41.530937], [-73.798437, 41.531786], [-73.795106, 41.532597], [-73.787644, 41.534389], [-73.78616, 41.534834], [-73.78172, 41.5364], [-73.779856, 41.537049], [-73.778583, 41.537428], [-73.776718, 41.537881], [-73.775107, 41.538204], [-73.773154, 41.5385], [-73.771494, 41.538762], [-73.769842, 41.539025], [-73.765613, 41.539704], [-73.764107, 41.540008], [-73.762572, 41.540368], [-73.761066, 41.540771], [-73.758884, 41.54143], [-73.756988, 41.542102], [-73.753302, 41.543596], [-73.752348, 41.543977], [-73.749784, 41.545055], [-73.746553, 41.546387], [-73.744443, 41.547254], [-73.743081, 41.547647], [-73.741211, 41.548061], [-73.739456, 41.548286], [-73.737892, 41.548375], [-73.736001, 41.548324], [-73.733733, 41.548106], [-73.729746, 41.547718], [-73.729497, 41.547699], [-73.728171, 41.547566], [-73.726193, 41.547372], [-73.723087, 41.547074], [-73.722433, 41.546991], [-73.721702, 41.546874], [-73.721084, 41.546747], [-73.720374, 41.546581], [-73.719814, 41.546419], [-73.719344, 41.546268], [-73.718862, 41.546104], [-73.718379, 41.545915], [-73.717884, 41.545703], [-73.71746, 41.545509], [-73.716926, 41.545239], [-73.716413, 41.544952], [-73.715956, 41.544667], [-73.715413, 41.5443], [-73.715029, 41.544019], [-73.714686, 41.543746], [-73.714438, 41.543529], [-73.714181, 41.543297], [-73.713921, 41.543054], [-73.713574, 41.542694], [-73.711271, 41.540169], [-73.710756, 41.539625], [-73.709692, 41.53844], [-73.708394, 41.537037], [-73.707943, 41.536578], [-73.707208, 41.535867], [-73.706531, 41.535246], [-73.70593, 41.534725], [-73.705352, 41.534249], [-73.704817, 41.533809], [-73.704128, 41.53328], [-73.703192, 41.532595], [-73.701856, 41.53163], [-73.699859, 41.530182], [-73.699229, 41.529734], [-73.698753, 41.529374], [-73.698504, 41.529177], [-73.698092, 41.528849], [-73.697776, 41.528567], [-73.697312, 41.528144], [-73.696969, 41.527818], [-73.696467, 41.527283], [-73.69605, 41.526816], [-73.695758, 41.526461], [-73.69546, 41.526083], [-73.694935, 41.525394], [-73.69403, 41.524211], [-73.693169, 41.52308], [-73.691998, 41.521676], [-73.691261, 41.520867], [-73.690634, 41.520216], [-73.68945, 41.519069], [-73.688731, 41.51841], [-73.688111, 41.517837], [-73.687631, 41.517393], [-73.686886, 41.516702], [-73.686474, 41.51632], [-73.685929, 41.515808], [-73.685569, 41.515467], [-73.685196, 41.51508], [-73.684858, 41.514709], [-73.684544, 41.514322], [-73.684111, 41.513721], [-73.683904, 41.513414], [-73.68365, 41.513011]]",2022-02-25,-73.8226313773826,41.5319028255654,18593830,39254937,,PROPERTY DAMAGE,2,2022,OTHER,2022/02/25,1900-01-01 10:42:00,COLL. W/EARTH ELE./ROCK CUT/DITCH,DAYLIGHT,STRAIGHT AND LEVEL,SNOW/ICE,NONE,"TWO-WAY,DIVIDED,UNPROTECTED MEDIA","SLEET/HAIL/FREEZING RAIN
",1,1970/01/01,0,0,0,0,1,11304.0,0,POUGHKEEPSIE SP,No,598219.05447035,4598475.20629174,Not an intersection crash,Connecting Road,Dutchess,8.0,1.0,,East Fishkill,I 84,84I82021096,88.0,T,11-Urban Principal Arterial Interstate,NYSDOT,NYSDOT,,55.0,"V1:(UNSAFE SPEED,PAVEMENT SLIPPERY)",2022-02-25,-73.803718,41.53055
331,Feature,,"Watervliet, NY",US,60.0,I-787 S,638203938.0,3026.0,1.0,"[{'x': -73.698946, 'y': 42.735208}, {'x': -73.698687, 'y': 42.734594}, {'x': -73.698616, 'y': 42.734373}, {'x': -73.698456, 'y': 42.733829}, {'x': -73.698401, 'y': 42.733641}, {'x': -73.698345, 'y': 42.733221}, {'x': -73.698329, 'y': 42.732831}, {'x': -73.69833, 'y': 42.732813}, {'x': -73.698353, 'y': 42.732439}, {'x': -73.698394, 'y': 42.732118}, {'x': -73.698474, 'y': 42.731805}, {'x': -73.699211, 'y': 42.729918}, {'x': -73.699389, 'y': 42.729462}, {'x': -73.699496, 'y': 42.729171}, {'x': -73.699563, 'y': 42.728948}, {'x': -73.699629, 'y': 42.728674}, {'x': -73.699679, 'y': 42.728347}, {'x': -73.699727, 'y': 42.728046}, {'x': -73.699719, 'y': 42.727822}, {'x': -73.699664, 'y': 42.7266}, {'x': -73.699658, 'y': 42.726016}, {'x': -73.699688, 'y': 42.725643}, {'x': -73.699776, 'y': 42.725216}, {'x': -73.699868, 'y': 42.724937}, {'x': -73.701046, 'y': 42.721788}, {'x': -73.702816, 'y': 42.717171}, {'x': -73.703434, 'y': 42.7158}, {'x': -73.704053, 'y': 42.714374}, {'x': -73.704352, 'y': 42.713496}, {'x': -73.704663, 'y': 42.712413}, {'x': -73.705498, 'y': 42.709528}, {'x': -73.705536, 'y': 42.709395}, {'x': -73.705631, 'y': 42.709068}, {'x': -73.705723, 'y': 42.708745}]",1645785446509.0,3.0,"[{}, {}, {}, {}]",17.819444444444443,64.15,I-787 S,NONE,NONE,638203938.0,2022-02-25 10:37:26,4,False,LineString,"[[-73.698946, 42.735208], [-73.698687, 42.734594], [-73.698616, 42.734373], [-73.698456, 42.733829], [-73.698401, 42.733641], [-73.698345, 42.733221], [-73.698329, 42.732831], [-73.69833, 42.732813], [-73.698353, 42.732439], [-73.698394, 42.732118], [-73.698474, 42.731805], [-73.699211, 42.729918], [-73.699389, 42.729462], [-73.699496, 42.729171], [-73.699563, 42.728948], [-73.699629, 42.728674], [-73.699679, 42.728347], [-73.699727, 42.728046], [-73.699719, 42.727822], [-73.699664, 42.7266], [-73.699658, 42.726016], [-73.699688, 42.725643], [-73.699776, 42.725216], [-73.699868, 42.724937], [-73.701046, 42.721788], [-73.702816, 42.717171], [-73.703434, 42.7158], [-73.704053, 42.714374], [-73.704352, 42.713496], [-73.704663, 42.712413], [-73.705498, 42.709528], [-73.705536, 42.709395], [-73.705631, 42.709068], [-73.705723, 42.708745]]",2022-02-25,-73.6967268781482,42.7440377887774,18591236,39252255,,PROPERTY DAMAGE,999,2022,OTHER,2022/02/25,1900-01-01 11:00:00,COLLISION WITH GUIDE RAIL,DAYLIGHT,CURVE AND LEVEL,SNOW/ICE,NONE,NOT ENTERED,SNOW,0,1970/01/01,0,0,0,0,1,10102.0,0,NYSP LOUDONVILLE,No,606668.26148325,4733214.736505,Not an intersection crash,,Albany,,0.0,,Colonie,RAMP,787I11014007,88.0,T,11-Urban Principal Arterial Interstate,NYSDOT,NYSDOT,,55.0,"V1:(UNSAFE SPEED,PAVEMENT SLIPPERY)",2022-02-25,-73.698946,42.735208
332,Feature,,"Menands, NY",US,62.0,I-787 S,638210784.0,3519.0,1.0,"[{'x': -73.707629, 'y': 42.702145}, {'x': -73.707634, 'y': 42.702125}, {'x': -73.708133, 'y': 42.700388}, {'x': -73.708331, 'y': 42.699658}, {'x': -73.708519, 'y': 42.699029}, {'x': -73.709366, 'y': 42.696089}, {'x': -73.709583, 'y': 42.695442}, {'x': -73.70999, 'y': 42.694611}, {'x': -73.710163, 'y': 42.694309}, {'x': -73.710402, 'y': 42.69392}, {'x': -73.710625, 'y': 42.693599}, {'x': -73.710888, 'y': 42.693242}, {'x': -73.711062, 'y': 42.693026}, {'x': -73.711354, 'y': 42.692691}, {'x': -73.711734, 'y': 42.69229}, {'x': -73.712152, 'y': 42.69192}, {'x': -73.717078, 'y': 42.687706}, {'x': -73.71772, 'y': 42.687147}, {'x': -73.719002, 'y': 42.686028}, {'x': -73.719533, 'y': 42.685596}, {'x': -73.720172, 'y': 42.684994}, {'x': -73.720715, 'y': 42.684448}, {'x': -73.721626, 'y': 42.683416}, {'x': -73.722025, 'y': 42.682891}, {'x': -73.722694, 'y': 42.681898}, {'x': -73.723318, 'y': 42.680802}, {'x': -73.723691, 'y': 42.679977}, {'x': -73.72422, 'y': 42.678698}, {'x': -73.725466, 'y': 42.675629}, {'x': -73.725753, 'y': 42.67502}, {'x': -73.725883, 'y': 42.674795}, {'x': -73.726223, 'y': 42.674279}]",1645785642903.0,3.0,"[{}, {}, {}, {}, {}]",18.78611111111111,67.63,I-787 S,NONE,NONE,638210784.0,2022-02-25 10:40:42,4,False,LineString,"[[-73.707629, 42.702145], [-73.707634, 42.702125], [-73.708133, 42.700388], [-73.708331, 42.699658], [-73.708519, 42.699029], [-73.709366, 42.696089], [-73.709583, 42.695442], [-73.70999, 42.694611], [-73.710163, 42.694309], [-73.710402, 42.69392], [-73.710625, 42.693599], [-73.710888, 42.693242], [-73.711062, 42.693026], [-73.711354, 42.692691], [-73.711734, 42.69229], [-73.712152, 42.69192], [-73.717078, 42.687706], [-73.71772, 42.687147], [-73.719002, 42.686028], [-73.719533, 42.685596], [-73.720172, 42.684994], [-73.720715, 42.684448], [-73.721626, 42.683416], [-73.722025, 42.682891], [-73.722694, 42.681898], [-73.723318, 42.680802], [-73.723691, 42.679977], [-73.72422, 42.678698], [-73.725466, 42.675629], [-73.725753, 42.67502], [-73.725883, 42.674795], [-73.726223, 42.674279]]",2022-02-25,-73.7241219315392,42.678347720155,18586402,39246945,,PROPERTY DAMAGE,999,2022,OTHER,2022/02/25,1900-01-01 11:07:00,COLLISION WITH SIGN POST,DAYLIGHT,STRAIGHT AND LEVEL,SNOW/ICE,NONE,NOT ENTERED,SNOW,0,1970/01/01,0,0,0,0,1,10102.0,0,NYSP LOUDONVILLE,No,604536.24372758,4725885.92917281,Not an intersection crash,Ramp,Albany,4.0,517.0,,Menands,I 787,787I11012003,88.0,T,11-Urban Principal Arterial Interstate,NYSDOT,NYSDOT,Interstate 787,55.0,"V1:(UNSAFE SPEED,NOT APPLICABLE)",2022-02-25,-73.707629,42.702145
333,Feature,,"Menands, NY",US,66.0,to I-787 N Â» Cohoes,638259840.0,1593.0,2.0,"[{'x': -73.721822, 'y': 42.682855}, {'x': -73.721716, 'y': 42.682998}, {'x': -73.721396, 'y': 42.683404}, {'x': -73.721079, 'y': 42.683777}, {'x': -73.720758, 'y': 42.684141}, {'x': -73.720515, 'y': 42.684405}, {'x': -73.720317, 'y': 42.68461}, {'x': -73.720079, 'y': 42.684846}, {'x': -73.719823, 'y': 42.685087}, {'x': -73.719265, 'y': 42.685591}, {'x': -73.718481, 'y': 42.686253}, {'x': -73.71787, 'y': 42.686769}, {'x': -73.716356, 'y': 42.688059}, {'x': -73.713362, 'y': 42.690563}, {'x': -73.711826, 'y': 42.691932}, {'x': -73.711417, 'y': 42.692319}, {'x': -73.710662, 'y': 42.693245}, {'x': -73.7104, 'y': 42.693562}, {'x': -73.710031, 'y': 42.694185}]",1645786960869.0,3.0,"[{}, {}]",13.13888888888889,47.3,I-787 N,NONE,NONE,638259840.0,2022-02-25 11:02:40,4,False,LineString,"[[-73.721822, 42.682855], [-73.721716, 42.682998], [-73.721396, 42.683404], [-73.721079, 42.683777], [-73.720758, 42.684141], [-73.720515, 42.684405], [-73.720317, 42.68461], [-73.720079, 42.684846], [-73.719823, 42.685087], [-73.719265, 42.685591], [-73.718481, 42.686253], [-73.71787, 42.686769], [-73.716356, 42.688059], [-73.713362, 42.690563], [-73.711826, 42.691932], [-73.711417, 42.692319], [-73.710662, 42.693245], [-73.7104, 42.693562], [-73.710031, 42.694185]]",2022-02-25,-73.7241219315392,42.678347720155,18586402,39246945,,PROPERTY DAMAGE,999,2022,OTHER,2022/02/25,1900-01-01 11:07:00,COLLISION WITH SIGN POST,DAYLIGHT,STRAIGHT AND LEVEL,SNOW/ICE,NONE,NOT ENTERED,SNOW,0,1970/01/01,0,0,0,0,1,10102.0,0,NYSP LOUDONVILLE,No,604536.24372758,4725885.92917281,Not an intersection crash,Ramp,Albany,4.0,517.0,,Menands,I 787,787I11012003,88.0,T,11-Urban Principal Arterial Interstate,NYSDOT,NYSDOT,Interstate 787,55.0,"V1:(UNSAFE SPEED,NOT APPLICABLE)",2022-02-25,-73.721822,42.682855
334,Feature,,"Albany, NY",US,185.0,Exit 4: NY-85 Â» Slingerlands / Voorheesville,638280720.0,6524.0,1.0,"[{'x': -73.729206, 'y': 42.665126}, {'x': -73.730157, 'y': 42.665636}, {'x': -73.731774, 'y': 42.666577}, {'x': -73.736325, 'y': 42.669362}, {'x': -73.736519, 'y': 42.669461}, {'x': -73.736741, 'y': 42.669561}, {'x': -73.737046, 'y': 42.669695}, {'x': -73.737415, 'y': 42.669842}, {'x': -73.73778, 'y': 42.669957}, {'x': -73.738181, 'y': 42.670056}, {'x': -73.73863, 'y': 42.67014}, {'x': -73.739069, 'y': 42.670201}, {'x': -73.739336, 'y': 42.670237}, {'x': -73.739625, 'y': 42.670258}, {'x': -73.740124, 'y': 42.670272}, {'x': -73.740505, 'y': 42.670272}, {'x': -73.741121, 'y': 42.670247}, {'x': -73.742284, 'y': 42.670168}, {'x': -73.746721, 'y': 42.669856}, {'x': -73.747995, 'y': 42.669788}, {'x': -73.748476, 'y': 42.669764}, {'x': -73.748929, 'y': 42.669764}, {'x': -73.749287, 'y': 42.66977}, {'x': -73.749623, 'y': 42.669785}, {'x': -73.750076, 'y': 42.669825}, {'x': -73.75047, 'y': 42.669868}, {'x': -73.750811, 'y': 42.669913}, {'x': -73.751066, 'y': 42.669953}, {'x': -73.751366, 'y': 42.670001}, {'x': -73.751679, 'y': 42.670058}, {'x': -73.752014, 'y': 42.670132}, {'x': -73.752567, 'y': 42.670272}, {'x': -73.753194, 'y': 42.670482}, {'x': -73.75382, 'y': 42.670757}, {'x': -73.754163, 'y': 42.670944}, {'x': -73.755231, 'y': 42.671651}, {'x': -73.755873, 'y': 42.672107}, {'x': -73.757962, 'y': 42.673519}, {'x': -73.76163, 'y': 42.67597}, {'x': -73.762462, 'y': 42.676515}, {'x': -73.764431, 'y': 42.677825}, {'x': -73.764888, 'y': 42.678091}, {'x': -73.76544, 'y': 42.678402}, {'x': -73.765961, 'y': 42.678674}, {'x': -73.766435, 'y': 42.678909}, {'x': -73.767083, 'y': 42.679205}, {'x': -73.767772, 'y': 42.679497}, {'x': -73.768358, 'y': 42.679728}, {'x': -73.769039, 'y': 42.679972}, {'x': -73.769862, 'y': 42.680243}, {'x': -73.770434, 'y': 42.680413}, {'x': -73.771017, 'y': 42.680575}, {'x': -73.771581, 'y': 42.680712}, {'x': -73.772165, 'y': 42.680847}, {'x': -73.772814, 'y': 42.680977}, {'x': -73.773533, 'y': 42.681102}, {'x': -73.774336, 'y': 42.681222}, {'x': -73.775331, 'y': 42.681349}, {'x': -73.77699, 'y': 42.681551}, {'x': -73.778145, 'y': 42.681676}, {'x': -73.778959, 'y': 42.681756}, {'x': -73.779488, 'y': 42.681805}, {'x': -73.780994, 'y': 42.681942}, {'x': -73.781028, 'y': 42.681946}, {'x': -73.782201, 'y': 42.682064}, {'x': -73.782766, 'y': 42.682123}, {'x': -73.783275, 'y': 42.682188}, {'x': -73.783585, 'y': 42.682239}, {'x': -73.783975, 'y': 42.682309}, {'x': -73.784492, 'y': 42.682427}, {'x': -73.785152, 'y': 42.682607}, {'x': -73.785525, 'y': 42.682721}, {'x': -73.786188, 'y': 42.682961}, {'x': -73.786805, 'y': 42.683224}, {'x': -73.787379, 'y': 42.683512}, {'x': -73.788109, 'y': 42.683935}, {'x': -73.789389, 'y': 42.68473}, {'x': -73.790627, 'y': 42.685489}, {'x': -73.791091, 'y': 42.685759}, {'x': -73.791335, 'y': 42.685888}, {'x': -73.791584, 'y': 42.686004}, {'x': -73.791889, 'y': 42.686137}, {'x': -73.79216, 'y': 42.686236}, {'x': -73.79239, 'y': 42.686315}, {'x': -73.792808, 'y': 42.686445}, {'x': -73.793168, 'y': 42.686533}, {'x': -73.793614, 'y': 42.686623}, {'x': -73.796068, 'y': 42.687043}, {'x': -73.79679, 'y': 42.687159}, {'x': -73.797272, 'y': 42.687219}, {'x': -73.797554, 'y': 42.687246}, {'x': -73.797999, 'y': 42.687272}, {'x': -73.798501, 'y': 42.687282}, {'x': -73.798772, 'y': 42.687281}, {'x': -73.799116, 'y': 42.687264}, {'x': -73.79946, 'y': 42.687237}]",1645787360096.0,3.0,"[{}, {}, {}, {}, {}, {}, {}, {}, {}, {}, {}, {}]",15.272222222222222,54.98,I-90 W,NONE,NONE,638280720.0,2022-02-25 11:09:20,4,False,LineString,"[[-73.729206, 42.665126], [-73.730157, 42.665636], [-73.731774, 42.666577], [-73.736325, 42.669362], [-73.736519, 42.669461], [-73.736741, 42.669561], [-73.737046, 42.669695], [-73.737415, 42.669842], [-73.73778, 42.669957], [-73.738181, 42.670056], [-73.73863, 42.67014], [-73.739069, 42.670201], [-73.739336, 42.670237], [-73.739625, 42.670258], [-73.740124, 42.670272], [-73.740505, 42.670272], [-73.741121, 42.670247], [-73.742284, 42.670168], [-73.746721, 42.669856], [-73.747995, 42.669788], [-73.748476, 42.669764], [-73.748929, 42.669764], [-73.749287, 42.66977], [-73.749623, 42.669785], [-73.750076, 42.669825], [-73.75047, 42.669868], [-73.750811, 42.669913], [-73.751066, 42.669953], [-73.751366, 42.670001], [-73.751679, 42.670058], [-73.752014, 42.670132], [-73.752567, 42.670272], [-73.753194, 42.670482], [-73.75382, 42.670757], [-73.754163, 42.670944], [-73.755231, 42.671651], [-73.755873, 42.672107], [-73.757962, 42.673519], [-73.76163, 42.67597], [-73.762462, 42.676515], [-73.764431, 42.677825], [-73.764888, 42.678091], [-73.76544, 42.678402], [-73.765961, 42.678674], [-73.766435, 42.678909], [-73.767083, 42.679205], [-73.767772, 42.679497], [-73.768358, 42.679728], [-73.769039, 42.679972], [-73.769862, 42.680243], [-73.770434, 42.680413], [-73.771017, 42.680575], [-73.771581, 42.680712], [-73.772165, 42.680847], [-73.772814, 42.680977], [-73.773533, 42.681102], [-73.774336, 42.681222], [-73.775331, 42.681349], [-73.77699, 42.681551], [-73.778145, 42.681676], [-73.778959, 42.681756], [-73.779488, 42.681805], [-73.780994, 42.681942], [-73.781028, 42.681946], [-73.782201, 42.682064], [-73.782766, 42.682123], [-73.783275, 42.682188], [-73.783585, 42.682239], [-73.783975, 42.682309], [-73.784492, 42.682427], [-73.785152, 42.682607], [-73.785525, 42.682721], [-73.786188, 42.682961], [-73.786805, 42.683224], [-73.787379, 42.683512], [-73.788109, 42.683935], [-73.789389, 42.68473], [-73.790627, 42.685489], [-73.791091, 42.685759], [-73.791335, 42.685888], [-73.791584, 42.686004], [-73.791889, 42.686137], [-73.79216, 42.686236], [-73.79239, 42.686315], [-73.792808, 42.686445], [-73.793168, 42.686533], [-73.793614, 42.686623], [-73.796068, 42.687043], [-73.79679, 42.687159], [-73.797272, 42.687219], [-73.797554, 42.687246], [-73.797999, 42.687272], [-73.798501, 42.687282], [-73.798772, 42.687281], [-73.799116, 42.687264], [-73.79946, 42.687237]]",2022-02-25,-73.7241219315392,42.678347720155,18586402,39246945,,PROPERTY DAMAGE,999,2022,OTHER,2022/02/25,1900-01-01 11:07:00,COLLISION WITH SIGN POST,DAYLIGHT,STRAIGHT AND LEVEL,SNOW/ICE,NONE,NOT ENTERED,SNOW,0,1970/01/01,0,0,0,0,1,10102.0,0,NYSP LOUDONVILLE,No,604536.24372758,4725885.92917281,Not an intersection crash,Ramp,Albany,4.0,517.0,,Menands,I 787,787I11012003,88.0,T,11-Urban Principal Arterial Interstate,NYSDOT,NYSDOT,Interstate 787,55.0,"V1:(UNSAFE SPEED,NOT APPLICABLE)",2022-02-25,-73.729206,42.665126