,type,properties.blockingAlertUuid,properties.city,properties.country,properties.delay,properties.endNode,properties.id,properties.length,properties.level,properties.line,properties.pubMillis,properties.roadType,properties.segments,properties.speed,properties.speedKMH,properties.street,properties.turnType,properties.type,properties.uuid,properties.utc_timestamp,properties.day_of_week,properties.weekday_weekend,geometry.type,geometry.coordinates,key_date_jams,X,Y,OBJECTID,CaseNumber,MaxInjuryS,CrashSever,RoadwayAcc,CaseYear,CollisionT,CrashDate,CrashTimeF,CrashType,LightCondi,RoadwayCha,RoadSurfac,TrafficCon,TrafficWay,WeatherCon,Commercial,DMVInsertD,NumberOfFa,NumberOfIn,NumberOfOt,NumberOfSe,NumberOfVe,PoliceDept,NonReporta,ReportingA,NonPublicW,UTMEasting,UTMNorthin,Intersecti,ClosestCro,CountyName,DirectionF,DistanceFr,MasterInte,CityTownNa,OnStreet,ReferenceM,ACCESS_CON,DIVIDED,FUNCTIONAL,MAINT_JURI,OWNING_JUR,NAME,POSTED_SPE,ApparentFa,key_date_crashes,jams_x,jams_y
335,Feature,,"Watervliet, NY",US,62.0,I-787 S,638291514.0,3026.0,1.0,"[{'x': -73.698946, 'y': 42.735208}, {'x': -73.698687, 'y': 42.734594}, {'x': -73.698616, 'y': 42.734373}, {'x': -73.698456, 'y': 42.733829}, {'x': -73.698401, 'y': 42.733641}, {'x': -73.698345, 'y': 42.733221}, {'x': -73.698329, 'y': 42.732831}, {'x': -73.69833, 'y': 42.732813}, {'x': -73.698353, 'y': 42.732439}, {'x': -73.698394, 'y': 42.732118}, {'x': -73.698474, 'y': 42.731805}, {'x': -73.699211, 'y': 42.729918}, {'x': -73.699389, 'y': 42.729462}, {'x': -73.699496, 'y': 42.729171}, {'x': -73.699563, 'y': 42.728948}, {'x': -73.699629, 'y': 42.728674}, {'x': -73.699679, 'y': 42.728347}, {'x': -73.699727, 'y': 42.728046}, {'x': -73.699719, 'y': 42.727822}, {'x': -73.699664, 'y': 42.7266}, {'x': -73.699658, 'y': 42.726016}, {'x': -73.699688, 'y': 42.725643}, {'x': -73.699776, 'y': 42.725216}, {'x': -73.699868, 'y': 42.724937}, {'x': -73.701046, 'y': 42.721788}, {'x': -73.702816, 'y': 42.717171}, {'x': -73.703434, 'y': 42.7158}, {'x': -73.704053, 'y': 42.714374}, {'x': -73.704352, 'y': 42.713496}, {'x': -73.704663, 'y': 42.712413}, {'x': -73.705498, 'y': 42.709528}, {'x': -73.705536, 'y': 42.709395}, {'x': -73.705631, 'y': 42.709068}, {'x': -73.705723, 'y': 42.708745}]",1645787561018.0,3.0,"[{}, {}, {}, {}]",17.644444444444446,63.52,I-787 S,NONE,NONE,638291514.0,2022-02-25 11:12:41,4,False,LineString,"[[-73.698946, 42.735208], [-73.698687, 42.734594], [-73.698616, 42.734373], [-73.698456, 42.733829], [-73.698401, 42.733641], [-73.698345, 42.733221], [-73.698329, 42.732831], [-73.69833, 42.732813], [-73.698353, 42.732439], [-73.698394, 42.732118], [-73.698474, 42.731805], [-73.699211, 42.729918], [-73.699389, 42.729462], [-73.699496, 42.729171], [-73.699563, 42.728948], [-73.699629, 42.728674], [-73.699679, 42.728347], [-73.699727, 42.728046], [-73.699719, 42.727822], [-73.699664, 42.7266], [-73.699658, 42.726016], [-73.699688, 42.725643], [-73.699776, 42.725216], [-73.699868, 42.724937], [-73.701046, 42.721788], [-73.702816, 42.717171], [-73.703434, 42.7158], [-73.704053, 42.714374], [-73.704352, 42.713496], [-73.704663, 42.712413], [-73.705498, 42.709528], [-73.705536, 42.709395], [-73.705631, 42.709068], [-73.705723, 42.708745]]",2022-02-25,-73.6967268781482,42.7440377887774,18591236,39252255,,PROPERTY DAMAGE,999,2022,OTHER,2022/02/25,1900-01-01 11:00:00,COLLISION WITH GUIDE RAIL,DAYLIGHT,CURVE AND LEVEL,SNOW/ICE,NONE,NOT ENTERED,SNOW,0,1970/01/01,0,0,0,0,1,10102.0,0,NYSP LOUDONVILLE,No,606668.26148325,4733214.736505,Not an intersection crash,,Albany,,0.0,,Colonie,RAMP,787I11014007,88.0,T,11-Urban Principal Arterial Interstate,NYSDOT,NYSDOT,,55.0,"V1:(UNSAFE SPEED,PAVEMENT SLIPPERY)",2022-02-25,-73.698946,42.735208
336,Feature,,"Menands, NY",US,135.0,I-787 S,638313614.0,3519.0,2.0,"[{'x': -73.707629, 'y': 42.702145}, {'x': -73.707634, 'y': 42.702125}, {'x': -73.708133, 'y': 42.700388}, {'x': -73.708331, 'y': 42.699658}, {'x': -73.708519, 'y': 42.699029}, {'x': -73.709366, 'y': 42.696089}, {'x': -73.709583, 'y': 42.695442}, {'x': -73.70999, 'y': 42.694611}, {'x': -73.710163, 'y': 42.694309}, {'x': -73.710402, 'y': 42.69392}, {'x': -73.710625, 'y': 42.693599}, {'x': -73.710888, 'y': 42.693242}, {'x': -73.711062, 'y': 42.693026}, {'x': -73.711354, 'y': 42.692691}, {'x': -73.711734, 'y': 42.69229}, {'x': -73.712152, 'y': 42.69192}, {'x': -73.717078, 'y': 42.687706}, {'x': -73.71772, 'y': 42.687147}, {'x': -73.719002, 'y': 42.686028}, {'x': -73.719533, 'y': 42.685596}, {'x': -73.720172, 'y': 42.684994}, {'x': -73.720715, 'y': 42.684448}, {'x': -73.721626, 'y': 42.683416}, {'x': -73.722025, 'y': 42.682891}, {'x': -73.722694, 'y': 42.681898}, {'x': -73.723318, 'y': 42.680802}, {'x': -73.723691, 'y': 42.679977}, {'x': -73.72422, 'y': 42.678698}, {'x': -73.725466, 'y': 42.675629}, {'x': -73.725753, 'y': 42.67502}, {'x': -73.725883, 'y': 42.674795}, {'x': -73.726223, 'y': 42.674279}]",1645787966992.0,3.0,"[{}, {}, {}, {}, {}]",13.51388888888889,48.65,I-787 S,NONE,NONE,638313614.0,2022-02-25 11:19:26,4,False,LineString,"[[-73.707629, 42.702145], [-73.707634, 42.702125], [-73.708133, 42.700388], [-73.708331, 42.699658], [-73.708519, 42.699029], [-73.709366, 42.696089], [-73.709583, 42.695442], [-73.70999, 42.694611], [-73.710163, 42.694309], [-73.710402, 42.69392], [-73.710625, 42.693599], [-73.710888, 42.693242], [-73.711062, 42.693026], [-73.711354, 42.692691], [-73.711734, 42.69229], [-73.712152, 42.69192], [-73.717078, 42.687706], [-73.71772, 42.687147], [-73.719002, 42.686028], [-73.719533, 42.685596], [-73.720172, 42.684994], [-73.720715, 42.684448], [-73.721626, 42.683416], [-73.722025, 42.682891], [-73.722694, 42.681898], [-73.723318, 42.680802], [-73.723691, 42.679977], [-73.72422, 42.678698], [-73.725466, 42.675629], [-73.725753, 42.67502], [-73.725883, 42.674795], [-73.726223, 42.674279]]",2022-02-25,-73.7241219315392,42.678347720155,18586402,39246945,,PROPERTY DAMAGE,999,2022,OTHER,2022/02/25,1900-01-01 11:07:00,COLLISION WITH SIGN POST,DAYLIGHT,STRAIGHT AND LEVEL,SNOW/ICE,NONE,NOT ENTERED,SNOW,0,1970/01/01,0,0,0,0,1,10102.0,0,NYSP LOUDONVILLE,No,604536.24372758,4725885.92917281,Not an intersection crash,Ramp,Albany,4.0,517.0,,Menands,I 787,787I11012003,88.0,T,11-Urban Principal Arterial Interstate,NYSDOT,NYSDOT,Interstate 787,55.0,"V1:(UNSAFE SPEED,NOT APPLICABLE)",2022-02-25,-73.707629,42.702145
337,Feature,,"Menands, NY",US,114.0,I-787 S,638313614.0,3519.0,2.0,"[{'x': -73.707629, 'y': 42.702145}, {'x': -73.707634, 'y': 42.702125}, {'x': -73.708133, 'y': 42.700388}, {'x': -73.708331, 'y': 42.699658}, {'x': -73.708519, 'y': 42.699029}, {'x': -73.709366, 'y': 42.696089}, {'x': -73.709583, 'y': 42.695442}, {'x': -73.70999, 'y': 42.694611}, {'x': -73.710163, 'y': 42.694309}, {'x': -73.710402, 'y': 42.69392}, {'x': -73.710625, 'y': 42.693599}, {'x': -73.710888, 'y': 42.693242}, {'x': -73.711062, 'y': 42.693026}, {'x': -73.711354, 'y': 42.692691}, {'x': -73.711734, 'y': 42.69229}, {'x': -73.712152, 'y': 42.69192}, {'x': -73.717078, 'y': 42.687706}, {'x': -73.71772, 'y': 42.687147}, {'x': -73.719002, 'y': 42.686028}, {'x': -73.719533, 'y': 42.685596}, {'x': -73.720172, 'y': 42.684994}, {'x': -73.720715, 'y': 42.684448}, {'x': -73.721626, 'y': 42.683416}, {'x': -73.722025, 'y': 42.682891}, {'x': -73.722694, 'y': 42.681898}, {'x': -73.723318, 'y': 42.680802}, {'x': -73.723691, 'y': 42.679977}, {'x': -73.72422, 'y': 42.678698}, {'x': -73.725466, 'y': 42.675629}, {'x': -73.725753, 'y': 42.67502}, {'x': -73.725883, 'y': 42.674795}, {'x': -73.726223, 'y': 42.674279}]",1645787966992.0,3.0,"[{}, {}, {}, {}, {}]",14.713888888888889,52.97,I-787 S,NONE,NONE,638313614.0,2022-02-25 11:19:26,4,False,LineString,"[[-73.707629, 42.702145], [-73.707634, 42.702125], [-73.708133, 42.700388], [-73.708331, 42.699658], [-73.708519, 42.699029], [-73.709366, 42.696089], [-73.709583, 42.695442], [-73.70999, 42.694611], [-73.710163, 42.694309], [-73.710402, 42.69392], [-73.710625, 42.693599], [-73.710888, 42.693242], [-73.711062, 42.693026], [-73.711354, 42.692691], [-73.711734, 42.69229], [-73.712152, 42.69192], [-73.717078, 42.687706], [-73.71772, 42.687147], [-73.719002, 42.686028], [-73.719533, 42.685596], [-73.720172, 42.684994], [-73.720715, 42.684448], [-73.721626, 42.683416], [-73.722025, 42.682891], [-73.722694, 42.681898], [-73.723318, 42.680802], [-73.723691, 42.679977], [-73.72422, 42.678698], [-73.725466, 42.675629], [-73.725753, 42.67502], [-73.725883, 42.674795], [-73.726223, 42.674279]]",2022-02-25,-73.7241219315392,42.678347720155,18586402,39246945,,PROPERTY DAMAGE,999,2022,OTHER,2022/02/25,1900-01-01 11:07:00,COLLISION WITH SIGN POST,DAYLIGHT,STRAIGHT AND LEVEL,SNOW/ICE,NONE,NOT ENTERED,SNOW,0,1970/01/01,0,0,0,0,1,10102.0,0,NYSP LOUDONVILLE,No,604536.24372758,4725885.92917281,Not an intersection crash,Ramp,Albany,4.0,517.0,,Menands,I 787,787I11012003,88.0,T,11-Urban Principal Arterial Interstate,NYSDOT,NYSDOT,Interstate 787,55.0,"V1:(UNSAFE SPEED,NOT APPLICABLE)",2022-02-25,-73.707629,42.702145
338,Feature,,"Menands, NY",US,92.0,I-787 S,638313614.0,3519.0,1.0,"[{'x': -73.707629, 'y': 42.702145}, {'x': -73.707634, 'y': 42.702125}, {'x': -73.708133, 'y': 42.700388}, {'x': -73.708331, 'y': 42.699658}, {'x': -73.708519, 'y': 42.699029}, {'x': -73.709366, 'y': 42.696089}, {'x': -73.709583, 'y': 42.695442}, {'x': -73.70999, 'y': 42.694611}, {'x': -73.710163, 'y': 42.694309}, {'x': -73.710402, 'y': 42.69392}, {'x': -73.710625, 'y': 42.693599}, {'x': -73.710888, 'y': 42.693242}, {'x': -73.711062, 'y': 42.693026}, {'x': -73.711354, 'y': 42.692691}, {'x': -73.711734, 'y': 42.69229}, {'x': -73.712152, 'y': 42.69192}, {'x': -73.717078, 'y': 42.687706}, {'x': -73.71772, 'y': 42.687147}, {'x': -73.719002, 'y': 42.686028}, {'x': -73.719533, 'y': 42.685596}, {'x': -73.720172, 'y': 42.684994}, {'x': -73.720715, 'y': 42.684448}, {'x': -73.721626, 'y': 42.683416}, {'x': -73.722025, 'y': 42.682891}, {'x': -73.722694, 'y': 42.681898}, {'x': -73.723318, 'y': 42.680802}, {'x': -73.723691, 'y': 42.679977}, {'x': -73.72422, 'y': 42.678698}, {'x': -73.725466, 'y': 42.675629}, {'x': -73.725753, 'y': 42.67502}, {'x': -73.725883, 'y': 42.674795}, {'x': -73.726223, 'y': 42.674279}]",1645787966992.0,3.0,"[{}, {}, {}, {}, {}]",16.18888888888889,58.28,I-787 S,NONE,NONE,638313614.0,2022-02-25 11:19:26,4,False,LineString,"[[-73.707629, 42.702145], [-73.707634, 42.702125], [-73.708133, 42.700388], [-73.708331, 42.699658], [-73.708519, 42.699029], [-73.709366, 42.696089], [-73.709583, 42.695442], [-73.70999, 42.694611], [-73.710163, 42.694309], [-73.710402, 42.69392], [-73.710625, 42.693599], [-73.710888, 42.693242], [-73.711062, 42.693026], [-73.711354, 42.692691], [-73.711734, 42.69229], [-73.712152, 42.69192], [-73.717078, 42.687706], [-73.71772, 42.687147], [-73.719002, 42.686028], [-73.719533, 42.685596], [-73.720172, 42.684994], [-73.720715, 42.684448], [-73.721626, 42.683416], [-73.722025, 42.682891], [-73.722694, 42.681898], [-73.723318, 42.680802], [-73.723691, 42.679977], [-73.72422, 42.678698], [-73.725466, 42.675629], [-73.725753, 42.67502], [-73.725883, 42.674795], [-73.726223, 42.674279]]",2022-02-25,-73.7241219315392,42.678347720155,18586402,39246945,,PROPERTY DAMAGE,999,2022,OTHER,2022/02/25,1900-01-01 11:07:00,COLLISION WITH SIGN POST,DAYLIGHT,STRAIGHT AND LEVEL,SNOW/ICE,NONE,NOT ENTERED,SNOW,0,1970/01/01,0,0,0,0,1,10102.0,0,NYSP LOUDONVILLE,No,604536.24372758,4725885.92917281,Not an intersection crash,Ramp,Albany,4.0,517.0,,Menands,I 787,787I11012003,88.0,T,11-Urban Principal Arterial Interstate,NYSDOT,NYSDOT,Interstate 787,55.0,"V1:(UNSAFE SPEED,NOT APPLICABLE)",2022-02-25,-73.707629,42.702145
339,Feature,,"Watervliet, NY",US,62.0,I-787 S,638314216.0,3026.0,1.0,"[{'x': -73.698946, 'y': 42.735208}, {'x': -73.698687, 'y': 42.734594}, {'x': -73.698616, 'y': 42.734373}, {'x': -73.698456, 'y': 42.733829}, {'x': -73.698401, 'y': 42.733641}, {'x': -73.698345, 'y': 42.733221}, {'x': -73.698329, 'y': 42.732831}, {'x': -73.69833, 'y': 42.732813}, {'x': -73.698353, 'y': 42.732439}, {'x': -73.698394, 'y': 42.732118}, {'x': -73.698474, 'y': 42.731805}, {'x': -73.699211, 'y': 42.729918}, {'x': -73.699389, 'y': 42.729462}, {'x': -73.699496, 'y': 42.729171}, {'x': -73.699563, 'y': 42.728948}, {'x': -73.699629, 'y': 42.728674}, {'x': -73.699679, 'y': 42.728347}, {'x': -73.699727, 'y': 42.728046}, {'x': -73.699719, 'y': 42.727822}, {'x': -73.699664, 'y': 42.7266}, {'x': -73.699658, 'y': 42.726016}, {'x': -73.699688, 'y': 42.725643}, {'x': -73.699776, 'y': 42.725216}, {'x': -73.699868, 'y': 42.724937}, {'x': -73.701046, 'y': 42.721788}, {'x': -73.702816, 'y': 42.717171}, {'x': -73.703434, 'y': 42.7158}, {'x': -73.704053, 'y': 42.714374}, {'x': -73.704352, 'y': 42.713496}, {'x': -73.704663, 'y': 42.712413}, {'x': -73.705498, 'y': 42.709528}, {'x': -73.705536, 'y': 42.709395}, {'x': -73.705631, 'y': 42.709068}, {'x': -73.705723, 'y': 42.708745}]",1645787967092.0,3.0,"[{}, {}, {}, {}]",17.683333333333334,63.66,I-787 S,NONE,NONE,638314216.0,2022-02-25 11:19:27,4,False,LineString,"[[-73.698946, 42.735208], [-73.698687, 42.734594], [-73.698616, 42.734373], [-73.698456, 42.733829], [-73.698401, 42.733641], [-73.698345, 42.733221], [-73.698329, 42.732831], [-73.69833, 42.732813], [-73.698353, 42.732439], [-73.698394, 42.732118], [-73.698474, 42.731805], [-73.699211, 42.729918], [-73.699389, 42.729462], [-73.699496, 42.729171], [-73.699563, 42.728948], [-73.699629, 42.728674], [-73.699679, 42.728347], [-73.699727, 42.728046], [-73.699719, 42.727822], [-73.699664, 42.7266], [-73.699658, 42.726016], [-73.699688, 42.725643], [-73.699776, 42.725216], [-73.699868, 42.724937], [-73.701046, 42.721788], [-73.702816, 42.717171], [-73.703434, 42.7158], [-73.704053, 42.714374], [-73.704352, 42.713496], [-73.704663, 42.712413], [-73.705498, 42.709528], [-73.705536, 42.709395], [-73.705631, 42.709068], [-73.705723, 42.708745]]",2022-02-25,-73.6967268781482,42.7440377887774,18591236,39252255,,PROPERTY DAMAGE,999,2022,OTHER,2022/02/25,1900-01-01 11:00:00,COLLISION WITH GUIDE RAIL,DAYLIGHT,CURVE AND LEVEL,SNOW/ICE,NONE,NOT ENTERED,SNOW,0,1970/01/01,0,0,0,0,1,10102.0,0,NYSP LOUDONVILLE,No,606668.26148325,4733214.736505,Not an intersection crash,,Albany,,0.0,,Colonie,RAMP,787I11014007,88.0,T,11-Urban Principal Arterial Interstate,NYSDOT,NYSDOT,,55.0,"V1:(UNSAFE SPEED,PAVEMENT SLIPPERY)",2022-02-25,-73.698946,42.735208
340,Feature,,"Watervliet, NY",US,66.0,I-787 S,638322808.0,3026.0,1.0,"[{'x': -73.698946, 'y': 42.735208}, {'x': -73.698687, 'y': 42.734594}, {'x': -73.698616, 'y': 42.734373}, {'x': -73.698456, 'y': 42.733829}, {'x': -73.698401, 'y': 42.733641}, {'x': -73.698345, 'y': 42.733221}, {'x': -73.698329, 'y': 42.732831}, {'x': -73.69833, 'y': 42.732813}, {'x': -73.698353, 'y': 42.732439}, {'x': -73.698394, 'y': 42.732118}, {'x': -73.698474, 'y': 42.731805}, {'x': -73.699211, 'y': 42.729918}, {'x': -73.699389, 'y': 42.729462}, {'x': -73.699496, 'y': 42.729171}, {'x': -73.699563, 'y': 42.728948}, {'x': -73.699629, 'y': 42.728674}, {'x': -73.699679, 'y': 42.728347}, {'x': -73.699727, 'y': 42.728046}, {'x': -73.699719, 'y': 42.727822}, {'x': -73.699664, 'y': 42.7266}, {'x': -73.699658, 'y': 42.726016}, {'x': -73.699688, 'y': 42.725643}, {'x': -73.699776, 'y': 42.725216}, {'x': -73.699868, 'y': 42.724937}, {'x': -73.701046, 'y': 42.721788}, {'x': -73.702816, 'y': 42.717171}, {'x': -73.703434, 'y': 42.7158}, {'x': -73.704053, 'y': 42.714374}, {'x': -73.704352, 'y': 42.713496}, {'x': -73.704663, 'y': 42.712413}, {'x': -73.705498, 'y': 42.709528}, {'x': -73.705536, 'y': 42.709395}, {'x': -73.705631, 'y': 42.709068}, {'x': -73.705723, 'y': 42.708745}]",1645788103904.0,3.0,"[{}, {}, {}, {}]",17.227777777777778,62.02,I-787 S,NONE,NONE,638322808.0,2022-02-25 11:21:43,4,False,LineString,"[[-73.698946, 42.735208], [-73.698687, 42.734594], [-73.698616, 42.734373], [-73.698456, 42.733829], [-73.698401, 42.733641], [-73.698345, 42.733221], [-73.698329, 42.732831], [-73.69833, 42.732813], [-73.698353, 42.732439], [-73.698394, 42.732118], [-73.698474, 42.731805], [-73.699211, 42.729918], [-73.699389, 42.729462], [-73.699496, 42.729171], [-73.699563, 42.728948], [-73.699629, 42.728674], [-73.699679, 42.728347], [-73.699727, 42.728046], [-73.699719, 42.727822], [-73.699664, 42.7266], [-73.699658, 42.726016], [-73.699688, 42.725643], [-73.699776, 42.725216], [-73.699868, 42.724937], [-73.701046, 42.721788], [-73.702816, 42.717171], [-73.703434, 42.7158], [-73.704053, 42.714374], [-73.704352, 42.713496], [-73.704663, 42.712413], [-73.705498, 42.709528], [-73.705536, 42.709395], [-73.705631, 42.709068], [-73.705723, 42.708745]]",2022-02-25,-73.6967268781482,42.7440377887774,18591236,39252255,,PROPERTY DAMAGE,999,2022,OTHER,2022/02/25,1900-01-01 11:00:00,COLLISION WITH GUIDE RAIL,DAYLIGHT,CURVE AND LEVEL,SNOW/ICE,NONE,NOT ENTERED,SNOW,0,1970/01/01,0,0,0,0,1,10102.0,0,NYSP LOUDONVILLE,No,606668.26148325,4733214.736505,Not an intersection crash,,Albany,,0.0,,Colonie,RAMP,787I11014007,88.0,T,11-Urban Principal Arterial Interstate,NYSDOT,NYSDOT,,55.0,"V1:(UNSAFE SPEED,PAVEMENT SLIPPERY)",2022-02-25,-73.698946,42.735208
341,Feature,,"Rensselaer, NY",US,96.0,I-90 E,638327728.0,5039.0,1.0,"[{'x': -73.729773, 'y': 42.665323}, {'x': -73.725826, 'y': 42.663162}, {'x': -73.724645, 'y': 42.66251}, {'x': -73.724449, 'y': 42.662388}, {'x': -73.724238, 'y': 42.662253}, {'x': -73.723886, 'y': 42.661998}, {'x': -73.723315, 'y': 42.661485}, {'x': -73.72317, 'y': 42.661337}, {'x': -73.722863, 'y': 42.660969}, {'x': -73.71946, 'y': 42.656288}, {'x': -73.719054, 'y': 42.655825}, {'x': -73.71801, 'y': 42.654563}, {'x': -73.716736, 'y': 42.653148}, {'x': -73.715578, 'y': 42.651911}, {'x': -73.714861, 'y': 42.651193}, {'x': -73.71398, 'y': 42.650225}, {'x': -73.713615, 'y': 42.649833}, {'x': -73.712841, 'y': 42.649002}, {'x': -73.712602, 'y': 42.648731}, {'x': -73.712345, 'y': 42.648441}, {'x': -73.712083, 'y': 42.648049}, {'x': -73.711666, 'y': 42.647208}, {'x': -73.711522, 'y': 42.646786}, {'x': -73.710793, 'y': 42.64428}, {'x': -73.710723, 'y': 42.644041}, {'x': -73.709426, 'y': 42.63959}, {'x': -73.709086, 'y': 42.63863}, {'x': -73.708715, 'y': 42.637692}, {'x': -73.708344, 'y': 42.636809}, {'x': -73.707852, 'y': 42.6358}, {'x': -73.707364, 'y': 42.634892}, {'x': -73.706808, 'y': 42.633965}, {'x': -73.70499, 'y': 42.631144}, {'x': -73.704026, 'y': 42.629784}, {'x': -73.703787, 'y': 42.629512}, {'x': -73.703497, 'y': 42.629223}, {'x': -73.703253, 'y': 42.629011}, {'x': -73.703045, 'y': 42.628841}, {'x': -73.70225, 'y': 42.628316}, {'x': -73.700997, 'y': 42.627663}, {'x': -73.69989, 'y': 42.627123}]",1645788172994.0,3.0,"[{}, {}, {}, {}, {}, {}, {}, {}, {}, {}, {}]",18.091666666666665,65.13,I-90 E,NONE,NONE,638327728.0,2022-02-25 11:22:52,4,False,LineString,"[[-73.729773, 42.665323], [-73.725826, 42.663162], [-73.724645, 42.66251], [-73.724449, 42.662388], [-73.724238, 42.662253], [-73.723886, 42.661998], [-73.723315, 42.661485], [-73.72317, 42.661337], [-73.722863, 42.660969], [-73.71946, 42.656288], [-73.719054, 42.655825], [-73.71801, 42.654563], [-73.716736, 42.653148], [-73.715578, 42.651911], [-73.714861, 42.651193], [-73.71398, 42.650225], [-73.713615, 42.649833], [-73.712841, 42.649002], [-73.712602, 42.648731], [-73.712345, 42.648441], [-73.712083, 42.648049], [-73.711666, 42.647208], [-73.711522, 42.646786], [-73.710793, 42.64428], [-73.710723, 42.644041], [-73.709426, 42.63959], [-73.709086, 42.63863], [-73.708715, 42.637692], [-73.708344, 42.636809], [-73.707852, 42.6358], [-73.707364, 42.634892], [-73.706808, 42.633965], [-73.70499, 42.631144], [-73.704026, 42.629784], [-73.703787, 42.629512], [-73.703497, 42.629223], [-73.703253, 42.629011], [-73.703045, 42.628841], [-73.70225, 42.628316], [-73.700997, 42.627663], [-73.69989, 42.627123]]",2022-02-25,-73.7241219315392,42.678347720155,18586402,39246945,,PROPERTY DAMAGE,999,2022,OTHER,2022/02/25,1900-01-01 11:07:00,COLLISION WITH SIGN POST,DAYLIGHT,STRAIGHT AND LEVEL,SNOW/ICE,NONE,NOT ENTERED,SNOW,0,1970/01/01,0,0,0,0,1,10102.0,0,NYSP LOUDONVILLE,No,604536.24372758,4725885.92917281,Not an intersection crash,Ramp,Albany,4.0,517.0,,Menands,I 787,787I11012003,88.0,T,11-Urban Principal Arterial Interstate,NYSDOT,NYSDOT,Interstate 787,55.0,"V1:(UNSAFE SPEED,NOT APPLICABLE)",2022-02-25,-73.729773,42.665323
342,Feature,,"Albany, NY",US,63.0,Exit 4B: US-9 N â€¢ Clinton Ave,638336400.0,2365.0,1.0,"[{'x': -73.726223, 'y': 42.674279}, {'x': -73.726336, 'y': 42.674117}, {'x': -73.726666, 'y': 42.67369}, {'x': -73.726991, 'y': 42.673322}, {'x': -73.727251, 'y': 42.673049}, {'x': -73.728189, 'y': 42.672155}, {'x': -73.729728, 'y': 42.670703}, {'x': -73.731395, 'y': 42.669123}, {'x': -73.732659, 'y': 42.667963}, {'x': -73.733538, 'y': 42.667083}, {'x': -73.73439, 'y': 42.665998}, {'x': -73.734724, 'y': 42.665529}, {'x': -73.735699, 'y': 42.663979}, {'x': -73.736029, 'y': 42.663516}, {'x': -73.736952, 'y': 42.662086}, {'x': -73.737429, 'y': 42.661457}, {'x': -73.738051, 'y': 42.660731}, {'x': -73.738306, 'y': 42.660445}, {'x': -73.738839, 'y': 42.659886}, {'x': -73.739307, 'y': 42.659429}, {'x': -73.73994, 'y': 42.658866}, {'x': -73.740485, 'y': 42.658427}, {'x': -73.741235, 'y': 42.657864}, {'x': -73.742529, 'y': 42.656848}]",1645788310997.0,3.0,"[{}, {}, {}]",15.941666666666666,57.39,I-787 S,NONE,NONE,638336400.0,2022-02-25 11:25:10,4,False,LineString,"[[-73.726223, 42.674279], [-73.726336, 42.674117], [-73.726666, 42.67369], [-73.726991, 42.673322], [-73.727251, 42.673049], [-73.728189, 42.672155], [-73.729728, 42.670703], [-73.731395, 42.669123], [-73.732659, 42.667963], [-73.733538, 42.667083], [-73.73439, 42.665998], [-73.734724, 42.665529], [-73.735699, 42.663979], [-73.736029, 42.663516], [-73.736952, 42.662086], [-73.737429, 42.661457], [-73.738051, 42.660731], [-73.738306, 42.660445], [-73.738839, 42.659886], [-73.739307, 42.659429], [-73.73994, 42.658866], [-73.740485, 42.658427], [-73.741235, 42.657864], [-73.742529, 42.656848]]",2022-02-25,-73.7241219315392,42.678347720155,18586402,39246945,,PROPERTY DAMAGE,999,2022,OTHER,2022/02/25,1900-01-01 11:07:00,COLLISION WITH SIGN POST,DAYLIGHT,STRAIGHT AND LEVEL,SNOW/ICE,NONE,NOT ENTERED,SNOW,0,1970/01/01,0,0,0,0,1,10102.0,0,NYSP LOUDONVILLE,No,604536.24372758,4725885.92917281,Not an intersection crash,Ramp,Albany,4.0,517.0,,Menands,I 787,787I11012003,88.0,T,11-Urban Principal Arterial Interstate,NYSDOT,NYSDOT,Interstate 787,55.0,"V1:(UNSAFE SPEED,NOT APPLICABLE)",2022-02-25,-73.726223,42.674279
343,Feature,,"Albany, NY",US,66.0,Exit 3A: US-9 S / US-20 E Â» Rensselaer / Empire Plaza,638352768.0,3276.0,1.0,"[{'x': -73.726223, 'y': 42.674279}, {'x': -73.726336, 'y': 42.674117}, {'x': -73.726666, 'y': 42.67369}, {'x': -73.726991, 'y': 42.673322}, {'x': -73.727251, 'y': 42.673049}, {'x': -73.728189, 'y': 42.672155}, {'x': -73.729728, 'y': 42.670703}, {'x': -73.731395, 'y': 42.669123}, {'x': -73.732659, 'y': 42.667963}, {'x': -73.733538, 'y': 42.667083}, {'x': -73.73439, 'y': 42.665998}, {'x': -73.734724, 'y': 42.665529}, {'x': -73.735699, 'y': 42.663979}, {'x': -73.736029, 'y': 42.663516}, {'x': -73.736952, 'y': 42.662086}, {'x': -73.737429, 'y': 42.661457}, {'x': -73.738051, 'y': 42.660731}, {'x': -73.738306, 'y': 42.660445}, {'x': -73.738839, 'y': 42.659886}, {'x': -73.739307, 'y': 42.659429}, {'x': -73.73994, 'y': 42.658866}, {'x': -73.740485, 'y': 42.658427}, {'x': -73.741235, 'y': 42.657864}, {'x': -73.742529, 'y': 42.656848}, {'x': -73.744061, 'y': 42.655612}, {'x': -73.744468, 'y': 42.655312}, {'x': -73.745016, 'y': 42.654908}, {'x': -73.74549, 'y': 42.654529}, {'x': -73.745705, 'y': 42.654345}, {'x': -73.74605, 'y': 42.654006}, {'x': -73.746279, 'y': 42.653726}, {'x': -73.746657, 'y': 42.653286}, {'x': -73.746974, 'y': 42.652798}, {'x': -73.747168, 'y': 42.652478}, {'x': -73.747456, 'y': 42.651998}, {'x': -73.747637, 'y': 42.65165}, {'x': -73.747821, 'y': 42.65128}, {'x': -73.748007, 'y': 42.650876}, {'x': -73.748122, 'y': 42.650615}, {'x': -73.748227, 'y': 42.650344}, {'x': -73.748347, 'y': 42.650021}]",1645788519913.0,3.0,"[{}, {}, {}, {}]",17.663888888888888,63.59,I-787 S,NONE,NONE,638352768.0,2022-02-25 11:28:39,4,False,LineString,"[[-73.726223, 42.674279], [-73.726336, 42.674117], [-73.726666, 42.67369], [-73.726991, 42.673322], [-73.727251, 42.673049], [-73.728189, 42.672155], [-73.729728, 42.670703], [-73.731395, 42.669123], [-73.732659, 42.667963], [-73.733538, 42.667083], [-73.73439, 42.665998], [-73.734724, 42.665529], [-73.735699, 42.663979], [-73.736029, 42.663516], [-73.736952, 42.662086], [-73.737429, 42.661457], [-73.738051, 42.660731], [-73.738306, 42.660445], [-73.738839, 42.659886], [-73.739307, 42.659429], [-73.73994, 42.658866], [-73.740485, 42.658427], [-73.741235, 42.657864], [-73.742529, 42.656848], [-73.744061, 42.655612], [-73.744468, 42.655312], [-73.745016, 42.654908], [-73.74549, 42.654529], [-73.745705, 42.654345], [-73.74605, 42.654006], [-73.746279, 42.653726], [-73.746657, 42.653286], [-73.746974, 42.652798], [-73.747168, 42.652478], [-73.747456, 42.651998], [-73.747637, 42.65165], [-73.747821, 42.65128], [-73.748007, 42.650876], [-73.748122, 42.650615], [-73.748227, 42.650344], [-73.748347, 42.650021]]",2022-02-25,-73.7241219315392,42.678347720155,18586402,39246945,,PROPERTY DAMAGE,999,2022,OTHER,2022/02/25,1900-01-01 11:07:00,COLLISION WITH SIGN POST,DAYLIGHT,STRAIGHT AND LEVEL,SNOW/ICE,NONE,NOT ENTERED,SNOW,0,1970/01/01,0,0,0,0,1,10102.0,0,NYSP LOUDONVILLE,No,604536.24372758,4725885.92917281,Not an intersection crash,Ramp,Albany,4.0,517.0,,Menands,I 787,787I11012003,88.0,T,11-Urban Principal Arterial Interstate,NYSDOT,NYSDOT,Interstate 787,55.0,"V1:(UNSAFE SPEED,NOT APPLICABLE)",2022-02-25,-73.726223,42.674279