,type,properties.blockingAlertUuid,properties.city,properties.country,properties.delay,properties.endNode,properties.id,properties.length,properties.level,properties.line,properties.pubMillis,properties.roadType,properties.segments,properties.speed,properties.speedKMH,properties.street,properties.turnType,properties.type,properties.uuid,properties.utc_timestamp,properties.day_of_week,properties.weekday_weekend,geometry.type,geometry.coordinates,key_date_jams,X,Y,OBJECTID,CaseNumber,MaxInjuryS,CrashSever,RoadwayAcc,CaseYear,CollisionT,CrashDate,CrashTimeF,CrashType,LightCondi,RoadwayCha,RoadSurfac,TrafficCon,TrafficWay,WeatherCon,Commercial,DMVInsertD,NumberOfFa,NumberOfIn,NumberOfOt,NumberOfSe,NumberOfVe,PoliceDept,NonReporta,ReportingA,NonPublicW,UTMEasting,UTMNorthin,Intersecti,ClosestCro,CountyName,DirectionF,DistanceFr,MasterInte,CityTownNa,OnStreet,ReferenceM,ACCESS_CON,DIVIDED,FUNCTIONAL,MAINT_JURI,OWNING_JUR,NAME,POSTED_SPE,ApparentFa,key_date_crashes,jams_x,jams_y
344,Feature,,"Menands, NY",US,60.0,I-787 N,638375234.0,3864.0,1.0,"[{'x': -73.72619, 'y': 42.673994}, {'x': -73.725897, 'y': 42.674397}, {'x': -73.725723, 'y': 42.674678}, {'x': -73.725276, 'y': 42.675557}, {'x': -73.725096, 'y': 42.67596}, {'x': -73.724952, 'y': 42.676314}, {'x': -73.723297, 'y': 42.680281}, {'x': -73.72293, 'y': 42.681062}, {'x': -73.722649, 'y': 42.681583}, {'x': -73.72225, 'y': 42.682239}, {'x': -73.721822, 'y': 42.682855}, {'x': -73.721716, 'y': 42.682998}, {'x': -73.721396, 'y': 42.683404}, {'x': -73.721079, 'y': 42.683777}, {'x': -73.720758, 'y': 42.684141}, {'x': -73.720515, 'y': 42.684405}, {'x': -73.720317, 'y': 42.68461}, {'x': -73.720079, 'y': 42.684846}, {'x': -73.719823, 'y': 42.685087}, {'x': -73.719265, 'y': 42.685591}, {'x': -73.718481, 'y': 42.686253}, {'x': -73.71787, 'y': 42.686769}, {'x': -73.716356, 'y': 42.688059}, {'x': -73.713362, 'y': 42.690563}, {'x': -73.711826, 'y': 42.691932}, {'x': -73.711417, 'y': 42.692319}, {'x': -73.710662, 'y': 42.693245}, {'x': -73.7104, 'y': 42.693562}, {'x': -73.710031, 'y': 42.694185}, {'x': -73.709893, 'y': 42.694427}, {'x': -73.709681, 'y': 42.694841}, {'x': -73.70941, 'y': 42.695466}, {'x': -73.709143, 'y': 42.696162}, {'x': -73.708143, 'y': 42.699686}, {'x': -73.707919, 'y': 42.70041}, {'x': -73.707692, 'y': 42.701219}, {'x': -73.707468, 'y': 42.702045}, {'x': -73.706646, 'y': 42.704881}]",1645788801483.0,3.0,"[{}, {}, {}, {}, {}, {}]",20.05555555555556,72.2,I-787 N,NONE,NONE,638375234.0,2022-02-25 11:33:21,4,False,LineString,"[[-73.72619, 42.673994], [-73.725897, 42.674397], [-73.725723, 42.674678], [-73.725276, 42.675557], [-73.725096, 42.67596], [-73.724952, 42.676314], [-73.723297, 42.680281], [-73.72293, 42.681062], [-73.722649, 42.681583], [-73.72225, 42.682239], [-73.721822, 42.682855], [-73.721716, 42.682998], [-73.721396, 42.683404], [-73.721079, 42.683777], [-73.720758, 42.684141], [-73.720515, 42.684405], [-73.720317, 42.68461], [-73.720079, 42.684846], [-73.719823, 42.685087], [-73.719265, 42.685591], [-73.718481, 42.686253], [-73.71787, 42.686769], [-73.716356, 42.688059], [-73.713362, 42.690563], [-73.711826, 42.691932], [-73.711417, 42.692319], [-73.710662, 42.693245], [-73.7104, 42.693562], [-73.710031, 42.694185], [-73.709893, 42.694427], [-73.709681, 42.694841], [-73.70941, 42.695466], [-73.709143, 42.696162], [-73.708143, 42.699686], [-73.707919, 42.70041], [-73.707692, 42.701219], [-73.707468, 42.702045], [-73.706646, 42.704881]]",2022-02-25,-73.7241219315392,42.678347720155,18586402,39246945,,PROPERTY DAMAGE,999,2022,OTHER,2022/02/25,1900-01-01 11:07:00,COLLISION WITH SIGN POST,DAYLIGHT,STRAIGHT AND LEVEL,SNOW/ICE,NONE,NOT ENTERED,SNOW,0,1970/01/01,0,0,0,0,1,10102.0,0,NYSP LOUDONVILLE,No,604536.24372758,4725885.92917281,Not an intersection crash,Ramp,Albany,4.0,517.0,,Menands,I 787,787I11012003,88.0,T,11-Urban Principal Arterial Interstate,NYSDOT,NYSDOT,Interstate 787,55.0,"V1:(UNSAFE SPEED,NOT APPLICABLE)",2022-02-25,-73.72619,42.673994
345,Feature,,"Albany, NY",US,289.0,Exit 1W: I-87 S / NY Thruway / I-90 W Â» New York / Buffalo,638389526.0,9797.0,1.0,"[{'x': -73.729206, 'y': 42.665126}, {'x': -73.730157, 'y': 42.665636}, {'x': -73.731774, 'y': 42.666577}, {'x': -73.736325, 'y': 42.669362}, {'x': -73.736519, 'y': 42.669461}, {'x': -73.736741, 'y': 42.669561}, {'x': -73.737046, 'y': 42.669695}, {'x': -73.737415, 'y': 42.669842}, {'x': -73.73778, 'y': 42.669957}, {'x': -73.738181, 'y': 42.670056}, {'x': -73.73863, 'y': 42.67014}, {'x': -73.739069, 'y': 42.670201}, {'x': -73.739336, 'y': 42.670237}, {'x': -73.739625, 'y': 42.670258}, {'x': -73.740124, 'y': 42.670272}, {'x': -73.740505, 'y': 42.670272}, {'x': -73.741121, 'y': 42.670247}, {'x': -73.742284, 'y': 42.670168}, {'x': -73.746721, 'y': 42.669856}, {'x': -73.747995, 'y': 42.669788}, {'x': -73.748476, 'y': 42.669764}, {'x': -73.748929, 'y': 42.669764}, {'x': -73.749287, 'y': 42.66977}, {'x': -73.749623, 'y': 42.669785}, {'x': -73.750076, 'y': 42.669825}, {'x': -73.75047, 'y': 42.669868}, {'x': -73.750811, 'y': 42.669913}, {'x': -73.751066, 'y': 42.669953}, {'x': -73.751366, 'y': 42.670001}, {'x': -73.751679, 'y': 42.670058}, {'x': -73.752014, 'y': 42.670132}, {'x': -73.752567, 'y': 42.670272}, {'x': -73.753194, 'y': 42.670482}, {'x': -73.75382, 'y': 42.670757}, {'x': -73.754163, 'y': 42.670944}, {'x': -73.755231, 'y': 42.671651}, {'x': -73.755873, 'y': 42.672107}, {'x': -73.757962, 'y': 42.673519}, {'x': -73.76163, 'y': 42.67597}, {'x': -73.762462, 'y': 42.676515}, {'x': -73.764431, 'y': 42.677825}, {'x': -73.764888, 'y': 42.678091}, {'x': -73.76544, 'y': 42.678402}, {'x': -73.765961, 'y': 42.678674}, {'x': -73.766435, 'y': 42.678909}, {'x': -73.767083, 'y': 42.679205}, {'x': -73.767772, 'y': 42.679497}, {'x': -73.768358, 'y': 42.679728}, {'x': -73.769039, 'y': 42.679972}, {'x': -73.769862, 'y': 42.680243}, {'x': -73.770434, 'y': 42.680413}, {'x': -73.771017, 'y': 42.680575}, {'x': -73.771581, 'y': 42.680712}, {'x': -73.772165, 'y': 42.680847}, {'x': -73.772814, 'y': 42.680977}, {'x': -73.773533, 'y': 42.681102}, {'x': -73.774336, 'y': 42.681222}, {'x': -73.775331, 'y': 42.681349}, {'x': -73.77699, 'y': 42.681551}, {'x': -73.778145, 'y': 42.681676}, {'x': -73.778959, 'y': 42.681756}, {'x': -73.779488, 'y': 42.681805}, {'x': -73.780994, 'y': 42.681942}, {'x': -73.781028, 'y': 42.681946}, {'x': -73.782201, 'y': 42.682064}, {'x': -73.782766, 'y': 42.682123}, {'x': -73.783275, 'y': 42.682188}, {'x': -73.783585, 'y': 42.682239}, {'x': -73.783975, 'y': 42.682309}, {'x': -73.784492, 'y': 42.682427}, {'x': -73.785152, 'y': 42.682607}, {'x': -73.785525, 'y': 42.682721}, {'x': -73.786188, 'y': 42.682961}, {'x': -73.786805, 'y': 42.683224}, {'x': -73.787379, 'y': 42.683512}, {'x': -73.788109, 'y': 42.683935}, {'x': -73.789389, 'y': 42.68473}, {'x': -73.790627, 'y': 42.685489}, {'x': -73.791091, 'y': 42.685759}, {'x': -73.791335, 'y': 42.685888}, {'x': -73.791584, 'y': 42.686004}, {'x': -73.791889, 'y': 42.686137}, {'x': -73.79216, 'y': 42.686236}, {'x': -73.79239, 'y': 42.686315}, {'x': -73.792808, 'y': 42.686445}, {'x': -73.793168, 'y': 42.686533}, {'x': -73.793614, 'y': 42.686623}, {'x': -73.796068, 'y': 42.687043}, {'x': -73.79679, 'y': 42.687159}, {'x': -73.797272, 'y': 42.687219}, {'x': -73.797554, 'y': 42.687246}, {'x': -73.797999, 'y': 42.687272}, {'x': -73.798501, 'y': 42.687282}, {'x': -73.798772, 'y': 42.687281}, {'x': -73.799116, 'y': 42.687264}, {'x': -73.79946, 'y': 42.687237}, {'x': -73.799758, 'y': 42.687207}, {'x': -73.801041, 'y': 42.687043}, {'x': -73.802524, 'y': 42.686852}, {'x': -73.802813, 'y': 42.68682}, {'x': -73.803357, 'y': 42.68678}, {'x': -73.803804, 'y': 42.68677}, {'x': -73.804297, 'y': 42.686775}, {'x': -73.804632, 'y': 42.686788}, {'x': -73.805012, 'y': 42.686817}, {'x': -73.805339, 'y': 42.686856}, {'x': -73.805772, 'y': 42.686918}, {'x': -73.806556, 'y': 42.687059}, {'x': -73.808695, 'y': 42.687501}, {'x': -73.811072, 'y': 42.687919}, {'x': -73.811617, 'y': 42.688039}, {'x': -73.812217, 'y': 42.688198}, {'x': -73.813105, 'y': 42.688489}, {'x': -73.816323, 'y': 42.689613}, {'x': -73.822024, 'y': 42.691689}, {'x': -73.824106, 'y': 42.69245}, {'x': -73.825603, 'y': 42.692886}, {'x': -73.829186, 'y': 42.693837}, {'x': -73.832369, 'y': 42.694684}, {'x': -73.833096, 'y': 42.694845}, {'x': -73.833687, 'y': 42.694951}, {'x': -73.834473, 'y': 42.695058}, {'x': -73.834907, 'y': 42.695099}, {'x': -73.835423, 'y': 42.695132}, {'x': -73.836296, 'y': 42.695151}, {'x': -73.837168, 'y': 42.695142}]",1645788943860.0,3.0,"[{}, {}, {}, {}, {}, {}, {}, {}, {}, {}, {}, {}, {}, {}, {}, {}, {}, {}, {}]",14.955555555555556,53.84,I-90 W,NONE,NONE,638389526.0,2022-02-25 11:35:43,4,False,LineString,"[[-73.729206, 42.665126], [-73.730157, 42.665636], [-73.731774, 42.666577], [-73.736325, 42.669362], [-73.736519, 42.669461], [-73.736741, 42.669561], [-73.737046, 42.669695], [-73.737415, 42.669842], [-73.73778, 42.669957], [-73.738181, 42.670056], [-73.73863, 42.67014], [-73.739069, 42.670201], [-73.739336, 42.670237], [-73.739625, 42.670258], [-73.740124, 42.670272], [-73.740505, 42.670272], [-73.741121, 42.670247], [-73.742284, 42.670168], [-73.746721, 42.669856], [-73.747995, 42.669788], [-73.748476, 42.669764], [-73.748929, 42.669764], [-73.749287, 42.66977], [-73.749623, 42.669785], [-73.750076, 42.669825], [-73.75047, 42.669868], [-73.750811, 42.669913], [-73.751066, 42.669953], [-73.751366, 42.670001], [-73.751679, 42.670058], [-73.752014, 42.670132], [-73.752567, 42.670272], [-73.753194, 42.670482], [-73.75382, 42.670757], [-73.754163, 42.670944], [-73.755231, 42.671651], [-73.755873, 42.672107], [-73.757962, 42.673519], [-73.76163, 42.67597], [-73.762462, 42.676515], [-73.764431, 42.677825], [-73.764888, 42.678091], [-73.76544, 42.678402], [-73.765961, 42.678674], [-73.766435, 42.678909], [-73.767083, 42.679205], [-73.767772, 42.679497], [-73.768358, 42.679728], [-73.769039, 42.679972], [-73.769862, 42.680243], [-73.770434, 42.680413], [-73.771017, 42.680575], [-73.771581, 42.680712], [-73.772165, 42.680847], [-73.772814, 42.680977], [-73.773533, 42.681102], [-73.774336, 42.681222], [-73.775331, 42.681349], [-73.77699, 42.681551], [-73.778145, 42.681676], [-73.778959, 42.681756], [-73.779488, 42.681805], [-73.780994, 42.681942], [-73.781028, 42.681946], [-73.782201, 42.682064], [-73.782766, 42.682123], [-73.783275, 42.682188], [-73.783585, 42.682239], [-73.783975, 42.682309], [-73.784492, 42.682427], [-73.785152, 42.682607], [-73.785525, 42.682721], [-73.786188, 42.682961], [-73.786805, 42.683224], [-73.787379, 42.683512], [-73.788109, 42.683935], [-73.789389, 42.68473], [-73.790627, 42.685489], [-73.791091, 42.685759], [-73.791335, 42.685888], [-73.791584, 42.686004], [-73.791889, 42.686137], [-73.79216, 42.686236], [-73.79239, 42.686315], [-73.792808, 42.686445], [-73.793168, 42.686533], [-73.793614, 42.686623], [-73.796068, 42.687043], [-73.79679, 42.687159], [-73.797272, 42.687219], [-73.797554, 42.687246], [-73.797999, 42.687272], [-73.798501, 42.687282], [-73.798772, 42.687281], [-73.799116, 42.687264], [-73.79946, 42.687237], [-73.799758, 42.687207], [-73.801041, 42.687043], [-73.802524, 42.686852], [-73.802813, 42.68682], [-73.803357, 42.68678], [-73.803804, 42.68677], [-73.804297, 42.686775], [-73.804632, 42.686788], [-73.805012, 42.686817], [-73.805339, 42.686856], [-73.805772, 42.686918], [-73.806556, 42.687059], [-73.808695, 42.687501], [-73.811072, 42.687919], [-73.811617, 42.688039], [-73.812217, 42.688198], [-73.813105, 42.688489], [-73.816323, 42.689613], [-73.822024, 42.691689], [-73.824106, 42.69245], [-73.825603, 42.692886], [-73.829186, 42.693837], [-73.832369, 42.694684], [-73.833096, 42.694845], [-73.833687, 42.694951], [-73.834473, 42.695058], [-73.834907, 42.695099], [-73.835423, 42.695132], [-73.836296, 42.695151], [-73.837168, 42.695142]]",2022-02-25,-73.7241219315392,42.678347720155,18586402,39246945,,PROPERTY DAMAGE,999,2022,OTHER,2022/02/25,1900-01-01 11:07:00,COLLISION WITH SIGN POST,DAYLIGHT,STRAIGHT AND LEVEL,SNOW/ICE,NONE,NOT ENTERED,SNOW,0,1970/01/01,0,0,0,0,1,10102.0,0,NYSP LOUDONVILLE,No,604536.24372758,4725885.92917281,Not an intersection crash,Ramp,Albany,4.0,517.0,,Menands,I 787,787I11012003,88.0,T,11-Urban Principal Arterial Interstate,NYSDOT,NYSDOT,Interstate 787,55.0,"V1:(UNSAFE SPEED,NOT APPLICABLE)",2022-02-25,-73.729206,42.665126
346,Feature,,"Rochester, NY",US,75.0,I-490 E,639188998.0,4779.0,1.0,"[{'x': -77.607033, 'y': 43.150814}, {'x': -77.606618, 'y': 43.150665}, {'x': -77.606272, 'y': 43.150489}, {'x': -77.605897, 'y': 43.150246}, {'x': -77.604793, 'y': 43.149459}, {'x': -77.604518, 'y': 43.149318}, {'x': -77.604382, 'y': 43.149247}, {'x': -77.603973, 'y': 43.149098}, {'x': -77.603794, 'y': 43.149031}, {'x': -77.603444, 'y': 43.148906}, {'x': -77.60326, 'y': 43.148824}, {'x': -77.603036, 'y': 43.148711}, {'x': -77.603017, 'y': 43.148701}, {'x': -77.602789, 'y': 43.148527}, {'x': -77.602625, 'y': 43.148352}, {'x': -77.602498, 'y': 43.148217}, {'x': -77.602179, 'y': 43.147783}, {'x': -77.6018, 'y': 43.147293}, {'x': -77.600588, 'y': 43.145804}, {'x': -77.599004, 'y': 43.143826}, {'x': -77.598689, 'y': 43.143461}, {'x': -77.598088, 'y': 43.142968}, {'x': -77.597865, 'y': 43.142825}, {'x': -77.597512, 'y': 43.142613}, {'x': -77.597097, 'y': 43.142424}, {'x': -77.596482, 'y': 43.142199}, {'x': -77.595841, 'y': 43.142022}, {'x': -77.595117, 'y': 43.141862}, {'x': -77.59438, 'y': 43.141749}, {'x': -77.593757, 'y': 43.14168}, {'x': -77.59313, 'y': 43.141639}, {'x': -77.592311, 'y': 43.141625}, {'x': -77.591808, 'y': 43.141643}, {'x': -77.589913, 'y': 43.141784}, {'x': -77.582279, 'y': 43.142495}, {'x': -77.579834, 'y': 43.142724}, {'x': -77.575806, 'y': 43.143103}, {'x': -77.574847, 'y': 43.143191}, {'x': -77.573896, 'y': 43.143271}, {'x': -77.573455, 'y': 43.143297}, {'x': -77.573003, 'y': 43.143312}, {'x': -77.572091, 'y': 43.14333}, {'x': -77.571242, 'y': 43.143342}, {'x': -77.570193, 'y': 43.143389}, {'x': -77.56964, 'y': 43.143434}, {'x': -77.56909, 'y': 43.143495}, {'x': -77.568536, 'y': 43.143574}, {'x': -77.567974, 'y': 43.143667}, {'x': -77.566736, 'y': 43.143894}, {'x': -77.564937, 'y': 43.144219}, {'x': -77.564116, 'y': 43.144341}, {'x': -77.563287, 'y': 43.144445}, {'x': -77.562082, 'y': 43.144562}, {'x': -77.560873, 'y': 43.144672}, {'x': -77.560196, 'y': 43.144725}, {'x': -77.559432, 'y': 43.144748}, {'x': -77.559035, 'y': 43.144748}, {'x': -77.558732, 'y': 43.144735}, {'x': -77.558452, 'y': 43.144719}, {'x': -77.557939, 'y': 43.144682}, {'x': -77.557065, 'y': 43.144615}, {'x': -77.556029, 'y': 43.144586}, {'x': -77.555498, 'y': 43.14459}, {'x': -77.554757, 'y': 43.144585}, {'x': -77.554346, 'y': 43.14457}]",1645793668734.0,3.0,"[{}, {}, {}, {}, {}, {}, {}, {}, {}, {}, {}]",18.105555555555554,65.18,I-490 E,NONE,NONE,639188998.0,2022-02-25 12:54:28,4,False,LineString,"[[-77.607033, 43.150814], [-77.606618, 43.150665], [-77.606272, 43.150489], [-77.605897, 43.150246], [-77.604793, 43.149459], [-77.604518, 43.149318], [-77.604382, 43.149247], [-77.603973, 43.149098], [-77.603794, 43.149031], [-77.603444, 43.148906], [-77.60326, 43.148824], [-77.603036, 43.148711], [-77.603017, 43.148701], [-77.602789, 43.148527], [-77.602625, 43.148352], [-77.602498, 43.148217], [-77.602179, 43.147783], [-77.6018, 43.147293], [-77.600588, 43.145804], [-77.599004, 43.143826], [-77.598689, 43.143461], [-77.598088, 43.142968], [-77.597865, 43.142825], [-77.597512, 43.142613], [-77.597097, 43.142424], [-77.596482, 43.142199], [-77.595841, 43.142022], [-77.595117, 43.141862], [-77.59438, 43.141749], [-77.593757, 43.14168], [-77.59313, 43.141639], [-77.592311, 43.141625], [-77.591808, 43.141643], [-77.589913, 43.141784], [-77.582279, 43.142495], [-77.579834, 43.142724], [-77.575806, 43.143103], [-77.574847, 43.143191], [-77.573896, 43.143271], [-77.573455, 43.143297], [-77.573003, 43.143312], [-77.572091, 43.14333], [-77.571242, 43.143342], [-77.570193, 43.143389], [-77.56964, 43.143434], [-77.56909, 43.143495], [-77.568536, 43.143574], [-77.567974, 43.143667], [-77.566736, 43.143894], [-77.564937, 43.144219], [-77.564116, 43.144341], [-77.563287, 43.144445], [-77.562082, 43.144562], [-77.560873, 43.144672], [-77.560196, 43.144725], [-77.559432, 43.144748], [-77.559035, 43.144748], [-77.558732, 43.144735], [-77.558452, 43.144719], [-77.557939, 43.144682], [-77.557065, 43.144615], [-77.556029, 43.144586], [-77.555498, 43.14459], [-77.554757, 43.144585], [-77.554346, 43.14457]]",2022-02-25,-77.6224075294261,43.1572861904077,18586407,39246950,,PROPERTY DAMAGE,999,2022,OTHER,2022/02/25,1900-01-01 13:23:00,COLLISION WITH GUIDE RAIL,DAYLIGHT,CURVE AND GRADE,SNOW/ICE,NONE,NOT ENTERED,SNOW,0,1970/01/01,0,0,0,0,1,12701.0,0,ROCHESTER SP,No,286793.0,4781620.0,INTERSECTION-RELATED,,Monroe,,0.0,5006200.0,Rochester,,,,,Unknown,Unknown,Unknown,,,"V1:(UNSAFE SPEED,TIRE FAILURE/INADEQUATE)",2022-02-25,-77.607033,43.150814
347,Feature,,"Rochester, NY",US,62.0,I-490 E,639381300.0,3595.0,1.0,"[{'x': -77.597865, 'y': 43.142825}, {'x': -77.597512, 'y': 43.142613}, {'x': -77.597097, 'y': 43.142424}, {'x': -77.596482, 'y': 43.142199}, {'x': -77.595841, 'y': 43.142022}, {'x': -77.595117, 'y': 43.141862}, {'x': -77.59438, 'y': 43.141749}, {'x': -77.593757, 'y': 43.14168}, {'x': -77.59313, 'y': 43.141639}, {'x': -77.592311, 'y': 43.141625}, {'x': -77.591808, 'y': 43.141643}, {'x': -77.589913, 'y': 43.141784}, {'x': -77.582279, 'y': 43.142495}, {'x': -77.579834, 'y': 43.142724}, {'x': -77.575806, 'y': 43.143103}, {'x': -77.574847, 'y': 43.143191}, {'x': -77.573896, 'y': 43.143271}, {'x': -77.573455, 'y': 43.143297}, {'x': -77.573003, 'y': 43.143312}, {'x': -77.572091, 'y': 43.14333}, {'x': -77.571242, 'y': 43.143342}, {'x': -77.570193, 'y': 43.143389}, {'x': -77.56964, 'y': 43.143434}, {'x': -77.56909, 'y': 43.143495}, {'x': -77.568536, 'y': 43.143574}, {'x': -77.567974, 'y': 43.143667}, {'x': -77.566736, 'y': 43.143894}, {'x': -77.564937, 'y': 43.144219}, {'x': -77.564116, 'y': 43.144341}, {'x': -77.563287, 'y': 43.144445}, {'x': -77.562082, 'y': 43.144562}, {'x': -77.560873, 'y': 43.144672}, {'x': -77.560196, 'y': 43.144725}, {'x': -77.559432, 'y': 43.144748}, {'x': -77.559035, 'y': 43.144748}, {'x': -77.558732, 'y': 43.144735}, {'x': -77.558452, 'y': 43.144719}, {'x': -77.557939, 'y': 43.144682}, {'x': -77.557065, 'y': 43.144615}, {'x': -77.556029, 'y': 43.144586}, {'x': -77.555498, 'y': 43.14459}, {'x': -77.554757, 'y': 43.144585}, {'x': -77.554346, 'y': 43.14457}]",1645794272939.0,3.0,"[{}, {}, {}, {}, {}, {}, {}]",17.875,64.35,I-490 E,NONE,NONE,639381300.0,2022-02-25 13:04:32,4,False,LineString,"[[-77.597865, 43.142825], [-77.597512, 43.142613], [-77.597097, 43.142424], [-77.596482, 43.142199], [-77.595841, 43.142022], [-77.595117, 43.141862], [-77.59438, 43.141749], [-77.593757, 43.14168], [-77.59313, 43.141639], [-77.592311, 43.141625], [-77.591808, 43.141643], [-77.589913, 43.141784], [-77.582279, 43.142495], [-77.579834, 43.142724], [-77.575806, 43.143103], [-77.574847, 43.143191], [-77.573896, 43.143271], [-77.573455, 43.143297], [-77.573003, 43.143312], [-77.572091, 43.14333], [-77.571242, 43.143342], [-77.570193, 43.143389], [-77.56964, 43.143434], [-77.56909, 43.143495], [-77.568536, 43.143574], [-77.567974, 43.143667], [-77.566736, 43.143894], [-77.564937, 43.144219], [-77.564116, 43.144341], [-77.563287, 43.144445], [-77.562082, 43.144562], [-77.560873, 43.144672], [-77.560196, 43.144725], [-77.559432, 43.144748], [-77.559035, 43.144748], [-77.558732, 43.144735], [-77.558452, 43.144719], [-77.557939, 43.144682], [-77.557065, 43.144615], [-77.556029, 43.144586], [-77.555498, 43.14459], [-77.554757, 43.144585], [-77.554346, 43.14457]]",2022-02-25,-77.6224075294261,43.1572861904077,18586407,39246950,,PROPERTY DAMAGE,999,2022,OTHER,2022/02/25,1900-01-01 13:23:00,COLLISION WITH GUIDE RAIL,DAYLIGHT,CURVE AND GRADE,SNOW/ICE,NONE,NOT ENTERED,SNOW,0,1970/01/01,0,0,0,0,1,12701.0,0,ROCHESTER SP,No,286793.0,4781620.0,INTERSECTION-RELATED,,Monroe,,0.0,5006200.0,Rochester,,,,,Unknown,Unknown,Unknown,,,"V1:(UNSAFE SPEED,TIRE FAILURE/INADEQUATE)",2022-02-25,-77.597865,43.142825
348,Feature,,"Albany, NY",US,62.0,Exit 4: US-9 N / US-20 W,639814012.0,1808.0,1.0,"[{'x': -73.769223, 'y': 42.632889}, {'x': -73.767574, 'y': 42.632735}, {'x': -73.76712, 'y': 42.632697}, {'x': -73.766648, 'y': 42.632671}, {'x': -73.766292, 'y': 42.632666}, {'x': -73.765906, 'y': 42.632685}, {'x': -73.765554, 'y': 42.632729}, {'x': -73.76506, 'y': 42.632828}, {'x': -73.764738, 'y': 42.632917}, {'x': -73.764351, 'y': 42.633063}, {'x': -73.763953, 'y': 42.633238}, {'x': -73.763757, 'y': 42.633336}, {'x': -73.76357, 'y': 42.63344}, {'x': -73.762662, 'y': 42.63392}, {'x': -73.757611, 'y': 42.636585}, {'x': -73.756416, 'y': 42.637245}, {'x': -73.75555, 'y': 42.637715}, {'x': -73.755167, 'y': 42.637957}, {'x': -73.754791, 'y': 42.6382}, {'x': -73.754444, 'y': 42.638438}, {'x': -73.753879, 'y': 42.638876}, {'x': -73.753402, 'y': 42.639295}, {'x': -73.753056, 'y': 42.639637}, {'x': -73.752845, 'y': 42.639898}, {'x': -73.752716, 'y': 42.640102}, {'x': -73.751998, 'y': 42.641407}]",1645795588710.0,3.0,"[{}, {}, {}, {}]",13.883333333333333,49.98,I-787 N,NONE,NONE,639814012.0,2022-02-25 13:26:28,4,False,LineString,"[[-73.769223, 42.632889], [-73.767574, 42.632735], [-73.76712, 42.632697], [-73.766648, 42.632671], [-73.766292, 42.632666], [-73.765906, 42.632685], [-73.765554, 42.632729], [-73.76506, 42.632828], [-73.764738, 42.632917], [-73.764351, 42.633063], [-73.763953, 42.633238], [-73.763757, 42.633336], [-73.76357, 42.63344], [-73.762662, 42.63392], [-73.757611, 42.636585], [-73.756416, 42.637245], [-73.75555, 42.637715], [-73.755167, 42.637957], [-73.754791, 42.6382], [-73.754444, 42.638438], [-73.753879, 42.638876], [-73.753402, 42.639295], [-73.753056, 42.639637], [-73.752845, 42.639898], [-73.752716, 42.640102], [-73.751998, 42.641407]]",2022-02-25,-73.7824848038416,42.6153959651214,18587682,39248384,,PROPERTY DAMAGE,999,2022,OTHER,2022/02/25,1900-01-01 13:01:00,COLLISION WITH GUIDE RAIL,DAYLIGHT,STRAIGHT AND LEVEL,WET,NONE,NOT ENTERED,SNOW,0,1970/01/01,0,0,0,0,1,12802.0,0,SP THRUWAY FULTONVILLE (TALB),No,599855.0,4718825.0,Not an intersection crash,,Albany,,0.0,,Bethlehem,,,,,Unknown,Unknown,Unknown,,,"V1:(UNSAFE LANE CHANGE,NOT APPLICABLE)",2022-02-25,-73.769223,42.632889