,type,properties.blockingAlertUuid,properties.city,properties.country,properties.delay,properties.endNode,properties.id,properties.length,properties.level,properties.line,properties.pubMillis,properties.roadType,properties.segments,properties.speed,properties.speedKMH,properties.street,properties.turnType,properties.type,properties.uuid,properties.utc_timestamp,properties.day_of_week,properties.weekday_weekend,geometry.type,geometry.coordinates,key_date_jams,X,Y,OBJECTID,CaseNumber,MaxInjuryS,CrashSever,RoadwayAcc,CaseYear,CollisionT,CrashDate,CrashTimeF,CrashType,LightCondi,RoadwayCha,RoadSurfac,TrafficCon,TrafficWay,WeatherCon,Commercial,DMVInsertD,NumberOfFa,NumberOfIn,NumberOfOt,NumberOfSe,NumberOfVe,PoliceDept,NonReporta,ReportingA,NonPublicW,UTMEasting,UTMNorthin,Intersecti,ClosestCro,CountyName,DirectionF,DistanceFr,MasterInte,CityTownNa,OnStreet,ReferenceM,ACCESS_CON,DIVIDED,FUNCTIONAL,MAINT_JURI,OWNING_JUR,NAME,POSTED_SPE,ApparentFa,key_date_crashes,jams_x,jams_y
349,Feature,,"Albany, NY",US,115.0,I-787 N,639877506.0,6064.0,1.0,"[{'x': -73.769223, 'y': 42.632889}, {'x': -73.767574, 'y': 42.632735}, {'x': -73.76712, 'y': 42.632697}, {'x': -73.766648, 'y': 42.632671}, {'x': -73.766292, 'y': 42.632666}, {'x': -73.765906, 'y': 42.632685}, {'x': -73.765554, 'y': 42.632729}, {'x': -73.76506, 'y': 42.632828}, {'x': -73.764738, 'y': 42.632917}, {'x': -73.764351, 'y': 42.633063}, {'x': -73.763953, 'y': 42.633238}, {'x': -73.763757, 'y': 42.633336}, {'x': -73.76357, 'y': 42.63344}, {'x': -73.762662, 'y': 42.63392}, {'x': -73.757611, 'y': 42.636585}, {'x': -73.756416, 'y': 42.637245}, {'x': -73.75555, 'y': 42.637715}, {'x': -73.755167, 'y': 42.637957}, {'x': -73.754791, 'y': 42.6382}, {'x': -73.754444, 'y': 42.638438}, {'x': -73.753879, 'y': 42.638876}, {'x': -73.753402, 'y': 42.639295}, {'x': -73.753056, 'y': 42.639637}, {'x': -73.752845, 'y': 42.639898}, {'x': -73.752716, 'y': 42.640102}, {'x': -73.751998, 'y': 42.641407}, {'x': -73.751448, 'y': 42.642422}, {'x': -73.751105, 'y': 42.642933}, {'x': -73.750868, 'y': 42.643244}, {'x': -73.750306, 'y': 42.643941}, {'x': -73.749484, 'y': 42.644961}, {'x': -73.749304, 'y': 42.645225}, {'x': -73.749022, 'y': 42.64574}, {'x': -73.748888, 'y': 42.646044}, {'x': -73.748867, 'y': 42.646103}, {'x': -73.748802, 'y': 42.646291}, {'x': -73.748799, 'y': 42.646304}, {'x': -73.748726, 'y': 42.64661}, {'x': -73.748668, 'y': 42.646803}, {'x': -73.748392, 'y': 42.648579}, {'x': -73.748323, 'y': 42.648977}, {'x': -73.748227, 'y': 42.64937}, {'x': -73.748086, 'y': 42.649807}, {'x': -73.747736, 'y': 42.650688}, {'x': -73.747466, 'y': 42.651233}, {'x': -73.747143, 'y': 42.651773}, {'x': -73.746814, 'y': 42.652288}, {'x': -73.746252, 'y': 42.653073}, {'x': -73.745732, 'y': 42.653725}, {'x': -73.745084, 'y': 42.654455}, {'x': -73.744851, 'y': 42.654693}, {'x': -73.744645, 'y': 42.654896}, {'x': -73.744368, 'y': 42.655149}, {'x': -73.744079, 'y': 42.655404}, {'x': -73.743553, 'y': 42.655812}, {'x': -73.743139, 'y': 42.656134}, {'x': -73.742126, 'y': 42.656922}, {'x': -73.741457, 'y': 42.657436}, {'x': -73.740751, 'y': 42.657989}, {'x': -73.739879, 'y': 42.65868}, {'x': -73.739461, 'y': 42.65903}, {'x': -73.739253, 'y': 42.659213}, {'x': -73.73908, 'y': 42.659405}, {'x': -73.738955, 'y': 42.659543}, {'x': -73.738482, 'y': 42.660021}, {'x': -73.737973, 'y': 42.660565}, {'x': -73.737498, 'y': 42.661112}, {'x': -73.737018, 'y': 42.661723}, {'x': -73.736638, 'y': 42.662248}, {'x': -73.735848, 'y': 42.663443}, {'x': -73.734754, 'y': 42.665156}, {'x': -73.734433, 'y': 42.665634}, {'x': -73.734056, 'y': 42.66614}, {'x': -73.733681, 'y': 42.6666}, {'x': -73.732938, 'y': 42.667379}, {'x': -73.732617, 'y': 42.667741}, {'x': -73.727829, 'y': 42.672249}, {'x': -73.727829, 'y': 42.67225}, {'x': -73.727046, 'y': 42.672991}, {'x': -73.72619, 'y': 42.673994}]",1645795765146.0,3.0,"[{}, {}, {}, {}, {}, {}, {}, {}, {}, {}, {}, {}, {}]",17.877777777777776,64.36,I-787 N,NONE,NONE,639877506.0,2022-02-25 13:29:25,4,False,LineString,"[[-73.769223, 42.632889], [-73.767574, 42.632735], [-73.76712, 42.632697], [-73.766648, 42.632671], [-73.766292, 42.632666], [-73.765906, 42.632685], [-73.765554, 42.632729], [-73.76506, 42.632828], [-73.764738, 42.632917], [-73.764351, 42.633063], [-73.763953, 42.633238], [-73.763757, 42.633336], [-73.76357, 42.63344], [-73.762662, 42.63392], [-73.757611, 42.636585], [-73.756416, 42.637245], [-73.75555, 42.637715], [-73.755167, 42.637957], [-73.754791, 42.6382], [-73.754444, 42.638438], [-73.753879, 42.638876], [-73.753402, 42.639295], [-73.753056, 42.639637], [-73.752845, 42.639898], [-73.752716, 42.640102], [-73.751998, 42.641407], [-73.751448, 42.642422], [-73.751105, 42.642933], [-73.750868, 42.643244], [-73.750306, 42.643941], [-73.749484, 42.644961], [-73.749304, 42.645225], [-73.749022, 42.64574], [-73.748888, 42.646044], [-73.748867, 42.646103], [-73.748802, 42.646291], [-73.748799, 42.646304], [-73.748726, 42.64661], [-73.748668, 42.646803], [-73.748392, 42.648579], [-73.748323, 42.648977], [-73.748227, 42.64937], [-73.748086, 42.649807], [-73.747736, 42.650688], [-73.747466, 42.651233], [-73.747143, 42.651773], [-73.746814, 42.652288], [-73.746252, 42.653073], [-73.745732, 42.653725], [-73.745084, 42.654455], [-73.744851, 42.654693], [-73.744645, 42.654896], [-73.744368, 42.655149], [-73.744079, 42.655404], [-73.743553, 42.655812], [-73.743139, 42.656134], [-73.742126, 42.656922], [-73.741457, 42.657436], [-73.740751, 42.657989], [-73.739879, 42.65868], [-73.739461, 42.65903], [-73.739253, 42.659213], [-73.73908, 42.659405], [-73.738955, 42.659543], [-73.738482, 42.660021], [-73.737973, 42.660565], [-73.737498, 42.661112], [-73.737018, 42.661723], [-73.736638, 42.662248], [-73.735848, 42.663443], [-73.734754, 42.665156], [-73.734433, 42.665634], [-73.734056, 42.66614], [-73.733681, 42.6666], [-73.732938, 42.667379], [-73.732617, 42.667741], [-73.727829, 42.672249], [-73.727829, 42.67225], [-73.727046, 42.672991], [-73.72619, 42.673994]]",2022-02-25,-73.7824848038416,42.6153959651214,18587682,39248384,,PROPERTY DAMAGE,999,2022,OTHER,2022/02/25,1900-01-01 13:01:00,COLLISION WITH GUIDE RAIL,DAYLIGHT,STRAIGHT AND LEVEL,WET,NONE,NOT ENTERED,SNOW,0,1970/01/01,0,0,0,0,1,12802.0,0,SP THRUWAY FULTONVILLE (TALB),No,599855.0,4718825.0,Not an intersection crash,,Albany,,0.0,,Bethlehem,,,,,Unknown,Unknown,Unknown,,,"V1:(UNSAFE LANE CHANGE,NOT APPLICABLE)",2022-02-25,-73.769223,42.632889
350,Feature,,"Albany, NY",US,100.0,I-787 N,639877506.0,6064.0,1.0,"[{'x': -73.769223, 'y': 42.632889}, {'x': -73.767574, 'y': 42.632735}, {'x': -73.76712, 'y': 42.632697}, {'x': -73.766648, 'y': 42.632671}, {'x': -73.766292, 'y': 42.632666}, {'x': -73.765906, 'y': 42.632685}, {'x': -73.765554, 'y': 42.632729}, {'x': -73.76506, 'y': 42.632828}, {'x': -73.764738, 'y': 42.632917}, {'x': -73.764351, 'y': 42.633063}, {'x': -73.763953, 'y': 42.633238}, {'x': -73.763757, 'y': 42.633336}, {'x': -73.76357, 'y': 42.63344}, {'x': -73.762662, 'y': 42.63392}, {'x': -73.757611, 'y': 42.636585}, {'x': -73.756416, 'y': 42.637245}, {'x': -73.75555, 'y': 42.637715}, {'x': -73.755167, 'y': 42.637957}, {'x': -73.754791, 'y': 42.6382}, {'x': -73.754444, 'y': 42.638438}, {'x': -73.753879, 'y': 42.638876}, {'x': -73.753402, 'y': 42.639295}, {'x': -73.753056, 'y': 42.639637}, {'x': -73.752845, 'y': 42.639898}, {'x': -73.752716, 'y': 42.640102}, {'x': -73.751998, 'y': 42.641407}, {'x': -73.751448, 'y': 42.642422}, {'x': -73.751105, 'y': 42.642933}, {'x': -73.750868, 'y': 42.643244}, {'x': -73.750306, 'y': 42.643941}, {'x': -73.749484, 'y': 42.644961}, {'x': -73.749304, 'y': 42.645225}, {'x': -73.749022, 'y': 42.64574}, {'x': -73.748888, 'y': 42.646044}, {'x': -73.748867, 'y': 42.646103}, {'x': -73.748802, 'y': 42.646291}, {'x': -73.748799, 'y': 42.646304}, {'x': -73.748726, 'y': 42.64661}, {'x': -73.748668, 'y': 42.646803}, {'x': -73.748392, 'y': 42.648579}, {'x': -73.748323, 'y': 42.648977}, {'x': -73.748227, 'y': 42.64937}, {'x': -73.748086, 'y': 42.649807}, {'x': -73.747736, 'y': 42.650688}, {'x': -73.747466, 'y': 42.651233}, {'x': -73.747143, 'y': 42.651773}, {'x': -73.746814, 'y': 42.652288}, {'x': -73.746252, 'y': 42.653073}, {'x': -73.745732, 'y': 42.653725}, {'x': -73.745084, 'y': 42.654455}, {'x': -73.744851, 'y': 42.654693}, {'x': -73.744645, 'y': 42.654896}, {'x': -73.744368, 'y': 42.655149}, {'x': -73.744079, 'y': 42.655404}, {'x': -73.743553, 'y': 42.655812}, {'x': -73.743139, 'y': 42.656134}, {'x': -73.742126, 'y': 42.656922}, {'x': -73.741457, 'y': 42.657436}, {'x': -73.740751, 'y': 42.657989}, {'x': -73.739879, 'y': 42.65868}, {'x': -73.739461, 'y': 42.65903}, {'x': -73.739253, 'y': 42.659213}, {'x': -73.73908, 'y': 42.659405}, {'x': -73.738955, 'y': 42.659543}, {'x': -73.738482, 'y': 42.660021}, {'x': -73.737973, 'y': 42.660565}, {'x': -73.737498, 'y': 42.661112}, {'x': -73.737018, 'y': 42.661723}, {'x': -73.736638, 'y': 42.662248}, {'x': -73.735848, 'y': 42.663443}, {'x': -73.734754, 'y': 42.665156}, {'x': -73.734433, 'y': 42.665634}, {'x': -73.734056, 'y': 42.66614}, {'x': -73.733681, 'y': 42.6666}, {'x': -73.732938, 'y': 42.667379}, {'x': -73.732617, 'y': 42.667741}, {'x': -73.727829, 'y': 42.672249}, {'x': -73.727829, 'y': 42.67225}, {'x': -73.727046, 'y': 42.672991}, {'x': -73.72619, 'y': 42.673994}]",1645795765146.0,3.0,"[{}, {}, {}, {}, {}, {}, {}, {}, {}, {}, {}, {}, {}]",18.683333333333334,67.26,I-787 N,NONE,NONE,639877506.0,2022-02-25 13:29:25,4,False,LineString,"[[-73.769223, 42.632889], [-73.767574, 42.632735], [-73.76712, 42.632697], [-73.766648, 42.632671], [-73.766292, 42.632666], [-73.765906, 42.632685], [-73.765554, 42.632729], [-73.76506, 42.632828], [-73.764738, 42.632917], [-73.764351, 42.633063], [-73.763953, 42.633238], [-73.763757, 42.633336], [-73.76357, 42.63344], [-73.762662, 42.63392], [-73.757611, 42.636585], [-73.756416, 42.637245], [-73.75555, 42.637715], [-73.755167, 42.637957], [-73.754791, 42.6382], [-73.754444, 42.638438], [-73.753879, 42.638876], [-73.753402, 42.639295], [-73.753056, 42.639637], [-73.752845, 42.639898], [-73.752716, 42.640102], [-73.751998, 42.641407], [-73.751448, 42.642422], [-73.751105, 42.642933], [-73.750868, 42.643244], [-73.750306, 42.643941], [-73.749484, 42.644961], [-73.749304, 42.645225], [-73.749022, 42.64574], [-73.748888, 42.646044], [-73.748867, 42.646103], [-73.748802, 42.646291], [-73.748799, 42.646304], [-73.748726, 42.64661], [-73.748668, 42.646803], [-73.748392, 42.648579], [-73.748323, 42.648977], [-73.748227, 42.64937], [-73.748086, 42.649807], [-73.747736, 42.650688], [-73.747466, 42.651233], [-73.747143, 42.651773], [-73.746814, 42.652288], [-73.746252, 42.653073], [-73.745732, 42.653725], [-73.745084, 42.654455], [-73.744851, 42.654693], [-73.744645, 42.654896], [-73.744368, 42.655149], [-73.744079, 42.655404], [-73.743553, 42.655812], [-73.743139, 42.656134], [-73.742126, 42.656922], [-73.741457, 42.657436], [-73.740751, 42.657989], [-73.739879, 42.65868], [-73.739461, 42.65903], [-73.739253, 42.659213], [-73.73908, 42.659405], [-73.738955, 42.659543], [-73.738482, 42.660021], [-73.737973, 42.660565], [-73.737498, 42.661112], [-73.737018, 42.661723], [-73.736638, 42.662248], [-73.735848, 42.663443], [-73.734754, 42.665156], [-73.734433, 42.665634], [-73.734056, 42.66614], [-73.733681, 42.6666], [-73.732938, 42.667379], [-73.732617, 42.667741], [-73.727829, 42.672249], [-73.727829, 42.67225], [-73.727046, 42.672991], [-73.72619, 42.673994]]",2022-02-25,-73.7824848038416,42.6153959651214,18587682,39248384,,PROPERTY DAMAGE,999,2022,OTHER,2022/02/25,1900-01-01 13:01:00,COLLISION WITH GUIDE RAIL,DAYLIGHT,STRAIGHT AND LEVEL,WET,NONE,NOT ENTERED,SNOW,0,1970/01/01,0,0,0,0,1,12802.0,0,SP THRUWAY FULTONVILLE (TALB),No,599855.0,4718825.0,Not an intersection crash,,Albany,,0.0,,Bethlehem,,,,,Unknown,Unknown,Unknown,,,"V1:(UNSAFE LANE CHANGE,NOT APPLICABLE)",2022-02-25,-73.769223,42.632889
351,Feature,,"Albany, NY",US,75.0,Exit 5: Everett Rd,639937450.0,3126.0,1.0,"[{'x': -73.742284, 'y': 42.670168}, {'x': -73.746721, 'y': 42.669856}, {'x': -73.747995, 'y': 42.669788}, {'x': -73.748476, 'y': 42.669764}, {'x': -73.748929, 'y': 42.669764}, {'x': -73.749287, 'y': 42.66977}, {'x': -73.749623, 'y': 42.669785}, {'x': -73.750076, 'y': 42.669825}, {'x': -73.75047, 'y': 42.669868}, {'x': -73.750811, 'y': 42.669913}, {'x': -73.751066, 'y': 42.669953}, {'x': -73.751366, 'y': 42.670001}, {'x': -73.751679, 'y': 42.670058}, {'x': -73.752014, 'y': 42.670132}, {'x': -73.752567, 'y': 42.670272}, {'x': -73.753194, 'y': 42.670482}, {'x': -73.75382, 'y': 42.670757}, {'x': -73.754163, 'y': 42.670944}, {'x': -73.755231, 'y': 42.671651}, {'x': -73.755873, 'y': 42.672107}, {'x': -73.757962, 'y': 42.673519}, {'x': -73.76163, 'y': 42.67597}, {'x': -73.762462, 'y': 42.676515}, {'x': -73.764431, 'y': 42.677825}, {'x': -73.764888, 'y': 42.678091}, {'x': -73.76544, 'y': 42.678402}, {'x': -73.765961, 'y': 42.678674}, {'x': -73.766435, 'y': 42.678909}, {'x': -73.767083, 'y': 42.679205}, {'x': -73.767772, 'y': 42.679497}, {'x': -73.768358, 'y': 42.679728}, {'x': -73.769039, 'y': 42.679972}, {'x': -73.769862, 'y': 42.680243}, {'x': -73.770434, 'y': 42.680413}, {'x': -73.771017, 'y': 42.680575}, {'x': -73.771581, 'y': 42.680712}, {'x': -73.772165, 'y': 42.680847}, {'x': -73.772814, 'y': 42.680977}, {'x': -73.773533, 'y': 42.681102}, {'x': -73.774336, 'y': 42.681222}, {'x': -73.775331, 'y': 42.681349}]",1645795944008.0,3.0,"[{}, {}, {}, {}]",16.522222222222222,59.48,I-90 W,NONE,NONE,639937450.0,2022-02-25 13:32:24,4,False,LineString,"[[-73.742284, 42.670168], [-73.746721, 42.669856], [-73.747995, 42.669788], [-73.748476, 42.669764], [-73.748929, 42.669764], [-73.749287, 42.66977], [-73.749623, 42.669785], [-73.750076, 42.669825], [-73.75047, 42.669868], [-73.750811, 42.669913], [-73.751066, 42.669953], [-73.751366, 42.670001], [-73.751679, 42.670058], [-73.752014, 42.670132], [-73.752567, 42.670272], [-73.753194, 42.670482], [-73.75382, 42.670757], [-73.754163, 42.670944], [-73.755231, 42.671651], [-73.755873, 42.672107], [-73.757962, 42.673519], [-73.76163, 42.67597], [-73.762462, 42.676515], [-73.764431, 42.677825], [-73.764888, 42.678091], [-73.76544, 42.678402], [-73.765961, 42.678674], [-73.766435, 42.678909], [-73.767083, 42.679205], [-73.767772, 42.679497], [-73.768358, 42.679728], [-73.769039, 42.679972], [-73.769862, 42.680243], [-73.770434, 42.680413], [-73.771017, 42.680575], [-73.771581, 42.680712], [-73.772165, 42.680847], [-73.772814, 42.680977], [-73.773533, 42.681102], [-73.774336, 42.681222], [-73.775331, 42.681349]]",2022-02-25,-73.7150084981891,42.68919083233,18593815,39254922,C - POSSIBLE INJURY,INJURY,999,2022,OVERTAKING,2022/02/25,1900-01-01 14:02:00,COLLISION WITH MOTOR VEHICLE,DAYLIGHT,STRAIGHT AND LEVEL,SNOW/ICE,NONE,NOT ENTERED,SNOW,0,1970/01/01,0,1,1,0,2,10102.0,0,NYSP LOUDONVILLE,No,605264.63246988,4727101.31035826,Not an intersection crash,Connecting Road,Albany,1.0,10.0,,Menands,I 787,787I11012012,88.0,T,11-Urban Principal Arterial Interstate,NYSDOT,NYSDOT,Interstate 787,55.0,"V1:(UNSAFE SPEED,PAVEMENT SLIPPERY) / V2:(NOT APPLICABLE,NOT APPLICABLE)",2022-02-25,-73.742284,42.670168
352,Feature,,"Rensselaer, NY",US,122.0,I-90 E,640091562.0,4691.0,1.0,"[{'x': -73.729773, 'y': 42.665323}, {'x': -73.725826, 'y': 42.663162}, {'x': -73.724645, 'y': 42.66251}, {'x': -73.724449, 'y': 42.662388}, {'x': -73.724238, 'y': 42.662253}, {'x': -73.723886, 'y': 42.661998}, {'x': -73.723315, 'y': 42.661485}, {'x': -73.72317, 'y': 42.661337}, {'x': -73.722863, 'y': 42.660969}, {'x': -73.71946, 'y': 42.656288}, {'x': -73.719054, 'y': 42.655825}, {'x': -73.71801, 'y': 42.654563}, {'x': -73.716736, 'y': 42.653148}, {'x': -73.715578, 'y': 42.651911}, {'x': -73.714861, 'y': 42.651193}, {'x': -73.71398, 'y': 42.650225}, {'x': -73.713615, 'y': 42.649833}, {'x': -73.712841, 'y': 42.649002}, {'x': -73.712602, 'y': 42.648731}, {'x': -73.712345, 'y': 42.648441}, {'x': -73.712083, 'y': 42.648049}, {'x': -73.711666, 'y': 42.647208}, {'x': -73.711522, 'y': 42.646786}, {'x': -73.710793, 'y': 42.64428}, {'x': -73.710723, 'y': 42.644041}, {'x': -73.709426, 'y': 42.63959}, {'x': -73.709086, 'y': 42.63863}, {'x': -73.708715, 'y': 42.637692}, {'x': -73.708344, 'y': 42.636809}, {'x': -73.707852, 'y': 42.6358}, {'x': -73.707364, 'y': 42.634892}, {'x': -73.706808, 'y': 42.633965}, {'x': -73.70499, 'y': 42.631144}, {'x': -73.704026, 'y': 42.629784}, {'x': -73.703787, 'y': 42.629512}, {'x': -73.703497, 'y': 42.629223}, {'x': -73.703253, 'y': 42.629011}]",1645796385628.0,3.0,"[{}, {}, {}, {}, {}, {}, {}, {}, {}, {}]",16.08888888888889,57.92,I-90 E,NONE,NONE,640091562.0,2022-02-25 13:39:45,4,False,LineString,"[[-73.729773, 42.665323], [-73.725826, 42.663162], [-73.724645, 42.66251], [-73.724449, 42.662388], [-73.724238, 42.662253], [-73.723886, 42.661998], [-73.723315, 42.661485], [-73.72317, 42.661337], [-73.722863, 42.660969], [-73.71946, 42.656288], [-73.719054, 42.655825], [-73.71801, 42.654563], [-73.716736, 42.653148], [-73.715578, 42.651911], [-73.714861, 42.651193], [-73.71398, 42.650225], [-73.713615, 42.649833], [-73.712841, 42.649002], [-73.712602, 42.648731], [-73.712345, 42.648441], [-73.712083, 42.648049], [-73.711666, 42.647208], [-73.711522, 42.646786], [-73.710793, 42.64428], [-73.710723, 42.644041], [-73.709426, 42.63959], [-73.709086, 42.63863], [-73.708715, 42.637692], [-73.708344, 42.636809], [-73.707852, 42.6358], [-73.707364, 42.634892], [-73.706808, 42.633965], [-73.70499, 42.631144], [-73.704026, 42.629784], [-73.703787, 42.629512], [-73.703497, 42.629223], [-73.703253, 42.629011]]",2022-02-25,-73.7150084981891,42.68919083233,18593815,39254922,C - POSSIBLE INJURY,INJURY,999,2022,OVERTAKING,2022/02/25,1900-01-01 14:02:00,COLLISION WITH MOTOR VEHICLE,DAYLIGHT,STRAIGHT AND LEVEL,SNOW/ICE,NONE,NOT ENTERED,SNOW,0,1970/01/01,0,1,1,0,2,10102.0,0,NYSP LOUDONVILLE,No,605264.63246988,4727101.31035826,Not an intersection crash,Connecting Road,Albany,1.0,10.0,,Menands,I 787,787I11012012,88.0,T,11-Urban Principal Arterial Interstate,NYSDOT,NYSDOT,Interstate 787,55.0,"V1:(UNSAFE SPEED,PAVEMENT SLIPPERY) / V2:(NOT APPLICABLE,NOT APPLICABLE)",2022-02-25,-73.729773,42.665323
353,Feature,,"Watervliet, NY",US,66.0,I-787 N,640161576.0,3063.0,1.0,"[{'x': -73.705403, 'y': 42.709181}, {'x': -73.705372, 'y': 42.709287}, {'x': -73.705268, 'y': 42.709647}, {'x': -73.704467, 'y': 42.712418}, {'x': -73.704116, 'y': 42.713632}, {'x': -73.703844, 'y': 42.714383}, {'x': -73.702674, 'y': 42.716989}, {'x': -73.702446, 'y': 42.717527}, {'x': -73.701582, 'y': 42.719875}, {'x': -73.700883, 'y': 42.721715}, {'x': -73.699919, 'y': 42.724228}, {'x': -73.699626, 'y': 42.725039}, {'x': -73.699476, 'y': 42.725618}, {'x': -73.699449, 'y': 42.725784}, {'x': -73.699427, 'y': 42.726332}, {'x': -73.699495, 'y': 42.727779}, {'x': -73.69948, 'y': 42.728389}, {'x': -73.699351, 'y': 42.728916}, {'x': -73.699269, 'y': 42.729175}, {'x': -73.699183, 'y': 42.729429}, {'x': -73.699118, 'y': 42.729577}, {'x': -73.698485, 'y': 42.731168}, {'x': -73.698306, 'y': 42.731669}, {'x': -73.698198, 'y': 42.731976}, {'x': -73.698125, 'y': 42.732449}, {'x': -73.698103, 'y': 42.732816}, {'x': -73.69811, 'y': 42.733087}, {'x': -73.698134, 'y': 42.733388}, {'x': -73.698196, 'y': 42.733776}, {'x': -73.698558, 'y': 42.734921}, {'x': -73.698717, 'y': 42.735391}, {'x': -73.698867, 'y': 42.735983}]",1645796566611.0,3.0,"[{}, {}, {}, {}]",17.291666666666668,62.25,I-787 N,NONE,NONE,640161576.0,2022-02-25 13:42:46,4,False,LineString,"[[-73.705403, 42.709181], [-73.705372, 42.709287], [-73.705268, 42.709647], [-73.704467, 42.712418], [-73.704116, 42.713632], [-73.703844, 42.714383], [-73.702674, 42.716989], [-73.702446, 42.717527], [-73.701582, 42.719875], [-73.700883, 42.721715], [-73.699919, 42.724228], [-73.699626, 42.725039], [-73.699476, 42.725618], [-73.699449, 42.725784], [-73.699427, 42.726332], [-73.699495, 42.727779], [-73.69948, 42.728389], [-73.699351, 42.728916], [-73.699269, 42.729175], [-73.699183, 42.729429], [-73.699118, 42.729577], [-73.698485, 42.731168], [-73.698306, 42.731669], [-73.698198, 42.731976], [-73.698125, 42.732449], [-73.698103, 42.732816], [-73.69811, 42.733087], [-73.698134, 42.733388], [-73.698196, 42.733776], [-73.698558, 42.734921], [-73.698717, 42.735391], [-73.698867, 42.735983]]",2022-02-25,-73.7150084981891,42.68919083233,18593815,39254922,C - POSSIBLE INJURY,INJURY,999,2022,OVERTAKING,2022/02/25,1900-01-01 14:02:00,COLLISION WITH MOTOR VEHICLE,DAYLIGHT,STRAIGHT AND LEVEL,SNOW/ICE,NONE,NOT ENTERED,SNOW,0,1970/01/01,0,1,1,0,2,10102.0,0,NYSP LOUDONVILLE,No,605264.63246988,4727101.31035826,Not an intersection crash,Connecting Road,Albany,1.0,10.0,,Menands,I 787,787I11012012,88.0,T,11-Urban Principal Arterial Interstate,NYSDOT,NYSDOT,Interstate 787,55.0,"V1:(UNSAFE SPEED,PAVEMENT SLIPPERY) / V2:(NOT APPLICABLE,NOT APPLICABLE)",2022-02-25,-73.705403,42.709181
354,Feature,,"Watervliet, NY",US,61.0,I-787 N,640161576.0,3063.0,1.0,"[{'x': -73.705403, 'y': 42.709181}, {'x': -73.705372, 'y': 42.709287}, {'x': -73.705268, 'y': 42.709647}, {'x': -73.704467, 'y': 42.712418}, {'x': -73.704116, 'y': 42.713632}, {'x': -73.703844, 'y': 42.714383}, {'x': -73.702674, 'y': 42.716989}, {'x': -73.702446, 'y': 42.717527}, {'x': -73.701582, 'y': 42.719875}, {'x': -73.700883, 'y': 42.721715}, {'x': -73.699919, 'y': 42.724228}, {'x': -73.699626, 'y': 42.725039}, {'x': -73.699476, 'y': 42.725618}, {'x': -73.699449, 'y': 42.725784}, {'x': -73.699427, 'y': 42.726332}, {'x': -73.699495, 'y': 42.727779}, {'x': -73.69948, 'y': 42.728389}, {'x': -73.699351, 'y': 42.728916}, {'x': -73.699269, 'y': 42.729175}, {'x': -73.699183, 'y': 42.729429}, {'x': -73.699118, 'y': 42.729577}, {'x': -73.698485, 'y': 42.731168}, {'x': -73.698306, 'y': 42.731669}, {'x': -73.698198, 'y': 42.731976}, {'x': -73.698125, 'y': 42.732449}, {'x': -73.698103, 'y': 42.732816}, {'x': -73.69811, 'y': 42.733087}, {'x': -73.698134, 'y': 42.733388}, {'x': -73.698196, 'y': 42.733776}, {'x': -73.698558, 'y': 42.734921}, {'x': -73.698717, 'y': 42.735391}, {'x': -73.698867, 'y': 42.735983}]",1645796566611.0,3.0,"[{}, {}, {}, {}]",17.75,63.9,I-787 N,NONE,NONE,640161576.0,2022-02-25 13:42:46,4,False,LineString,"[[-73.705403, 42.709181], [-73.705372, 42.709287], [-73.705268, 42.709647], [-73.704467, 42.712418], [-73.704116, 42.713632], [-73.703844, 42.714383], [-73.702674, 42.716989], [-73.702446, 42.717527], [-73.701582, 42.719875], [-73.700883, 42.721715], [-73.699919, 42.724228], [-73.699626, 42.725039], [-73.699476, 42.725618], [-73.699449, 42.725784], [-73.699427, 42.726332], [-73.699495, 42.727779], [-73.69948, 42.728389], [-73.699351, 42.728916], [-73.699269, 42.729175], [-73.699183, 42.729429], [-73.699118, 42.729577], [-73.698485, 42.731168], [-73.698306, 42.731669], [-73.698198, 42.731976], [-73.698125, 42.732449], [-73.698103, 42.732816], [-73.69811, 42.733087], [-73.698134, 42.733388], [-73.698196, 42.733776], [-73.698558, 42.734921], [-73.698717, 42.735391], [-73.698867, 42.735983]]",2022-02-25,-73.7150084981891,42.68919083233,18593815,39254922,C - POSSIBLE INJURY,INJURY,999,2022,OVERTAKING,2022/02/25,1900-01-01 14:02:00,COLLISION WITH MOTOR VEHICLE,DAYLIGHT,STRAIGHT AND LEVEL,SNOW/ICE,NONE,NOT ENTERED,SNOW,0,1970/01/01,0,1,1,0,2,10102.0,0,NYSP LOUDONVILLE,No,605264.63246988,4727101.31035826,Not an intersection crash,Connecting Road,Albany,1.0,10.0,,Menands,I 787,787I11012012,88.0,T,11-Urban Principal Arterial Interstate,NYSDOT,NYSDOT,Interstate 787,55.0,"V1:(UNSAFE SPEED,PAVEMENT SLIPPERY) / V2:(NOT APPLICABLE,NOT APPLICABLE)",2022-02-25,-73.705403,42.709181