,type,properties.blockingAlertUuid,properties.city,properties.country,properties.delay,properties.endNode,properties.id,properties.length,properties.level,properties.line,properties.pubMillis,properties.roadType,properties.segments,properties.speed,properties.speedKMH,properties.street,properties.turnType,properties.type,properties.uuid,properties.utc_timestamp,properties.day_of_week,properties.weekday_weekend,geometry.type,geometry.coordinates,key_date_jams,X,Y,OBJECTID,CaseNumber,MaxInjuryS,CrashSever,RoadwayAcc,CaseYear,CollisionT,CrashDate,CrashTimeF,CrashType,LightCondi,RoadwayCha,RoadSurfac,TrafficCon,TrafficWay,WeatherCon,Commercial,DMVInsertD,NumberOfFa,NumberOfIn,NumberOfOt,NumberOfSe,NumberOfVe,PoliceDept,NonReporta,ReportingA,NonPublicW,UTMEasting,UTMNorthin,Intersecti,ClosestCro,CountyName,DirectionF,DistanceFr,MasterInte,CityTownNa,OnStreet,ReferenceM,ACCESS_CON,DIVIDED,FUNCTIONAL,MAINT_JURI,OWNING_JUR,NAME,POSTED_SPE,ApparentFa,key_date_crashes,jams_x,jams_y
379,Feature,,"Kirkwood, NY",US,65.0,to I-81 N / NY-17 W Â» Binghamton,1189774170.0,3135.0,1.0,"[{'x': -75.774208, 'y': 42.098095}, {'x': -75.775524, 'y': 42.098279}, {'x': -75.780932, 'y': 42.098894}, {'x': -75.784632, 'y': 42.099239}, {'x': -75.785753, 'y': 42.099333}, {'x': -75.787284, 'y': 42.099433}, {'x': -75.790545, 'y': 42.099644}, {'x': -75.790751, 'y': 42.099657}, {'x': -75.792843, 'y': 42.099855}, {'x': -75.794887, 'y': 42.100114}, {'x': -75.796148, 'y': 42.100322}, {'x': -75.799532, 'y': 42.10094}, {'x': -75.80164, 'y': 42.101309}, {'x': -75.802429, 'y': 42.10141}, {'x': -75.803084, 'y': 42.101467}, {'x': -75.803856, 'y': 42.1015}, {'x': -75.804638, 'y': 42.101503}, {'x': -75.805369, 'y': 42.10148}, {'x': -75.806274, 'y': 42.10141}, {'x': -75.806998, 'y': 42.101325}, {'x': -75.807518, 'y': 42.101238}, {'x': -75.808514, 'y': 42.10104}, {'x': -75.810231, 'y': 42.100612}, {'x': -75.810667, 'y': 42.100485}, {'x': -75.811471, 'y': 42.100267}]",1646847732365.0,3.0,"[{}, {}, {}]",18.59722222222222,66.95,I-86 W,NONE,NONE,1189774170.0,2022-03-09 17:42:12,2,False,LineString,"[[-75.774208, 42.098095], [-75.775524, 42.098279], [-75.780932, 42.098894], [-75.784632, 42.099239], [-75.785753, 42.099333], [-75.787284, 42.099433], [-75.790545, 42.099644], [-75.790751, 42.099657], [-75.792843, 42.099855], [-75.794887, 42.100114], [-75.796148, 42.100322], [-75.799532, 42.10094], [-75.80164, 42.101309], [-75.802429, 42.10141], [-75.803084, 42.101467], [-75.803856, 42.1015], [-75.804638, 42.101503], [-75.805369, 42.10148], [-75.806274, 42.10141], [-75.806998, 42.101325], [-75.807518, 42.101238], [-75.808514, 42.10104], [-75.810231, 42.100612], [-75.810667, 42.100485], [-75.811471, 42.100267]]",2022-03-09,-75.7836689683627,42.0991483468452,18604559,39266785,,PROPERTY DAMAGE,999,2022,OTHER,2022/03/09,1900-01-01 17:31:00,COLLISION WITH MEDIAN/BARRIER,DAYLIGHT,STRAIGHT AND LEVEL,SNOW/ICE,NONE,NOT ENTERED,SNOW,0,1970/01/01,0,0,0,0,1,300.0,0,BROOME CO SO,No,435199.03876333,4661081.75480343,Not an intersection crash,Ramp,Broome,7.0,302.0,,Kirkwood,I 86,17 91073039,0.0,F,Unknown,Unknown,Unknown,,,"V1:(PAVEMENT SLIPPERY,NOT APPLICABLE)",2022-03-09,-75.774208,42.098095
380,Feature,,"Greater Marathon Area, NY",US,104.0,I-81 S,1272707382.0,5109.0,1.0,"[{'x': -76.038669, 'y': 42.451157}, {'x': -76.036903, 'y': 42.448153}, {'x': -76.036149, 'y': 42.44691}, {'x': -76.035746, 'y': 42.446324}, {'x': -76.035513, 'y': 42.446016}, {'x': -76.034902, 'y': 42.445311}, {'x': -76.034422, 'y': 42.444835}, {'x': -76.032771, 'y': 42.443361}, {'x': -76.032246, 'y': 42.442909}, {'x': -76.031919, 'y': 42.4426}, {'x': -76.031621, 'y': 42.44227}, {'x': -76.0313, 'y': 42.44189}, {'x': -76.031013, 'y': 42.441498}, {'x': -76.030005, 'y': 42.439953}, {'x': -76.02791, 'y': 42.436836}, {'x': -76.02757, 'y': 42.436358}, {'x': -76.026609, 'y': 42.435098}, {'x': -76.02588, 'y': 42.434152}, {'x': -76.025782, 'y': 42.434026}, {'x': -76.023137, 'y': 42.430672}, {'x': -76.021629, 'y': 42.428773}, {'x': -76.020865, 'y': 42.42778}, {'x': -76.019813, 'y': 42.426432}, {'x': -76.019501, 'y': 42.425966}, {'x': -76.01922, 'y': 42.425496}, {'x': -76.018979, 'y': 42.425019}, {'x': -76.018763, 'y': 42.424524}, {'x': -76.018559, 'y': 42.42397}, {'x': -76.018473, 'y': 42.423666}, {'x': -76.018281, 'y': 42.422848}, {'x': -76.017635, 'y': 42.418906}, {'x': -76.017401, 'y': 42.417573}, {'x': -76.01699, 'y': 42.415153}, {'x': -76.016775, 'y': 42.414228}, {'x': -76.016072, 'y': 42.411626}, {'x': -76.015673, 'y': 42.410159}, {'x': -76.015431, 'y': 42.40929}]",1647073947658.0,3.0,"[{}, {}]",18.97222222222222,68.3,I-81 S,NONE,NONE,1272707382.0,2022-03-12 08:32:27,5,True,LineString,"[[-76.038669, 42.451157], [-76.036903, 42.448153], [-76.036149, 42.44691], [-76.035746, 42.446324], [-76.035513, 42.446016], [-76.034902, 42.445311], [-76.034422, 42.444835], [-76.032771, 42.443361], [-76.032246, 42.442909], [-76.031919, 42.4426], [-76.031621, 42.44227], [-76.0313, 42.44189], [-76.031013, 42.441498], [-76.030005, 42.439953], [-76.02791, 42.436836], [-76.02757, 42.436358], [-76.026609, 42.435098], [-76.02588, 42.434152], [-76.025782, 42.434026], [-76.023137, 42.430672], [-76.021629, 42.428773], [-76.020865, 42.42778], [-76.019813, 42.426432], [-76.019501, 42.425966], [-76.01922, 42.425496], [-76.018979, 42.425019], [-76.018763, 42.424524], [-76.018559, 42.42397], [-76.018473, 42.423666], [-76.018281, 42.422848], [-76.017635, 42.418906], [-76.017401, 42.417573], [-76.01699, 42.415153], [-76.016775, 42.414228], [-76.016072, 42.411626], [-76.015673, 42.410159], [-76.015431, 42.40929]]",2022-03-12,-76.0422069006089,42.4571389296367,18609472,39272111,,PROPERTY DAMAGE,999,2022,OTHER,2022/03/12,1900-01-01 08:50:00,COLL. W/EARTH ELE./ROCK CUT/DITCH,DAYLIGHT,STRAIGHT AND LEVEL,SNOW/ICE,NONE,NOT ENTERED,SNOW,0,1970/01/01,0,0,0,0,1,11101.0,0,NYSP CORTLAND,No,414307.0,4701060.0,Not an intersection crash,,Cortland,,0.0,,Marathon,,,,,Unknown,Unknown,Unknown,,,"V1:(TIRE FAILURE/INADEQUATE,UNSAFE SPEED)",2022-03-12,-76.038669,42.451157
381,Feature,,"Greater Marathon Area, NY",US,124.0,I-81 S,1272707382.0,5991.0,1.0,"[{'x': -76.04297, 'y': 42.45843}, {'x': -76.041915, 'y': 42.456665}, {'x': -76.039091, 'y': 42.451868}, {'x': -76.038669, 'y': 42.451157}, {'x': -76.036903, 'y': 42.448153}, {'x': -76.036149, 'y': 42.44691}, {'x': -76.035746, 'y': 42.446324}, {'x': -76.035513, 'y': 42.446016}, {'x': -76.034902, 'y': 42.445311}, {'x': -76.034422, 'y': 42.444835}, {'x': -76.032771, 'y': 42.443361}, {'x': -76.032246, 'y': 42.442909}, {'x': -76.031919, 'y': 42.4426}, {'x': -76.031621, 'y': 42.44227}, {'x': -76.0313, 'y': 42.44189}, {'x': -76.031013, 'y': 42.441498}, {'x': -76.030005, 'y': 42.439953}, {'x': -76.02791, 'y': 42.436836}, {'x': -76.02757, 'y': 42.436358}, {'x': -76.026609, 'y': 42.435098}, {'x': -76.02588, 'y': 42.434152}, {'x': -76.025782, 'y': 42.434026}, {'x': -76.023137, 'y': 42.430672}, {'x': -76.021629, 'y': 42.428773}, {'x': -76.020865, 'y': 42.42778}, {'x': -76.019813, 'y': 42.426432}, {'x': -76.019501, 'y': 42.425966}, {'x': -76.01922, 'y': 42.425496}, {'x': -76.018979, 'y': 42.425019}, {'x': -76.018763, 'y': 42.424524}, {'x': -76.018559, 'y': 42.42397}, {'x': -76.018473, 'y': 42.423666}, {'x': -76.018281, 'y': 42.422848}, {'x': -76.017635, 'y': 42.418906}, {'x': -76.017401, 'y': 42.417573}, {'x': -76.01699, 'y': 42.415153}, {'x': -76.016775, 'y': 42.414228}, {'x': -76.016072, 'y': 42.411626}, {'x': -76.015673, 'y': 42.410159}, {'x': -76.015431, 'y': 42.40929}]",1647073947658.0,3.0,"[{}, {}, {}]",18.88888888888889,68.0,I-81 S,NONE,NONE,1272707382.0,2022-03-12 08:32:27,5,True,LineString,"[[-76.04297, 42.45843], [-76.041915, 42.456665], [-76.039091, 42.451868], [-76.038669, 42.451157], [-76.036903, 42.448153], [-76.036149, 42.44691], [-76.035746, 42.446324], [-76.035513, 42.446016], [-76.034902, 42.445311], [-76.034422, 42.444835], [-76.032771, 42.443361], [-76.032246, 42.442909], [-76.031919, 42.4426], [-76.031621, 42.44227], [-76.0313, 42.44189], [-76.031013, 42.441498], [-76.030005, 42.439953], [-76.02791, 42.436836], [-76.02757, 42.436358], [-76.026609, 42.435098], [-76.02588, 42.434152], [-76.025782, 42.434026], [-76.023137, 42.430672], [-76.021629, 42.428773], [-76.020865, 42.42778], [-76.019813, 42.426432], [-76.019501, 42.425966], [-76.01922, 42.425496], [-76.018979, 42.425019], [-76.018763, 42.424524], [-76.018559, 42.42397], [-76.018473, 42.423666], [-76.018281, 42.422848], [-76.017635, 42.418906], [-76.017401, 42.417573], [-76.01699, 42.415153], [-76.016775, 42.414228], [-76.016072, 42.411626], [-76.015673, 42.410159], [-76.015431, 42.40929]]",2022-03-12,-76.0422069006089,42.4571389296367,18609472,39272111,,PROPERTY DAMAGE,999,2022,OTHER,2022/03/12,1900-01-01 08:50:00,COLL. W/EARTH ELE./ROCK CUT/DITCH,DAYLIGHT,STRAIGHT AND LEVEL,SNOW/ICE,NONE,NOT ENTERED,SNOW,0,1970/01/01,0,0,0,0,1,11101.0,0,NYSP CORTLAND,No,414307.0,4701060.0,Not an intersection crash,,Cortland,,0.0,,Marathon,,,,,Unknown,Unknown,Unknown,,,"V1:(TIRE FAILURE/INADEQUATE,UNSAFE SPEED)",2022-03-12,-76.04297,42.45843
382,Feature,,"Greater Marathon Area, NY",US,61.0,I-81 S,1272712586.0,2937.0,1.0,"[{'x': -76.02588, 'y': 42.434152}, {'x': -76.025782, 'y': 42.434026}, {'x': -76.023137, 'y': 42.430672}, {'x': -76.021629, 'y': 42.428773}, {'x': -76.020865, 'y': 42.42778}, {'x': -76.019813, 'y': 42.426432}, {'x': -76.019501, 'y': 42.425966}, {'x': -76.01922, 'y': 42.425496}, {'x': -76.018979, 'y': 42.425019}, {'x': -76.018763, 'y': 42.424524}, {'x': -76.018559, 'y': 42.42397}, {'x': -76.018473, 'y': 42.423666}, {'x': -76.018281, 'y': 42.422848}, {'x': -76.017635, 'y': 42.418906}, {'x': -76.017401, 'y': 42.417573}, {'x': -76.01699, 'y': 42.415153}, {'x': -76.016775, 'y': 42.414228}, {'x': -76.016072, 'y': 42.411626}, {'x': -76.015673, 'y': 42.410159}, {'x': -76.015431, 'y': 42.40929}]",1647074081627.0,3.0,[{}],18.808333333333334,67.71,I-81 S,NONE,NONE,1272712586.0,2022-03-12 08:34:41,5,True,LineString,"[[-76.02588, 42.434152], [-76.025782, 42.434026], [-76.023137, 42.430672], [-76.021629, 42.428773], [-76.020865, 42.42778], [-76.019813, 42.426432], [-76.019501, 42.425966], [-76.01922, 42.425496], [-76.018979, 42.425019], [-76.018763, 42.424524], [-76.018559, 42.42397], [-76.018473, 42.423666], [-76.018281, 42.422848], [-76.017635, 42.418906], [-76.017401, 42.417573], [-76.01699, 42.415153], [-76.016775, 42.414228], [-76.016072, 42.411626], [-76.015673, 42.410159], [-76.015431, 42.40929]]",2022-03-12,-76.0422069006089,42.4571389296367,18609472,39272111,,PROPERTY DAMAGE,999,2022,OTHER,2022/03/12,1900-01-01 08:50:00,COLL. W/EARTH ELE./ROCK CUT/DITCH,DAYLIGHT,STRAIGHT AND LEVEL,SNOW/ICE,NONE,NOT ENTERED,SNOW,0,1970/01/01,0,0,0,0,1,11101.0,0,NYSP CORTLAND,No,414307.0,4701060.0,Not an intersection crash,,Cortland,,0.0,,Marathon,,,,,Unknown,Unknown,Unknown,,,"V1:(TIRE FAILURE/INADEQUATE,UNSAFE SPEED)",2022-03-12,-76.02588,42.434152
383,Feature,,"Greater Marathon Area, NY",US,83.0,I-81 N,1272715602.0,5065.0,1.0,"[{'x': -76.033054, 'y': 42.443916}, {'x': -76.034024, 'y': 42.444816}, {'x': -76.034713, 'y': 42.445491}, {'x': -76.03497, 'y': 42.445775}, {'x': -76.035717, 'y': 42.446739}, {'x': -76.036026, 'y': 42.447233}, {'x': -76.037183, 'y': 42.449188}, {'x': -76.03832, 'y': 42.451234}, {'x': -76.038696, 'y': 42.451919}, {'x': -76.041396, 'y': 42.456821}, {'x': -76.046435, 'y': 42.465961}, {'x': -76.04765, 'y': 42.468156}, {'x': -76.048588, 'y': 42.469633}, {'x': -76.049279, 'y': 42.470603}, {'x': -76.049997, 'y': 42.471551}, {'x': -76.05082, 'y': 42.472529}, {'x': -76.05168, 'y': 42.473496}, {'x': -76.056002, 'y': 42.477899}, {'x': -76.061274, 'y': 42.483237}, {'x': -76.061929, 'y': 42.483872}]",1647074148023.0,3.0,[{}],20.508333333333333,73.83,I-81 N,NONE,NONE,1272715602.0,2022-03-12 08:35:48,5,True,LineString,"[[-76.033054, 42.443916], [-76.034024, 42.444816], [-76.034713, 42.445491], [-76.03497, 42.445775], [-76.035717, 42.446739], [-76.036026, 42.447233], [-76.037183, 42.449188], [-76.03832, 42.451234], [-76.038696, 42.451919], [-76.041396, 42.456821], [-76.046435, 42.465961], [-76.04765, 42.468156], [-76.048588, 42.469633], [-76.049279, 42.470603], [-76.049997, 42.471551], [-76.05082, 42.472529], [-76.05168, 42.473496], [-76.056002, 42.477899], [-76.061274, 42.483237], [-76.061929, 42.483872]]",2022-03-12,-76.0422069006089,42.4571389296367,18609472,39272111,,PROPERTY DAMAGE,999,2022,OTHER,2022/03/12,1900-01-01 08:50:00,COLL. W/EARTH ELE./ROCK CUT/DITCH,DAYLIGHT,STRAIGHT AND LEVEL,SNOW/ICE,NONE,NOT ENTERED,SNOW,0,1970/01/01,0,0,0,0,1,11101.0,0,NYSP CORTLAND,No,414307.0,4701060.0,Not an intersection crash,,Cortland,,0.0,,Marathon,,,,,Unknown,Unknown,Unknown,,,"V1:(TIRE FAILURE/INADEQUATE,UNSAFE SPEED)",2022-03-12,-76.033054,42.443916
384,Feature,,"Greater Marathon Area, NY",US,85.0,I-81 N,1272775038.0,5065.0,1.0,"[{'x': -76.033054, 'y': 42.443916}, {'x': -76.034024, 'y': 42.444816}, {'x': -76.034713, 'y': 42.445491}, {'x': -76.03497, 'y': 42.445775}, {'x': -76.035717, 'y': 42.446739}, {'x': -76.036026, 'y': 42.447233}, {'x': -76.037183, 'y': 42.449188}, {'x': -76.03832, 'y': 42.451234}, {'x': -76.038696, 'y': 42.451919}, {'x': -76.041396, 'y': 42.456821}, {'x': -76.046435, 'y': 42.465961}, {'x': -76.04765, 'y': 42.468156}, {'x': -76.048588, 'y': 42.469633}, {'x': -76.049279, 'y': 42.470603}, {'x': -76.049997, 'y': 42.471551}, {'x': -76.05082, 'y': 42.472529}, {'x': -76.05168, 'y': 42.473496}, {'x': -76.056002, 'y': 42.477899}, {'x': -76.061274, 'y': 42.483237}, {'x': -76.061929, 'y': 42.483872}]",1647075940699.0,3.0,[{}],20.35,73.26,I-81 N,NONE,NONE,1272775038.0,2022-03-12 09:05:40,5,True,LineString,"[[-76.033054, 42.443916], [-76.034024, 42.444816], [-76.034713, 42.445491], [-76.03497, 42.445775], [-76.035717, 42.446739], [-76.036026, 42.447233], [-76.037183, 42.449188], [-76.03832, 42.451234], [-76.038696, 42.451919], [-76.041396, 42.456821], [-76.046435, 42.465961], [-76.04765, 42.468156], [-76.048588, 42.469633], [-76.049279, 42.470603], [-76.049997, 42.471551], [-76.05082, 42.472529], [-76.05168, 42.473496], [-76.056002, 42.477899], [-76.061274, 42.483237], [-76.061929, 42.483872]]",2022-03-12,-76.0422069006089,42.4571389296367,18609472,39272111,,PROPERTY DAMAGE,999,2022,OTHER,2022/03/12,1900-01-01 08:50:00,COLL. W/EARTH ELE./ROCK CUT/DITCH,DAYLIGHT,STRAIGHT AND LEVEL,SNOW/ICE,NONE,NOT ENTERED,SNOW,0,1970/01/01,0,0,0,0,1,11101.0,0,NYSP CORTLAND,No,414307.0,4701060.0,Not an intersection crash,,Cortland,,0.0,,Marathon,,,,,Unknown,Unknown,Unknown,,,"V1:(TIRE FAILURE/INADEQUATE,UNSAFE SPEED)",2022-03-12,-76.033054,42.443916
385,Feature,,"Greater Marathon Area, NY",US,85.0,I-81 N,1272781846.0,5609.0,1.0,"[{'x': -76.029548, 'y': 42.439783}, {'x': -76.029719, 'y': 42.440002}, {'x': -76.030747, 'y': 42.441432}, {'x': -76.031031, 'y': 42.441852}, {'x': -76.031326, 'y': 42.442226}, {'x': -76.031667, 'y': 42.442614}, {'x': -76.031946, 'y': 42.442881}, {'x': -76.033055, 'y': 42.443915}, {'x': -76.033054, 'y': 42.443916}, {'x': -76.034024, 'y': 42.444816}, {'x': -76.034713, 'y': 42.445491}, {'x': -76.03497, 'y': 42.445775}, {'x': -76.035717, 'y': 42.446739}, {'x': -76.036026, 'y': 42.447233}, {'x': -76.037183, 'y': 42.449188}, {'x': -76.03832, 'y': 42.451234}, {'x': -76.038696, 'y': 42.451919}, {'x': -76.041396, 'y': 42.456821}, {'x': -76.046435, 'y': 42.465961}, {'x': -76.04765, 'y': 42.468156}, {'x': -76.048588, 'y': 42.469633}, {'x': -76.049279, 'y': 42.470603}, {'x': -76.049997, 'y': 42.471551}, {'x': -76.05082, 'y': 42.472529}, {'x': -76.05168, 'y': 42.473496}, {'x': -76.056002, 'y': 42.477899}, {'x': -76.061274, 'y': 42.483237}, {'x': -76.061929, 'y': 42.483872}]",1647076207555.0,3.0,"[{}, {}]",21.01388888888889,75.65,I-81 N,NONE,NONE,1272781846.0,2022-03-12 09:10:07,5,True,LineString,"[[-76.029548, 42.439783], [-76.029719, 42.440002], [-76.030747, 42.441432], [-76.031031, 42.441852], [-76.031326, 42.442226], [-76.031667, 42.442614], [-76.031946, 42.442881], [-76.033055, 42.443915], [-76.033054, 42.443916], [-76.034024, 42.444816], [-76.034713, 42.445491], [-76.03497, 42.445775], [-76.035717, 42.446739], [-76.036026, 42.447233], [-76.037183, 42.449188], [-76.03832, 42.451234], [-76.038696, 42.451919], [-76.041396, 42.456821], [-76.046435, 42.465961], [-76.04765, 42.468156], [-76.048588, 42.469633], [-76.049279, 42.470603], [-76.049997, 42.471551], [-76.05082, 42.472529], [-76.05168, 42.473496], [-76.056002, 42.477899], [-76.061274, 42.483237], [-76.061929, 42.483872]]",2022-03-12,-76.0422069006089,42.4571389296367,18609472,39272111,,PROPERTY DAMAGE,999,2022,OTHER,2022/03/12,1900-01-01 08:50:00,COLL. W/EARTH ELE./ROCK CUT/DITCH,DAYLIGHT,STRAIGHT AND LEVEL,SNOW/ICE,NONE,NOT ENTERED,SNOW,0,1970/01/01,0,0,0,0,1,11101.0,0,NYSP CORTLAND,No,414307.0,4701060.0,Not an intersection crash,,Cortland,,0.0,,Marathon,,,,,Unknown,Unknown,Unknown,,,"V1:(TIRE FAILURE/INADEQUATE,UNSAFE SPEED)",2022-03-12,-76.029548,42.439783
386,Feature,,"Cortlandville, NY",US,193.0,I-81 N,1272801676.0,9173.0,1.0,"[{'x': -76.090784, 'y': 42.542137}, {'x': -76.0914, 'y': 42.543104}, {'x': -76.093494, 'y': 42.546231}, {'x': -76.093867, 'y': 42.546775}, {'x': -76.093957, 'y': 42.546908}, {'x': -76.094753, 'y': 42.548139}, {'x': -76.095311, 'y': 42.548969}, {'x': -76.095912, 'y': 42.549712}, {'x': -76.096379, 'y': 42.55027}, {'x': -76.096849, 'y': 42.550791}, {'x': -76.097177, 'y': 42.551149}, {'x': -76.097632, 'y': 42.551605}, {'x': -76.098032, 'y': 42.551979}, {'x': -76.098196, 'y': 42.552124}, {'x': -76.098567, 'y': 42.552447}, {'x': -76.099149, 'y': 42.552907}, {'x': -76.099858, 'y': 42.553421}, {'x': -76.100614, 'y': 42.553917}, {'x': -76.100934, 'y': 42.554115}, {'x': -76.101738, 'y': 42.554564}, {'x': -76.107199, 'y': 42.557501}, {'x': -76.107764, 'y': 42.557814}, {'x': -76.108623, 'y': 42.558329}, {'x': -76.109169, 'y': 42.558676}, {'x': -76.10994, 'y': 42.559208}, {'x': -76.110867, 'y': 42.559889}, {'x': -76.111704, 'y': 42.560558}, {'x': -76.112476, 'y': 42.561235}, {'x': -76.113384, 'y': 42.562119}, {'x': -76.113937, 'y': 42.562709}, {'x': -76.114408, 'y': 42.56324}, {'x': -76.114813, 'y': 42.563733}, {'x': -76.115169, 'y': 42.564192}, {'x': -76.115846, 'y': 42.565148}, {'x': -76.116144, 'y': 42.565623}, {'x': -76.116434, 'y': 42.56611}, {'x': -76.116949, 'y': 42.567056}, {'x': -76.119865, 'y': 42.572842}, {'x': -76.120695, 'y': 42.574493}, {'x': -76.120703, 'y': 42.574508}, {'x': -76.122349, 'y': 42.577764}, {'x': -76.125134, 'y': 42.583296}, {'x': -76.12578, 'y': 42.584538}, {'x': -76.126179, 'y': 42.585213}, {'x': -76.12668, 'y': 42.585961}, {'x': -76.126987, 'y': 42.586395}, {'x': -76.127249, 'y': 42.586728}, {'x': -76.12762, 'y': 42.587187}, {'x': -76.128156, 'y': 42.587804}, {'x': -76.128406, 'y': 42.588081}, {'x': -76.129081, 'y': 42.588766}, {'x': -76.129773, 'y': 42.589438}, {'x': -76.131429, 'y': 42.590893}, {'x': -76.131847, 'y': 42.591252}, {'x': -76.132776, 'y': 42.591926}, {'x': -76.134673, 'y': 42.593174}, {'x': -76.136003, 'y': 42.59396}, {'x': -76.13703, 'y': 42.594519}, {'x': -76.138044, 'y': 42.595024}, {'x': -76.138648, 'y': 42.595305}, {'x': -76.139508, 'y': 42.59568}, {'x': -76.140353, 'y': 42.596016}, {'x': -76.14123, 'y': 42.596315}, {'x': -76.142036, 'y': 42.596569}, {'x': -76.142592, 'y': 42.59673}, {'x': -76.143585, 'y': 42.596984}, {'x': -76.144529, 'y': 42.597192}, {'x': -76.145933, 'y': 42.597448}, {'x': -76.149602, 'y': 42.598065}, {'x': -76.150365, 'y': 42.59821}, {'x': -76.151366, 'y': 42.598471}, {'x': -76.151774, 'y': 42.598613}, {'x': -76.152322, 'y': 42.598833}, {'x': -76.152994, 'y': 42.599163}, {'x': -76.153391, 'y': 42.599392}, {'x': -76.153974, 'y': 42.59979}, {'x': -76.15433, 'y': 42.600073}, {'x': -76.154595, 'y': 42.60031}, {'x': -76.15494, 'y': 42.600657}, {'x': -76.155398, 'y': 42.601225}, {'x': -76.155591, 'y': 42.60152}, {'x': -76.155856, 'y': 42.601999}, {'x': -76.156064, 'y': 42.602485}, {'x': -76.156217, 'y': 42.60296}, {'x': -76.156534, 'y': 42.604183}]",1647077010234.0,3.0,"[{}, {}, {}]",18.666666666666668,67.2,I-81 N,NONE,NONE,1272801676.0,2022-03-12 09:23:30,5,True,LineString,"[[-76.090784, 42.542137], [-76.0914, 42.543104], [-76.093494, 42.546231], [-76.093867, 42.546775], [-76.093957, 42.546908], [-76.094753, 42.548139], [-76.095311, 42.548969], [-76.095912, 42.549712], [-76.096379, 42.55027], [-76.096849, 42.550791], [-76.097177, 42.551149], [-76.097632, 42.551605], [-76.098032, 42.551979], [-76.098196, 42.552124], [-76.098567, 42.552447], [-76.099149, 42.552907], [-76.099858, 42.553421], [-76.100614, 42.553917], [-76.100934, 42.554115], [-76.101738, 42.554564], [-76.107199, 42.557501], [-76.107764, 42.557814], [-76.108623, 42.558329], [-76.109169, 42.558676], [-76.10994, 42.559208], [-76.110867, 42.559889], [-76.111704, 42.560558], [-76.112476, 42.561235], [-76.113384, 42.562119], [-76.113937, 42.562709], [-76.114408, 42.56324], [-76.114813, 42.563733], [-76.115169, 42.564192], [-76.115846, 42.565148], [-76.116144, 42.565623], [-76.116434, 42.56611], [-76.116949, 42.567056], [-76.119865, 42.572842], [-76.120695, 42.574493], [-76.120703, 42.574508], [-76.122349, 42.577764], [-76.125134, 42.583296], [-76.12578, 42.584538], [-76.126179, 42.585213], [-76.12668, 42.585961], [-76.126987, 42.586395], [-76.127249, 42.586728], [-76.12762, 42.587187], [-76.128156, 42.587804], [-76.128406, 42.588081], [-76.129081, 42.588766], [-76.129773, 42.589438], [-76.131429, 42.590893], [-76.131847, 42.591252], [-76.132776, 42.591926], [-76.134673, 42.593174], [-76.136003, 42.59396], [-76.13703, 42.594519], [-76.138044, 42.595024], [-76.138648, 42.595305], [-76.139508, 42.59568], [-76.140353, 42.596016], [-76.14123, 42.596315], [-76.142036, 42.596569], [-76.142592, 42.59673], [-76.143585, 42.596984], [-76.144529, 42.597192], [-76.145933, 42.597448], [-76.149602, 42.598065], [-76.150365, 42.59821], [-76.151366, 42.598471], [-76.151774, 42.598613], [-76.152322, 42.598833], [-76.152994, 42.599163], [-76.153391, 42.599392], [-76.153974, 42.59979], [-76.15433, 42.600073], [-76.154595, 42.60031], [-76.15494, 42.600657], [-76.155398, 42.601225], [-76.155591, 42.60152], [-76.155856, 42.601999], [-76.156064, 42.602485], [-76.156217, 42.60296], [-76.156534, 42.604183]]",2022-03-12,-76.1106659383065,42.5586996079372,18615524,39278839,,PROPERTY DAMAGE,2,2022,OTHER,2022/03/12,1900-01-01 09:28:00,COLL. W/EARTH ELE./ROCK CUT/DITCH,DAYLIGHT,STRAIGHT AND LEVEL,SNOW/ICE,NONE,"TWO-WAY,DIVIDED,UNPROTECTED MEDIA","SLEET/HAIL/FREEZING RAIN
",1,1970/01/01,0,0,0,0,1,11101.0,0,NYSP CORTLAND,No,408825.78645842,4712408.751877,Not an intersection crash,,Cortland,,0.0,,Cortlandville,I 81,81I32021117,88.0,T,1-Rural Principal Arterial Interstate,NYSDOT,NYSDOT,,65.0,"V1:(UNSAFE SPEED,PAVEMENT SLIPPERY)",2022-03-12,-76.090784,42.542137