,type,properties.blockingAlertUuid,properties.city,properties.country,properties.delay,properties.endNode,properties.id,properties.length,properties.level,properties.line,properties.pubMillis,properties.roadType,properties.segments,properties.speed,properties.speedKMH,properties.street,properties.turnType,properties.type,properties.uuid,properties.utc_timestamp,properties.day_of_week,properties.weekday_weekend,geometry.type,geometry.coordinates,key_date_jams,X,Y,OBJECTID,CaseNumber,MaxInjuryS,CrashSever,RoadwayAcc,CaseYear,CollisionT,CrashDate,CrashTimeF,CrashType,LightCondi,RoadwayCha,RoadSurfac,TrafficCon,TrafficWay,WeatherCon,Commercial,DMVInsertD,NumberOfFa,NumberOfIn,NumberOfOt,NumberOfSe,NumberOfVe,PoliceDept,NonReporta,ReportingA,NonPublicW,UTMEasting,UTMNorthin,Intersecti,ClosestCro,CountyName,DirectionF,DistanceFr,MasterInte,CityTownNa,OnStreet,ReferenceM,ACCESS_CON,DIVIDED,FUNCTIONAL,MAINT_JURI,OWNING_JUR,NAME,POSTED_SPE,ApparentFa,key_date_crashes,jams_x,jams_y
387,Feature,,"DeWitt, NY",US,100.0,Exit 3E: NY-5 E / NY-92 E Â» Fayetteville,1272849662.0,3462.0,2.0,"[{'x': -76.051965, 'y': 43.061894}, {'x': -76.051939, 'y': 43.0616}, {'x': -76.051921, 'y': 43.06128}, {'x': -76.05194, 'y': 43.060994}, {'x': -76.051979, 'y': 43.060706}, {'x': -76.052099, 'y': 43.060223}, {'x': -76.05229, 'y': 43.059731}, {'x': -76.052529, 'y': 43.05927}, {'x': -76.054065, 'y': 43.056777}, {'x': -76.054255, 'y': 43.056447}, {'x': -76.05433, 'y': 43.056314}, {'x': -76.054375, 'y': 43.056227}, {'x': -76.054417, 'y': 43.056115}, {'x': -76.054513, 'y': 43.055863}, {'x': -76.054585, 'y': 43.055595}, {'x': -76.05464, 'y': 43.055103}, {'x': -76.054633, 'y': 43.054965}, {'x': -76.054569, 'y': 43.054536}, {'x': -76.054412, 'y': 43.054077}, {'x': -76.05421, 'y': 43.053622}, {'x': -76.052454, 'y': 43.049799}, {'x': -76.052259, 'y': 43.049412}, {'x': -76.05207, 'y': 43.049013}, {'x': -76.051977, 'y': 43.048714}, {'x': -76.051843, 'y': 43.0484}, {'x': -76.051715, 'y': 43.048047}, {'x': -76.051615, 'y': 43.047714}, {'x': -76.051532, 'y': 43.047392}, {'x': -76.051483, 'y': 43.047073}, {'x': -76.051434, 'y': 43.046729}, {'x': -76.051385, 'y': 43.046282}, {'x': -76.051374, 'y': 43.045789}, {'x': -76.051429, 'y': 43.045028}, {'x': -76.051511, 'y': 43.044529}, {'x': -76.05166, 'y': 43.043944}, {'x': -76.051811, 'y': 43.043483}, {'x': -76.051856, 'y': 43.043367}, {'x': -76.051926, 'y': 43.043175}, {'x': -76.052144, 'y': 43.04272}, {'x': -76.052398, 'y': 43.042261}, {'x': -76.052715, 'y': 43.041784}, {'x': -76.053, 'y': 43.041393}, {'x': -76.054925, 'y': 43.039104}, {'x': -76.055689, 'y': 43.038175}, {'x': -76.056404, 'y': 43.037385}, {'x': -76.057407, 'y': 43.036206}, {'x': -76.058611, 'y': 43.034793}, {'x': -76.060028, 'y': 43.033143}]",1647079181842.0,3.0,"[{}, {}, {}, {}, {}, {}]",15.455555555555556,55.64,I-481 S,NONE,NONE,1272849662.0,2022-03-12 09:59:41,5,True,LineString,"[[-76.051965, 43.061894], [-76.051939, 43.0616], [-76.051921, 43.06128], [-76.05194, 43.060994], [-76.051979, 43.060706], [-76.052099, 43.060223], [-76.05229, 43.059731], [-76.052529, 43.05927], [-76.054065, 43.056777], [-76.054255, 43.056447], [-76.05433, 43.056314], [-76.054375, 43.056227], [-76.054417, 43.056115], [-76.054513, 43.055863], [-76.054585, 43.055595], [-76.05464, 43.055103], [-76.054633, 43.054965], [-76.054569, 43.054536], [-76.054412, 43.054077], [-76.05421, 43.053622], [-76.052454, 43.049799], [-76.052259, 43.049412], [-76.05207, 43.049013], [-76.051977, 43.048714], [-76.051843, 43.0484], [-76.051715, 43.048047], [-76.051615, 43.047714], [-76.051532, 43.047392], [-76.051483, 43.047073], [-76.051434, 43.046729], [-76.051385, 43.046282], [-76.051374, 43.045789], [-76.051429, 43.045028], [-76.051511, 43.044529], [-76.05166, 43.043944], [-76.051811, 43.043483], [-76.051856, 43.043367], [-76.051926, 43.043175], [-76.052144, 43.04272], [-76.052398, 43.042261], [-76.052715, 43.041784], [-76.053, 43.041393], [-76.054925, 43.039104], [-76.055689, 43.038175], [-76.056404, 43.037385], [-76.057407, 43.036206], [-76.058611, 43.034793], [-76.060028, 43.033143]]",2022-03-12,-76.054207613586,43.0536207750617,18612048,39274805,,PROPERTY DAMAGE,999,2022,OTHER,2022/03/12,1900-01-01 10:20:00,COLLISION WITH GUIDE RAIL,DAYLIGHT,STRAIGHT AND LEVEL,SNOW/ICE,NONE,NOT ENTERED,SNOW,0,1970/01/01,0,0,0,0,1,3353.0,0,DEWITT TOWN PD,No,414147.69440968,4767308.54000011,INTERSECTION-RELATED,I 481,Onondaga,SOUTH-EAST,0.0,7032966.0,De Witt,SERVICE ROAD,,0.0,F,19-Urban Local,NYSDOT,NYSDOT,NYS DOT SERVICE RD 2,,"V1:(PAVEMENT SLIPPERY,UNSAFE SPEED)",2022-03-12,-76.051965,43.061894
388,Feature,,"Kirkwood, NY",US,153.0,I-81 S,1272868680.0,9636.0,1.0,"[{'x': -75.800552, 'y': 42.070966}, {'x': -75.799357, 'y': 42.067398}, {'x': -75.799199, 'y': 42.066928}, {'x': -75.798976, 'y': 42.066264}, {'x': -75.798827, 'y': 42.065677}, {'x': -75.798765, 'y': 42.06532}, {'x': -75.798716, 'y': 42.064637}, {'x': -75.798714, 'y': 42.064351}, {'x': -75.799412, 'y': 42.056832}, {'x': -75.799439, 'y': 42.056069}, {'x': -75.79941, 'y': 42.055521}, {'x': -75.799319, 'y': 42.054841}, {'x': -75.799227, 'y': 42.054395}, {'x': -75.799033, 'y': 42.053707}, {'x': -75.798822, 'y': 42.053136}, {'x': -75.798594, 'y': 42.052622}, {'x': -75.798388, 'y': 42.05223}, {'x': -75.794601, 'y': 42.045425}, {'x': -75.791653, 'y': 42.040104}, {'x': -75.790571, 'y': 42.038151}, {'x': -75.790271, 'y': 42.037551}, {'x': -75.790118, 'y': 42.037204}, {'x': -75.789878, 'y': 42.03658}, {'x': -75.787854, 'y': 42.030494}, {'x': -75.785478, 'y': 42.023377}, {'x': -75.785223, 'y': 42.022755}, {'x': -75.785049, 'y': 42.02241}, {'x': -75.784806, 'y': 42.021996}, {'x': -75.784552, 'y': 42.021628}, {'x': -75.784255, 'y': 42.021241}, {'x': -75.783738, 'y': 42.020681}, {'x': -75.783452, 'y': 42.020404}, {'x': -75.783187, 'y': 42.020175}, {'x': -75.782695, 'y': 42.019787}, {'x': -75.782201, 'y': 42.019441}, {'x': -75.781274, 'y': 42.018898}, {'x': -75.780546, 'y': 42.018562}, {'x': -75.779799, 'y': 42.018267}, {'x': -75.778579, 'y': 42.017873}, {'x': -75.770127, 'y': 42.015255}, {'x': -75.769234, 'y': 42.014952}, {'x': -75.768424, 'y': 42.014632}, {'x': -75.767371, 'y': 42.014178}, {'x': -75.766502, 'y': 42.01375}, {'x': -75.76558, 'y': 42.013247}, {'x': -75.764846, 'y': 42.012812}, {'x': -75.76426, 'y': 42.012422}, {'x': -75.763627, 'y': 42.01197}, {'x': -75.76281, 'y': 42.011327}, {'x': -75.756686, 'y': 42.006129}, {'x': -75.755897, 'y': 42.005316}, {'x': -75.755189, 'y': 42.004459}, {'x': -75.754826, 'y': 42.003976}, {'x': -75.754346, 'y': 42.003271}, {'x': -75.754031, 'y': 42.002743}, {'x': -75.753772, 'y': 42.002271}, {'x': -75.753464, 'y': 42.001636}, {'x': -75.753182, 'y': 42.000959}, {'x': -75.753021, 'y': 42.000513}, {'x': -75.752843, 'y': 41.999978}, {'x': -75.752355, 'y': 41.997965}]",1647080093765.0,3.0,"[{}, {}, {}, {}, {}, {}]",20.59722222222222,74.15,I-81 S,NONE,NONE,1272868680.0,2022-03-12 10:14:53,5,True,LineString,"[[-75.800552, 42.070966], [-75.799357, 42.067398], [-75.799199, 42.066928], [-75.798976, 42.066264], [-75.798827, 42.065677], [-75.798765, 42.06532], [-75.798716, 42.064637], [-75.798714, 42.064351], [-75.799412, 42.056832], [-75.799439, 42.056069], [-75.79941, 42.055521], [-75.799319, 42.054841], [-75.799227, 42.054395], [-75.799033, 42.053707], [-75.798822, 42.053136], [-75.798594, 42.052622], [-75.798388, 42.05223], [-75.794601, 42.045425], [-75.791653, 42.040104], [-75.790571, 42.038151], [-75.790271, 42.037551], [-75.790118, 42.037204], [-75.789878, 42.03658], [-75.787854, 42.030494], [-75.785478, 42.023377], [-75.785223, 42.022755], [-75.785049, 42.02241], [-75.784806, 42.021996], [-75.784552, 42.021628], [-75.784255, 42.021241], [-75.783738, 42.020681], [-75.783452, 42.020404], [-75.783187, 42.020175], [-75.782695, 42.019787], [-75.782201, 42.019441], [-75.781274, 42.018898], [-75.780546, 42.018562], [-75.779799, 42.018267], [-75.778579, 42.017873], [-75.770127, 42.015255], [-75.769234, 42.014952], [-75.768424, 42.014632], [-75.767371, 42.014178], [-75.766502, 42.01375], [-75.76558, 42.013247], [-75.764846, 42.012812], [-75.76426, 42.012422], [-75.763627, 42.01197], [-75.76281, 42.011327], [-75.756686, 42.006129], [-75.755897, 42.005316], [-75.755189, 42.004459], [-75.754826, 42.003976], [-75.754346, 42.003271], [-75.754031, 42.002743], [-75.753772, 42.002271], [-75.753464, 42.001636], [-75.753182, 42.000959], [-75.753021, 42.000513], [-75.752843, 41.999978], [-75.752355, 41.997965]]",2022-03-12,-75.8164400177222,42.0968143659244,18616586,39280045,,PROPERTY DAMAGE,999,2022,OTHER,2022/03/12,1900-01-01 10:40:00,RAN OFF ROAD ONLY,DAYLIGHT,STRAIGHT AND LEVEL,SNOW/ICE,NONE,NOT ENTERED,SNOW,1,1970/01/01,0,0,0,0,1,10301.0,0,NYSP BINGHAMTON,No,432486.73256226,4660847.97788977,Not an intersection crash,Ramp,Broome,8.0,169.0,,Kirkwood,I 81,81I91011079,88.0,T,11-Urban Principal Arterial Interstate,NYSDOT,NYSDOT,,65.0,"V1:(PAVEMENT SLIPPERY,UNSAFE SPEED)",2022-03-12,-75.800552,42.070966
389,Feature,,"East Syracuse, NY",US,60.0,to I-481 N Â» I-90 / Thruway,1272871764.0,2364.0,1.0,"[{'x': -76.08802, 'y': 43.058975}, {'x': -76.087724, 'y': 43.058927}, {'x': -76.08599, 'y': 43.058601}, {'x': -76.084869, 'y': 43.058428}, {'x': -76.08393, 'y': 43.058321}, {'x': -76.075936, 'y': 43.057764}, {'x': -76.070308, 'y': 43.057367}, {'x': -76.069279, 'y': 43.057287}, {'x': -76.069279, 'y': 43.057286}, {'x': -76.068278, 'y': 43.05721}, {'x': -76.067292, 'y': 43.057143}, {'x': -76.067212, 'y': 43.057137}, {'x': -76.066573, 'y': 43.05709}, {'x': -76.066536, 'y': 43.057087}, {'x': -76.065441, 'y': 43.057002}, {'x': -76.064355, 'y': 43.056849}, {'x': -76.063419, 'y': 43.056675}, {'x': -76.062866, 'y': 43.05655}, {'x': -76.061848, 'y': 43.056283}, {'x': -76.061091, 'y': 43.056052}, {'x': -76.060415, 'y': 43.055816}, {'x': -76.059576, 'y': 43.055475}]",1647080223782.0,3.0,"[{}, {}, {}, {}, {}]",16.1,57.96,I-690 E,NONE,NONE,1272871764.0,2022-03-12 10:17:03,5,True,LineString,"[[-76.08802, 43.058975], [-76.087724, 43.058927], [-76.08599, 43.058601], [-76.084869, 43.058428], [-76.08393, 43.058321], [-76.075936, 43.057764], [-76.070308, 43.057367], [-76.069279, 43.057287], [-76.069279, 43.057286], [-76.068278, 43.05721], [-76.067292, 43.057143], [-76.067212, 43.057137], [-76.066573, 43.05709], [-76.066536, 43.057087], [-76.065441, 43.057002], [-76.064355, 43.056849], [-76.063419, 43.056675], [-76.062866, 43.05655], [-76.061848, 43.056283], [-76.061091, 43.056052], [-76.060415, 43.055816], [-76.059576, 43.055475]]",2022-03-12,-76.054207613586,43.0536207750617,18612048,39274805,,PROPERTY DAMAGE,999,2022,OTHER,2022/03/12,1900-01-01 10:20:00,COLLISION WITH GUIDE RAIL,DAYLIGHT,STRAIGHT AND LEVEL,SNOW/ICE,NONE,NOT ENTERED,SNOW,0,1970/01/01,0,0,0,0,1,3353.0,0,DEWITT TOWN PD,No,414147.69440968,4767308.54000011,INTERSECTION-RELATED,I 481,Onondaga,SOUTH-EAST,0.0,7032966.0,De Witt,SERVICE ROAD,,0.0,F,19-Urban Local,NYSDOT,NYSDOT,NYS DOT SERVICE RD 2,,"V1:(PAVEMENT SLIPPERY,UNSAFE SPEED)",2022-03-12,-76.08802,43.058975
390,Feature,,"Kirkwood, NY",US,64.0,I-81 N â€¢ I-86 W â€¢ NY-17 W,1272897332.0,3356.0,1.0,"[{'x': -75.800061, 'y': 42.071463}, {'x': -75.800754, 'y': 42.073808}, {'x': -75.801209, 'y': 42.075007}, {'x': -75.801416, 'y': 42.075454}, {'x': -75.801744, 'y': 42.076076}, {'x': -75.802623, 'y': 42.077473}, {'x': -75.805698, 'y': 42.081536}, {'x': -75.806098, 'y': 42.082065}, {'x': -75.808718, 'y': 42.085527}, {'x': -75.809129, 'y': 42.086146}, {'x': -75.80933, 'y': 42.086501}, {'x': -75.809653, 'y': 42.087153}, {'x': -75.812137, 'y': 42.093244}, {'x': -75.81235, 'y': 42.093695}, {'x': -75.812637, 'y': 42.094193}, {'x': -75.812941, 'y': 42.094666}, {'x': -75.813291, 'y': 42.095103}, {'x': -75.813813, 'y': 42.095661}, {'x': -75.814272, 'y': 42.096059}, {'x': -75.814806, 'y': 42.096484}, {'x': -75.815477, 'y': 42.096956}, {'x': -75.816229, 'y': 42.097437}, {'x': -75.817493, 'y': 42.098241}]",1647081906977.0,3.0,"[{}, {}, {}, {}, {}]",19.48333333333333,70.14,I-81 N,NONE,NONE,1272897332.0,2022-03-12 10:45:06,5,True,LineString,"[[-75.800061, 42.071463], [-75.800754, 42.073808], [-75.801209, 42.075007], [-75.801416, 42.075454], [-75.801744, 42.076076], [-75.802623, 42.077473], [-75.805698, 42.081536], [-75.806098, 42.082065], [-75.808718, 42.085527], [-75.809129, 42.086146], [-75.80933, 42.086501], [-75.809653, 42.087153], [-75.812137, 42.093244], [-75.81235, 42.093695], [-75.812637, 42.094193], [-75.812941, 42.094666], [-75.813291, 42.095103], [-75.813813, 42.095661], [-75.814272, 42.096059], [-75.814806, 42.096484], [-75.815477, 42.096956], [-75.816229, 42.097437], [-75.817493, 42.098241]]",2022-03-12,-75.8164400177222,42.0968143659244,18616586,39280045,,PROPERTY DAMAGE,999,2022,OTHER,2022/03/12,1900-01-01 10:40:00,RAN OFF ROAD ONLY,DAYLIGHT,STRAIGHT AND LEVEL,SNOW/ICE,NONE,NOT ENTERED,SNOW,1,1970/01/01,0,0,0,0,1,10301.0,0,NYSP BINGHAMTON,No,432486.73256226,4660847.97788977,Not an intersection crash,Ramp,Broome,8.0,169.0,,Kirkwood,I 81,81I91011079,88.0,T,11-Urban Principal Arterial Interstate,NYSDOT,NYSDOT,,65.0,"V1:(PAVEMENT SLIPPERY,UNSAFE SPEED)",2022-03-12,-75.800061,42.071463
391,Feature,,"Kirkwood, NY",US,160.0,to I-81 S / Scranton,1272916146.0,7209.0,1.0,"[{'x': -75.827095, 'y': 42.102337}, {'x': -75.827028, 'y': 42.102262}, {'x': -75.825549, 'y': 42.101403}, {'x': -75.823513, 'y': 42.100349}, {'x': -75.81944, 'y': 42.098316}, {'x': -75.816506, 'y': 42.096851}, {'x': -75.815731, 'y': 42.096437}, {'x': -75.815271, 'y': 42.09615}, {'x': -75.814892, 'y': 42.095867}, {'x': -75.814442, 'y': 42.095515}, {'x': -75.813826, 'y': 42.094943}, {'x': -75.813317, 'y': 42.094348}, {'x': -75.812814, 'y': 42.093653}, {'x': -75.812541, 'y': 42.093186}, {'x': -75.812274, 'y': 42.092609}, {'x': -75.812109, 'y': 42.092186}, {'x': -75.811048, 'y': 42.088956}, {'x': -75.810611, 'y': 42.087724}, {'x': -75.810486, 'y': 42.087437}, {'x': -75.810072, 'y': 42.086644}, {'x': -75.809663, 'y': 42.08601}, {'x': -75.806596, 'y': 42.081974}, {'x': -75.806248, 'y': 42.081516}, {'x': -75.803468, 'y': 42.077856}, {'x': -75.803014, 'y': 42.077165}, {'x': -75.802383, 'y': 42.076053}, {'x': -75.80213, 'y': 42.075524}, {'x': -75.80186, 'y': 42.074868}, {'x': -75.800708, 'y': 42.07143}, {'x': -75.800552, 'y': 42.070966}, {'x': -75.799357, 'y': 42.067398}, {'x': -75.799199, 'y': 42.066928}, {'x': -75.798976, 'y': 42.066264}, {'x': -75.798827, 'y': 42.065677}, {'x': -75.798765, 'y': 42.06532}, {'x': -75.798716, 'y': 42.064637}, {'x': -75.798714, 'y': 42.064351}, {'x': -75.799412, 'y': 42.056832}, {'x': -75.799439, 'y': 42.056069}, {'x': -75.79941, 'y': 42.055521}, {'x': -75.799319, 'y': 42.054841}, {'x': -75.799227, 'y': 42.054395}, {'x': -75.799033, 'y': 42.053707}, {'x': -75.798822, 'y': 42.053136}, {'x': -75.798594, 'y': 42.052622}, {'x': -75.798388, 'y': 42.05223}, {'x': -75.794601, 'y': 42.045425}]",1647083205842.0,3.0,"[{}, {}, {}, {}, {}, {}, {}, {}, {}, {}]",18.066666666666663,65.04,I-81 S,NONE,NONE,1272916146.0,2022-03-12 11:06:45,5,True,LineString,"[[-75.827095, 42.102337], [-75.827028, 42.102262], [-75.825549, 42.101403], [-75.823513, 42.100349], [-75.81944, 42.098316], [-75.816506, 42.096851], [-75.815731, 42.096437], [-75.815271, 42.09615], [-75.814892, 42.095867], [-75.814442, 42.095515], [-75.813826, 42.094943], [-75.813317, 42.094348], [-75.812814, 42.093653], [-75.812541, 42.093186], [-75.812274, 42.092609], [-75.812109, 42.092186], [-75.811048, 42.088956], [-75.810611, 42.087724], [-75.810486, 42.087437], [-75.810072, 42.086644], [-75.809663, 42.08601], [-75.806596, 42.081974], [-75.806248, 42.081516], [-75.803468, 42.077856], [-75.803014, 42.077165], [-75.802383, 42.076053], [-75.80213, 42.075524], [-75.80186, 42.074868], [-75.800708, 42.07143], [-75.800552, 42.070966], [-75.799357, 42.067398], [-75.799199, 42.066928], [-75.798976, 42.066264], [-75.798827, 42.065677], [-75.798765, 42.06532], [-75.798716, 42.064637], [-75.798714, 42.064351], [-75.799412, 42.056832], [-75.799439, 42.056069], [-75.79941, 42.055521], [-75.799319, 42.054841], [-75.799227, 42.054395], [-75.799033, 42.053707], [-75.798822, 42.053136], [-75.798594, 42.052622], [-75.798388, 42.05223], [-75.794601, 42.045425]]",2022-03-12,-75.8164400177222,42.0968143659244,18616586,39280045,,PROPERTY DAMAGE,999,2022,OTHER,2022/03/12,1900-01-01 10:40:00,RAN OFF ROAD ONLY,DAYLIGHT,STRAIGHT AND LEVEL,SNOW/ICE,NONE,NOT ENTERED,SNOW,1,1970/01/01,0,0,0,0,1,10301.0,0,NYSP BINGHAMTON,No,432486.73256226,4660847.97788977,Not an intersection crash,Ramp,Broome,8.0,169.0,,Kirkwood,I 81,81I91011079,88.0,T,11-Urban Principal Arterial Interstate,NYSDOT,NYSDOT,,65.0,"V1:(PAVEMENT SLIPPERY,UNSAFE SPEED)",2022-03-12,-75.827095,42.102337
392,Feature,,"Cortlandville, NY",US,155.0,I-81 S,1272956006.0,9154.0,1.0,"[{'x': -76.156979, 'y': 42.603717}, {'x': -76.156741, 'y': 42.602846}, {'x': -76.156582, 'y': 42.602363}, {'x': -76.156418, 'y': 42.601968}, {'x': -76.156207, 'y': 42.601564}, {'x': -76.155953, 'y': 42.601145}, {'x': -76.1558, 'y': 42.60093}, {'x': -76.155403, 'y': 42.600455}, {'x': -76.15512, 'y': 42.600158}, {'x': -76.154704, 'y': 42.599777}, {'x': -76.154377, 'y': 42.59952}, {'x': -76.153896, 'y': 42.599183}, {'x': -76.153476, 'y': 42.598928}, {'x': -76.153122, 'y': 42.598735}, {'x': -76.15264, 'y': 42.598502}, {'x': -76.152111, 'y': 42.598289}, {'x': -76.151607, 'y': 42.598112}, {'x': -76.150915, 'y': 42.59791}, {'x': -76.150415, 'y': 42.597802}, {'x': -76.149674, 'y': 42.59766}, {'x': -76.145221, 'y': 42.596905}, {'x': -76.144211, 'y': 42.596707}, {'x': -76.143109, 'y': 42.59644}, {'x': -76.142485, 'y': 42.596269}, {'x': -76.141458, 'y': 42.595952}, {'x': -76.140315, 'y': 42.595544}, {'x': -76.139349, 'y': 42.59515}, {'x': -76.138405, 'y': 42.594713}, {'x': -76.137559, 'y': 42.594295}, {'x': -76.136567, 'y': 42.59377}, {'x': -76.135901, 'y': 42.593398}, {'x': -76.135011, 'y': 42.59286}, {'x': -76.133835, 'y': 42.59209}, {'x': -76.132603, 'y': 42.591183}, {'x': -76.132282, 'y': 42.590968}, {'x': -76.131928, 'y': 42.590685}, {'x': -76.131444, 'y': 42.590289}, {'x': -76.130772, 'y': 42.589713}, {'x': -76.130219, 'y': 42.58921}, {'x': -76.129777, 'y': 42.588789}, {'x': -76.129084, 'y': 42.588084}, {'x': -76.128822, 'y': 42.58779}, {'x': -76.128822, 'y': 42.587791}, {'x': -76.1287, 'y': 42.587656}, {'x': -76.128662, 'y': 42.587612}, {'x': -76.127789, 'y': 42.586586}, {'x': -76.127524, 'y': 42.586272}, {'x': -76.12696, 'y': 42.58551}, {'x': -76.126253, 'y': 42.584482}, {'x': -76.125893, 'y': 42.58391}, {'x': -76.125401, 'y': 42.583055}, {'x': -76.124818, 'y': 42.581976}, {'x': -76.122639, 'y': 42.577655}, {'x': -76.121671, 'y': 42.575733}, {'x': -76.121182, 'y': 42.574693}, {'x': -76.121064, 'y': 42.574421}, {'x': -76.120803, 'y': 42.573821}, {'x': -76.120338, 'y': 42.572663}, {'x': -76.118884, 'y': 42.569069}, {'x': -76.118248, 'y': 42.567634}, {'x': -76.117666, 'y': 42.566527}, {'x': -76.117228, 'y': 42.565774}, {'x': -76.116599, 'y': 42.564805}, {'x': -76.116067, 'y': 42.564064}, {'x': -76.115144, 'y': 42.562904}, {'x': -76.114526, 'y': 42.562198}, {'x': -76.11419, 'y': 42.561843}, {'x': -76.113103, 'y': 42.560753}, {'x': -76.11206, 'y': 42.55982}, {'x': -76.111497, 'y': 42.559352}, {'x': -76.110916, 'y': 42.558887}, {'x': -76.110312, 'y': 42.558432}, {'x': -76.108566, 'y': 42.557212}, {'x': -76.106983, 'y': 42.556154}, {'x': -76.105519, 'y': 42.555215}, {'x': -76.104825, 'y': 42.554793}, {'x': -76.104097, 'y': 42.554394}, {'x': -76.103364, 'y': 42.554033}, {'x': -76.101708, 'y': 42.553304}, {'x': -76.101314, 'y': 42.553132}, {'x': -76.099852, 'y': 42.552487}, {'x': -76.099384, 'y': 42.552254}, {'x': -76.099027, 'y': 42.552047}, {'x': -76.09874, 'y': 42.551878}, {'x': -76.098047, 'y': 42.551403}, {'x': -76.097894, 'y': 42.5513}, {'x': -76.097392, 'y': 42.55089}, {'x': -76.096815, 'y': 42.550339}, {'x': -76.096506, 'y': 42.549999}, {'x': -76.09596, 'y': 42.549356}, {'x': -76.095263, 'y': 42.548408}, {'x': -76.093825, 'y': 42.546266}, {'x': -76.091674, 'y': 42.543021}, {'x': -76.091137, 'y': 42.542128}]",1647085842063.0,3.0,"[{}, {}, {}]",20.191666666666663,72.69,I-81 S,NONE,NONE,1272956006.0,2022-03-12 11:50:42,5,True,MultiLineString,"[[[-76.156979, 42.603717], [-76.156741, 42.602846]], [[-76.156741, 42.602846], [-76.156582, 42.602363]], [[-76.156582, 42.602363], [-76.156418, 42.601968]], [[-76.156418, 42.601968], [-76.156207, 42.601564]], [[-76.156207, 42.601564], [-76.155953, 42.601145]], [[-76.155953, 42.601145], [-76.1558, 42.60093]], [[-76.1558, 42.60093], [-76.155403, 42.600455]], [[-76.155403, 42.600455], [-76.15512, 42.600158]], [[-76.15512, 42.600158], [-76.154704, 42.599777]], [[-76.154704, 42.599777], [-76.154377, 42.59952]], [[-76.154377, 42.59952], [-76.153896, 42.599183]], [[-76.153896, 42.599183], [-76.153476, 42.598928]], [[-76.153476, 42.598928], [-76.153122, 42.598735]], [[-76.153122, 42.598735], [-76.15264, 42.598502]], [[-76.15264, 42.598502], [-76.152111, 42.598289]], [[-76.152111, 42.598289], [-76.151607, 42.598112]], [[-76.151607, 42.598112], [-76.150915, 42.59791]], [[-76.150915, 42.59791], [-76.150415, 42.597802]], [[-76.150415, 42.597802], [-76.149674, 42.59766]], [[-76.149674, 42.59766], [-76.145221, 42.596905]], [[-76.145221, 42.596905], [-76.144211, 42.596707]], [[-76.144211, 42.596707], [-76.143109, 42.59644]], [[-76.143109, 42.59644], [-76.142485, 42.596269]], [[-76.142485, 42.596269], [-76.141458, 42.595952]], [[-76.141458, 42.595952], [-76.140315, 42.595544]], [[-76.140315, 42.595544], [-76.139349, 42.59515]], [[-76.139349, 42.59515], [-76.138405, 42.594713]], [[-76.138405, 42.594713], [-76.137559, 42.594295]], [[-76.137559, 42.594295], [-76.136567, 42.59377]], [[-76.136567, 42.59377], [-76.135901, 42.593398]], [[-76.135901, 42.593398], [-76.135011, 42.59286]], [[-76.135011, 42.59286], [-76.133835, 42.59209]], [[-76.133835, 42.59209], [-76.132603, 42.591183]], [[-76.132603, 42.591183], [-76.132282, 42.590968]], [[-76.132282, 42.590968], [-76.131928, 42.590685]], [[-76.131928, 42.590685], [-76.131444, 42.590289]], [[-76.131444, 42.590289], [-76.130772, 42.589713]], [[-76.130772, 42.589713], [-76.130219, 42.58921]], [[-76.130219, 42.58921], [-76.129777, 42.588789]], [[-76.129777, 42.588789], [-76.129084, 42.588084]], [[-76.129084, 42.588084], [-76.128822, 42.58779]], [[-76.128822, 42.58779], [-76.128822, 42.587791]], [[-76.128822, 42.587791], [-76.1287, 42.587656]], [[-76.1287, 42.587656], [-76.128662, 42.587612]], [[-76.128662, 42.587612], [-76.127789, 42.586586]], [[-76.127789, 42.586586], [-76.127524, 42.586272]], [[-76.127524, 42.586272], [-76.12696, 42.58551]], [[-76.12696, 42.58551], [-76.126253, 42.584482]], [[-76.126253, 42.584482], [-76.125893, 42.58391]], [[-76.125893, 42.58391], [-76.125401, 42.583055]], [[-76.125401, 42.583055], [-76.124818, 42.581976]], [[-76.124818, 42.581976], [-76.122639, 42.577655]], [[-76.122639, 42.577655], [-76.121671, 42.575733]], [[-76.121671, 42.575733], [-76.121182, 42.574693]], [[-76.121182, 42.574693], [-76.121064, 42.574421]], [[-76.121064, 42.574421], [-76.120803, 42.573821]], [[-76.120803, 42.573821], [-76.120338, 42.572663]], [[-76.120338, 42.572663], [-76.118884, 42.569069]], [[-76.118884, 42.569069], [-76.118248, 42.567634]], [[-76.118248, 42.567634], [-76.117666, 42.566527]], [[-76.117666, 42.566527], [-76.117228, 42.565774]], [[-76.117228, 42.565774], [-76.116599, 42.564805]], [[-76.116599, 42.564805], [-76.116067, 42.564064]], [[-76.116067, 42.564064], [-76.115144, 42.562904]], [[-76.115144, 42.562904], [-76.114526, 42.562198]], [[-76.114526, 42.562198], [-76.11419, 42.561843]], [[-76.11419, 42.561843], [-76.113103, 42.560753]], [[-76.113103, 42.560753], [-76.11206, 42.55982]], [[-76.11206, 42.55982], [-76.111497, 42.559352]], [[-76.111497, 42.559352], [-76.110916, 42.558887]], [[-76.110916, 42.558887], [-76.110312, 42.558432]], [[-76.110312, 42.558432], [-76.108566, 42.557212]], [[-76.108566, 42.557212], [-76.106983, 42.556154]], [[-76.106983, 42.556154], [-76.105519, 42.555215]], [[-76.105519, 42.555215], [-76.104825, 42.554793]], [[-76.104825, 42.554793], [-76.104097, 42.554394]], [[-76.104097, 42.554394], [-76.103364, 42.554033]], [[-76.103364, 42.554033], [-76.101708, 42.553304]], [[-76.101708, 42.553304], [-76.101314, 42.553132]], [[-76.101314, 42.553132], [-76.099852, 42.552487]], [[-76.099852, 42.552487], [-76.099384, 42.552254]], [[-76.099384, 42.552254], [-76.099027, 42.552047]], [[-76.099027, 42.552047], [-76.09874, 42.551878]], [[-76.09874, 42.551878], [-76.098047, 42.551403]], [[-76.098047, 42.551403], [-76.097894, 42.5513]], [[-76.097894, 42.5513], [-76.097392, 42.55089]], [[-76.097392, 42.55089], [-76.096815, 42.550339]], [[-76.096815, 42.550339], [-76.096506, 42.549999]], [[-76.096506, 42.549999], [-76.09596, 42.549356]], [[-76.09596, 42.549356], [-76.095263, 42.548408]], [[-76.095263, 42.548408], [-76.093825, 42.546266]], [[-76.093825, 42.546266], [-76.091674, 42.543021]], [[-76.091674, 42.543021], [-76.091137, 42.542128]]]",2022-03-12,-76.1361091889575,42.5935112039708,18609479,39272118,,PROPERTY DAMAGE,999,2022,OTHER,2022/03/12,1900-01-01 12:02:00,COLLISION WITH GUIDE RAIL,DAYLIGHT,STRAIGHT AND LEVEL,SNOW/ICE,NONE,NOT ENTERED,SNOW,0,1970/01/01,0,0,0,0,1,11101.0,0,NYSP CORTLAND,No,406789.0,4716302.0,Not an intersection crash,,Cortland,,0.0,,Cortlandville,,,,,Unknown,Unknown,Unknown,,,"V1:(UNSAFE SPEED,PAVEMENT SLIPPERY)",2022-03-12,-76.156979,42.603717