,type,properties.blockingAlertUuid,properties.city,properties.country,properties.delay,properties.endNode,properties.id,properties.length,properties.level,properties.line,properties.pubMillis,properties.roadType,properties.segments,properties.speed,properties.speedKMH,properties.street,properties.turnType,properties.type,properties.uuid,properties.utc_timestamp,properties.day_of_week,properties.weekday_weekend,geometry.type,geometry.coordinates,key_date_jams,X,Y,OBJECTID,CaseNumber,MaxInjuryS,CrashSever,RoadwayAcc,CaseYear,CollisionT,CrashDate,CrashTimeF,CrashType,LightCondi,RoadwayCha,RoadSurfac,TrafficCon,TrafficWay,WeatherCon,Commercial,DMVInsertD,NumberOfFa,NumberOfIn,NumberOfOt,NumberOfSe,NumberOfVe,PoliceDept,NonReporta,ReportingA,NonPublicW,UTMEasting,UTMNorthin,Intersecti,ClosestCro,CountyName,DirectionF,DistanceFr,MasterInte,CityTownNa,OnStreet,ReferenceM,ACCESS_CON,DIVIDED,FUNCTIONAL,MAINT_JURI,OWNING_JUR,NAME,POSTED_SPE,ApparentFa,key_date_crashes,jams_x,jams_y
404,Feature,,"Triangle, NY",US,75.0,I-81 N,1273769418.0,2960.0,1.0,"[{'x': -75.973715, 'y': 42.322156}, {'x': -75.974468, 'y': 42.32246}, {'x': -75.97534, 'y': 42.322812}, {'x': -75.97601, 'y': 42.323105}, {'x': -75.976612, 'y': 42.323428}, {'x': -75.977011, 'y': 42.323678}, {'x': -75.977434, 'y': 42.323999}, {'x': -75.977853, 'y': 42.324367}, {'x': -75.97798, 'y': 42.324498}, {'x': -75.978228, 'y': 42.324767}, {'x': -75.978463, 'y': 42.325077}, {'x': -75.978699, 'y': 42.325434}, {'x': -75.978859, 'y': 42.325733}, {'x': -75.978954, 'y': 42.325944}, {'x': -75.979158, 'y': 42.326527}, {'x': -75.979249, 'y': 42.327001}, {'x': -75.979286, 'y': 42.327496}, {'x': -75.979278, 'y': 42.327821}, {'x': -75.979202, 'y': 42.328764}, {'x': -75.979083, 'y': 42.33009}, {'x': -75.979062, 'y': 42.330327}, {'x': -75.979036, 'y': 42.330614}, {'x': -75.979029, 'y': 42.330694}, {'x': -75.978869, 'y': 42.332435}, {'x': -75.978818, 'y': 42.333026}, {'x': -75.978806, 'y': 42.333169}, {'x': -75.978772, 'y': 42.333574}, {'x': -75.978574, 'y': 42.335773}, {'x': -75.97854, 'y': 42.336147}, {'x': -75.978517, 'y': 42.336404}, {'x': -75.978339, 'y': 42.338336}, {'x': -75.978313, 'y': 42.338609}, {'x': -75.978212, 'y': 42.339714}, {'x': -75.978176, 'y': 42.340321}, {'x': -75.978189, 'y': 42.340789}, {'x': -75.978232, 'y': 42.341176}, {'x': -75.978369, 'y': 42.34171}, {'x': -75.978505, 'y': 42.342067}, {'x': -75.978765, 'y': 42.342571}, {'x': -75.97898, 'y': 42.342915}, {'x': -75.979192, 'y': 42.343174}, {'x': -75.979654, 'y': 42.343697}, {'x': -75.982114, 'y': 42.346077}]",1647098377946.0,3.0,"[{}, {}]",17.319444444444443,62.35,I-81 N,NONE,NONE,1273769418.0,2022-03-12 15:19:37,5,True,LineString,"[[-75.973715, 42.322156], [-75.974468, 42.32246], [-75.97534, 42.322812], [-75.97601, 42.323105], [-75.976612, 42.323428], [-75.977011, 42.323678], [-75.977434, 42.323999], [-75.977853, 42.324367], [-75.97798, 42.324498], [-75.978228, 42.324767], [-75.978463, 42.325077], [-75.978699, 42.325434], [-75.978859, 42.325733], [-75.978954, 42.325944], [-75.979158, 42.326527], [-75.979249, 42.327001], [-75.979286, 42.327496], [-75.979278, 42.327821], [-75.979202, 42.328764], [-75.979083, 42.33009], [-75.979062, 42.330327], [-75.979036, 42.330614], [-75.979029, 42.330694], [-75.978869, 42.332435], [-75.978818, 42.333026], [-75.978806, 42.333169], [-75.978772, 42.333574], [-75.978574, 42.335773], [-75.97854, 42.336147], [-75.978517, 42.336404], [-75.978339, 42.338336], [-75.978313, 42.338609], [-75.978212, 42.339714], [-75.978176, 42.340321], [-75.978189, 42.340789], [-75.978232, 42.341176], [-75.978369, 42.34171], [-75.978505, 42.342067], [-75.978765, 42.342571], [-75.97898, 42.342915], [-75.979192, 42.343174], [-75.979654, 42.343697], [-75.982114, 42.346077]]",2022-03-12,-75.9821163669396,42.3460793348047,18610395,39273037,,PROPERTY DAMAGE,999,2022,OTHER,2022/03/12,1900-01-01 15:29:00,COLLISION WITH GUIDE RAIL,DAYLIGHT,CURVE AND LEVEL,SNOW/ICE,NONE,NOT ENTERED,SNOW,0,1970/01/01,0,0,0,0,1,10307.0,0,GATEWAY STATE POLICE,No,419105.29334949,4688669.22101313,Not an intersection crash,Connecting Road,Broome,1.0,0.0,,Triangle,I 81,81I91013177,88.0,T,1-Rural Principal Arterial Interstate,NYSDOT,NYSDOT,Interstate 81,65.0,"V1:(UNSAFE SPEED,NOT APPLICABLE)",2022-03-12,-75.973715,42.322156
405,Feature,,"Triangle, NY",US,73.0,I-81 S,1273797798.0,2592.0,1.0,"[{'x': -75.980283, 'y': 42.34353}, {'x': -75.980104, 'y': 42.343355}, {'x': -75.979829, 'y': 42.343072}, {'x': -75.979527, 'y': 42.342743}, {'x': -75.979225, 'y': 42.342351}, {'x': -75.978918, 'y': 42.341839}, {'x': -75.978815, 'y': 42.341637}, {'x': -75.978658, 'y': 42.341243}, {'x': -75.97856, 'y': 42.340922}, {'x': -75.978506, 'y': 42.34066}, {'x': -75.97845, 'y': 42.340234}, {'x': -75.978448, 'y': 42.339698}, {'x': -75.978474, 'y': 42.33927}, {'x': -75.978563, 'y': 42.338441}, {'x': -75.978726, 'y': 42.336588}, {'x': -75.97877, 'y': 42.336087}, {'x': -75.978785, 'y': 42.335911}, {'x': -75.97898, 'y': 42.333729}, {'x': -75.97903, 'y': 42.333196}, {'x': -75.979098, 'y': 42.332376}, {'x': -75.979279, 'y': 42.330328}, {'x': -75.979416, 'y': 42.328864}, {'x': -75.979492, 'y': 42.328019}, {'x': -75.979528, 'y': 42.327145}, {'x': -75.979522, 'y': 42.326988}, {'x': -75.979467, 'y': 42.326599}, {'x': -75.979394, 'y': 42.32626}, {'x': -75.979289, 'y': 42.325921}, {'x': -75.979132, 'y': 42.325535}, {'x': -75.978784, 'y': 42.324941}, {'x': -75.978377, 'y': 42.324402}, {'x': -75.977841, 'y': 42.32387}, {'x': -75.977265, 'y': 42.323433}, {'x': -75.977006, 'y': 42.323265}, {'x': -75.976257, 'y': 42.322858}, {'x': -75.975592, 'y': 42.322566}, {'x': -75.974537, 'y': 42.32214}]",1647098556799.0,3.0,[{}],16.530555555555555,59.51,I-81 S,NONE,NONE,1273797798.0,2022-03-12 15:22:36,5,True,LineString,"[[-75.980283, 42.34353], [-75.980104, 42.343355], [-75.979829, 42.343072], [-75.979527, 42.342743], [-75.979225, 42.342351], [-75.978918, 42.341839], [-75.978815, 42.341637], [-75.978658, 42.341243], [-75.97856, 42.340922], [-75.978506, 42.34066], [-75.97845, 42.340234], [-75.978448, 42.339698], [-75.978474, 42.33927], [-75.978563, 42.338441], [-75.978726, 42.336588], [-75.97877, 42.336087], [-75.978785, 42.335911], [-75.97898, 42.333729], [-75.97903, 42.333196], [-75.979098, 42.332376], [-75.979279, 42.330328], [-75.979416, 42.328864], [-75.979492, 42.328019], [-75.979528, 42.327145], [-75.979522, 42.326988], [-75.979467, 42.326599], [-75.979394, 42.32626], [-75.979289, 42.325921], [-75.979132, 42.325535], [-75.978784, 42.324941], [-75.978377, 42.324402], [-75.977841, 42.32387], [-75.977265, 42.323433], [-75.977006, 42.323265], [-75.976257, 42.322858], [-75.975592, 42.322566], [-75.974537, 42.32214]]",2022-03-12,-75.9821163669396,42.3460793348047,18610395,39273037,,PROPERTY DAMAGE,999,2022,OTHER,2022/03/12,1900-01-01 15:29:00,COLLISION WITH GUIDE RAIL,DAYLIGHT,CURVE AND LEVEL,SNOW/ICE,NONE,NOT ENTERED,SNOW,0,1970/01/01,0,0,0,0,1,10307.0,0,GATEWAY STATE POLICE,No,419105.29334949,4688669.22101313,Not an intersection crash,Connecting Road,Broome,1.0,0.0,,Triangle,I 81,81I91013177,88.0,T,1-Rural Principal Arterial Interstate,NYSDOT,NYSDOT,Interstate 81,65.0,"V1:(UNSAFE SPEED,NOT APPLICABLE)",2022-03-12,-75.980283,42.34353
406,Feature,,"Lisle, NY",US,127.0,I-81 N,1274003724.0,7772.0,1.0,"[{'x': -75.982114, 'y': 42.346077}, {'x': -75.983126, 'y': 42.347049}, {'x': -75.983153, 'y': 42.347075}, {'x': -75.984091, 'y': 42.347981}, {'x': -75.984727, 'y': 42.348595}, {'x': -75.988527, 'y': 42.352263}, {'x': -75.990131, 'y': 42.353907}, {'x': -75.990668, 'y': 42.354539}, {'x': -75.991122, 'y': 42.355121}, {'x': -75.991467, 'y': 42.355597}, {'x': -75.991985, 'y': 42.356369}, {'x': -75.992658, 'y': 42.357492}, {'x': -75.993141, 'y': 42.358439}, {'x': -75.993351, 'y': 42.35891}, {'x': -75.993732, 'y': 42.359848}, {'x': -75.994051, 'y': 42.360807}, {'x': -75.994185, 'y': 42.361283}, {'x': -75.994411, 'y': 42.362227}, {'x': -75.994501, 'y': 42.362698}, {'x': -75.994632, 'y': 42.363623}, {'x': -75.994708, 'y': 42.364573}, {'x': -75.994727, 'y': 42.365545}, {'x': -75.994693, 'y': 42.366372}, {'x': -75.994603, 'y': 42.367338}, {'x': -75.994147, 'y': 42.370206}, {'x': -75.993942, 'y': 42.371621}, {'x': -75.993835, 'y': 42.372918}, {'x': -75.993789, 'y': 42.37398}, {'x': -75.993791, 'y': 42.374731}, {'x': -75.993845, 'y': 42.37593}, {'x': -75.993887, 'y': 42.376392}, {'x': -75.993927, 'y': 42.376863}, {'x': -75.994043, 'y': 42.377748}, {'x': -75.994219, 'y': 42.378781}, {'x': -75.994419, 'y': 42.37973}, {'x': -75.994677, 'y': 42.380735}, {'x': -75.994945, 'y': 42.381609}, {'x': -75.995261, 'y': 42.38254}, {'x': -75.995806, 'y': 42.383907}, {'x': -75.996262, 'y': 42.38491}, {'x': -75.996765, 'y': 42.385889}, {'x': -75.996986, 'y': 42.386303}, {'x': -75.997538, 'y': 42.387254}, {'x': -75.997837, 'y': 42.38773}, {'x': -75.99848, 'y': 42.388701}, {'x': -75.999097, 'y': 42.389555}, {'x': -75.999831, 'y': 42.3905}, {'x': -76.00062, 'y': 42.39143}, {'x': -76.001803, 'y': 42.392741}, {'x': -76.007413, 'y': 42.398884}, {'x': -76.009313, 'y': 42.400977}, {'x': -76.011452, 'y': 42.403321}, {'x': -76.012007, 'y': 42.403978}, {'x': -76.012225, 'y': 42.404256}, {'x': -76.012765, 'y': 42.405005}, {'x': -76.01319, 'y': 42.405696}, {'x': -76.01349, 'y': 42.406225}, {'x': -76.013917, 'y': 42.407104}, {'x': -76.014114, 'y': 42.407569}, {'x': -76.014346, 'y': 42.408212}, {'x': -76.014612, 'y': 42.40914}, {'x': -76.014686, 'y': 42.409405}]",1647099707819.0,3.0,[{}],20.55,73.98,I-81 N,NONE,NONE,1274003724.0,2022-03-12 15:41:47,5,True,LineString,"[[-75.982114, 42.346077], [-75.983126, 42.347049], [-75.983153, 42.347075], [-75.984091, 42.347981], [-75.984727, 42.348595], [-75.988527, 42.352263], [-75.990131, 42.353907], [-75.990668, 42.354539], [-75.991122, 42.355121], [-75.991467, 42.355597], [-75.991985, 42.356369], [-75.992658, 42.357492], [-75.993141, 42.358439], [-75.993351, 42.35891], [-75.993732, 42.359848], [-75.994051, 42.360807], [-75.994185, 42.361283], [-75.994411, 42.362227], [-75.994501, 42.362698], [-75.994632, 42.363623], [-75.994708, 42.364573], [-75.994727, 42.365545], [-75.994693, 42.366372], [-75.994603, 42.367338], [-75.994147, 42.370206], [-75.993942, 42.371621], [-75.993835, 42.372918], [-75.993789, 42.37398], [-75.993791, 42.374731], [-75.993845, 42.37593], [-75.993887, 42.376392], [-75.993927, 42.376863], [-75.994043, 42.377748], [-75.994219, 42.378781], [-75.994419, 42.37973], [-75.994677, 42.380735], [-75.994945, 42.381609], [-75.995261, 42.38254], [-75.995806, 42.383907], [-75.996262, 42.38491], [-75.996765, 42.385889], [-75.996986, 42.386303], [-75.997538, 42.387254], [-75.997837, 42.38773], [-75.99848, 42.388701], [-75.999097, 42.389555], [-75.999831, 42.3905], [-76.00062, 42.39143], [-76.001803, 42.392741], [-76.007413, 42.398884], [-76.009313, 42.400977], [-76.011452, 42.403321], [-76.012007, 42.403978], [-76.012225, 42.404256], [-76.012765, 42.405005], [-76.01319, 42.405696], [-76.01349, 42.406225], [-76.013917, 42.407104], [-76.014114, 42.407569], [-76.014346, 42.408212], [-76.014612, 42.40914], [-76.014686, 42.409405]]",2022-03-12,-75.9821163669396,42.3460793348047,18610395,39273037,,PROPERTY DAMAGE,999,2022,OTHER,2022/03/12,1900-01-01 15:29:00,COLLISION WITH GUIDE RAIL,DAYLIGHT,CURVE AND LEVEL,SNOW/ICE,NONE,NOT ENTERED,SNOW,0,1970/01/01,0,0,0,0,1,10307.0,0,GATEWAY STATE POLICE,No,419105.29334949,4688669.22101313,Not an intersection crash,Connecting Road,Broome,1.0,0.0,,Triangle,I 81,81I91013177,88.0,T,1-Rural Principal Arterial Interstate,NYSDOT,NYSDOT,Interstate 81,65.0,"V1:(UNSAFE SPEED,NOT APPLICABLE)",2022-03-12,-75.982114,42.346077
407,Feature,,"Lisle, NY",US,122.0,I-81 N,1274003724.0,7772.0,1.0,"[{'x': -75.982114, 'y': 42.346077}, {'x': -75.983126, 'y': 42.347049}, {'x': -75.983153, 'y': 42.347075}, {'x': -75.984091, 'y': 42.347981}, {'x': -75.984727, 'y': 42.348595}, {'x': -75.988527, 'y': 42.352263}, {'x': -75.990131, 'y': 42.353907}, {'x': -75.990668, 'y': 42.354539}, {'x': -75.991122, 'y': 42.355121}, {'x': -75.991467, 'y': 42.355597}, {'x': -75.991985, 'y': 42.356369}, {'x': -75.992658, 'y': 42.357492}, {'x': -75.993141, 'y': 42.358439}, {'x': -75.993351, 'y': 42.35891}, {'x': -75.993732, 'y': 42.359848}, {'x': -75.994051, 'y': 42.360807}, {'x': -75.994185, 'y': 42.361283}, {'x': -75.994411, 'y': 42.362227}, {'x': -75.994501, 'y': 42.362698}, {'x': -75.994632, 'y': 42.363623}, {'x': -75.994708, 'y': 42.364573}, {'x': -75.994727, 'y': 42.365545}, {'x': -75.994693, 'y': 42.366372}, {'x': -75.994603, 'y': 42.367338}, {'x': -75.994147, 'y': 42.370206}, {'x': -75.993942, 'y': 42.371621}, {'x': -75.993835, 'y': 42.372918}, {'x': -75.993789, 'y': 42.37398}, {'x': -75.993791, 'y': 42.374731}, {'x': -75.993845, 'y': 42.37593}, {'x': -75.993887, 'y': 42.376392}, {'x': -75.993927, 'y': 42.376863}, {'x': -75.994043, 'y': 42.377748}, {'x': -75.994219, 'y': 42.378781}, {'x': -75.994419, 'y': 42.37973}, {'x': -75.994677, 'y': 42.380735}, {'x': -75.994945, 'y': 42.381609}, {'x': -75.995261, 'y': 42.38254}, {'x': -75.995806, 'y': 42.383907}, {'x': -75.996262, 'y': 42.38491}, {'x': -75.996765, 'y': 42.385889}, {'x': -75.996986, 'y': 42.386303}, {'x': -75.997538, 'y': 42.387254}, {'x': -75.997837, 'y': 42.38773}, {'x': -75.99848, 'y': 42.388701}, {'x': -75.999097, 'y': 42.389555}, {'x': -75.999831, 'y': 42.3905}, {'x': -76.00062, 'y': 42.39143}, {'x': -76.001803, 'y': 42.392741}, {'x': -76.007413, 'y': 42.398884}, {'x': -76.009313, 'y': 42.400977}, {'x': -76.011452, 'y': 42.403321}, {'x': -76.012007, 'y': 42.403978}, {'x': -76.012225, 'y': 42.404256}, {'x': -76.012765, 'y': 42.405005}, {'x': -76.01319, 'y': 42.405696}, {'x': -76.01349, 'y': 42.406225}, {'x': -76.013917, 'y': 42.407104}, {'x': -76.014114, 'y': 42.407569}, {'x': -76.014346, 'y': 42.408212}, {'x': -76.014612, 'y': 42.40914}, {'x': -76.014686, 'y': 42.409405}]",1647099707819.0,3.0,[{}],20.819444444444443,74.95,I-81 N,NONE,NONE,1274003724.0,2022-03-12 15:41:47,5,True,LineString,"[[-75.982114, 42.346077], [-75.983126, 42.347049], [-75.983153, 42.347075], [-75.984091, 42.347981], [-75.984727, 42.348595], [-75.988527, 42.352263], [-75.990131, 42.353907], [-75.990668, 42.354539], [-75.991122, 42.355121], [-75.991467, 42.355597], [-75.991985, 42.356369], [-75.992658, 42.357492], [-75.993141, 42.358439], [-75.993351, 42.35891], [-75.993732, 42.359848], [-75.994051, 42.360807], [-75.994185, 42.361283], [-75.994411, 42.362227], [-75.994501, 42.362698], [-75.994632, 42.363623], [-75.994708, 42.364573], [-75.994727, 42.365545], [-75.994693, 42.366372], [-75.994603, 42.367338], [-75.994147, 42.370206], [-75.993942, 42.371621], [-75.993835, 42.372918], [-75.993789, 42.37398], [-75.993791, 42.374731], [-75.993845, 42.37593], [-75.993887, 42.376392], [-75.993927, 42.376863], [-75.994043, 42.377748], [-75.994219, 42.378781], [-75.994419, 42.37973], [-75.994677, 42.380735], [-75.994945, 42.381609], [-75.995261, 42.38254], [-75.995806, 42.383907], [-75.996262, 42.38491], [-75.996765, 42.385889], [-75.996986, 42.386303], [-75.997538, 42.387254], [-75.997837, 42.38773], [-75.99848, 42.388701], [-75.999097, 42.389555], [-75.999831, 42.3905], [-76.00062, 42.39143], [-76.001803, 42.392741], [-76.007413, 42.398884], [-76.009313, 42.400977], [-76.011452, 42.403321], [-76.012007, 42.403978], [-76.012225, 42.404256], [-76.012765, 42.405005], [-76.01319, 42.405696], [-76.01349, 42.406225], [-76.013917, 42.407104], [-76.014114, 42.407569], [-76.014346, 42.408212], [-76.014612, 42.40914], [-76.014686, 42.409405]]",2022-03-12,-75.9821163669396,42.3460793348047,18610395,39273037,,PROPERTY DAMAGE,999,2022,OTHER,2022/03/12,1900-01-01 15:29:00,COLLISION WITH GUIDE RAIL,DAYLIGHT,CURVE AND LEVEL,SNOW/ICE,NONE,NOT ENTERED,SNOW,0,1970/01/01,0,0,0,0,1,10307.0,0,GATEWAY STATE POLICE,No,419105.29334949,4688669.22101313,Not an intersection crash,Connecting Road,Broome,1.0,0.0,,Triangle,I 81,81I91013177,88.0,T,1-Rural Principal Arterial Interstate,NYSDOT,NYSDOT,Interstate 81,65.0,"V1:(UNSAFE SPEED,NOT APPLICABLE)",2022-03-12,-75.982114,42.346077
408,Feature,,"Albany, NY",US,156.0,I-90 E,1274150816.0,9351.0,1.0,"[{'x': -73.832514, 'y': 42.694541}, {'x': -73.830621, 'y': 42.694095}, {'x': -73.826474, 'y': 42.692982}, {'x': -73.825437, 'y': 42.692688}, {'x': -73.824624, 'y': 42.692442}, {'x': -73.823836, 'y': 42.692189}, {'x': -73.823393, 'y': 42.692039}, {'x': -73.821017, 'y': 42.691194}, {'x': -73.819357, 'y': 42.69057}, {'x': -73.81654, 'y': 42.689515}, {'x': -73.813212, 'y': 42.688347}, {'x': -73.812928, 'y': 42.688255}, {'x': -73.812333, 'y': 42.688063}, {'x': -73.811672, 'y': 42.687897}, {'x': -73.809165, 'y': 42.68738}, {'x': -73.808298, 'y': 42.687201}, {'x': -73.805655, 'y': 42.686739}, {'x': -73.805161, 'y': 42.686673}, {'x': -73.804722, 'y': 42.686633}, {'x': -73.804228, 'y': 42.686613}, {'x': -73.80383, 'y': 42.686605}, {'x': -73.803279, 'y': 42.686622}, {'x': -73.802709, 'y': 42.686667}, {'x': -73.802244, 'y': 42.686718}, {'x': -73.802013, 'y': 42.686752}, {'x': -73.800194, 'y': 42.687027}, {'x': -73.799607, 'y': 42.687097}, {'x': -73.799265, 'y': 42.687129}, {'x': -73.798846, 'y': 42.687146}, {'x': -73.79833, 'y': 42.687135}, {'x': -73.797829, 'y': 42.687117}, {'x': -73.797311, 'y': 42.687076}, {'x': -73.796992, 'y': 42.687038}, {'x': -73.79639, 'y': 42.68695}, {'x': -73.79582, 'y': 42.686853}, {'x': -73.793941, 'y': 42.686531}, {'x': -73.793449, 'y': 42.686443}, {'x': -73.793011, 'y': 42.686343}, {'x': -73.792688, 'y': 42.686251}, {'x': -73.792307, 'y': 42.68613}, {'x': -73.791983, 'y': 42.686005}, {'x': -73.791697, 'y': 42.685885}, {'x': -73.791414, 'y': 42.685753}, {'x': -73.791192, 'y': 42.68564}, {'x': -73.79065, 'y': 42.685324}, {'x': -73.789729, 'y': 42.684772}, {'x': -73.788093, 'y': 42.683764}, {'x': -73.787433, 'y': 42.683374}, {'x': -73.786739, 'y': 42.683025}, {'x': -73.785797, 'y': 42.682664}, {'x': -73.785096, 'y': 42.682442}, {'x': -73.78451, 'y': 42.682287}, {'x': -73.783839, 'y': 42.682141}, {'x': -73.783146, 'y': 42.682039}, {'x': -73.782801, 'y': 42.681995}, {'x': -73.782171, 'y': 42.681929}, {'x': -73.780659, 'y': 42.681784}, {'x': -73.779461, 'y': 42.681672}, {'x': -73.779227, 'y': 42.68165}, {'x': -73.778249, 'y': 42.68155}, {'x': -73.77738, 'y': 42.68146}, {'x': -73.776246, 'y': 42.68133}, {'x': -73.775445, 'y': 42.681234}, {'x': -73.774866, 'y': 42.681154}, {'x': -73.774205, 'y': 42.681068}, {'x': -73.773452, 'y': 42.680955}, {'x': -73.772729, 'y': 42.680824}, {'x': -73.771749, 'y': 42.680613}, {'x': -73.771413, 'y': 42.68053}, {'x': -73.770817, 'y': 42.680372}, {'x': -73.770363, 'y': 42.680245}, {'x': -73.769903, 'y': 42.680106}, {'x': -73.769332, 'y': 42.679918}, {'x': -73.768687, 'y': 42.679687}, {'x': -73.76808, 'y': 42.67945}, {'x': -73.767454, 'y': 42.679184}, {'x': -73.766768, 'y': 42.678869}, {'x': -73.766241, 'y': 42.67861}, {'x': -73.765726, 'y': 42.678346}, {'x': -73.765144, 'y': 42.678013}, {'x': -73.76314, 'y': 42.676674}, {'x': -73.761844, 'y': 42.675796}, {'x': -73.758169, 'y': 42.673335}, {'x': -73.755306, 'y': 42.671384}, {'x': -73.753455, 'y': 42.670347}, {'x': -73.752607, 'y': 42.670065}, {'x': -73.751343, 'y': 42.669749}, {'x': -73.750936, 'y': 42.669678}, {'x': -73.75045, 'y': 42.669614}, {'x': -73.750067, 'y': 42.669577}, {'x': -73.749641, 'y': 42.669545}, {'x': -73.749339, 'y': 42.669532}, {'x': -73.748953, 'y': 42.669523}, {'x': -73.748452, 'y': 42.669526}, {'x': -73.747982, 'y': 42.669541}, {'x': -73.747452, 'y': 42.669586}, {'x': -73.741713, 'y': 42.669985}, {'x': -73.741419, 'y': 42.670002}, {'x': -73.740491, 'y': 42.670043}, {'x': -73.740206, 'y': 42.670044}, {'x': -73.739903, 'y': 42.670035}, {'x': -73.739652, 'y': 42.670021}, {'x': -73.73923, 'y': 42.669989}, {'x': -73.738545, 'y': 42.669901}, {'x': -73.738285, 'y': 42.669867}, {'x': -73.737775, 'y': 42.669737}, {'x': -73.737369, 'y': 42.669607}, {'x': -73.737032, 'y': 42.669479}, {'x': -73.736766, 'y': 42.669365}, {'x': -73.736022, 'y': 42.669009}, {'x': -73.731579, 'y': 42.666324}, {'x': -73.730793, 'y': 42.66588}, {'x': -73.729773, 'y': 42.665323}]",1647100416577.0,3.0,"[{}, {}, {}, {}, {}, {}, {}, {}, {}, {}, {}, {}, {}, {}, {}, {}, {}, {}, {}]",18.61111111111111,67.0,I-90 E,NONE,NONE,1274150816.0,2022-03-12 15:53:36,5,True,LineString,"[[-73.832514, 42.694541], [-73.830621, 42.694095], [-73.826474, 42.692982], [-73.825437, 42.692688], [-73.824624, 42.692442], [-73.823836, 42.692189], [-73.823393, 42.692039], [-73.821017, 42.691194], [-73.819357, 42.69057], [-73.81654, 42.689515], [-73.813212, 42.688347], [-73.812928, 42.688255], [-73.812333, 42.688063], [-73.811672, 42.687897], [-73.809165, 42.68738], [-73.808298, 42.687201], [-73.805655, 42.686739], [-73.805161, 42.686673], [-73.804722, 42.686633], [-73.804228, 42.686613], [-73.80383, 42.686605], [-73.803279, 42.686622], [-73.802709, 42.686667], [-73.802244, 42.686718], [-73.802013, 42.686752], [-73.800194, 42.687027], [-73.799607, 42.687097], [-73.799265, 42.687129], [-73.798846, 42.687146], [-73.79833, 42.687135], [-73.797829, 42.687117], [-73.797311, 42.687076], [-73.796992, 42.687038], [-73.79639, 42.68695], [-73.79582, 42.686853], [-73.793941, 42.686531], [-73.793449, 42.686443], [-73.793011, 42.686343], [-73.792688, 42.686251], [-73.792307, 42.68613], [-73.791983, 42.686005], [-73.791697, 42.685885], [-73.791414, 42.685753], [-73.791192, 42.68564], [-73.79065, 42.685324], [-73.789729, 42.684772], [-73.788093, 42.683764], [-73.787433, 42.683374], [-73.786739, 42.683025], [-73.785797, 42.682664], [-73.785096, 42.682442], [-73.78451, 42.682287], [-73.783839, 42.682141], [-73.783146, 42.682039], [-73.782801, 42.681995], [-73.782171, 42.681929], [-73.780659, 42.681784], [-73.779461, 42.681672], [-73.779227, 42.68165], [-73.778249, 42.68155], [-73.77738, 42.68146], [-73.776246, 42.68133], [-73.775445, 42.681234], [-73.774866, 42.681154], [-73.774205, 42.681068], [-73.773452, 42.680955], [-73.772729, 42.680824], [-73.771749, 42.680613], [-73.771413, 42.68053], [-73.770817, 42.680372], [-73.770363, 42.680245], [-73.769903, 42.680106], [-73.769332, 42.679918], [-73.768687, 42.679687], [-73.76808, 42.67945], [-73.767454, 42.679184], [-73.766768, 42.678869], [-73.766241, 42.67861], [-73.765726, 42.678346], [-73.765144, 42.678013], [-73.76314, 42.676674], [-73.761844, 42.675796], [-73.758169, 42.673335], [-73.755306, 42.671384], [-73.753455, 42.670347], [-73.752607, 42.670065], [-73.751343, 42.669749], [-73.750936, 42.669678], [-73.75045, 42.669614], [-73.750067, 42.669577], [-73.749641, 42.669545], [-73.749339, 42.669532], [-73.748953, 42.669523], [-73.748452, 42.669526], [-73.747982, 42.669541], [-73.747452, 42.669586], [-73.741713, 42.669985], [-73.741419, 42.670002], [-73.740491, 42.670043], [-73.740206, 42.670044], [-73.739903, 42.670035], [-73.739652, 42.670021], [-73.73923, 42.669989], [-73.738545, 42.669901], [-73.738285, 42.669867], [-73.737775, 42.669737], [-73.737369, 42.669607], [-73.737032, 42.669479], [-73.736766, 42.669365], [-73.736022, 42.669009], [-73.731579, 42.666324], [-73.730793, 42.66588], [-73.729773, 42.665323]]",2022-03-12,-73.8305719908698,42.6940702352808,18610371,39273013,,PROPERTY DAMAGE,999,2022,OTHER,2022/03/12,1900-01-01 16:22:00,COLLISION WITH OTHER BARRIER,DAYLIGHT,STRAIGHT AND LEVEL,SNOW/ICE,NONE,NOT ENTERED,SNOW,0,1970/01/01,0,0,0,0,1,10104.0,0,NYSP NEW SCOTLAND,No,595790.22620951,4727505.6361003,Not an intersection crash,Ramp,Albany,7.0,129.0,,Albany,I 90,90I11011008,,,Unknown,Unknown,Unknown,,,"V1:(UNSAFE LANE CHANGE,PAVEMENT SLIPPERY)",2022-03-12,-73.832514,42.694541