,type,properties.blockingAlertUuid,properties.city,properties.country,properties.delay,properties.endNode,properties.id,properties.length,properties.level,properties.line,properties.pubMillis,properties.roadType,properties.segments,properties.speed,properties.speedKMH,properties.street,properties.turnType,properties.type,properties.uuid,properties.utc_timestamp,properties.day_of_week,properties.weekday_weekend,geometry.type,geometry.coordinates,key_date_jams,X,Y,OBJECTID,CaseNumber,MaxInjuryS,CrashSever,RoadwayAcc,CaseYear,CollisionT,CrashDate,CrashTimeF,CrashType,LightCondi,RoadwayCha,RoadSurfac,TrafficCon,TrafficWay,WeatherCon,Commercial,DMVInsertD,NumberOfFa,NumberOfIn,NumberOfOt,NumberOfSe,NumberOfVe,PoliceDept,NonReporta,ReportingA,NonPublicW,UTMEasting,UTMNorthin,Intersecti,ClosestCro,CountyName,DirectionF,DistanceFr,MasterInte,CityTownNa,OnStreet,ReferenceM,ACCESS_CON,DIVIDED,FUNCTIONAL,MAINT_JURI,OWNING_JUR,NAME,POSTED_SPE,ApparentFa,key_date_crashes,jams_x,jams_y
409,Feature,,"Albany, NY",US,61.0,to I-90 E Â» Boston,1274456272.0,2902.0,1.0,"[{'x': -73.832514, 'y': 42.694541}, {'x': -73.830621, 'y': 42.694095}, {'x': -73.826474, 'y': 42.692982}, {'x': -73.825437, 'y': 42.692688}, {'x': -73.824624, 'y': 42.692442}, {'x': -73.823836, 'y': 42.692189}, {'x': -73.823393, 'y': 42.692039}, {'x': -73.821017, 'y': 42.691194}, {'x': -73.819357, 'y': 42.69057}, {'x': -73.81654, 'y': 42.689515}, {'x': -73.813212, 'y': 42.688347}, {'x': -73.812928, 'y': 42.688255}, {'x': -73.812333, 'y': 42.688063}, {'x': -73.811672, 'y': 42.687897}, {'x': -73.809165, 'y': 42.68738}, {'x': -73.808298, 'y': 42.687201}, {'x': -73.805655, 'y': 42.686739}, {'x': -73.805161, 'y': 42.686673}, {'x': -73.804722, 'y': 42.686633}, {'x': -73.804228, 'y': 42.686613}, {'x': -73.80383, 'y': 42.686605}, {'x': -73.803279, 'y': 42.686622}, {'x': -73.802709, 'y': 42.686667}, {'x': -73.802244, 'y': 42.686718}, {'x': -73.802013, 'y': 42.686752}, {'x': -73.800194, 'y': 42.687027}, {'x': -73.799607, 'y': 42.687097}, {'x': -73.799265, 'y': 42.687129}]",1647101681014.0,3.0,"[{}, {}, {}, {}, {}, {}]",17.497222222222224,62.99,I-90 E,NONE,NONE,1274456272.0,2022-03-12 16:14:41,5,True,LineString,"[[-73.832514, 42.694541], [-73.830621, 42.694095], [-73.826474, 42.692982], [-73.825437, 42.692688], [-73.824624, 42.692442], [-73.823836, 42.692189], [-73.823393, 42.692039], [-73.821017, 42.691194], [-73.819357, 42.69057], [-73.81654, 42.689515], [-73.813212, 42.688347], [-73.812928, 42.688255], [-73.812333, 42.688063], [-73.811672, 42.687897], [-73.809165, 42.68738], [-73.808298, 42.687201], [-73.805655, 42.686739], [-73.805161, 42.686673], [-73.804722, 42.686633], [-73.804228, 42.686613], [-73.80383, 42.686605], [-73.803279, 42.686622], [-73.802709, 42.686667], [-73.802244, 42.686718], [-73.802013, 42.686752], [-73.800194, 42.687027], [-73.799607, 42.687097], [-73.799265, 42.687129]]",2022-03-12,-73.8305719908698,42.6940702352808,18610371,39273013,,PROPERTY DAMAGE,999,2022,OTHER,2022/03/12,1900-01-01 16:22:00,COLLISION WITH OTHER BARRIER,DAYLIGHT,STRAIGHT AND LEVEL,SNOW/ICE,NONE,NOT ENTERED,SNOW,0,1970/01/01,0,0,0,0,1,10104.0,0,NYSP NEW SCOTLAND,No,595790.22620951,4727505.6361003,Not an intersection crash,Ramp,Albany,7.0,129.0,,Albany,I 90,90I11011008,,,Unknown,Unknown,Unknown,,,"V1:(UNSAFE LANE CHANGE,PAVEMENT SLIPPERY)",2022-03-12,-73.832514,42.694541
410,Feature,,"Colonie, NY",US,76.0,Exit 3: NY-155 W / Albany Int'l Airport,1274783244.0,5415.0,1.0,"[{'x': -73.761891, 'y': 42.768494}, {'x': -73.762017, 'y': 42.76727}, {'x': -73.762065, 'y': 42.766731}, {'x': -73.762263, 'y': 42.764934}, {'x': -73.762427, 'y': 42.764072}, {'x': -73.762502, 'y': 42.763762}, {'x': -73.762579, 'y': 42.763481}, {'x': -73.762709, 'y': 42.763052}, {'x': -73.762907, 'y': 42.762408}, {'x': -73.763276, 'y': 42.761411}, {'x': -73.763701, 'y': 42.760512}, {'x': -73.764302, 'y': 42.759404}, {'x': -73.764671, 'y': 42.758817}, {'x': -73.76553, 'y': 42.757628}, {'x': -73.766477, 'y': 42.756456}, {'x': -73.76693, 'y': 42.755931}, {'x': -73.769192, 'y': 42.753199}, {'x': -73.769879, 'y': 42.752339}, {'x': -73.770908, 'y': 42.751098}, {'x': -73.771582, 'y': 42.750327}, {'x': -73.772273, 'y': 42.749608}, {'x': -73.776275, 'y': 42.745626}, {'x': -73.780132, 'y': 42.741809}, {'x': -73.783425, 'y': 42.738567}, {'x': -73.783802, 'y': 42.738196}, {'x': -73.78587, 'y': 42.736116}, {'x': -73.786614, 'y': 42.735369}, {'x': -73.787681, 'y': 42.7343}, {'x': -73.788417, 'y': 42.733582}, {'x': -73.788779, 'y': 42.733213}, {'x': -73.789379, 'y': 42.732628}, {'x': -73.789708, 'y': 42.732319}, {'x': -73.790508, 'y': 42.731635}, {'x': -73.791224, 'y': 42.731084}, {'x': -73.791898, 'y': 42.730608}, {'x': -73.792677, 'y': 42.730099}, {'x': -73.793792, 'y': 42.729448}, {'x': -73.794528, 'y': 42.72906}, {'x': -73.795723, 'y': 42.72849}, {'x': -73.796398, 'y': 42.728208}]",1647102872290.0,3.0,"[{}, {}, {}, {}, {}, {}, {}, {}, {}]",20.725,74.61,I-87 S,NONE,NONE,1274783244.0,2022-03-12 16:34:32,5,True,LineString,"[[-73.761891, 42.768494], [-73.762017, 42.76727], [-73.762065, 42.766731], [-73.762263, 42.764934], [-73.762427, 42.764072], [-73.762502, 42.763762], [-73.762579, 42.763481], [-73.762709, 42.763052], [-73.762907, 42.762408], [-73.763276, 42.761411], [-73.763701, 42.760512], [-73.764302, 42.759404], [-73.764671, 42.758817], [-73.76553, 42.757628], [-73.766477, 42.756456], [-73.76693, 42.755931], [-73.769192, 42.753199], [-73.769879, 42.752339], [-73.770908, 42.751098], [-73.771582, 42.750327], [-73.772273, 42.749608], [-73.776275, 42.745626], [-73.780132, 42.741809], [-73.783425, 42.738567], [-73.783802, 42.738196], [-73.78587, 42.736116], [-73.786614, 42.735369], [-73.787681, 42.7343], [-73.788417, 42.733582], [-73.788779, 42.733213], [-73.789379, 42.732628], [-73.789708, 42.732319], [-73.790508, 42.731635], [-73.791224, 42.731084], [-73.791898, 42.730608], [-73.792677, 42.730099], [-73.793792, 42.729448], [-73.794528, 42.72906], [-73.795723, 42.72849], [-73.796398, 42.728208]]",2022-03-12,-73.7666033787635,42.7562950761191,18607132,39269507,,PROPERTY DAMAGE,999,2022,HEAD ON,2022/03/12,1900-01-01 16:38:00,COLLISION WITH MOTOR VEHICLE,DAYLIGHT,STRAIGHT AND LEVEL,SNOW/ICE,NONE,NOT ENTERED,"SLEET/HAIL/FREEZING RAIN
",0,1970/01/01,0,0,0,0,2,153.0,0,COLONIE PD,No,600929.15337488,4734489.90965019,Not an intersection crash,,Albany,,0.0,,Colonie,I 87,87I11082052,88.0,T,11-Urban Principal Arterial Interstate,NYSDOT,NYSDOT,Adirondack Northway,55.0,"V1:(PAVEMENT SLIPPERY,NOT APPLICABLE) / V2:(PAVEMENT SLIPPERY,NOT APPLICABLE)",2022-03-12,-73.761891,42.768494
411,Feature,,"Colonie, NY",US,153.0,to US-20 / Western Ave,1274832674.0,9720.0,1.0,"[{'x': -73.760882, 'y': 42.77602}, {'x': -73.761093, 'y': 42.775162}, {'x': -73.761324, 'y': 42.773888}, {'x': -73.761392, 'y': 42.773207}, {'x': -73.761891, 'y': 42.768494}, {'x': -73.762017, 'y': 42.76727}, {'x': -73.762065, 'y': 42.766731}, {'x': -73.762263, 'y': 42.764934}, {'x': -73.762427, 'y': 42.764072}, {'x': -73.762502, 'y': 42.763762}, {'x': -73.762579, 'y': 42.763481}, {'x': -73.762709, 'y': 42.763052}, {'x': -73.762907, 'y': 42.762408}, {'x': -73.763276, 'y': 42.761411}, {'x': -73.763701, 'y': 42.760512}, {'x': -73.764302, 'y': 42.759404}, {'x': -73.764671, 'y': 42.758817}, {'x': -73.76553, 'y': 42.757628}, {'x': -73.766477, 'y': 42.756456}, {'x': -73.76693, 'y': 42.755931}, {'x': -73.769192, 'y': 42.753199}, {'x': -73.769879, 'y': 42.752339}, {'x': -73.770908, 'y': 42.751098}, {'x': -73.771582, 'y': 42.750327}, {'x': -73.772273, 'y': 42.749608}, {'x': -73.776275, 'y': 42.745626}, {'x': -73.780132, 'y': 42.741809}, {'x': -73.783425, 'y': 42.738567}, {'x': -73.783802, 'y': 42.738196}, {'x': -73.78587, 'y': 42.736116}, {'x': -73.786614, 'y': 42.735369}, {'x': -73.787681, 'y': 42.7343}, {'x': -73.788417, 'y': 42.733582}, {'x': -73.788779, 'y': 42.733213}, {'x': -73.789379, 'y': 42.732628}, {'x': -73.789708, 'y': 42.732319}, {'x': -73.790508, 'y': 42.731635}, {'x': -73.791224, 'y': 42.731084}, {'x': -73.791898, 'y': 42.730608}, {'x': -73.792677, 'y': 42.730099}, {'x': -73.793792, 'y': 42.729448}, {'x': -73.794528, 'y': 42.72906}, {'x': -73.795723, 'y': 42.72849}, {'x': -73.796398, 'y': 42.728208}, {'x': -73.798554, 'y': 42.72735}, {'x': -73.801762, 'y': 42.726045}, {'x': -73.80335, 'y': 42.725391}, {'x': -73.804938, 'y': 42.724664}, {'x': -73.806085, 'y': 42.724088}, {'x': -73.806923, 'y': 42.723634}, {'x': -73.809003, 'y': 42.72247}, {'x': -73.809595, 'y': 42.722103}, {'x': -73.810474, 'y': 42.721512}, {'x': -73.811236, 'y': 42.720992}, {'x': -73.811998, 'y': 42.720411}, {'x': -73.813878, 'y': 42.718879}, {'x': -73.8146, 'y': 42.718261}, {'x': -73.814949, 'y': 42.717962}, {'x': -73.816766, 'y': 42.716409}, {'x': -73.818446, 'y': 42.715001}, {'x': -73.818762, 'y': 42.714735}, {'x': -73.819338, 'y': 42.714289}, {'x': -73.819783, 'y': 42.713955}, {'x': -73.820152, 'y': 42.713699}, {'x': -73.822805, 'y': 42.71204}, {'x': -73.82338, 'y': 42.711702}, {'x': -73.825013, 'y': 42.710688}, {'x': -73.825248, 'y': 42.710536}, {'x': -73.827869, 'y': 42.708885}, {'x': -73.828662, 'y': 42.70842}]",1647103047681.0,3.0,"[{}, {}, {}, {}, {}, {}, {}, {}, {}, {}, {}, {}, {}, {}, {}, {}, {}, {}, {}]",19.95,71.82,I-87 S,NONE,NONE,1274832674.0,2022-03-12 16:37:27,5,True,LineString,"[[-73.760882, 42.77602], [-73.761093, 42.775162], [-73.761324, 42.773888], [-73.761392, 42.773207], [-73.761891, 42.768494], [-73.762017, 42.76727], [-73.762065, 42.766731], [-73.762263, 42.764934], [-73.762427, 42.764072], [-73.762502, 42.763762], [-73.762579, 42.763481], [-73.762709, 42.763052], [-73.762907, 42.762408], [-73.763276, 42.761411], [-73.763701, 42.760512], [-73.764302, 42.759404], [-73.764671, 42.758817], [-73.76553, 42.757628], [-73.766477, 42.756456], [-73.76693, 42.755931], [-73.769192, 42.753199], [-73.769879, 42.752339], [-73.770908, 42.751098], [-73.771582, 42.750327], [-73.772273, 42.749608], [-73.776275, 42.745626], [-73.780132, 42.741809], [-73.783425, 42.738567], [-73.783802, 42.738196], [-73.78587, 42.736116], [-73.786614, 42.735369], [-73.787681, 42.7343], [-73.788417, 42.733582], [-73.788779, 42.733213], [-73.789379, 42.732628], [-73.789708, 42.732319], [-73.790508, 42.731635], [-73.791224, 42.731084], [-73.791898, 42.730608], [-73.792677, 42.730099], [-73.793792, 42.729448], [-73.794528, 42.72906], [-73.795723, 42.72849], [-73.796398, 42.728208], [-73.798554, 42.72735], [-73.801762, 42.726045], [-73.80335, 42.725391], [-73.804938, 42.724664], [-73.806085, 42.724088], [-73.806923, 42.723634], [-73.809003, 42.72247], [-73.809595, 42.722103], [-73.810474, 42.721512], [-73.811236, 42.720992], [-73.811998, 42.720411], [-73.813878, 42.718879], [-73.8146, 42.718261], [-73.814949, 42.717962], [-73.816766, 42.716409], [-73.818446, 42.715001], [-73.818762, 42.714735], [-73.819338, 42.714289], [-73.819783, 42.713955], [-73.820152, 42.713699], [-73.822805, 42.71204], [-73.82338, 42.711702], [-73.825013, 42.710688], [-73.825248, 42.710536], [-73.827869, 42.708885], [-73.828662, 42.70842]]",2022-03-12,-73.7666033787635,42.7562950761191,18607132,39269507,,PROPERTY DAMAGE,999,2022,HEAD ON,2022/03/12,1900-01-01 16:38:00,COLLISION WITH MOTOR VEHICLE,DAYLIGHT,STRAIGHT AND LEVEL,SNOW/ICE,NONE,NOT ENTERED,"SLEET/HAIL/FREEZING RAIN
",0,1970/01/01,0,0,0,0,2,153.0,0,COLONIE PD,No,600929.15337488,4734489.90965019,Not an intersection crash,,Albany,,0.0,,Colonie,I 87,87I11082052,88.0,T,11-Urban Principal Arterial Interstate,NYSDOT,NYSDOT,Adirondack Northway,55.0,"V1:(PAVEMENT SLIPPERY,NOT APPLICABLE) / V2:(PAVEMENT SLIPPERY,NOT APPLICABLE)",2022-03-12,-73.760882,42.77602
412,Feature,,"Cortlandville, NY",US,178.0,I-81 S,1274974070.0,9154.0,1.0,"[{'x': -76.156979, 'y': 42.603717}, {'x': -76.156741, 'y': 42.602846}, {'x': -76.156582, 'y': 42.602363}, {'x': -76.156418, 'y': 42.601968}, {'x': -76.156207, 'y': 42.601564}, {'x': -76.155953, 'y': 42.601145}, {'x': -76.1558, 'y': 42.60093}, {'x': -76.155403, 'y': 42.600455}, {'x': -76.15512, 'y': 42.600158}, {'x': -76.154704, 'y': 42.599777}, {'x': -76.154377, 'y': 42.59952}, {'x': -76.153896, 'y': 42.599183}, {'x': -76.153476, 'y': 42.598928}, {'x': -76.153122, 'y': 42.598735}, {'x': -76.15264, 'y': 42.598502}, {'x': -76.152111, 'y': 42.598289}, {'x': -76.151607, 'y': 42.598112}, {'x': -76.150915, 'y': 42.59791}, {'x': -76.150415, 'y': 42.597802}, {'x': -76.149674, 'y': 42.59766}, {'x': -76.145221, 'y': 42.596905}, {'x': -76.144211, 'y': 42.596707}, {'x': -76.143109, 'y': 42.59644}, {'x': -76.142485, 'y': 42.596269}, {'x': -76.141458, 'y': 42.595952}, {'x': -76.140315, 'y': 42.595544}, {'x': -76.139349, 'y': 42.59515}, {'x': -76.138405, 'y': 42.594713}, {'x': -76.137559, 'y': 42.594295}, {'x': -76.136567, 'y': 42.59377}, {'x': -76.135901, 'y': 42.593398}, {'x': -76.135011, 'y': 42.59286}, {'x': -76.133835, 'y': 42.59209}, {'x': -76.132603, 'y': 42.591183}, {'x': -76.132282, 'y': 42.590968}, {'x': -76.131928, 'y': 42.590685}, {'x': -76.131444, 'y': 42.590289}, {'x': -76.130772, 'y': 42.589713}, {'x': -76.130219, 'y': 42.58921}, {'x': -76.129777, 'y': 42.588789}, {'x': -76.129084, 'y': 42.588084}, {'x': -76.128822, 'y': 42.58779}, {'x': -76.128822, 'y': 42.587791}, {'x': -76.1287, 'y': 42.587656}, {'x': -76.128662, 'y': 42.587612}, {'x': -76.127789, 'y': 42.586586}, {'x': -76.127524, 'y': 42.586272}, {'x': -76.12696, 'y': 42.58551}, {'x': -76.126253, 'y': 42.584482}, {'x': -76.125893, 'y': 42.58391}, {'x': -76.125401, 'y': 42.583055}, {'x': -76.124818, 'y': 42.581976}, {'x': -76.122639, 'y': 42.577655}, {'x': -76.121671, 'y': 42.575733}, {'x': -76.121182, 'y': 42.574693}, {'x': -76.121064, 'y': 42.574421}, {'x': -76.120803, 'y': 42.573821}, {'x': -76.120338, 'y': 42.572663}, {'x': -76.118884, 'y': 42.569069}, {'x': -76.118248, 'y': 42.567634}, {'x': -76.117666, 'y': 42.566527}, {'x': -76.117228, 'y': 42.565774}, {'x': -76.116599, 'y': 42.564805}, {'x': -76.116067, 'y': 42.564064}, {'x': -76.115144, 'y': 42.562904}, {'x': -76.114526, 'y': 42.562198}, {'x': -76.11419, 'y': 42.561843}, {'x': -76.113103, 'y': 42.560753}, {'x': -76.11206, 'y': 42.55982}, {'x': -76.111497, 'y': 42.559352}, {'x': -76.110916, 'y': 42.558887}, {'x': -76.110312, 'y': 42.558432}, {'x': -76.108566, 'y': 42.557212}, {'x': -76.106983, 'y': 42.556154}, {'x': -76.105519, 'y': 42.555215}, {'x': -76.104825, 'y': 42.554793}, {'x': -76.104097, 'y': 42.554394}, {'x': -76.103364, 'y': 42.554033}, {'x': -76.101708, 'y': 42.553304}, {'x': -76.101314, 'y': 42.553132}, {'x': -76.099852, 'y': 42.552487}, {'x': -76.099384, 'y': 42.552254}, {'x': -76.099027, 'y': 42.552047}, {'x': -76.09874, 'y': 42.551878}, {'x': -76.098047, 'y': 42.551403}, {'x': -76.097894, 'y': 42.5513}, {'x': -76.097392, 'y': 42.55089}, {'x': -76.096815, 'y': 42.550339}, {'x': -76.096506, 'y': 42.549999}, {'x': -76.09596, 'y': 42.549356}, {'x': -76.095263, 'y': 42.548408}, {'x': -76.093825, 'y': 42.546266}, {'x': -76.091674, 'y': 42.543021}, {'x': -76.091137, 'y': 42.542128}]",1647103508791.0,3.0,"[{}, {}, {}]",19.216666666666665,69.18,I-81 S,NONE,NONE,1274974070.0,2022-03-12 16:45:08,5,True,LineString,"[[-76.156979, 42.603717], [-76.156741, 42.602846], [-76.156582, 42.602363], [-76.156418, 42.601968], [-76.156207, 42.601564], [-76.155953, 42.601145], [-76.1558, 42.60093], [-76.155403, 42.600455], [-76.15512, 42.600158], [-76.154704, 42.599777], [-76.154377, 42.59952], [-76.153896, 42.599183], [-76.153476, 42.598928], [-76.153122, 42.598735], [-76.15264, 42.598502], [-76.152111, 42.598289], [-76.151607, 42.598112], [-76.150915, 42.59791], [-76.150415, 42.597802], [-76.149674, 42.59766], [-76.145221, 42.596905], [-76.144211, 42.596707], [-76.143109, 42.59644], [-76.142485, 42.596269], [-76.141458, 42.595952], [-76.140315, 42.595544], [-76.139349, 42.59515], [-76.138405, 42.594713], [-76.137559, 42.594295], [-76.136567, 42.59377], [-76.135901, 42.593398], [-76.135011, 42.59286], [-76.133835, 42.59209], [-76.132603, 42.591183], [-76.132282, 42.590968], [-76.131928, 42.590685], [-76.131444, 42.590289], [-76.130772, 42.589713], [-76.130219, 42.58921], [-76.129777, 42.588789], [-76.129084, 42.588084], [-76.128822, 42.58779], [-76.128822, 42.587791], [-76.1287, 42.587656], [-76.128662, 42.587612], [-76.127789, 42.586586], [-76.127524, 42.586272], [-76.12696, 42.58551], [-76.126253, 42.584482], [-76.125893, 42.58391], [-76.125401, 42.583055], [-76.124818, 42.581976], [-76.122639, 42.577655], [-76.121671, 42.575733], [-76.121182, 42.574693], [-76.121064, 42.574421], [-76.120803, 42.573821], [-76.120338, 42.572663], [-76.118884, 42.569069], [-76.118248, 42.567634], [-76.117666, 42.566527], [-76.117228, 42.565774], [-76.116599, 42.564805], [-76.116067, 42.564064], [-76.115144, 42.562904], [-76.114526, 42.562198], [-76.11419, 42.561843], [-76.113103, 42.560753], [-76.11206, 42.55982], [-76.111497, 42.559352], [-76.110916, 42.558887], [-76.110312, 42.558432], [-76.108566, 42.557212], [-76.106983, 42.556154], [-76.105519, 42.555215], [-76.104825, 42.554793], [-76.104097, 42.554394], [-76.103364, 42.554033], [-76.101708, 42.553304], [-76.101314, 42.553132], [-76.099852, 42.552487], [-76.099384, 42.552254], [-76.099027, 42.552047], [-76.09874, 42.551878], [-76.098047, 42.551403], [-76.097894, 42.5513], [-76.097392, 42.55089], [-76.096815, 42.550339], [-76.096506, 42.549999], [-76.09596, 42.549356], [-76.095263, 42.548408], [-76.093825, 42.546266], [-76.091674, 42.543021], [-76.091137, 42.542128]]",2022-03-12,-76.1617595546682,42.6089024927637,18604021,39266245,,PROPERTY DAMAGE,999,2022,OTHER,2022/03/12,1900-01-01 16:24:00,COLLISION WITH GUIDE RAIL,DAYLIGHT,CURVE AND GRADE,SNOW/ICE,NONE,NOT ENTERED,SNOW,0,1970/01/01,0,0,0,0,1,1100.0,0,CORTLAND CO SHERIFF DEPT,No,404707.97613324,4718039.65191262,Not an intersection crash,Ramp,Cortland,7.0,51.0,,Cortland,I 81,81I32022002,88.0,T,11-Urban Principal Arterial Interstate,NYSDOT,NYSDOT,,65.0,"V1:(UNSAFE SPEED,PAVEMENT SLIPPERY)",2022-03-12,-76.156979,42.603717
413,Feature,,"Albany, NY",US,77.0,to US-9W / Albany,1275579022.0,4468.0,1.0,"[{'x': -73.736029, 'y': 42.663516}, {'x': -73.736952, 'y': 42.662086}, {'x': -73.737429, 'y': 42.661457}, {'x': -73.738051, 'y': 42.660731}, {'x': -73.738306, 'y': 42.660445}, {'x': -73.738839, 'y': 42.659886}, {'x': -73.739307, 'y': 42.659429}, {'x': -73.73994, 'y': 42.658866}, {'x': -73.740485, 'y': 42.658427}, {'x': -73.741235, 'y': 42.657864}, {'x': -73.742529, 'y': 42.656848}, {'x': -73.744061, 'y': 42.655612}, {'x': -73.744468, 'y': 42.655312}, {'x': -73.745016, 'y': 42.654908}, {'x': -73.74549, 'y': 42.654529}, {'x': -73.745705, 'y': 42.654345}, {'x': -73.74605, 'y': 42.654006}, {'x': -73.746279, 'y': 42.653726}, {'x': -73.746657, 'y': 42.653286}, {'x': -73.746974, 'y': 42.652798}, {'x': -73.747168, 'y': 42.652478}, {'x': -73.747456, 'y': 42.651998}, {'x': -73.747637, 'y': 42.65165}, {'x': -73.747821, 'y': 42.65128}, {'x': -73.748007, 'y': 42.650876}, {'x': -73.748122, 'y': 42.650615}, {'x': -73.748227, 'y': 42.650344}, {'x': -73.748347, 'y': 42.650021}, {'x': -73.748449, 'y': 42.649711}, {'x': -73.748479, 'y': 42.649567}, {'x': -73.748624, 'y': 42.648881}, {'x': -73.748884, 'y': 42.647241}, {'x': -73.749003, 'y': 42.646682}, {'x': -73.749127, 'y': 42.646384}, {'x': -73.749208, 'y': 42.646188}, {'x': -73.74946, 'y': 42.645617}, {'x': -73.749568, 'y': 42.645432}, {'x': -73.749735, 'y': 42.645174}, {'x': -73.749867, 'y': 42.644982}, {'x': -73.750445, 'y': 42.644247}, {'x': -73.751199, 'y': 42.643316}, {'x': -73.75147, 'y': 42.642958}, {'x': -73.751698, 'y': 42.642588}, {'x': -73.752043, 'y': 42.641964}, {'x': -73.752297, 'y': 42.641503}, {'x': -73.753164, 'y': 42.639893}, {'x': -73.753426, 'y': 42.63953}, {'x': -73.753659, 'y': 42.639287}, {'x': -73.753959, 'y': 42.639008}, {'x': -73.754414, 'y': 42.638649}, {'x': -73.754958, 'y': 42.638263}, {'x': -73.755564, 'y': 42.637862}, {'x': -73.755939, 'y': 42.637668}, {'x': -73.756734, 'y': 42.637242}, {'x': -73.762474, 'y': 42.634172}, {'x': -73.763027, 'y': 42.633873}, {'x': -73.763856, 'y': 42.633428}, {'x': -73.764286, 'y': 42.633224}, {'x': -73.764579, 'y': 42.633109}, {'x': -73.764939, 'y': 42.63299}, {'x': -73.765412, 'y': 42.632881}, {'x': -73.765907, 'y': 42.632815}, {'x': -73.766416, 'y': 42.63278}, {'x': -73.766786, 'y': 42.632791}, {'x': -73.767204, 'y': 42.632826}]",1647105263447.0,3.0,"[{}, {}, {}, {}, {}, {}, {}, {}, {}, {}, {}, {}]",18.141666666666666,65.31,I-787 S,NONE,NONE,1275579022.0,2022-03-12 17:14:23,5,True,LineString,"[[-73.736029, 42.663516], [-73.736952, 42.662086], [-73.737429, 42.661457], [-73.738051, 42.660731], [-73.738306, 42.660445], [-73.738839, 42.659886], [-73.739307, 42.659429], [-73.73994, 42.658866], [-73.740485, 42.658427], [-73.741235, 42.657864], [-73.742529, 42.656848], [-73.744061, 42.655612], [-73.744468, 42.655312], [-73.745016, 42.654908], [-73.74549, 42.654529], [-73.745705, 42.654345], [-73.74605, 42.654006], [-73.746279, 42.653726], [-73.746657, 42.653286], [-73.746974, 42.652798], [-73.747168, 42.652478], [-73.747456, 42.651998], [-73.747637, 42.65165], [-73.747821, 42.65128], [-73.748007, 42.650876], [-73.748122, 42.650615], [-73.748227, 42.650344], [-73.748347, 42.650021], [-73.748449, 42.649711], [-73.748479, 42.649567], [-73.748624, 42.648881], [-73.748884, 42.647241], [-73.749003, 42.646682], [-73.749127, 42.646384], [-73.749208, 42.646188], [-73.74946, 42.645617], [-73.749568, 42.645432], [-73.749735, 42.645174], [-73.749867, 42.644982], [-73.750445, 42.644247], [-73.751199, 42.643316], [-73.75147, 42.642958], [-73.751698, 42.642588], [-73.752043, 42.641964], [-73.752297, 42.641503], [-73.753164, 42.639893], [-73.753426, 42.63953], [-73.753659, 42.639287], [-73.753959, 42.639008], [-73.754414, 42.638649], [-73.754958, 42.638263], [-73.755564, 42.637862], [-73.755939, 42.637668], [-73.756734, 42.637242], [-73.762474, 42.634172], [-73.763027, 42.633873], [-73.763856, 42.633428], [-73.764286, 42.633224], [-73.764579, 42.633109], [-73.764939, 42.63299], [-73.765412, 42.632881], [-73.765907, 42.632815], [-73.766416, 42.63278], [-73.766786, 42.632791], [-73.767204, 42.632826]]",2022-03-12,-73.7541169819192,42.6388725549163,18606679,39269052,C - POSSIBLE INJURY,INJURY,999,2022,OTHER,2022/03/12,1900-01-01 17:06:00,COLLISION WITH OTHER BARRIER,DAYLIGHT,CURVE AND LEVEL,SNOW/ICE,NONE,NOT ENTERED,SNOW,0,1970/01/01,0,1,1,0,1,10102.0,0,NYSP LOUDONVILLE,No,602143.23335355,4721465.78691823,Not an intersection crash,,Albany,,0.0,,Albany,I 787,787I11011015,88.0,T,11-Urban Principal Arterial Interstate,NYSDOT,NYSDOT,,55.0,"V1:(UNSAFE SPEED,REACTION TO OTHER UNINVOLVED VEHICL)",2022-03-12,-73.736029,42.663516