,type,properties.blockingAlertUuid,properties.city,properties.country,properties.delay,properties.endNode,properties.id,properties.length,properties.level,properties.line,properties.pubMillis,properties.roadType,properties.segments,properties.speed,properties.speedKMH,properties.street,properties.turnType,properties.type,properties.uuid,properties.utc_timestamp,properties.day_of_week,properties.weekday_weekend,geometry.type,geometry.coordinates,key_date_jams,X,Y,OBJECTID,CaseNumber,MaxInjuryS,CrashSever,RoadwayAcc,CaseYear,CollisionT,CrashDate,CrashTimeF,CrashType,LightCondi,RoadwayCha,RoadSurfac,TrafficCon,TrafficWay,WeatherCon,Commercial,DMVInsertD,NumberOfFa,NumberOfIn,NumberOfOt,NumberOfSe,NumberOfVe,PoliceDept,NonReporta,ReportingA,NonPublicW,UTMEasting,UTMNorthin,Intersecti,ClosestCro,CountyName,DirectionF,DistanceFr,MasterInte,CityTownNa,OnStreet,ReferenceM,ACCESS_CON,DIVIDED,FUNCTIONAL,MAINT_JURI,OWNING_JUR,NAME,POSTED_SPE,ApparentFa,key_date_crashes,jams_x,jams_y
414,Feature,,"Schodack, NY",US,101.0,Exit 12: US-9 / Hudson,1275749900.0,5725.0,1.0,"[{'x': -73.684835, 'y': 42.550117}, {'x': -73.685011, 'y': 42.549378}, {'x': -73.685143, 'y': 42.548751}, {'x': -73.68596, 'y': 42.545084}, {'x': -73.686362, 'y': 42.543201}, {'x': -73.687073, 'y': 42.539839}, {'x': -73.687351, 'y': 42.538504}, {'x': -73.687524, 'y': 42.537423}, {'x': -73.687674, 'y': 42.535877}, {'x': -73.687707, 'y': 42.535079}, {'x': -73.687716, 'y': 42.534188}, {'x': -73.68769, 'y': 42.533396}, {'x': -73.687633, 'y': 42.53233}, {'x': -73.687544, 'y': 42.53126}, {'x': -73.687402, 'y': 42.529259}, {'x': -73.68741, 'y': 42.528111}, {'x': -73.687495, 'y': 42.527227}, {'x': -73.687594, 'y': 42.52668}, {'x': -73.688473, 'y': 42.52292}, {'x': -73.688641, 'y': 42.522061}, {'x': -73.688769, 'y': 42.52084}, {'x': -73.688847, 'y': 42.519942}, {'x': -73.688886, 'y': 42.51945}, {'x': -73.689022, 'y': 42.517865}, {'x': -73.689147, 'y': 42.516411}, {'x': -73.689261, 'y': 42.515113}, {'x': -73.689364, 'y': 42.51358}, {'x': -73.689374, 'y': 42.512879}, {'x': -73.689371, 'y': 42.512344}, {'x': -73.68934, 'y': 42.511296}, {'x': -73.689268, 'y': 42.510456}, {'x': -73.689148, 'y': 42.509475}, {'x': -73.689025, 'y': 42.508715}, {'x': -73.688863, 'y': 42.507853}, {'x': -73.688675, 'y': 42.507045}, {'x': -73.688487, 'y': 42.506332}, {'x': -73.68824, 'y': 42.505516}, {'x': -73.687997, 'y': 42.504774}, {'x': -73.687666, 'y': 42.503921}, {'x': -73.687423, 'y': 42.503327}, {'x': -73.687045, 'y': 42.502414}, {'x': -73.686331, 'y': 42.500727}, {'x': -73.685819, 'y': 42.499472}, {'x': -73.685682, 'y': 42.499175}]",1647105724420.0,3.0,"[{}, {}, {}, {}, {}]",19.58333333333333,70.5,I-90 E,NONE,NONE,1275749900.0,2022-03-12 17:22:04,5,True,LineString,"[[-73.684835, 42.550117], [-73.685011, 42.549378], [-73.685143, 42.548751], [-73.68596, 42.545084], [-73.686362, 42.543201], [-73.687073, 42.539839], [-73.687351, 42.538504], [-73.687524, 42.537423], [-73.687674, 42.535877], [-73.687707, 42.535079], [-73.687716, 42.534188], [-73.68769, 42.533396], [-73.687633, 42.53233], [-73.687544, 42.53126], [-73.687402, 42.529259], [-73.68741, 42.528111], [-73.687495, 42.527227], [-73.687594, 42.52668], [-73.688473, 42.52292], [-73.688641, 42.522061], [-73.688769, 42.52084], [-73.688847, 42.519942], [-73.688886, 42.51945], [-73.689022, 42.517865], [-73.689147, 42.516411], [-73.689261, 42.515113], [-73.689364, 42.51358], [-73.689374, 42.512879], [-73.689371, 42.512344], [-73.68934, 42.511296], [-73.689268, 42.510456], [-73.689148, 42.509475], [-73.689025, 42.508715], [-73.688863, 42.507853], [-73.688675, 42.507045], [-73.688487, 42.506332], [-73.68824, 42.505516], [-73.687997, 42.504774], [-73.687666, 42.503921], [-73.687423, 42.503327], [-73.687045, 42.502414], [-73.686331, 42.500727], [-73.685819, 42.499472], [-73.685682, 42.499175]]",2022-03-12,-73.6796950143811,42.559052059414,18607543,39269922,C - POSSIBLE INJURY,INJURY,999,2022,RIGHT ANGLE,2022/03/12,1900-01-01 17:30:00,COLLISION WITH MOTOR VEHICLE,DAYLIGHT,STRAIGHT AND LEVEL,SNOW/ICE,STOP SIGN,NOT ENTERED,SNOW,0,1970/01/01,0,1,1,0,2,4154.0,0,SCHODACK PD,No,608383.05000057,4712694.85000019,AT-INTERSECTION,,Rensselaer,,0.0,9000382.0,Schodack,COLUMBIA TPKE,,88.0,T,11-Urban Principal Arterial Interstate,NYSDOT,NYSDOT,Rensselaer Co Veterans Mem Hwy,65.0,"V1:(PAVEMENT SLIPPERY,PAVEMENT SLIPPERY) / V2:(NOT APPLICABLE,NOT APPLICABLE)",2022-03-12,-73.684835,42.550117
415,Feature,,"Schodack, NY",US,109.0,Exit 12: US-9 / Hudson,1275749900.0,6813.0,1.0,"[{'x': -73.679715, 'y': 42.558999}, {'x': -73.679898, 'y': 42.558685}, {'x': -73.68016, 'y': 42.558346}, {'x': -73.682848, 'y': 42.555179}, {'x': -73.683216, 'y': 42.554722}, {'x': -73.683613, 'y': 42.554126}, {'x': -73.683744, 'y': 42.553918}, {'x': -73.684003, 'y': 42.55338}, {'x': -73.684214, 'y': 42.552851}, {'x': -73.684368, 'y': 42.552328}, {'x': -73.68446, 'y': 42.551942}, {'x': -73.684677, 'y': 42.550856}, {'x': -73.684682, 'y': 42.550831}, {'x': -73.684835, 'y': 42.550117}, {'x': -73.685011, 'y': 42.549378}, {'x': -73.685143, 'y': 42.548751}, {'x': -73.68596, 'y': 42.545084}, {'x': -73.686362, 'y': 42.543201}, {'x': -73.687073, 'y': 42.539839}, {'x': -73.687351, 'y': 42.538504}, {'x': -73.687524, 'y': 42.537423}, {'x': -73.687674, 'y': 42.535877}, {'x': -73.687707, 'y': 42.535079}, {'x': -73.687716, 'y': 42.534188}, {'x': -73.68769, 'y': 42.533396}, {'x': -73.687633, 'y': 42.53233}, {'x': -73.687544, 'y': 42.53126}, {'x': -73.687402, 'y': 42.529259}, {'x': -73.68741, 'y': 42.528111}, {'x': -73.687495, 'y': 42.527227}, {'x': -73.687594, 'y': 42.52668}, {'x': -73.688473, 'y': 42.52292}, {'x': -73.688641, 'y': 42.522061}, {'x': -73.688769, 'y': 42.52084}, {'x': -73.688847, 'y': 42.519942}, {'x': -73.688886, 'y': 42.51945}, {'x': -73.689022, 'y': 42.517865}, {'x': -73.689147, 'y': 42.516411}, {'x': -73.689261, 'y': 42.515113}, {'x': -73.689364, 'y': 42.51358}, {'x': -73.689374, 'y': 42.512879}, {'x': -73.689371, 'y': 42.512344}, {'x': -73.68934, 'y': 42.511296}, {'x': -73.689268, 'y': 42.510456}, {'x': -73.689148, 'y': 42.509475}, {'x': -73.689025, 'y': 42.508715}, {'x': -73.688863, 'y': 42.507853}, {'x': -73.688675, 'y': 42.507045}, {'x': -73.688487, 'y': 42.506332}, {'x': -73.68824, 'y': 42.505516}, {'x': -73.687997, 'y': 42.504774}, {'x': -73.687666, 'y': 42.503921}, {'x': -73.687423, 'y': 42.503327}, {'x': -73.687045, 'y': 42.502414}, {'x': -73.686331, 'y': 42.500727}, {'x': -73.685819, 'y': 42.499472}, {'x': -73.685682, 'y': 42.499175}]",1647105724420.0,3.0,"[{}, {}, {}, {}, {}, {}, {}, {}]",20.28333333333333,73.02,I-90 E,NONE,NONE,1275749900.0,2022-03-12 17:22:04,5,True,LineString,"[[-73.679715, 42.558999], [-73.679898, 42.558685], [-73.68016, 42.558346], [-73.682848, 42.555179], [-73.683216, 42.554722], [-73.683613, 42.554126], [-73.683744, 42.553918], [-73.684003, 42.55338], [-73.684214, 42.552851], [-73.684368, 42.552328], [-73.68446, 42.551942], [-73.684677, 42.550856], [-73.684682, 42.550831], [-73.684835, 42.550117], [-73.685011, 42.549378], [-73.685143, 42.548751], [-73.68596, 42.545084], [-73.686362, 42.543201], [-73.687073, 42.539839], [-73.687351, 42.538504], [-73.687524, 42.537423], [-73.687674, 42.535877], [-73.687707, 42.535079], [-73.687716, 42.534188], [-73.68769, 42.533396], [-73.687633, 42.53233], [-73.687544, 42.53126], [-73.687402, 42.529259], [-73.68741, 42.528111], [-73.687495, 42.527227], [-73.687594, 42.52668], [-73.688473, 42.52292], [-73.688641, 42.522061], [-73.688769, 42.52084], [-73.688847, 42.519942], [-73.688886, 42.51945], [-73.689022, 42.517865], [-73.689147, 42.516411], [-73.689261, 42.515113], [-73.689364, 42.51358], [-73.689374, 42.512879], [-73.689371, 42.512344], [-73.68934, 42.511296], [-73.689268, 42.510456], [-73.689148, 42.509475], [-73.689025, 42.508715], [-73.688863, 42.507853], [-73.688675, 42.507045], [-73.688487, 42.506332], [-73.68824, 42.505516], [-73.687997, 42.504774], [-73.687666, 42.503921], [-73.687423, 42.503327], [-73.687045, 42.502414], [-73.686331, 42.500727], [-73.685819, 42.499472], [-73.685682, 42.499175]]",2022-03-12,-73.6796950143811,42.559052059414,18607543,39269922,C - POSSIBLE INJURY,INJURY,999,2022,RIGHT ANGLE,2022/03/12,1900-01-01 17:30:00,COLLISION WITH MOTOR VEHICLE,DAYLIGHT,STRAIGHT AND LEVEL,SNOW/ICE,STOP SIGN,NOT ENTERED,SNOW,0,1970/01/01,0,1,1,0,2,4154.0,0,SCHODACK PD,No,608383.05000057,4712694.85000019,AT-INTERSECTION,,Rensselaer,,0.0,9000382.0,Schodack,COLUMBIA TPKE,,88.0,T,11-Urban Principal Arterial Interstate,NYSDOT,NYSDOT,Rensselaer Co Veterans Mem Hwy,65.0,"V1:(PAVEMENT SLIPPERY,PAVEMENT SLIPPERY) / V2:(NOT APPLICABLE,NOT APPLICABLE)",2022-03-12,-73.679715,42.558999
416,Feature,,"Albany, NY",US,128.0,to US-9W / Albany,1275784994.0,4468.0,1.0,"[{'x': -73.736029, 'y': 42.663516}, {'x': -73.736952, 'y': 42.662086}, {'x': -73.737429, 'y': 42.661457}, {'x': -73.738051, 'y': 42.660731}, {'x': -73.738306, 'y': 42.660445}, {'x': -73.738839, 'y': 42.659886}, {'x': -73.739307, 'y': 42.659429}, {'x': -73.73994, 'y': 42.658866}, {'x': -73.740485, 'y': 42.658427}, {'x': -73.741235, 'y': 42.657864}, {'x': -73.742529, 'y': 42.656848}, {'x': -73.744061, 'y': 42.655612}, {'x': -73.744468, 'y': 42.655312}, {'x': -73.745016, 'y': 42.654908}, {'x': -73.74549, 'y': 42.654529}, {'x': -73.745705, 'y': 42.654345}, {'x': -73.74605, 'y': 42.654006}, {'x': -73.746279, 'y': 42.653726}, {'x': -73.746657, 'y': 42.653286}, {'x': -73.746974, 'y': 42.652798}, {'x': -73.747168, 'y': 42.652478}, {'x': -73.747456, 'y': 42.651998}, {'x': -73.747637, 'y': 42.65165}, {'x': -73.747821, 'y': 42.65128}, {'x': -73.748007, 'y': 42.650876}, {'x': -73.748122, 'y': 42.650615}, {'x': -73.748227, 'y': 42.650344}, {'x': -73.748347, 'y': 42.650021}, {'x': -73.748449, 'y': 42.649711}, {'x': -73.748479, 'y': 42.649567}, {'x': -73.748624, 'y': 42.648881}, {'x': -73.748884, 'y': 42.647241}, {'x': -73.749003, 'y': 42.646682}, {'x': -73.749127, 'y': 42.646384}, {'x': -73.749208, 'y': 42.646188}, {'x': -73.74946, 'y': 42.645617}, {'x': -73.749568, 'y': 42.645432}, {'x': -73.749735, 'y': 42.645174}, {'x': -73.749867, 'y': 42.644982}, {'x': -73.750445, 'y': 42.644247}, {'x': -73.751199, 'y': 42.643316}, {'x': -73.75147, 'y': 42.642958}, {'x': -73.751698, 'y': 42.642588}, {'x': -73.752043, 'y': 42.641964}, {'x': -73.752297, 'y': 42.641503}, {'x': -73.753164, 'y': 42.639893}, {'x': -73.753426, 'y': 42.63953}, {'x': -73.753659, 'y': 42.639287}, {'x': -73.753959, 'y': 42.639008}, {'x': -73.754414, 'y': 42.638649}, {'x': -73.754958, 'y': 42.638263}, {'x': -73.755564, 'y': 42.637862}, {'x': -73.755939, 'y': 42.637668}, {'x': -73.756734, 'y': 42.637242}, {'x': -73.762474, 'y': 42.634172}, {'x': -73.763027, 'y': 42.633873}, {'x': -73.763856, 'y': 42.633428}, {'x': -73.764286, 'y': 42.633224}, {'x': -73.764579, 'y': 42.633109}, {'x': -73.764939, 'y': 42.63299}, {'x': -73.765412, 'y': 42.632881}, {'x': -73.765907, 'y': 42.632815}, {'x': -73.766416, 'y': 42.63278}, {'x': -73.766786, 'y': 42.632791}, {'x': -73.767204, 'y': 42.632826}]",1647105817573.0,3.0,"[{}, {}, {}, {}, {}, {}, {}, {}, {}, {}, {}, {}]",15.01388888888889,54.05,I-787 S,NONE,NONE,1275784994.0,2022-03-12 17:23:37,5,True,LineString,"[[-73.736029, 42.663516], [-73.736952, 42.662086], [-73.737429, 42.661457], [-73.738051, 42.660731], [-73.738306, 42.660445], [-73.738839, 42.659886], [-73.739307, 42.659429], [-73.73994, 42.658866], [-73.740485, 42.658427], [-73.741235, 42.657864], [-73.742529, 42.656848], [-73.744061, 42.655612], [-73.744468, 42.655312], [-73.745016, 42.654908], [-73.74549, 42.654529], [-73.745705, 42.654345], [-73.74605, 42.654006], [-73.746279, 42.653726], [-73.746657, 42.653286], [-73.746974, 42.652798], [-73.747168, 42.652478], [-73.747456, 42.651998], [-73.747637, 42.65165], [-73.747821, 42.65128], [-73.748007, 42.650876], [-73.748122, 42.650615], [-73.748227, 42.650344], [-73.748347, 42.650021], [-73.748449, 42.649711], [-73.748479, 42.649567], [-73.748624, 42.648881], [-73.748884, 42.647241], [-73.749003, 42.646682], [-73.749127, 42.646384], [-73.749208, 42.646188], [-73.74946, 42.645617], [-73.749568, 42.645432], [-73.749735, 42.645174], [-73.749867, 42.644982], [-73.750445, 42.644247], [-73.751199, 42.643316], [-73.75147, 42.642958], [-73.751698, 42.642588], [-73.752043, 42.641964], [-73.752297, 42.641503], [-73.753164, 42.639893], [-73.753426, 42.63953], [-73.753659, 42.639287], [-73.753959, 42.639008], [-73.754414, 42.638649], [-73.754958, 42.638263], [-73.755564, 42.637862], [-73.755939, 42.637668], [-73.756734, 42.637242], [-73.762474, 42.634172], [-73.763027, 42.633873], [-73.763856, 42.633428], [-73.764286, 42.633224], [-73.764579, 42.633109], [-73.764939, 42.63299], [-73.765412, 42.632881], [-73.765907, 42.632815], [-73.766416, 42.63278], [-73.766786, 42.632791], [-73.767204, 42.632826]]",2022-03-12,-73.7541169819192,42.6388725549163,18606679,39269052,C - POSSIBLE INJURY,INJURY,999,2022,OTHER,2022/03/12,1900-01-01 17:06:00,COLLISION WITH OTHER BARRIER,DAYLIGHT,CURVE AND LEVEL,SNOW/ICE,NONE,NOT ENTERED,SNOW,0,1970/01/01,0,1,1,0,1,10102.0,0,NYSP LOUDONVILLE,No,602143.23335355,4721465.78691823,Not an intersection crash,,Albany,,0.0,,Albany,I 787,787I11011015,88.0,T,11-Urban Principal Arterial Interstate,NYSDOT,NYSDOT,,55.0,"V1:(UNSAFE SPEED,REACTION TO OTHER UNINVOLVED VEHICL)",2022-03-12,-73.736029,42.663516
417,Feature,,"Colonie, NY",US,243.0,to I-87 N,1275784230.0,6499.0,2.0,"[{'x': -73.834552, 'y': 42.701397}, {'x': -73.833719, 'y': 42.702729}, {'x': -73.833323, 'y': 42.703338}, {'x': -73.832858, 'y': 42.704048}, {'x': -73.832415, 'y': 42.704663}, {'x': -73.831877, 'y': 42.705278}, {'x': -73.831189, 'y': 42.705981}, {'x': -73.830498, 'y': 42.706674}, {'x': -73.829659, 'y': 42.707403}, {'x': -73.829253, 'y': 42.707721}, {'x': -73.828466, 'y': 42.708256}, {'x': -73.826457, 'y': 42.709528}, {'x': -73.824338, 'y': 42.710854}, {'x': -73.823436, 'y': 42.711413}, {'x': -73.820703, 'y': 42.713114}, {'x': -73.819602, 'y': 42.713773}, {'x': -73.818212, 'y': 42.714672}, {'x': -73.817274, 'y': 42.715294}, {'x': -73.816947, 'y': 42.71553}, {'x': -73.815916, 'y': 42.716358}, {'x': -73.815011, 'y': 42.717119}, {'x': -73.814518, 'y': 42.717557}, {'x': -73.81445, 'y': 42.717614}, {'x': -73.8141, 'y': 42.717912}, {'x': -73.812135, 'y': 42.719582}, {'x': -73.811165, 'y': 42.720303}, {'x': -73.808949, 'y': 42.721787}, {'x': -73.808492, 'y': 42.722077}, {'x': -73.807827, 'y': 42.72248}, {'x': -73.807054, 'y': 42.722928}, {'x': -73.805872, 'y': 42.72357}, {'x': -73.805168, 'y': 42.723932}, {'x': -73.804235, 'y': 42.724389}, {'x': -73.803256, 'y': 42.724835}, {'x': -73.801502, 'y': 42.7256}, {'x': -73.799105, 'y': 42.726639}, {'x': -73.796028, 'y': 42.727961}, {'x': -73.795362, 'y': 42.728254}, {'x': -73.794073, 'y': 42.728825}, {'x': -73.793306, 'y': 42.729201}, {'x': -73.792703, 'y': 42.729518}, {'x': -73.791969, 'y': 42.729944}, {'x': -73.7912, 'y': 42.730444}, {'x': -73.790482, 'y': 42.730942}, {'x': -73.789942, 'y': 42.731365}, {'x': -73.789655, 'y': 42.731593}, {'x': -73.789004, 'y': 42.732179}, {'x': -73.788369, 'y': 42.73281}, {'x': -73.787856, 'y': 42.733318}, {'x': -73.783582, 'y': 42.737639}, {'x': -73.783086, 'y': 42.738147}, {'x': -73.782717, 'y': 42.738516}, {'x': -73.782067, 'y': 42.739158}, {'x': -73.781372, 'y': 42.739867}, {'x': -73.780549, 'y': 42.74068}, {'x': -73.779103, 'y': 42.742145}]",1647105818099.0,3.0,"[{}, {}, {}, {}, {}, {}, {}, {}, {}, {}, {}, {}, {}, {}, {}]",13.752777777777778,49.51,I-87 N,NONE,NONE,1275784230.0,2022-03-12 17:23:38,5,True,LineString,"[[-73.834552, 42.701397], [-73.833719, 42.702729], [-73.833323, 42.703338], [-73.832858, 42.704048], [-73.832415, 42.704663], [-73.831877, 42.705278], [-73.831189, 42.705981], [-73.830498, 42.706674], [-73.829659, 42.707403], [-73.829253, 42.707721], [-73.828466, 42.708256], [-73.826457, 42.709528], [-73.824338, 42.710854], [-73.823436, 42.711413], [-73.820703, 42.713114], [-73.819602, 42.713773], [-73.818212, 42.714672], [-73.817274, 42.715294], [-73.816947, 42.71553], [-73.815916, 42.716358], [-73.815011, 42.717119], [-73.814518, 42.717557], [-73.81445, 42.717614], [-73.8141, 42.717912], [-73.812135, 42.719582], [-73.811165, 42.720303], [-73.808949, 42.721787], [-73.808492, 42.722077], [-73.807827, 42.72248], [-73.807054, 42.722928], [-73.805872, 42.72357], [-73.805168, 42.723932], [-73.804235, 42.724389], [-73.803256, 42.724835], [-73.801502, 42.7256], [-73.799105, 42.726639], [-73.796028, 42.727961], [-73.795362, 42.728254], [-73.794073, 42.728825], [-73.793306, 42.729201], [-73.792703, 42.729518], [-73.791969, 42.729944], [-73.7912, 42.730444], [-73.790482, 42.730942], [-73.789942, 42.731365], [-73.789655, 42.731593], [-73.789004, 42.732179], [-73.788369, 42.73281], [-73.787856, 42.733318], [-73.783582, 42.737639], [-73.783086, 42.738147], [-73.782717, 42.738516], [-73.782067, 42.739158], [-73.781372, 42.739867], [-73.780549, 42.74068], [-73.779103, 42.742145]]",2022-03-12,-73.8464417225397,42.700889997381,18605700,39267987,,PROPERTY DAMAGE,999,2022,OTHER,2022/03/12,1900-01-01 17:02:00,COLLISION WITH SIGN POST,DAYLIGHT,CURVE AND LEVEL,SNOW/ICE,NONE,NOT ENTERED,CLOUDY,0,1970/01/01,0,0,0,0,1,12802.0,0,SP THRUWAY FULTONVILLE (TALB),No,594479.9489348,4728245.06005878,Not an intersection crash,I 90,Albany,8.0,230.0,,Albany,RAMP,,88.0,T,11-Urban Principal Arterial Interstate,NYS Thruway,NYS Thruway,Interchange 24,65.0,"V1:(UNSAFE SPEED,PAVEMENT SLIPPERY)",2022-03-12,-73.834552,42.701397
418,Feature,,"Albany, NY",US,102.0,I-787 N,1275850486.0,5579.0,1.0,"[{'x': -73.76357, 'y': 42.63344}, {'x': -73.762662, 'y': 42.63392}, {'x': -73.757611, 'y': 42.636585}, {'x': -73.756416, 'y': 42.637245}, {'x': -73.75555, 'y': 42.637715}, {'x': -73.755167, 'y': 42.637957}, {'x': -73.754791, 'y': 42.6382}, {'x': -73.754444, 'y': 42.638438}, {'x': -73.753879, 'y': 42.638876}, {'x': -73.753402, 'y': 42.639295}, {'x': -73.753056, 'y': 42.639637}, {'x': -73.752845, 'y': 42.639898}, {'x': -73.752716, 'y': 42.640102}, {'x': -73.751998, 'y': 42.641407}, {'x': -73.751448, 'y': 42.642422}, {'x': -73.751105, 'y': 42.642933}, {'x': -73.750868, 'y': 42.643244}, {'x': -73.750306, 'y': 42.643941}, {'x': -73.749484, 'y': 42.644961}, {'x': -73.749304, 'y': 42.645225}, {'x': -73.749022, 'y': 42.64574}, {'x': -73.748888, 'y': 42.646044}, {'x': -73.748867, 'y': 42.646103}, {'x': -73.748802, 'y': 42.646291}, {'x': -73.748799, 'y': 42.646304}, {'x': -73.748726, 'y': 42.64661}, {'x': -73.748668, 'y': 42.646803}, {'x': -73.748392, 'y': 42.648579}, {'x': -73.748323, 'y': 42.648977}, {'x': -73.748227, 'y': 42.64937}, {'x': -73.748086, 'y': 42.649807}, {'x': -73.747736, 'y': 42.650688}, {'x': -73.747466, 'y': 42.651233}, {'x': -73.747143, 'y': 42.651773}, {'x': -73.746814, 'y': 42.652288}, {'x': -73.746252, 'y': 42.653073}, {'x': -73.745732, 'y': 42.653725}, {'x': -73.745084, 'y': 42.654455}, {'x': -73.744851, 'y': 42.654693}, {'x': -73.744645, 'y': 42.654896}, {'x': -73.744368, 'y': 42.655149}, {'x': -73.744079, 'y': 42.655404}, {'x': -73.743553, 'y': 42.655812}, {'x': -73.743139, 'y': 42.656134}, {'x': -73.742126, 'y': 42.656922}, {'x': -73.741457, 'y': 42.657436}, {'x': -73.740751, 'y': 42.657989}, {'x': -73.739879, 'y': 42.65868}, {'x': -73.739461, 'y': 42.65903}, {'x': -73.739253, 'y': 42.659213}, {'x': -73.73908, 'y': 42.659405}, {'x': -73.738955, 'y': 42.659543}, {'x': -73.738482, 'y': 42.660021}, {'x': -73.737973, 'y': 42.660565}, {'x': -73.737498, 'y': 42.661112}, {'x': -73.737018, 'y': 42.661723}, {'x': -73.736638, 'y': 42.662248}, {'x': -73.735848, 'y': 42.663443}, {'x': -73.734754, 'y': 42.665156}, {'x': -73.734433, 'y': 42.665634}, {'x': -73.734056, 'y': 42.66614}, {'x': -73.733681, 'y': 42.6666}, {'x': -73.732938, 'y': 42.667379}, {'x': -73.732617, 'y': 42.667741}, {'x': -73.727829, 'y': 42.672249}, {'x': -73.727829, 'y': 42.67225}, {'x': -73.727046, 'y': 42.672991}, {'x': -73.72619, 'y': 42.673994}]",1647106004436.0,3.0,"[{}, {}, {}, {}, {}, {}, {}, {}, {}, {}, {}, {}]",18.25,65.7,I-787 N,NONE,NONE,1275850486.0,2022-03-12 17:26:44,5,True,LineString,"[[-73.76357, 42.63344], [-73.762662, 42.63392], [-73.757611, 42.636585], [-73.756416, 42.637245], [-73.75555, 42.637715], [-73.755167, 42.637957], [-73.754791, 42.6382], [-73.754444, 42.638438], [-73.753879, 42.638876], [-73.753402, 42.639295], [-73.753056, 42.639637], [-73.752845, 42.639898], [-73.752716, 42.640102], [-73.751998, 42.641407], [-73.751448, 42.642422], [-73.751105, 42.642933], [-73.750868, 42.643244], [-73.750306, 42.643941], [-73.749484, 42.644961], [-73.749304, 42.645225], [-73.749022, 42.64574], [-73.748888, 42.646044], [-73.748867, 42.646103], [-73.748802, 42.646291], [-73.748799, 42.646304], [-73.748726, 42.64661], [-73.748668, 42.646803], [-73.748392, 42.648579], [-73.748323, 42.648977], [-73.748227, 42.64937], [-73.748086, 42.649807], [-73.747736, 42.650688], [-73.747466, 42.651233], [-73.747143, 42.651773], [-73.746814, 42.652288], [-73.746252, 42.653073], [-73.745732, 42.653725], [-73.745084, 42.654455], [-73.744851, 42.654693], [-73.744645, 42.654896], [-73.744368, 42.655149], [-73.744079, 42.655404], [-73.743553, 42.655812], [-73.743139, 42.656134], [-73.742126, 42.656922], [-73.741457, 42.657436], [-73.740751, 42.657989], [-73.739879, 42.65868], [-73.739461, 42.65903], [-73.739253, 42.659213], [-73.73908, 42.659405], [-73.738955, 42.659543], [-73.738482, 42.660021], [-73.737973, 42.660565], [-73.737498, 42.661112], [-73.737018, 42.661723], [-73.736638, 42.662248], [-73.735848, 42.663443], [-73.734754, 42.665156], [-73.734433, 42.665634], [-73.734056, 42.66614], [-73.733681, 42.6666], [-73.732938, 42.667379], [-73.732617, 42.667741], [-73.727829, 42.672249], [-73.727829, 42.67225], [-73.727046, 42.672991], [-73.72619, 42.673994]]",2022-03-12,-73.7541169819192,42.6388725549163,18606679,39269052,C - POSSIBLE INJURY,INJURY,999,2022,OTHER,2022/03/12,1900-01-01 17:06:00,COLLISION WITH OTHER BARRIER,DAYLIGHT,CURVE AND LEVEL,SNOW/ICE,NONE,NOT ENTERED,SNOW,0,1970/01/01,0,1,1,0,1,10102.0,0,NYSP LOUDONVILLE,No,602143.23335355,4721465.78691823,Not an intersection crash,,Albany,,0.0,,Albany,I 787,787I11011015,88.0,T,11-Urban Principal Arterial Interstate,NYSDOT,NYSDOT,,55.0,"V1:(UNSAFE SPEED,REACTION TO OTHER UNINVOLVED VEHICL)",2022-03-12,-73.76357,42.63344