,type,properties.blockingAlertUuid,properties.city,properties.country,properties.delay,properties.endNode,properties.id,properties.length,properties.level,properties.line,properties.pubMillis,properties.roadType,properties.segments,properties.speed,properties.speedKMH,properties.street,properties.turnType,properties.type,properties.uuid,properties.utc_timestamp,properties.day_of_week,properties.weekday_weekend,geometry.type,geometry.coordinates,key_date_jams,X,Y,OBJECTID,CaseNumber,MaxInjuryS,CrashSever,RoadwayAcc,CaseYear,CollisionT,CrashDate,CrashTimeF,CrashType,LightCondi,RoadwayCha,RoadSurfac,TrafficCon,TrafficWay,WeatherCon,Commercial,DMVInsertD,NumberOfFa,NumberOfIn,NumberOfOt,NumberOfSe,NumberOfVe,PoliceDept,NonReporta,ReportingA,NonPublicW,UTMEasting,UTMNorthin,Intersecti,ClosestCro,CountyName,DirectionF,DistanceFr,MasterInte,CityTownNa,OnStreet,ReferenceM,ACCESS_CON,DIVIDED,FUNCTIONAL,MAINT_JURI,OWNING_JUR,NAME,POSTED_SPE,ApparentFa,key_date_crashes,jams_x,jams_y
419,Feature,,"Albany, NY",US,115.0,I-787 N,1275850486.0,6064.0,1.0,"[{'x': -73.769223, 'y': 42.632889}, {'x': -73.767574, 'y': 42.632735}, {'x': -73.76712, 'y': 42.632697}, {'x': -73.766648, 'y': 42.632671}, {'x': -73.766292, 'y': 42.632666}, {'x': -73.765906, 'y': 42.632685}, {'x': -73.765554, 'y': 42.632729}, {'x': -73.76506, 'y': 42.632828}, {'x': -73.764738, 'y': 42.632917}, {'x': -73.764351, 'y': 42.633063}, {'x': -73.763953, 'y': 42.633238}, {'x': -73.763757, 'y': 42.633336}, {'x': -73.76357, 'y': 42.63344}, {'x': -73.762662, 'y': 42.63392}, {'x': -73.757611, 'y': 42.636585}, {'x': -73.756416, 'y': 42.637245}, {'x': -73.75555, 'y': 42.637715}, {'x': -73.755167, 'y': 42.637957}, {'x': -73.754791, 'y': 42.6382}, {'x': -73.754444, 'y': 42.638438}, {'x': -73.753879, 'y': 42.638876}, {'x': -73.753402, 'y': 42.639295}, {'x': -73.753056, 'y': 42.639637}, {'x': -73.752845, 'y': 42.639898}, {'x': -73.752716, 'y': 42.640102}, {'x': -73.751998, 'y': 42.641407}, {'x': -73.751448, 'y': 42.642422}, {'x': -73.751105, 'y': 42.642933}, {'x': -73.750868, 'y': 42.643244}, {'x': -73.750306, 'y': 42.643941}, {'x': -73.749484, 'y': 42.644961}, {'x': -73.749304, 'y': 42.645225}, {'x': -73.749022, 'y': 42.64574}, {'x': -73.748888, 'y': 42.646044}, {'x': -73.748867, 'y': 42.646103}, {'x': -73.748802, 'y': 42.646291}, {'x': -73.748799, 'y': 42.646304}, {'x': -73.748726, 'y': 42.64661}, {'x': -73.748668, 'y': 42.646803}, {'x': -73.748392, 'y': 42.648579}, {'x': -73.748323, 'y': 42.648977}, {'x': -73.748227, 'y': 42.64937}, {'x': -73.748086, 'y': 42.649807}, {'x': -73.747736, 'y': 42.650688}, {'x': -73.747466, 'y': 42.651233}, {'x': -73.747143, 'y': 42.651773}, {'x': -73.746814, 'y': 42.652288}, {'x': -73.746252, 'y': 42.653073}, {'x': -73.745732, 'y': 42.653725}, {'x': -73.745084, 'y': 42.654455}, {'x': -73.744851, 'y': 42.654693}, {'x': -73.744645, 'y': 42.654896}, {'x': -73.744368, 'y': 42.655149}, {'x': -73.744079, 'y': 42.655404}, {'x': -73.743553, 'y': 42.655812}, {'x': -73.743139, 'y': 42.656134}, {'x': -73.742126, 'y': 42.656922}, {'x': -73.741457, 'y': 42.657436}, {'x': -73.740751, 'y': 42.657989}, {'x': -73.739879, 'y': 42.65868}, {'x': -73.739461, 'y': 42.65903}, {'x': -73.739253, 'y': 42.659213}, {'x': -73.73908, 'y': 42.659405}, {'x': -73.738955, 'y': 42.659543}, {'x': -73.738482, 'y': 42.660021}, {'x': -73.737973, 'y': 42.660565}, {'x': -73.737498, 'y': 42.661112}, {'x': -73.737018, 'y': 42.661723}, {'x': -73.736638, 'y': 42.662248}, {'x': -73.735848, 'y': 42.663443}, {'x': -73.734754, 'y': 42.665156}, {'x': -73.734433, 'y': 42.665634}, {'x': -73.734056, 'y': 42.66614}, {'x': -73.733681, 'y': 42.6666}, {'x': -73.732938, 'y': 42.667379}, {'x': -73.732617, 'y': 42.667741}, {'x': -73.727829, 'y': 42.672249}, {'x': -73.727829, 'y': 42.67225}, {'x': -73.727046, 'y': 42.672991}, {'x': -73.72619, 'y': 42.673994}]",1647106004436.0,3.0,"[{}, {}, {}, {}, {}, {}, {}, {}, {}, {}, {}, {}, {}]",17.95,64.62,I-787 N,NONE,NONE,1275850486.0,2022-03-12 17:26:44,5,True,LineString,"[[-73.769223, 42.632889], [-73.767574, 42.632735], [-73.76712, 42.632697], [-73.766648, 42.632671], [-73.766292, 42.632666], [-73.765906, 42.632685], [-73.765554, 42.632729], [-73.76506, 42.632828], [-73.764738, 42.632917], [-73.764351, 42.633063], [-73.763953, 42.633238], [-73.763757, 42.633336], [-73.76357, 42.63344], [-73.762662, 42.63392], [-73.757611, 42.636585], [-73.756416, 42.637245], [-73.75555, 42.637715], [-73.755167, 42.637957], [-73.754791, 42.6382], [-73.754444, 42.638438], [-73.753879, 42.638876], [-73.753402, 42.639295], [-73.753056, 42.639637], [-73.752845, 42.639898], [-73.752716, 42.640102], [-73.751998, 42.641407], [-73.751448, 42.642422], [-73.751105, 42.642933], [-73.750868, 42.643244], [-73.750306, 42.643941], [-73.749484, 42.644961], [-73.749304, 42.645225], [-73.749022, 42.64574], [-73.748888, 42.646044], [-73.748867, 42.646103], [-73.748802, 42.646291], [-73.748799, 42.646304], [-73.748726, 42.64661], [-73.748668, 42.646803], [-73.748392, 42.648579], [-73.748323, 42.648977], [-73.748227, 42.64937], [-73.748086, 42.649807], [-73.747736, 42.650688], [-73.747466, 42.651233], [-73.747143, 42.651773], [-73.746814, 42.652288], [-73.746252, 42.653073], [-73.745732, 42.653725], [-73.745084, 42.654455], [-73.744851, 42.654693], [-73.744645, 42.654896], [-73.744368, 42.655149], [-73.744079, 42.655404], [-73.743553, 42.655812], [-73.743139, 42.656134], [-73.742126, 42.656922], [-73.741457, 42.657436], [-73.740751, 42.657989], [-73.739879, 42.65868], [-73.739461, 42.65903], [-73.739253, 42.659213], [-73.73908, 42.659405], [-73.738955, 42.659543], [-73.738482, 42.660021], [-73.737973, 42.660565], [-73.737498, 42.661112], [-73.737018, 42.661723], [-73.736638, 42.662248], [-73.735848, 42.663443], [-73.734754, 42.665156], [-73.734433, 42.665634], [-73.734056, 42.66614], [-73.733681, 42.6666], [-73.732938, 42.667379], [-73.732617, 42.667741], [-73.727829, 42.672249], [-73.727829, 42.67225], [-73.727046, 42.672991], [-73.72619, 42.673994]]",2022-03-12,-73.7541169819192,42.6388725549163,18606679,39269052,C - POSSIBLE INJURY,INJURY,999,2022,OTHER,2022/03/12,1900-01-01 17:06:00,COLLISION WITH OTHER BARRIER,DAYLIGHT,CURVE AND LEVEL,SNOW/ICE,NONE,NOT ENTERED,SNOW,0,1970/01/01,0,1,1,0,1,10102.0,0,NYSP LOUDONVILLE,No,602143.23335355,4721465.78691823,Not an intersection crash,,Albany,,0.0,,Albany,I 787,787I11011015,88.0,T,11-Urban Principal Arterial Interstate,NYSDOT,NYSDOT,,55.0,"V1:(UNSAFE SPEED,REACTION TO OTHER UNINVOLVED VEHICL)",2022-03-12,-73.769223,42.632889
420,Feature,,"Schodack, NY",US,349.0,to I-90 E Â» Boston,1275955512.0,11630.0,2.0,"[{'x': -73.678244, 'y': 42.583426}, {'x': -73.678503, 'y': 42.582744}, {'x': -73.678594, 'y': 42.582499}, {'x': -73.678728, 'y': 42.582145}, {'x': -73.678834, 'y': 42.581832}, {'x': -73.678934, 'y': 42.581516}, {'x': -73.679005, 'y': 42.58126}, {'x': -73.679051, 'y': 42.581056}, {'x': -73.679089, 'y': 42.58085}, {'x': -73.679159, 'y': 42.580424}, {'x': -73.679192, 'y': 42.580166}, {'x': -73.679219, 'y': 42.579917}, {'x': -73.67925, 'y': 42.579361}, {'x': -73.679255, 'y': 42.57916}, {'x': -73.679237, 'y': 42.577837}, {'x': -73.679205, 'y': 42.576401}, {'x': -73.679175, 'y': 42.575535}, {'x': -73.679189, 'y': 42.574566}, {'x': -73.679062, 'y': 42.570038}, {'x': -73.679025, 'y': 42.567291}, {'x': -73.678939, 'y': 42.565425}, {'x': -73.67888, 'y': 42.563665}, {'x': -73.678854, 'y': 42.562515}, {'x': -73.67887, 'y': 42.561647}, {'x': -73.678898, 'y': 42.561361}, {'x': -73.67894, 'y': 42.561096}, {'x': -73.678991, 'y': 42.560837}, {'x': -73.679042, 'y': 42.560626}, {'x': -73.679148, 'y': 42.560255}, {'x': -73.679229, 'y': 42.560018}, {'x': -73.679374, 'y': 42.559658}, {'x': -73.679485, 'y': 42.559421}, {'x': -73.679715, 'y': 42.558999}, {'x': -73.679898, 'y': 42.558685}, {'x': -73.68016, 'y': 42.558346}, {'x': -73.682848, 'y': 42.555179}, {'x': -73.683216, 'y': 42.554722}, {'x': -73.683613, 'y': 42.554126}, {'x': -73.683744, 'y': 42.553918}, {'x': -73.684003, 'y': 42.55338}, {'x': -73.684214, 'y': 42.552851}, {'x': -73.684368, 'y': 42.552328}, {'x': -73.68446, 'y': 42.551942}, {'x': -73.684677, 'y': 42.550856}, {'x': -73.684682, 'y': 42.550831}, {'x': -73.684835, 'y': 42.550117}, {'x': -73.685011, 'y': 42.549378}, {'x': -73.685143, 'y': 42.548751}, {'x': -73.68596, 'y': 42.545084}, {'x': -73.686362, 'y': 42.543201}, {'x': -73.687073, 'y': 42.539839}, {'x': -73.687351, 'y': 42.538504}, {'x': -73.687524, 'y': 42.537423}, {'x': -73.687674, 'y': 42.535877}, {'x': -73.687707, 'y': 42.535079}, {'x': -73.687716, 'y': 42.534188}, {'x': -73.68769, 'y': 42.533396}, {'x': -73.687633, 'y': 42.53233}, {'x': -73.687544, 'y': 42.53126}, {'x': -73.687402, 'y': 42.529259}, {'x': -73.68741, 'y': 42.528111}, {'x': -73.687495, 'y': 42.527227}, {'x': -73.687594, 'y': 42.52668}, {'x': -73.688473, 'y': 42.52292}, {'x': -73.688641, 'y': 42.522061}, {'x': -73.688769, 'y': 42.52084}, {'x': -73.688847, 'y': 42.519942}, {'x': -73.688886, 'y': 42.51945}, {'x': -73.689022, 'y': 42.517865}, {'x': -73.689147, 'y': 42.516411}, {'x': -73.689261, 'y': 42.515113}, {'x': -73.689364, 'y': 42.51358}, {'x': -73.689374, 'y': 42.512879}, {'x': -73.689371, 'y': 42.512344}, {'x': -73.68934, 'y': 42.511296}, {'x': -73.689268, 'y': 42.510456}, {'x': -73.689148, 'y': 42.509475}, {'x': -73.689025, 'y': 42.508715}, {'x': -73.688863, 'y': 42.507853}, {'x': -73.688675, 'y': 42.507045}, {'x': -73.688487, 'y': 42.506332}, {'x': -73.68824, 'y': 42.505516}, {'x': -73.687997, 'y': 42.504774}, {'x': -73.687666, 'y': 42.503921}, {'x': -73.687423, 'y': 42.503327}, {'x': -73.687045, 'y': 42.502414}, {'x': -73.686331, 'y': 42.500727}, {'x': -73.685819, 'y': 42.499472}, {'x': -73.685682, 'y': 42.499175}, {'x': -73.685493, 'y': 42.498705}, {'x': -73.684971, 'y': 42.497463}, {'x': -73.684477, 'y': 42.496281}, {'x': -73.684146, 'y': 42.495485}, {'x': -73.683367, 'y': 42.493639}, {'x': -73.683252, 'y': 42.49339}, {'x': -73.682829, 'y': 42.492697}, {'x': -73.682293, 'y': 42.492088}, {'x': -73.682172, 'y': 42.491967}, {'x': -73.681927, 'y': 42.491742}, {'x': -73.681052, 'y': 42.491124}, {'x': -73.675339, 'y': 42.487965}, {'x': -73.675163, 'y': 42.487864}, {'x': -73.674596, 'y': 42.487532}, {'x': -73.674453, 'y': 42.487435}, {'x': -73.673739, 'y': 42.486873}, {'x': -73.671953, 'y': 42.485261}, {'x': -73.671211, 'y': 42.48454}]",1647106284609.0,3.0,"[{}, {}, {}, {}, {}, {}, {}, {}, {}, {}, {}, {}, {}, {}, {}, {}, {}]",15.644444444444444,56.32,I-90 E,NONE,NONE,1275955512.0,2022-03-12 17:31:24,5,True,LineString,"[[-73.678244, 42.583426], [-73.678503, 42.582744], [-73.678594, 42.582499], [-73.678728, 42.582145], [-73.678834, 42.581832], [-73.678934, 42.581516], [-73.679005, 42.58126], [-73.679051, 42.581056], [-73.679089, 42.58085], [-73.679159, 42.580424], [-73.679192, 42.580166], [-73.679219, 42.579917], [-73.67925, 42.579361], [-73.679255, 42.57916], [-73.679237, 42.577837], [-73.679205, 42.576401], [-73.679175, 42.575535], [-73.679189, 42.574566], [-73.679062, 42.570038], [-73.679025, 42.567291], [-73.678939, 42.565425], [-73.67888, 42.563665], [-73.678854, 42.562515], [-73.67887, 42.561647], [-73.678898, 42.561361], [-73.67894, 42.561096], [-73.678991, 42.560837], [-73.679042, 42.560626], [-73.679148, 42.560255], [-73.679229, 42.560018], [-73.679374, 42.559658], [-73.679485, 42.559421], [-73.679715, 42.558999], [-73.679898, 42.558685], [-73.68016, 42.558346], [-73.682848, 42.555179], [-73.683216, 42.554722], [-73.683613, 42.554126], [-73.683744, 42.553918], [-73.684003, 42.55338], [-73.684214, 42.552851], [-73.684368, 42.552328], [-73.68446, 42.551942], [-73.684677, 42.550856], [-73.684682, 42.550831], [-73.684835, 42.550117], [-73.685011, 42.549378], [-73.685143, 42.548751], [-73.68596, 42.545084], [-73.686362, 42.543201], [-73.687073, 42.539839], [-73.687351, 42.538504], [-73.687524, 42.537423], [-73.687674, 42.535877], [-73.687707, 42.535079], [-73.687716, 42.534188], [-73.68769, 42.533396], [-73.687633, 42.53233], [-73.687544, 42.53126], [-73.687402, 42.529259], [-73.68741, 42.528111], [-73.687495, 42.527227], [-73.687594, 42.52668], [-73.688473, 42.52292], [-73.688641, 42.522061], [-73.688769, 42.52084], [-73.688847, 42.519942], [-73.688886, 42.51945], [-73.689022, 42.517865], [-73.689147, 42.516411], [-73.689261, 42.515113], [-73.689364, 42.51358], [-73.689374, 42.512879], [-73.689371, 42.512344], [-73.68934, 42.511296], [-73.689268, 42.510456], [-73.689148, 42.509475], [-73.689025, 42.508715], [-73.688863, 42.507853], [-73.688675, 42.507045], [-73.688487, 42.506332], [-73.68824, 42.505516], [-73.687997, 42.504774], [-73.687666, 42.503921], [-73.687423, 42.503327], [-73.687045, 42.502414], [-73.686331, 42.500727], [-73.685819, 42.499472], [-73.685682, 42.499175], [-73.685493, 42.498705], [-73.684971, 42.497463], [-73.684477, 42.496281], [-73.684146, 42.495485], [-73.683367, 42.493639], [-73.683252, 42.49339], [-73.682829, 42.492697], [-73.682293, 42.492088], [-73.682172, 42.491967], [-73.681927, 42.491742], [-73.681052, 42.491124], [-73.675339, 42.487965], [-73.675163, 42.487864], [-73.674596, 42.487532], [-73.674453, 42.487435], [-73.673739, 42.486873], [-73.671953, 42.485261], [-73.671211, 42.48454]]",2022-03-12,-73.6796950143811,42.559052059414,18607543,39269922,C - POSSIBLE INJURY,INJURY,999,2022,RIGHT ANGLE,2022/03/12,1900-01-01 17:30:00,COLLISION WITH MOTOR VEHICLE,DAYLIGHT,STRAIGHT AND LEVEL,SNOW/ICE,STOP SIGN,NOT ENTERED,SNOW,0,1970/01/01,0,1,1,0,2,4154.0,0,SCHODACK PD,No,608383.05000057,4712694.85000019,AT-INTERSECTION,,Rensselaer,,0.0,9000382.0,Schodack,COLUMBIA TPKE,,88.0,T,11-Urban Principal Arterial Interstate,NYSDOT,NYSDOT,Rensselaer Co Veterans Mem Hwy,65.0,"V1:(PAVEMENT SLIPPERY,PAVEMENT SLIPPERY) / V2:(NOT APPLICABLE,NOT APPLICABLE)",2022-03-12,-73.678244,42.583426
421,Feature,,"East Greenbush, NY",US,91.0,I-90 W,1276537500.0,5033.0,1.0,"[{'x': -73.677687, 'y': 42.583957}, {'x': -73.677068, 'y': 42.585718}, {'x': -73.676842, 'y': 42.586516}, {'x': -73.676744, 'y': 42.586974}, {'x': -73.6767, 'y': 42.587349}, {'x': -73.676653, 'y': 42.588027}, {'x': -73.676693, 'y': 42.589535}, {'x': -73.676897, 'y': 42.590763}, {'x': -73.676975, 'y': 42.591124}, {'x': -73.677127, 'y': 42.591717}, {'x': -73.67736, 'y': 42.592427}, {'x': -73.677524, 'y': 42.59284}, {'x': -73.67787, 'y': 42.593589}, {'x': -73.683711, 'y': 42.605156}, {'x': -73.685376, 'y': 42.608401}, {'x': -73.686484, 'y': 42.610659}, {'x': -73.68713, 'y': 42.61191}, {'x': -73.689152, 'y': 42.615943}, {'x': -73.69098, 'y': 42.619585}, {'x': -73.691503, 'y': 42.620438}, {'x': -73.691812, 'y': 42.620906}, {'x': -73.692076, 'y': 42.621291}, {'x': -73.69285, 'y': 42.622247}, {'x': -73.693555, 'y': 42.623096}, {'x': -73.694335, 'y': 42.623858}, {'x': -73.69536, 'y': 42.624674}, {'x': -73.696421, 'y': 42.625422}, {'x': -73.69702, 'y': 42.625814}]",1647107797324.0,3.0,"[{}, {}, {}]",19.741666666666667,71.07,I-90 W,NONE,NONE,1276537500.0,2022-03-12 17:56:37,5,True,LineString,"[[-73.677687, 42.583957], [-73.677068, 42.585718], [-73.676842, 42.586516], [-73.676744, 42.586974], [-73.6767, 42.587349], [-73.676653, 42.588027], [-73.676693, 42.589535], [-73.676897, 42.590763], [-73.676975, 42.591124], [-73.677127, 42.591717], [-73.67736, 42.592427], [-73.677524, 42.59284], [-73.67787, 42.593589], [-73.683711, 42.605156], [-73.685376, 42.608401], [-73.686484, 42.610659], [-73.68713, 42.61191], [-73.689152, 42.615943], [-73.69098, 42.619585], [-73.691503, 42.620438], [-73.691812, 42.620906], [-73.692076, 42.621291], [-73.69285, 42.622247], [-73.693555, 42.623096], [-73.694335, 42.623858], [-73.69536, 42.624674], [-73.696421, 42.625422], [-73.69702, 42.625814]]",2022-03-12,-73.6796950143811,42.559052059414,18607543,39269922,C - POSSIBLE INJURY,INJURY,999,2022,RIGHT ANGLE,2022/03/12,1900-01-01 17:30:00,COLLISION WITH MOTOR VEHICLE,DAYLIGHT,STRAIGHT AND LEVEL,SNOW/ICE,STOP SIGN,NOT ENTERED,SNOW,0,1970/01/01,0,1,1,0,2,4154.0,0,SCHODACK PD,No,608383.05000057,4712694.85000019,AT-INTERSECTION,,Rensselaer,,0.0,9000382.0,Schodack,COLUMBIA TPKE,,88.0,T,11-Urban Principal Arterial Interstate,NYSDOT,NYSDOT,Rensselaer Co Veterans Mem Hwy,65.0,"V1:(PAVEMENT SLIPPERY,PAVEMENT SLIPPERY) / V2:(NOT APPLICABLE,NOT APPLICABLE)",2022-03-12,-73.677687,42.583957
422,Feature,,"Almond, NY",US,112.0,I-86 E,1280949778.0,7235.0,1.0,"[{'x': -77.830091, 'y': 42.3195}, {'x': -77.828995, 'y': 42.319406}, {'x': -77.828224, 'y': 42.3193}, {'x': -77.827491, 'y': 42.31916}, {'x': -77.825785, 'y': 42.318722}, {'x': -77.823838, 'y': 42.318188}, {'x': -77.822584, 'y': 42.317865}, {'x': -77.821717, 'y': 42.317676}, {'x': -77.820981, 'y': 42.317539}, {'x': -77.820203, 'y': 42.317419}, {'x': -77.818661, 'y': 42.317239}, {'x': -77.81687, 'y': 42.317149}, {'x': -77.816136, 'y': 42.317138}, {'x': -77.81472, 'y': 42.317185}, {'x': -77.805665, 'y': 42.317695}, {'x': -77.804112, 'y': 42.317724}, {'x': -77.803037, 'y': 42.317719}, {'x': -77.801707, 'y': 42.317695}, {'x': -77.800112, 'y': 42.317612}, {'x': -77.798433, 'y': 42.317482}, {'x': -77.79055, 'y': 42.316617}, {'x': -77.789377, 'y': 42.316516}, {'x': -77.787992, 'y': 42.316438}, {'x': -77.786551, 'y': 42.316385}, {'x': -77.78557, 'y': 42.316371}, {'x': -77.78395, 'y': 42.316381}, {'x': -77.783028, 'y': 42.316412}, {'x': -77.779273, 'y': 42.316628}, {'x': -77.776398, 'y': 42.31677}, {'x': -77.775421, 'y': 42.316784}, {'x': -77.774789, 'y': 42.316772}, {'x': -77.773583, 'y': 42.316719}, {'x': -77.772803, 'y': 42.316653}, {'x': -77.772044, 'y': 42.316568}, {'x': -77.770943, 'y': 42.316407}, {'x': -77.762703, 'y': 42.314936}, {'x': -77.761474, 'y': 42.314784}, {'x': -77.760194, 'y': 42.314691}, {'x': -77.759276, 'y': 42.314673}, {'x': -77.758282, 'y': 42.314688}, {'x': -77.757139, 'y': 42.314769}, {'x': -77.756331, 'y': 42.31485}, {'x': -77.755648, 'y': 42.314955}, {'x': -77.754492, 'y': 42.315164}, {'x': -77.753396, 'y': 42.315426}, {'x': -77.752648, 'y': 42.315642}, {'x': -77.751928, 'y': 42.315888}, {'x': -77.750838, 'y': 42.316296}, {'x': -77.75016, 'y': 42.316604}, {'x': -77.74934, 'y': 42.31701}, {'x': -77.748563, 'y': 42.317446}, {'x': -77.747583, 'y': 42.318074}, {'x': -77.747429, 'y': 42.318186}, {'x': -77.74651, 'y': 42.318913}, {'x': -77.746024, 'y': 42.319341}, {'x': -77.745699, 'y': 42.319642}, {'x': -77.745499, 'y': 42.31986}]",1647116966520.0,3.0,[{}],20.95,75.42,I-86 E,NONE,NONE,1280949778.0,2022-03-12 20:29:26,5,True,LineString,"[[-77.830091, 42.3195], [-77.828995, 42.319406], [-77.828224, 42.3193], [-77.827491, 42.31916], [-77.825785, 42.318722], [-77.823838, 42.318188], [-77.822584, 42.317865], [-77.821717, 42.317676], [-77.820981, 42.317539], [-77.820203, 42.317419], [-77.818661, 42.317239], [-77.81687, 42.317149], [-77.816136, 42.317138], [-77.81472, 42.317185], [-77.805665, 42.317695], [-77.804112, 42.317724], [-77.803037, 42.317719], [-77.801707, 42.317695], [-77.800112, 42.317612], [-77.798433, 42.317482], [-77.79055, 42.316617], [-77.789377, 42.316516], [-77.787992, 42.316438], [-77.786551, 42.316385], [-77.78557, 42.316371], [-77.78395, 42.316381], [-77.783028, 42.316412], [-77.779273, 42.316628], [-77.776398, 42.31677], [-77.775421, 42.316784], [-77.774789, 42.316772], [-77.773583, 42.316719], [-77.772803, 42.316653], [-77.772044, 42.316568], [-77.770943, 42.316407], [-77.762703, 42.314936], [-77.761474, 42.314784], [-77.760194, 42.314691], [-77.759276, 42.314673], [-77.758282, 42.314688], [-77.757139, 42.314769], [-77.756331, 42.31485], [-77.755648, 42.314955], [-77.754492, 42.315164], [-77.753396, 42.315426], [-77.752648, 42.315642], [-77.751928, 42.315888], [-77.750838, 42.316296], [-77.75016, 42.316604], [-77.74934, 42.31701], [-77.748563, 42.317446], [-77.747583, 42.318074], [-77.747429, 42.318186], [-77.74651, 42.318913], [-77.746024, 42.319341], [-77.745699, 42.319642], [-77.745499, 42.31986]]",2022-03-12,-77.8518368046751,42.3120962870525,18605513,39267799,,PROPERTY DAMAGE,999,2022,OTHER,2022/03/12,1900-01-01 20:41:00,COLLISION WITH SNOW EMBANKMENT,DARK-ROAD UNLIGHTED,STRAIGHT/ GRADE,SNOW/ICE,NONE,NOT ENTERED,SNOW,0,1970/01/01,0,0,0,0,1,10201.0,0,NYSP WELLSVILLE,No,264966.00636272,4688368.1281179,Not an intersection crash,Connecting Road,Allegany,7.0,1223.0,,West Almond,I 86,17 61032276,88.0,T,1-Rural Principal Arterial Interstate,NYSDOT,NYSDOT,SOUTHERN TIER EXP,65.0,"V1:(UNSAFE SPEED,PAVEMENT SLIPPERY)",2022-03-12,-77.830091,42.3195
423,Feature,,"Amherst, NY",US,67.0,Exit 4: I-990 N / University at Buffalo / N Campus / Lockport,1340100412.0,1721.0,2.0,"[{'x': -78.787572, 'y': 42.981122}, {'x': -78.787886, 'y': 42.981299}, {'x': -78.788201, 'y': 42.981454}, {'x': -78.789379, 'y': 42.982062}, {'x': -78.790806, 'y': 42.982831}, {'x': -78.791462, 'y': 42.983189}, {'x': -78.792106, 'y': 42.983557}, {'x': -78.792727, 'y': 42.983943}, {'x': -78.79334, 'y': 42.984361}, {'x': -78.793652, 'y': 42.984574}, {'x': -78.794319, 'y': 42.985083}, {'x': -78.794975, 'y': 42.985617}, {'x': -78.7953, 'y': 42.985902}, {'x': -78.79573, 'y': 42.98631}, {'x': -78.796178, 'y': 42.986763}, {'x': -78.79701, 'y': 42.987688}, {'x': -78.797454, 'y': 42.988248}, {'x': -78.798522, 'y': 42.989605}, {'x': -78.799268, 'y': 42.990526}, {'x': -78.800094, 'y': 42.991378}, {'x': -78.800477, 'y': 42.99175}, {'x': -78.801407, 'y': 42.992558}]",1647375426825.0,3.0,"[{}, {}, {}, {}, {}]",13.113888888888887,47.21,I-290 W,NONE,NONE,1340100412.0,2022-03-15 20:17:06,1,False,LineString,"[[-78.787572, 42.981122], [-78.787886, 42.981299], [-78.788201, 42.981454], [-78.789379, 42.982062], [-78.790806, 42.982831], [-78.791462, 42.983189], [-78.792106, 42.983557], [-78.792727, 42.983943], [-78.79334, 42.984361], [-78.793652, 42.984574], [-78.794319, 42.985083], [-78.794975, 42.985617], [-78.7953, 42.985902], [-78.79573, 42.98631], [-78.796178, 42.986763], [-78.79701, 42.987688], [-78.797454, 42.988248], [-78.798522, 42.989605], [-78.799268, 42.990526], [-78.800094, 42.991378], [-78.800477, 42.99175], [-78.801407, 42.992558]]",2022-03-15,-78.7669495355591,42.9628888515061,18608517,39271034,,PROPERTY DAMAGE,999,2022,REAR END,2022/03/15,1900-01-01 20:16:00,COLLISION WITH MOTOR VEHICLE,DARK-ROAD UNLIGHTED,STRAIGHT AND LEVEL,DRY,NONE,NOT ENTERED,CLOUDY,0,1970/01/01,0,0,0,0,2,1451.0,0,AMHERST TOWN PD,No,192761.41755691,4763582.11123907,Not an intersection crash,,Erie,,0.0,,Amherst,[Route] 290,290I53011097,88.0,T,11-Urban Principal Arterial Interstate,NYSDOT,NYSDOT,,55.0,"V1:(UNSAFE LANE CHANGE,UNKNOWN) / V2:(NOT APPLICABLE,NOT APPLICABLE)",2022-03-15,-78.787572,42.981122
424,Feature,,"Colonie, NY",US,116.0,Exits 7-6: NY-2 / NY-7 / Troy / Schenectady,1114989764.0,2461.0,2.0,"[{'x': -73.761507, 'y': 42.79156}, {'x': -73.760575, 'y': 42.790665}, {'x': -73.760081, 'y': 42.790204}, {'x': -73.759707, 'y': 42.789834}, {'x': -73.759559, 'y': 42.789677}, {'x': -73.759401, 'y': 42.7895}, {'x': -73.759149, 'y': 42.789195}, {'x': -73.75898, 'y': 42.788967}, {'x': -73.758841, 'y': 42.78876}, {'x': -73.758693, 'y': 42.78851}, {'x': -73.75854, 'y': 42.788228}, {'x': -73.758409, 'y': 42.787949}, {'x': -73.758273, 'y': 42.787552}, {'x': -73.758187, 'y': 42.787284}, {'x': -73.758133, 'y': 42.787068}, {'x': -73.758095, 'y': 42.786853}, {'x': -73.758059, 'y': 42.786629}, {'x': -73.75804, 'y': 42.78636}, {'x': -73.758055, 'y': 42.785671}, {'x': -73.758093, 'y': 42.785421}, {'x': -73.758212, 'y': 42.784899}, {'x': -73.758363, 'y': 42.784343}, {'x': -73.7592, 'y': 42.781644}, {'x': -73.759476, 'y': 42.780685}, {'x': -73.75971, 'y': 42.780015}, {'x': -73.760477, 'y': 42.777627}, {'x': -73.760752, 'y': 42.776545}, {'x': -73.760768, 'y': 42.77648}, {'x': -73.760882, 'y': 42.77602}, {'x': -73.761093, 'y': 42.775162}, {'x': -73.761324, 'y': 42.773888}, {'x': -73.761392, 'y': 42.773207}, {'x': -73.761691, 'y': 42.77038}]",1647527275914.0,3.0,"[{}, {}, {}, {}]",12.419444444444444,44.71,I-87 S,NONE,NONE,1114989764.0,2022-03-17 14:27:55,3,False,LineString,"[[-73.761507, 42.79156], [-73.760575, 42.790665], [-73.760081, 42.790204], [-73.759707, 42.789834], [-73.759559, 42.789677], [-73.759401, 42.7895], [-73.759149, 42.789195], [-73.75898, 42.788967], [-73.758841, 42.78876], [-73.758693, 42.78851], [-73.75854, 42.788228], [-73.758409, 42.787949], [-73.758273, 42.787552], [-73.758187, 42.787284], [-73.758133, 42.787068], [-73.758095, 42.786853], [-73.758059, 42.786629], [-73.75804, 42.78636], [-73.758055, 42.785671], [-73.758093, 42.785421], [-73.758212, 42.784899], [-73.758363, 42.784343], [-73.7592, 42.781644], [-73.759476, 42.780685], [-73.75971, 42.780015], [-73.760477, 42.777627], [-73.760752, 42.776545], [-73.760768, 42.77648], [-73.760882, 42.77602], [-73.761093, 42.775162], [-73.761324, 42.773888], [-73.761392, 42.773207], [-73.761691, 42.77038]]",2022-03-17,-73.7593778483681,42.7898211447844,18626104,39290529,B - INJURY,INJURY,999,2022,OTHER,2022/03/17,1900-01-01 14:22:00,COLLISION WITH SIGN POST,DAYLIGHT,CURVE AND GRADE,WET,NONE,NOT ENTERED,RAIN,0,1970/01/01,0,2,2,0,1,10102.0,0,NYSP LOUDONVILLE,No,601465.67554478,4738221.51150885,Not an intersection crash,Island View Rd,Albany,4.0,157.0,,Colonie,I 87,87I11082076,88.0,T,11-Urban Principal Arterial Interstate,NYSDOT,NYSDOT,Adirondack Northway,55.0,"V1:(UNSAFE SPEED,DRIVER INATTENTION)",2022-03-17,-73.761507,42.79156