,type,properties.blockingAlertUuid,properties.city,properties.country,properties.delay,properties.endNode,properties.id,properties.length,properties.level,properties.line,properties.pubMillis,properties.roadType,properties.segments,properties.speed,properties.speedKMH,properties.street,properties.turnType,properties.type,properties.uuid,properties.utc_timestamp,properties.day_of_week,properties.weekday_weekend,geometry.type,geometry.coordinates,key_date_jams,X,Y,OBJECTID,CaseNumber,MaxInjuryS,CrashSever,RoadwayAcc,CaseYear,CollisionT,CrashDate,CrashTimeF,CrashType,LightCondi,RoadwayCha,RoadSurfac,TrafficCon,TrafficWay,WeatherCon,Commercial,DMVInsertD,NumberOfFa,NumberOfIn,NumberOfOt,NumberOfSe,NumberOfVe,PoliceDept,NonReporta,ReportingA,NonPublicW,UTMEasting,UTMNorthin,Intersecti,ClosestCro,CountyName,DirectionF,DistanceFr,MasterInte,CityTownNa,OnStreet,ReferenceM,ACCESS_CON,DIVIDED,FUNCTIONAL,MAINT_JURI,OWNING_JUR,NAME,POSTED_SPE,ApparentFa,key_date_crashes,jams_x,jams_y
437,Feature,,"Syracuse, NY",US,101.0,to I-81 S Â» Binghamton,1672479840.0,3794.0,1.0,"[{'x': -76.191577, 'y': 43.062565}, {'x': -76.190598, 'y': 43.062053}, {'x': -76.189301, 'y': 43.061321}, {'x': -76.188054, 'y': 43.060617}, {'x': -76.187896, 'y': 43.060527}, {'x': -76.186963, 'y': 43.060033}, {'x': -76.186451, 'y': 43.059771}, {'x': -76.185752, 'y': 43.059475}, {'x': -76.185492, 'y': 43.059379}, {'x': -76.183254, 'y': 43.058578}, {'x': -76.181922, 'y': 43.058014}, {'x': -76.180793, 'y': 43.057531}, {'x': -76.179963, 'y': 43.057168}, {'x': -76.179338, 'y': 43.056904}, {'x': -76.178653, 'y': 43.056646}, {'x': -76.178153, 'y': 43.056489}, {'x': -76.177587, 'y': 43.056338}, {'x': -76.176796, 'y': 43.056169}, {'x': -76.176649, 'y': 43.056144}, {'x': -76.175722, 'y': 43.056017}, {'x': -76.175048, 'y': 43.055958}, {'x': -76.173657, 'y': 43.055923}, {'x': -76.170429, 'y': 43.055853}, {'x': -76.16786, 'y': 43.055809}, {'x': -76.167354, 'y': 43.055783}, {'x': -76.166715, 'y': 43.055735}, {'x': -76.166101, 'y': 43.055668}, {'x': -76.162898, 'y': 43.055277}, {'x': -76.162667, 'y': 43.055253}, {'x': -76.161218, 'y': 43.055066}, {'x': -76.160766, 'y': 43.054994}, {'x': -76.160362, 'y': 43.054914}, {'x': -76.159999, 'y': 43.054841}, {'x': -76.158918, 'y': 43.054566}, {'x': -76.158424, 'y': 43.05447}, {'x': -76.158079, 'y': 43.054392}, {'x': -76.157697, 'y': 43.054336}, {'x': -76.157476, 'y': 43.054312}, {'x': -76.15719, 'y': 43.054289}, {'x': -76.156808, 'y': 43.054266}, {'x': -76.154966, 'y': 43.054128}, {'x': -76.154713, 'y': 43.054109}, {'x': -76.154338, 'y': 43.054074}, {'x': -76.153917, 'y': 43.054026}, {'x': -76.153625, 'y': 43.053975}, {'x': -76.153402, 'y': 43.053922}, {'x': -76.153032, 'y': 43.053828}, {'x': -76.15259, 'y': 43.053675}, {'x': -76.152126, 'y': 43.053453}, {'x': -76.151832, 'y': 43.05327}, {'x': -76.151523, 'y': 43.053036}, {'x': -76.15049, 'y': 43.052105}, {'x': -76.15015, 'y': 43.051864}, {'x': -76.149712, 'y': 43.051622}, {'x': -76.149394, 'y': 43.051471}, {'x': -76.149086, 'y': 43.051353}]",1648449806476.0,3.0,"[{}, {}, {}, {}, {}, {}, {}, {}, {}]",15.213888888888889,54.77,I-690 E,NONE,NONE,1672479840.0,2022-03-28 06:43:26,0,False,LineString,"[[-76.191577, 43.062565], [-76.190598, 43.062053], [-76.189301, 43.061321], [-76.188054, 43.060617], [-76.187896, 43.060527], [-76.186963, 43.060033], [-76.186451, 43.059771], [-76.185752, 43.059475], [-76.185492, 43.059379], [-76.183254, 43.058578], [-76.181922, 43.058014], [-76.180793, 43.057531], [-76.179963, 43.057168], [-76.179338, 43.056904], [-76.178653, 43.056646], [-76.178153, 43.056489], [-76.177587, 43.056338], [-76.176796, 43.056169], [-76.176649, 43.056144], [-76.175722, 43.056017], [-76.175048, 43.055958], [-76.173657, 43.055923], [-76.170429, 43.055853], [-76.16786, 43.055809], [-76.167354, 43.055783], [-76.166715, 43.055735], [-76.166101, 43.055668], [-76.162898, 43.055277], [-76.162667, 43.055253], [-76.161218, 43.055066], [-76.160766, 43.054994], [-76.160362, 43.054914], [-76.159999, 43.054841], [-76.158918, 43.054566], [-76.158424, 43.05447], [-76.158079, 43.054392], [-76.157697, 43.054336], [-76.157476, 43.054312], [-76.15719, 43.054289], [-76.156808, 43.054266], [-76.154966, 43.054128], [-76.154713, 43.054109], [-76.154338, 43.054074], [-76.153917, 43.054026], [-76.153625, 43.053975], [-76.153402, 43.053922], [-76.153032, 43.053828], [-76.15259, 43.053675], [-76.152126, 43.053453], [-76.151832, 43.05327], [-76.151523, 43.053036], [-76.15049, 43.052105], [-76.15015, 43.051864], [-76.149712, 43.051622], [-76.149394, 43.051471], [-76.149086, 43.051353]]",2022-03-28,-76.1638357448691,43.0664220557283,18646178,39312612,,PROPERTY DAMAGE,999,2022,OVERTAKING,2022/03/28,1900-01-01 06:34:00,COLLISION WITH MOTOR VEHICLE,DAWN,STRAIGHT AND LEVEL,SNOW/ICE,NONE,NOT ENTERED,SNOW,0,1970/01/01,0,0,0,0,2,3301.0,1,SYRACUSE PD,No,405239.46214035,4768848.12512992,INTERSECTION-RELATED,Ramp,Onondaga,WEST,310.0,7032078.0,Syracuse,[Route] 81,81I33032160,88.0,T,11-Urban Principal Arterial Interstate,NYSDOT,NYSDOT,Interstate 81,55.0,"V1:(PAVEMENT SLIPPERY,NOT APPLICABLE) / V2:(NOT APPLICABLE,NOT APPLICABLE)",2022-03-28,-76.191577,43.062565
438,Feature,,"Syracuse, NY",US,60.0,I-690 W,1672481260.0,3129.0,1.0,"[{'x': -76.150117, 'y': 43.052799}, {'x': -76.151387, 'y': 43.053513}, {'x': -76.151852, 'y': 43.05372}, {'x': -76.152175, 'y': 43.053834}, {'x': -76.152513, 'y': 43.053939}, {'x': -76.152796, 'y': 43.054023}, {'x': -76.152857, 'y': 43.054044}, {'x': -76.153168, 'y': 43.05411}, {'x': -76.153325, 'y': 43.054138}, {'x': -76.153591, 'y': 43.05418}, {'x': -76.15377, 'y': 43.054206}, {'x': -76.15411, 'y': 43.054246}, {'x': -76.154709, 'y': 43.054295}, {'x': -76.155753, 'y': 43.054353}, {'x': -76.156472, 'y': 43.054406}, {'x': -76.157375, 'y': 43.054474}, {'x': -76.157699, 'y': 43.054506}, {'x': -76.158466, 'y': 43.054632}, {'x': -76.159526, 'y': 43.054897}, {'x': -76.159985, 'y': 43.055001}, {'x': -76.160492, 'y': 43.055091}, {'x': -76.160782, 'y': 43.055131}, {'x': -76.161222, 'y': 43.055185}, {'x': -76.161736, 'y': 43.055265}, {'x': -76.1649, 'y': 43.055667}, {'x': -76.165843, 'y': 43.055783}, {'x': -76.166103, 'y': 43.055811}, {'x': -76.166394, 'y': 43.055851}, {'x': -76.166659, 'y': 43.05588}, {'x': -76.166973, 'y': 43.055905}, {'x': -76.167287, 'y': 43.055924}, {'x': -76.16788, 'y': 43.055954}, {'x': -76.170264, 'y': 43.056009}, {'x': -76.170592, 'y': 43.056016}, {'x': -76.171504, 'y': 43.056032}, {'x': -76.172425, 'y': 43.056059}, {'x': -76.173163, 'y': 43.056105}, {'x': -76.173646, 'y': 43.056173}, {'x': -76.17462, 'y': 43.056367}, {'x': -76.175362, 'y': 43.056592}, {'x': -76.175929, 'y': 43.056794}, {'x': -76.176808, 'y': 43.05708}, {'x': -76.177006, 'y': 43.057135}, {'x': -76.177403, 'y': 43.057213}, {'x': -76.177745, 'y': 43.057262}, {'x': -76.178697, 'y': 43.057299}, {'x': -76.179119, 'y': 43.057322}, {'x': -76.179435, 'y': 43.057359}, {'x': -76.179812, 'y': 43.057415}, {'x': -76.180115, 'y': 43.05749}, {'x': -76.18045, 'y': 43.057576}, {'x': -76.180743, 'y': 43.057685}, {'x': -76.184196, 'y': 43.059174}, {'x': -76.184856, 'y': 43.059432}, {'x': -76.186513, 'y': 43.060075}]",1648449998532.0,3.0,"[{}, {}, {}, {}, {}, {}]",16.897222222222222,60.83,I-690 W,NONE,NONE,1672481260.0,2022-03-28 06:46:38,0,False,LineString,"[[-76.150117, 43.052799], [-76.151387, 43.053513], [-76.151852, 43.05372], [-76.152175, 43.053834], [-76.152513, 43.053939], [-76.152796, 43.054023], [-76.152857, 43.054044], [-76.153168, 43.05411], [-76.153325, 43.054138], [-76.153591, 43.05418], [-76.15377, 43.054206], [-76.15411, 43.054246], [-76.154709, 43.054295], [-76.155753, 43.054353], [-76.156472, 43.054406], [-76.157375, 43.054474], [-76.157699, 43.054506], [-76.158466, 43.054632], [-76.159526, 43.054897], [-76.159985, 43.055001], [-76.160492, 43.055091], [-76.160782, 43.055131], [-76.161222, 43.055185], [-76.161736, 43.055265], [-76.1649, 43.055667], [-76.165843, 43.055783], [-76.166103, 43.055811], [-76.166394, 43.055851], [-76.166659, 43.05588], [-76.166973, 43.055905], [-76.167287, 43.055924], [-76.16788, 43.055954], [-76.170264, 43.056009], [-76.170592, 43.056016], [-76.171504, 43.056032], [-76.172425, 43.056059], [-76.173163, 43.056105], [-76.173646, 43.056173], [-76.17462, 43.056367], [-76.175362, 43.056592], [-76.175929, 43.056794], [-76.176808, 43.05708], [-76.177006, 43.057135], [-76.177403, 43.057213], [-76.177745, 43.057262], [-76.178697, 43.057299], [-76.179119, 43.057322], [-76.179435, 43.057359], [-76.179812, 43.057415], [-76.180115, 43.05749], [-76.18045, 43.057576], [-76.180743, 43.057685], [-76.184196, 43.059174], [-76.184856, 43.059432], [-76.186513, 43.060075]]",2022-03-28,-76.1638357448691,43.0664220557283,18646178,39312612,,PROPERTY DAMAGE,999,2022,OVERTAKING,2022/03/28,1900-01-01 06:34:00,COLLISION WITH MOTOR VEHICLE,DAWN,STRAIGHT AND LEVEL,SNOW/ICE,NONE,NOT ENTERED,SNOW,0,1970/01/01,0,0,0,0,2,3301.0,1,SYRACUSE PD,No,405239.46214035,4768848.12512992,INTERSECTION-RELATED,Ramp,Onondaga,WEST,310.0,7032078.0,Syracuse,[Route] 81,81I33032160,88.0,T,11-Urban Principal Arterial Interstate,NYSDOT,NYSDOT,Interstate 81,55.0,"V1:(PAVEMENT SLIPPERY,NOT APPLICABLE) / V2:(NOT APPLICABLE,NOT APPLICABLE)",2022-03-28,-76.150117,43.052799
439,Feature,,"Geddes, NY",US,79.0,to I-690 W,1672482312.0,3763.0,2.0,"[{'x': -76.186513, 'y': 43.060075}, {'x': -76.186992, 'y': 43.060267}, {'x': -76.187387, 'y': 43.060463}, {'x': -76.187722, 'y': 43.060647}, {'x': -76.18833, 'y': 43.06098}, {'x': -76.188472, 'y': 43.06106}, {'x': -76.188965, 'y': 43.061339}, {'x': -76.190838, 'y': 43.062396}, {'x': -76.193573, 'y': 43.064012}, {'x': -76.195266, 'y': 43.06494}, {'x': -76.19596, 'y': 43.065324}, {'x': -76.196746, 'y': 43.065761}, {'x': -76.197333, 'y': 43.066119}, {'x': -76.197904, 'y': 43.066496}, {'x': -76.198652, 'y': 43.067026}, {'x': -76.199446, 'y': 43.06765}, {'x': -76.201473, 'y': 43.069366}, {'x': -76.202163, 'y': 43.069892}, {'x': -76.202784, 'y': 43.070301}, {'x': -76.203191, 'y': 43.070542}, {'x': -76.203755, 'y': 43.070851}, {'x': -76.204304, 'y': 43.071118}, {'x': -76.20515, 'y': 43.071489}, {'x': -76.207432, 'y': 43.072349}, {'x': -76.207661, 'y': 43.072436}, {'x': -76.207867, 'y': 43.072533}, {'x': -76.208308, 'y': 43.072742}, {'x': -76.20893, 'y': 43.073065}, {'x': -76.209355, 'y': 43.073308}, {'x': -76.210287, 'y': 43.073889}, {'x': -76.210685, 'y': 43.07416}, {'x': -76.211836, 'y': 43.074951}, {'x': -76.218825, 'y': 43.079765}, {'x': -76.219522, 'y': 43.080215}, {'x': -76.220163, 'y': 43.080594}, {'x': -76.221364, 'y': 43.081221}, {'x': -76.222017, 'y': 43.081522}]",1648450191489.0,3.0,"[{}, {}, {}, {}, {}, {}, {}, {}]",17.683333333333334,63.66,I-690 W,NONE,NONE,1672482312.0,2022-03-28 06:49:51,0,False,LineString,"[[-76.186513, 43.060075], [-76.186992, 43.060267], [-76.187387, 43.060463], [-76.187722, 43.060647], [-76.18833, 43.06098], [-76.188472, 43.06106], [-76.188965, 43.061339], [-76.190838, 43.062396], [-76.193573, 43.064012], [-76.195266, 43.06494], [-76.19596, 43.065324], [-76.196746, 43.065761], [-76.197333, 43.066119], [-76.197904, 43.066496], [-76.198652, 43.067026], [-76.199446, 43.06765], [-76.201473, 43.069366], [-76.202163, 43.069892], [-76.202784, 43.070301], [-76.203191, 43.070542], [-76.203755, 43.070851], [-76.204304, 43.071118], [-76.20515, 43.071489], [-76.207432, 43.072349], [-76.207661, 43.072436], [-76.207867, 43.072533], [-76.208308, 43.072742], [-76.20893, 43.073065], [-76.209355, 43.073308], [-76.210287, 43.073889], [-76.210685, 43.07416], [-76.211836, 43.074951], [-76.218825, 43.079765], [-76.219522, 43.080215], [-76.220163, 43.080594], [-76.221364, 43.081221], [-76.222017, 43.081522]]",2022-03-28,-76.1638357448691,43.0664220557283,18646178,39312612,,PROPERTY DAMAGE,999,2022,OVERTAKING,2022/03/28,1900-01-01 06:34:00,COLLISION WITH MOTOR VEHICLE,DAWN,STRAIGHT AND LEVEL,SNOW/ICE,NONE,NOT ENTERED,SNOW,0,1970/01/01,0,0,0,0,2,3301.0,1,SYRACUSE PD,No,405239.46214035,4768848.12512992,INTERSECTION-RELATED,Ramp,Onondaga,WEST,310.0,7032078.0,Syracuse,[Route] 81,81I33032160,88.0,T,11-Urban Principal Arterial Interstate,NYSDOT,NYSDOT,Interstate 81,55.0,"V1:(PAVEMENT SLIPPERY,NOT APPLICABLE) / V2:(NOT APPLICABLE,NOT APPLICABLE)",2022-03-28,-76.186513,43.060075
440,Feature,,"Geddes, NY",US,72.0,to I-690 W,1672482312.0,3763.0,2.0,"[{'x': -76.186513, 'y': 43.060075}, {'x': -76.186992, 'y': 43.060267}, {'x': -76.187387, 'y': 43.060463}, {'x': -76.187722, 'y': 43.060647}, {'x': -76.18833, 'y': 43.06098}, {'x': -76.188472, 'y': 43.06106}, {'x': -76.188965, 'y': 43.061339}, {'x': -76.190838, 'y': 43.062396}, {'x': -76.193573, 'y': 43.064012}, {'x': -76.195266, 'y': 43.06494}, {'x': -76.19596, 'y': 43.065324}, {'x': -76.196746, 'y': 43.065761}, {'x': -76.197333, 'y': 43.066119}, {'x': -76.197904, 'y': 43.066496}, {'x': -76.198652, 'y': 43.067026}, {'x': -76.199446, 'y': 43.06765}, {'x': -76.201473, 'y': 43.069366}, {'x': -76.202163, 'y': 43.069892}, {'x': -76.202784, 'y': 43.070301}, {'x': -76.203191, 'y': 43.070542}, {'x': -76.203755, 'y': 43.070851}, {'x': -76.204304, 'y': 43.071118}, {'x': -76.20515, 'y': 43.071489}, {'x': -76.207432, 'y': 43.072349}, {'x': -76.207661, 'y': 43.072436}, {'x': -76.207867, 'y': 43.072533}, {'x': -76.208308, 'y': 43.072742}, {'x': -76.20893, 'y': 43.073065}, {'x': -76.209355, 'y': 43.073308}, {'x': -76.210287, 'y': 43.073889}, {'x': -76.210685, 'y': 43.07416}, {'x': -76.211836, 'y': 43.074951}, {'x': -76.218825, 'y': 43.079765}, {'x': -76.219522, 'y': 43.080215}, {'x': -76.220163, 'y': 43.080594}, {'x': -76.221364, 'y': 43.081221}, {'x': -76.222017, 'y': 43.081522}]",1648450191489.0,3.0,"[{}, {}, {}, {}, {}, {}, {}, {}]",18.26388888888889,65.75,I-690 W,NONE,NONE,1672482312.0,2022-03-28 06:49:51,0,False,LineString,"[[-76.186513, 43.060075], [-76.186992, 43.060267], [-76.187387, 43.060463], [-76.187722, 43.060647], [-76.18833, 43.06098], [-76.188472, 43.06106], [-76.188965, 43.061339], [-76.190838, 43.062396], [-76.193573, 43.064012], [-76.195266, 43.06494], [-76.19596, 43.065324], [-76.196746, 43.065761], [-76.197333, 43.066119], [-76.197904, 43.066496], [-76.198652, 43.067026], [-76.199446, 43.06765], [-76.201473, 43.069366], [-76.202163, 43.069892], [-76.202784, 43.070301], [-76.203191, 43.070542], [-76.203755, 43.070851], [-76.204304, 43.071118], [-76.20515, 43.071489], [-76.207432, 43.072349], [-76.207661, 43.072436], [-76.207867, 43.072533], [-76.208308, 43.072742], [-76.20893, 43.073065], [-76.209355, 43.073308], [-76.210287, 43.073889], [-76.210685, 43.07416], [-76.211836, 43.074951], [-76.218825, 43.079765], [-76.219522, 43.080215], [-76.220163, 43.080594], [-76.221364, 43.081221], [-76.222017, 43.081522]]",2022-03-28,-76.1638357448691,43.0664220557283,18646178,39312612,,PROPERTY DAMAGE,999,2022,OVERTAKING,2022/03/28,1900-01-01 06:34:00,COLLISION WITH MOTOR VEHICLE,DAWN,STRAIGHT AND LEVEL,SNOW/ICE,NONE,NOT ENTERED,SNOW,0,1970/01/01,0,0,0,0,2,3301.0,1,SYRACUSE PD,No,405239.46214035,4768848.12512992,INTERSECTION-RELATED,Ramp,Onondaga,WEST,310.0,7032078.0,Syracuse,[Route] 81,81I33032160,88.0,T,11-Urban Principal Arterial Interstate,NYSDOT,NYSDOT,Interstate 81,55.0,"V1:(PAVEMENT SLIPPERY,NOT APPLICABLE) / V2:(NOT APPLICABLE,NOT APPLICABLE)",2022-03-28,-76.186513,43.060075
441,Feature,,"Red House, NY",US,150.0,I-86 E,1672494922.0,6590.0,2.0,"[{'x': -78.828218, 'y': 42.103318}, {'x': -78.827012, 'y': 42.103616}, {'x': -78.824781, 'y': 42.104141}, {'x': -78.824205, 'y': 42.104254}, {'x': -78.823699, 'y': 42.104331}, {'x': -78.822862, 'y': 42.10439}, {'x': -78.822431, 'y': 42.10439}, {'x': -78.821996, 'y': 42.104375}, {'x': -78.821224, 'y': 42.104293}, {'x': -78.820677, 'y': 42.104201}, {'x': -78.820302, 'y': 42.104115}, {'x': -78.819779, 'y': 42.103955}, {'x': -78.819379, 'y': 42.103815}, {'x': -78.818979, 'y': 42.10365}, {'x': -78.814259, 'y': 42.101511}, {'x': -78.813392, 'y': 42.101195}, {'x': -78.812586, 'y': 42.100958}, {'x': -78.811699, 'y': 42.100768}, {'x': -78.811108, 'y': 42.100669}, {'x': -78.810243, 'y': 42.100571}, {'x': -78.809749, 'y': 42.100539}, {'x': -78.809264, 'y': 42.100527}, {'x': -78.808423, 'y': 42.100543}, {'x': -78.808115, 'y': 42.100559}, {'x': -78.80723, 'y': 42.100655}, {'x': -78.806468, 'y': 42.100776}, {'x': -78.805706, 'y': 42.100941}, {'x': -78.80498, 'y': 42.101133}, {'x': -78.791167, 'y': 42.104792}, {'x': -78.789095, 'y': 42.105341}, {'x': -78.788208, 'y': 42.105573}, {'x': -78.784367, 'y': 42.106592}, {'x': -78.783617, 'y': 42.106809}, {'x': -78.782719, 'y': 42.107143}, {'x': -78.782475, 'y': 42.107254}, {'x': -78.782049, 'y': 42.107448}, {'x': -78.781329, 'y': 42.107842}, {'x': -78.780948, 'y': 42.108084}, {'x': -78.780573, 'y': 42.108339}, {'x': -78.780311, 'y': 42.108537}, {'x': -78.779967, 'y': 42.108809}, {'x': -78.779597, 'y': 42.109133}, {'x': -78.779254, 'y': 42.109483}, {'x': -78.778912, 'y': 42.109826}, {'x': -78.778815, 'y': 42.109938}, {'x': -78.778768, 'y': 42.109995}, {'x': -78.778662, 'y': 42.110129}, {'x': -78.778543, 'y': 42.110281}, {'x': -78.778168, 'y': 42.110861}, {'x': -78.777958, 'y': 42.111239}, {'x': -78.777682, 'y': 42.11187}, {'x': -78.777411, 'y': 42.112672}, {'x': -78.777266, 'y': 42.11327}, {'x': -78.777221, 'y': 42.113726}, {'x': -78.777237, 'y': 42.114178}, {'x': -78.777245, 'y': 42.114429}, {'x': -78.777497, 'y': 42.116142}, {'x': -78.777858, 'y': 42.118593}, {'x': -78.777902, 'y': 42.118888}, {'x': -78.777926, 'y': 42.119044}, {'x': -78.779359, 'y': 42.128817}]",1648452047552.0,3.0,"[{}, {}, {}, {}, {}]",17.608333333333334,63.39,I-86 E,NONE,NONE,1672494922.0,2022-03-28 07:20:47,0,False,LineString,"[[-78.828218, 42.103318], [-78.827012, 42.103616], [-78.824781, 42.104141], [-78.824205, 42.104254], [-78.823699, 42.104331], [-78.822862, 42.10439], [-78.822431, 42.10439], [-78.821996, 42.104375], [-78.821224, 42.104293], [-78.820677, 42.104201], [-78.820302, 42.104115], [-78.819779, 42.103955], [-78.819379, 42.103815], [-78.818979, 42.10365], [-78.814259, 42.101511], [-78.813392, 42.101195], [-78.812586, 42.100958], [-78.811699, 42.100768], [-78.811108, 42.100669], [-78.810243, 42.100571], [-78.809749, 42.100539], [-78.809264, 42.100527], [-78.808423, 42.100543], [-78.808115, 42.100559], [-78.80723, 42.100655], [-78.806468, 42.100776], [-78.805706, 42.100941], [-78.80498, 42.101133], [-78.791167, 42.104792], [-78.789095, 42.105341], [-78.788208, 42.105573], [-78.784367, 42.106592], [-78.783617, 42.106809], [-78.782719, 42.107143], [-78.782475, 42.107254], [-78.782049, 42.107448], [-78.781329, 42.107842], [-78.780948, 42.108084], [-78.780573, 42.108339], [-78.780311, 42.108537], [-78.779967, 42.108809], [-78.779597, 42.109133], [-78.779254, 42.109483], [-78.778912, 42.109826], [-78.778815, 42.109938], [-78.778768, 42.109995], [-78.778662, 42.110129], [-78.778543, 42.110281], [-78.778168, 42.110861], [-78.777958, 42.111239], [-78.777682, 42.11187], [-78.777411, 42.112672], [-78.777266, 42.11327], [-78.777221, 42.113726], [-78.777237, 42.114178], [-78.777245, 42.114429], [-78.777497, 42.116142], [-78.777858, 42.118593], [-78.777902, 42.118888], [-78.777926, 42.119044], [-78.779359, 42.128817]]",2022-03-28,-78.8002857671065,42.1023783159115,18628653,39293236,,PROPERTY DAMAGE,999,2022,OTHER,2022/03/28,1900-01-01 07:30:00,COLLISION WITH MOTOR VEHICLE,DAYLIGHT,STRAIGHT AND LEVEL,SNOW/ICE,NONE,NOT ENTERED,SNOW,0,1970/01/01,0,0,0,0,3,490.0,0,NYS PARK POLICE ALLEGANY REG,No,185750.76854538,4668135.98662664,Not an intersection crash,,Cattaraugus,,0.0,,Allegany Indian Territory,I 86,17 51121155,88.0,T,1-Rural Principal Arterial Interstate,NYSDOT,NYSDOT,SOUTHERN TIER EXP,65.0,"V1:(PAVEMENT SLIPPERY,UNSAFE LANE CHANGE) / V2:(PAVEMENT SLIPPERY,NOT APPLICABLE) / V3:(REACTION TO OTHER UNINVOLVED VEHICL,PAVEMENT SLIPPERY)",2022-03-28,-78.828218,42.103318
442,Feature,,"LaFayette, NY",US,83.0,I-81 N,1672503932.0,5330.0,1.0,"[{'x': -76.11079, 'y': 42.894889}, {'x': -76.112554, 'y': 42.899585}, {'x': -76.112554, 'y': 42.899586}, {'x': -76.113996, 'y': 42.903394}, {'x': -76.11452, 'y': 42.904738}, {'x': -76.114826, 'y': 42.905466}, {'x': -76.117948, 'y': 42.912664}, {'x': -76.121297, 'y': 42.920288}, {'x': -76.12251, 'y': 42.923038}, {'x': -76.122642, 'y': 42.923335}, {'x': -76.122651, 'y': 42.923356}, {'x': -76.125592, 'y': 42.93011}, {'x': -76.125916, 'y': 42.93077}, {'x': -76.126093, 'y': 42.931073}, {'x': -76.126503, 'y': 42.931651}, {'x': -76.126759, 'y': 42.931957}, {'x': -76.12926, 'y': 42.934605}, {'x': -76.131127, 'y': 42.936544}, {'x': -76.133817, 'y': 42.939397}]",1648453876614.0,3.0,"[{}, {}, {}, {}]",20.65,74.34,I-81 N,NONE,NONE,1672503932.0,2022-03-28 07:51:16,0,False,LineString,"[[-76.11079, 42.894889], [-76.112554, 42.899585], [-76.112554, 42.899586], [-76.113996, 42.903394], [-76.11452, 42.904738], [-76.114826, 42.905466], [-76.117948, 42.912664], [-76.121297, 42.920288], [-76.12251, 42.923038], [-76.122642, 42.923335], [-76.122651, 42.923356], [-76.125592, 42.93011], [-76.125916, 42.93077], [-76.126093, 42.931073], [-76.126503, 42.931651], [-76.126759, 42.931957], [-76.12926, 42.934605], [-76.131127, 42.936544], [-76.133817, 42.939397]]",2022-03-28,-76.110234998492,42.8928560111371,18627663,39292193,,PROPERTY DAMAGE,999,2022,OVERTAKING,2022/03/28,1900-01-01 07:45:00,COLLISION WITH MOTOR VEHICLE,DAYLIGHT,STRAIGHT AND LEVEL,SNOW/ICE,NONE,NOT ENTERED,SNOW,0,1970/01/01,0,0,0,0,2,13303.0,0,NYSP LAFAYETTE,No,409349.0700008,4749514.5700008,AT-INTERSECTION,,Onondaga,,0.0,7027701.0,LaFayette,I 81,81I33031081,88.0,T,1-Rural Principal Arterial Interstate,NYSDOT,NYSDOT,,65.0,"V1:(UNSAFE SPEED,PAVEMENT SLIPPERY) / V2:(NOT APPLICABLE,NOT APPLICABLE)",2022-03-28,-76.11079,42.894889
443,Feature,,"Syracuse, NY",US,101.0,I-81 N,1672514314.0,5100.0,1.0,"[{'x': -76.142438, 'y': 43.041833}, {'x': -76.142442, 'y': 43.043166}, {'x': -76.142462, 'y': 43.044484}, {'x': -76.142478, 'y': 43.047322}, {'x': -76.142425, 'y': 43.047859}, {'x': -76.142458, 'y': 43.04855}, {'x': -76.14261, 'y': 43.049121}, {'x': -76.142687, 'y': 43.04931}, {'x': -76.142747, 'y': 43.049472}, {'x': -76.143054, 'y': 43.049916}, {'x': -76.143201, 'y': 43.05008}, {'x': -76.143502, 'y': 43.050368}, {'x': -76.143854, 'y': 43.050629}, {'x': -76.144202, 'y': 43.050849}, {'x': -76.144437, 'y': 43.05097}, {'x': -76.144869, 'y': 43.051157}, {'x': -76.145251, 'y': 43.051271}, {'x': -76.145684, 'y': 43.051373}, {'x': -76.145926, 'y': 43.051413}, {'x': -76.146213, 'y': 43.051451}, {'x': -76.146439, 'y': 43.051478}, {'x': -76.148027, 'y': 43.051572}, {'x': -76.148598, 'y': 43.051666}, {'x': -76.149088, 'y': 43.051803}, {'x': -76.149384, 'y': 43.051917}, {'x': -76.149892, 'y': 43.052162}, {'x': -76.150212, 'y': 43.052368}, {'x': -76.150604, 'y': 43.052691}, {'x': -76.150848, 'y': 43.052959}, {'x': -76.151203, 'y': 43.053418}, {'x': -76.151576, 'y': 43.053883}, {'x': -76.152057, 'y': 43.05439}, {'x': -76.152752, 'y': 43.055146}, {'x': -76.152852, 'y': 43.055262}, {'x': -76.153154, 'y': 43.055728}, {'x': -76.15328, 'y': 43.055972}, {'x': -76.153631, 'y': 43.057071}, {'x': -76.153858, 'y': 43.057812}, {'x': -76.153938, 'y': 43.058044}, {'x': -76.154027, 'y': 43.058257}, {'x': -76.154148, 'y': 43.058492}, {'x': -76.154292, 'y': 43.05872}, {'x': -76.154574, 'y': 43.059128}, {'x': -76.154928, 'y': 43.059611}, {'x': -76.155183, 'y': 43.059958}, {'x': -76.155371, 'y': 43.060239}, {'x': -76.155931, 'y': 43.060908}, {'x': -76.1562, 'y': 43.061186}, {'x': -76.156485, 'y': 43.061416}, {'x': -76.157586, 'y': 43.062176}, {'x': -76.157866, 'y': 43.062375}, {'x': -76.158112, 'y': 43.062583}, {'x': -76.158364, 'y': 43.062819}, {'x': -76.158576, 'y': 43.063064}, {'x': -76.159714, 'y': 43.064378}, {'x': -76.15992, 'y': 43.064567}, {'x': -76.160436, 'y': 43.064952}, {'x': -76.160763, 'y': 43.065146}, {'x': -76.161259, 'y': 43.065388}, {'x': -76.163614, 'y': 43.066331}, {'x': -76.163746, 'y': 43.066385}, {'x': -76.164695, 'y': 43.066772}, {'x': -76.165155, 'y': 43.067021}, {'x': -76.165575, 'y': 43.0673}, {'x': -76.165967, 'y': 43.067623}, {'x': -76.166976, 'y': 43.068559}, {'x': -76.167471, 'y': 43.06902}, {'x': -76.168089, 'y': 43.069614}, {'x': -76.168299, 'y': 43.069823}, {'x': -76.168557, 'y': 43.070119}, {'x': -76.168732, 'y': 43.07034}, {'x': -76.169113, 'y': 43.070894}, {'x': -76.169229, 'y': 43.071078}, {'x': -76.169389, 'y': 43.071365}, {'x': -76.16959, 'y': 43.07181}, {'x': -76.170159, 'y': 43.073065}, {'x': -76.170629, 'y': 43.074143}, {'x': -76.170786, 'y': 43.074495}, {'x': -76.171279, 'y': 43.075621}, {'x': -76.171899, 'y': 43.077032}, {'x': -76.1722, 'y': 43.077739}, {'x': -76.172354, 'y': 43.078089}, {'x': -76.172481, 'y': 43.078451}]",1648456129768.0,3.0,"[{}, {}, {}, {}, {}, {}, {}, {}, {}, {}, {}, {}, {}, {}]",16.783333333333335,60.42,I-81 N,NONE,NONE,1672514314.0,2022-03-28 08:28:49,0,False,LineString,"[[-76.142438, 43.041833], [-76.142442, 43.043166], [-76.142462, 43.044484], [-76.142478, 43.047322], [-76.142425, 43.047859], [-76.142458, 43.04855], [-76.14261, 43.049121], [-76.142687, 43.04931], [-76.142747, 43.049472], [-76.143054, 43.049916], [-76.143201, 43.05008], [-76.143502, 43.050368], [-76.143854, 43.050629], [-76.144202, 43.050849], [-76.144437, 43.05097], [-76.144869, 43.051157], [-76.145251, 43.051271], [-76.145684, 43.051373], [-76.145926, 43.051413], [-76.146213, 43.051451], [-76.146439, 43.051478], [-76.148027, 43.051572], [-76.148598, 43.051666], [-76.149088, 43.051803], [-76.149384, 43.051917], [-76.149892, 43.052162], [-76.150212, 43.052368], [-76.150604, 43.052691], [-76.150848, 43.052959], [-76.151203, 43.053418], [-76.151576, 43.053883], [-76.152057, 43.05439], [-76.152752, 43.055146], [-76.152852, 43.055262], [-76.153154, 43.055728], [-76.15328, 43.055972], [-76.153631, 43.057071], [-76.153858, 43.057812], [-76.153938, 43.058044], [-76.154027, 43.058257], [-76.154148, 43.058492], [-76.154292, 43.05872], [-76.154574, 43.059128], [-76.154928, 43.059611], [-76.155183, 43.059958], [-76.155371, 43.060239], [-76.155931, 43.060908], [-76.1562, 43.061186], [-76.156485, 43.061416], [-76.157586, 43.062176], [-76.157866, 43.062375], [-76.158112, 43.062583], [-76.158364, 43.062819], [-76.158576, 43.063064], [-76.159714, 43.064378], [-76.15992, 43.064567], [-76.160436, 43.064952], [-76.160763, 43.065146], [-76.161259, 43.065388], [-76.163614, 43.066331], [-76.163746, 43.066385], [-76.164695, 43.066772], [-76.165155, 43.067021], [-76.165575, 43.0673], [-76.165967, 43.067623], [-76.166976, 43.068559], [-76.167471, 43.06902], [-76.168089, 43.069614], [-76.168299, 43.069823], [-76.168557, 43.070119], [-76.168732, 43.07034], [-76.169113, 43.070894], [-76.169229, 43.071078], [-76.169389, 43.071365], [-76.16959, 43.07181], [-76.170159, 43.073065], [-76.170629, 43.074143], [-76.170786, 43.074495], [-76.171279, 43.075621], [-76.171899, 43.077032], [-76.1722, 43.077739], [-76.172354, 43.078089], [-76.172481, 43.078451]]",2022-03-28,-76.1424790018106,43.0474120079869,18627577,39292072,,PROPERTY DAMAGE,999,2022,OTHER,2022/03/28,1900-01-01 08:42:00,COLL. W/LIGHT SUPPORT/UTILITY POLE,DAYLIGHT,STRAIGHT AND LEVEL,SNOW/ICE,TRAFFIC SIGNAL,NOT ENTERED,SNOW,0,1970/01/01,0,0,0,0,1,3301.0,0,SYRACUSE PD,No,406949.62000042,4766713.14000065,AT-INTERSECTION,ALMOND ST,Onondaga,NORTH,0.0,7031669.0,Syracuse,E GENESEE ST,92 33011003,88.0,T,11-Urban Principal Arterial Interstate,NYSDOT,NYSDOT,Interstate 81,45.0,"V1:(VIEW OBSTRUCTED/LIMITED,TURNING IMPROPER)",2022-03-28,-76.142438,43.041833