,type,properties.blockingAlertUuid,properties.city,properties.country,properties.delay,properties.endNode,properties.id,properties.length,properties.level,properties.line,properties.pubMillis,properties.roadType,properties.segments,properties.speed,properties.speedKMH,properties.street,properties.turnType,properties.type,properties.uuid,properties.utc_timestamp,properties.day_of_week,properties.weekday_weekend,geometry.type,geometry.coordinates,key_date_jams,X,Y,OBJECTID,CaseNumber,MaxInjuryS,CrashSever,RoadwayAcc,CaseYear,CollisionT,CrashDate,CrashTimeF,CrashType,LightCondi,RoadwayCha,RoadSurfac,TrafficCon,TrafficWay,WeatherCon,Commercial,DMVInsertD,NumberOfFa,NumberOfIn,NumberOfOt,NumberOfSe,NumberOfVe,PoliceDept,NonReporta,ReportingA,NonPublicW,UTMEasting,UTMNorthin,Intersecti,ClosestCro,CountyName,DirectionF,DistanceFr,MasterInte,CityTownNa,OnStreet,ReferenceM,ACCESS_CON,DIVIDED,FUNCTIONAL,MAINT_JURI,OWNING_JUR,NAME,POSTED_SPE,ApparentFa,key_date_crashes,jams_x,jams_y
444,Feature,,"Syracuse, NY",US,157.0,I-690 W,1672514766.0,6529.0,2.0,"[{'x': -76.109903, 'y': 43.056451}, {'x': -76.110169, 'y': 43.056354}, {'x': -76.111434, 'y': 43.055911}, {'x': -76.111804, 'y': 43.0558}, {'x': -76.112582, 'y': 43.055622}, {'x': -76.115411, 'y': 43.054966}, {'x': -76.115785, 'y': 43.054876}, {'x': -76.117975, 'y': 43.054383}, {'x': -76.121577, 'y': 43.053554}, {'x': -76.122213, 'y': 43.053389}, {'x': -76.12292, 'y': 43.053195}, {'x': -76.123626, 'y': 43.052984}, {'x': -76.125033, 'y': 43.05256}, {'x': -76.125914, 'y': 43.052296}, {'x': -76.12638, 'y': 43.052168}, {'x': -76.126851, 'y': 43.052056}, {'x': -76.127305, 'y': 43.051955}, {'x': -76.127363, 'y': 43.051942}, {'x': -76.127985, 'y': 43.051829}, {'x': -76.128739, 'y': 43.051724}, {'x': -76.129298, 'y': 43.051662}, {'x': -76.129867, 'y': 43.051616}, {'x': -76.132634, 'y': 43.051554}, {'x': -76.134616, 'y': 43.051552}, {'x': -76.135088, 'y': 43.051553}, {'x': -76.135383, 'y': 43.051562}, {'x': -76.135872, 'y': 43.051591}, {'x': -76.136318, 'y': 43.051624}, {'x': -76.136635, 'y': 43.051654}, {'x': -76.137129, 'y': 43.051686}, {'x': -76.137735, 'y': 43.051709}, {'x': -76.138864, 'y': 43.051737}, {'x': -76.141156, 'y': 43.051781}, {'x': -76.1426, 'y': 43.051712}, {'x': -76.144047, 'y': 43.051588}, {'x': -76.144672, 'y': 43.051568}, {'x': -76.145245, 'y': 43.051578}, {'x': -76.145848, 'y': 43.051606}, {'x': -76.146428, 'y': 43.051665}, {'x': -76.147396, 'y': 43.05182}, {'x': -76.14743, 'y': 43.051827}, {'x': -76.147844, 'y': 43.05191}, {'x': -76.148154, 'y': 43.051987}, {'x': -76.148824, 'y': 43.05219}, {'x': -76.149167, 'y': 43.052338}, {'x': -76.150117, 'y': 43.052799}, {'x': -76.151387, 'y': 43.053513}, {'x': -76.151852, 'y': 43.05372}, {'x': -76.152175, 'y': 43.053834}, {'x': -76.152513, 'y': 43.053939}, {'x': -76.152796, 'y': 43.054023}, {'x': -76.152857, 'y': 43.054044}, {'x': -76.153168, 'y': 43.05411}, {'x': -76.153325, 'y': 43.054138}, {'x': -76.153591, 'y': 43.05418}, {'x': -76.15377, 'y': 43.054206}, {'x': -76.15411, 'y': 43.054246}, {'x': -76.154709, 'y': 43.054295}, {'x': -76.155753, 'y': 43.054353}, {'x': -76.156472, 'y': 43.054406}, {'x': -76.157375, 'y': 43.054474}, {'x': -76.157699, 'y': 43.054506}, {'x': -76.158466, 'y': 43.054632}, {'x': -76.159526, 'y': 43.054897}, {'x': -76.159985, 'y': 43.055001}, {'x': -76.160492, 'y': 43.055091}, {'x': -76.160782, 'y': 43.055131}, {'x': -76.161222, 'y': 43.055185}, {'x': -76.161736, 'y': 43.055265}, {'x': -76.1649, 'y': 43.055667}, {'x': -76.165843, 'y': 43.055783}, {'x': -76.166103, 'y': 43.055811}, {'x': -76.166394, 'y': 43.055851}, {'x': -76.166659, 'y': 43.05588}, {'x': -76.166973, 'y': 43.055905}, {'x': -76.167287, 'y': 43.055924}, {'x': -76.16788, 'y': 43.055954}, {'x': -76.170264, 'y': 43.056009}, {'x': -76.170592, 'y': 43.056016}, {'x': -76.171504, 'y': 43.056032}, {'x': -76.172425, 'y': 43.056059}, {'x': -76.173163, 'y': 43.056105}, {'x': -76.173646, 'y': 43.056173}, {'x': -76.17462, 'y': 43.056367}, {'x': -76.175362, 'y': 43.056592}, {'x': -76.175929, 'y': 43.056794}, {'x': -76.176808, 'y': 43.05708}, {'x': -76.177006, 'y': 43.057135}, {'x': -76.177403, 'y': 43.057213}, {'x': -76.177745, 'y': 43.057262}, {'x': -76.178697, 'y': 43.057299}, {'x': -76.179119, 'y': 43.057322}, {'x': -76.179435, 'y': 43.057359}, {'x': -76.179812, 'y': 43.057415}, {'x': -76.180115, 'y': 43.05749}, {'x': -76.18045, 'y': 43.057576}, {'x': -76.180743, 'y': 43.057685}, {'x': -76.184196, 'y': 43.059174}, {'x': -76.184856, 'y': 43.059432}, {'x': -76.186513, 'y': 43.060075}]",1648456192546.0,3.0,"[{}, {}, {}, {}, {}, {}, {}, {}, {}, {}, {}, {}, {}, {}, {}, {}, {}, {}]",15.78888888888889,56.84,I-690 W,NONE,NONE,1672514766.0,2022-03-28 08:29:52,0,False,LineString,"[[-76.109903, 43.056451], [-76.110169, 43.056354], [-76.111434, 43.055911], [-76.111804, 43.0558], [-76.112582, 43.055622], [-76.115411, 43.054966], [-76.115785, 43.054876], [-76.117975, 43.054383], [-76.121577, 43.053554], [-76.122213, 43.053389], [-76.12292, 43.053195], [-76.123626, 43.052984], [-76.125033, 43.05256], [-76.125914, 43.052296], [-76.12638, 43.052168], [-76.126851, 43.052056], [-76.127305, 43.051955], [-76.127363, 43.051942], [-76.127985, 43.051829], [-76.128739, 43.051724], [-76.129298, 43.051662], [-76.129867, 43.051616], [-76.132634, 43.051554], [-76.134616, 43.051552], [-76.135088, 43.051553], [-76.135383, 43.051562], [-76.135872, 43.051591], [-76.136318, 43.051624], [-76.136635, 43.051654], [-76.137129, 43.051686], [-76.137735, 43.051709], [-76.138864, 43.051737], [-76.141156, 43.051781], [-76.1426, 43.051712], [-76.144047, 43.051588], [-76.144672, 43.051568], [-76.145245, 43.051578], [-76.145848, 43.051606], [-76.146428, 43.051665], [-76.147396, 43.05182], [-76.14743, 43.051827], [-76.147844, 43.05191], [-76.148154, 43.051987], [-76.148824, 43.05219], [-76.149167, 43.052338], [-76.150117, 43.052799], [-76.151387, 43.053513], [-76.151852, 43.05372], [-76.152175, 43.053834], [-76.152513, 43.053939], [-76.152796, 43.054023], [-76.152857, 43.054044], [-76.153168, 43.05411], [-76.153325, 43.054138], [-76.153591, 43.05418], [-76.15377, 43.054206], [-76.15411, 43.054246], [-76.154709, 43.054295], [-76.155753, 43.054353], [-76.156472, 43.054406], [-76.157375, 43.054474], [-76.157699, 43.054506], [-76.158466, 43.054632], [-76.159526, 43.054897], [-76.159985, 43.055001], [-76.160492, 43.055091], [-76.160782, 43.055131], [-76.161222, 43.055185], [-76.161736, 43.055265], [-76.1649, 43.055667], [-76.165843, 43.055783], [-76.166103, 43.055811], [-76.166394, 43.055851], [-76.166659, 43.05588], [-76.166973, 43.055905], [-76.167287, 43.055924], [-76.16788, 43.055954], [-76.170264, 43.056009], [-76.170592, 43.056016], [-76.171504, 43.056032], [-76.172425, 43.056059], [-76.173163, 43.056105], [-76.173646, 43.056173], [-76.17462, 43.056367], [-76.175362, 43.056592], [-76.175929, 43.056794], [-76.176808, 43.05708], [-76.177006, 43.057135], [-76.177403, 43.057213], [-76.177745, 43.057262], [-76.178697, 43.057299], [-76.179119, 43.057322], [-76.179435, 43.057359], [-76.179812, 43.057415], [-76.180115, 43.05749], [-76.18045, 43.057576], [-76.180743, 43.057685], [-76.184196, 43.059174], [-76.184856, 43.059432], [-76.186513, 43.060075]]",2022-03-28,-76.1424790018106,43.0474120079869,18627577,39292072,,PROPERTY DAMAGE,999,2022,OTHER,2022/03/28,1900-01-01 08:42:00,COLL. W/LIGHT SUPPORT/UTILITY POLE,DAYLIGHT,STRAIGHT AND LEVEL,SNOW/ICE,TRAFFIC SIGNAL,NOT ENTERED,SNOW,0,1970/01/01,0,0,0,0,1,3301.0,0,SYRACUSE PD,No,406949.62000042,4766713.14000065,AT-INTERSECTION,ALMOND ST,Onondaga,NORTH,0.0,7031669.0,Syracuse,E GENESEE ST,92 33011003,88.0,T,11-Urban Principal Arterial Interstate,NYSDOT,NYSDOT,Interstate 81,45.0,"V1:(VIEW OBSTRUCTED/LIMITED,TURNING IMPROPER)",2022-03-28,-76.109903,43.056451
445,Feature,,"Syracuse, NY",US,60.0,I-81 S / Binghamton,1672518416.0,2168.0,1.0,"[{'x': -76.142596, 'y': 43.032633}, {'x': -76.141493, 'y': 43.029673}, {'x': -76.141089, 'y': 43.028579}, {'x': -76.140768, 'y': 43.027723}, {'x': -76.140483, 'y': 43.026932}, {'x': -76.140276, 'y': 43.026224}, {'x': -76.140176, 'y': 43.025622}, {'x': -76.140165, 'y': 43.025362}, {'x': -76.140153, 'y': 43.025126}, {'x': -76.140157, 'y': 43.024889}, {'x': -76.140174, 'y': 43.024531}, {'x': -76.140265, 'y': 43.023754}, {'x': -76.140391, 'y': 43.022805}, {'x': -76.140521, 'y': 43.021533}, {'x': -76.14051, 'y': 43.019566}, {'x': -76.140452, 'y': 43.018965}, {'x': -76.140348, 'y': 43.018204}, {'x': -76.14017, 'y': 43.017335}, {'x': -76.139851, 'y': 43.016203}, {'x': -76.139533, 'y': 43.015302}, {'x': -76.139333, 'y': 43.014822}, {'x': -76.139105, 'y': 43.014337}, {'x': -76.138697, 'y': 43.013531}]",1648456952154.0,3.0,"[{}, {}]",15.45,55.62,I-81 S,NONE,NONE,1672518416.0,2022-03-28 08:42:32,0,False,LineString,"[[-76.142596, 43.032633], [-76.141493, 43.029673], [-76.141089, 43.028579], [-76.140768, 43.027723], [-76.140483, 43.026932], [-76.140276, 43.026224], [-76.140176, 43.025622], [-76.140165, 43.025362], [-76.140153, 43.025126], [-76.140157, 43.024889], [-76.140174, 43.024531], [-76.140265, 43.023754], [-76.140391, 43.022805], [-76.140521, 43.021533], [-76.14051, 43.019566], [-76.140452, 43.018965], [-76.140348, 43.018204], [-76.14017, 43.017335], [-76.139851, 43.016203], [-76.139533, 43.015302], [-76.139333, 43.014822], [-76.139105, 43.014337], [-76.138697, 43.013531]]",2022-03-28,-76.1424790018106,43.0474120079869,18627577,39292072,,PROPERTY DAMAGE,999,2022,OTHER,2022/03/28,1900-01-01 08:42:00,COLL. W/LIGHT SUPPORT/UTILITY POLE,DAYLIGHT,STRAIGHT AND LEVEL,SNOW/ICE,TRAFFIC SIGNAL,NOT ENTERED,SNOW,0,1970/01/01,0,0,0,0,1,3301.0,0,SYRACUSE PD,No,406949.62000042,4766713.14000065,AT-INTERSECTION,ALMOND ST,Onondaga,NORTH,0.0,7031669.0,Syracuse,E GENESEE ST,92 33011003,88.0,T,11-Urban Principal Arterial Interstate,NYSDOT,NYSDOT,Interstate 81,45.0,"V1:(VIEW OBSTRUCTED/LIMITED,TURNING IMPROPER)",2022-03-28,-76.142596,43.032633
446,Feature,,"Geddes, NY",US,162.0,I-690 W,1672518342.0,1952.0,3.0,"[{'x': -76.247892, 'y': 43.106239}, {'x': -76.248145, 'y': 43.106308}, {'x': -76.248453, 'y': 43.106378}, {'x': -76.248733, 'y': 43.10643}, {'x': -76.249153, 'y': 43.106495}, {'x': -76.24946, 'y': 43.106526}, {'x': -76.249878, 'y': 43.106561}, {'x': -76.250364, 'y': 43.106591}, {'x': -76.252276, 'y': 43.1067}, {'x': -76.253397, 'y': 43.106806}, {'x': -76.254072, 'y': 43.106931}, {'x': -76.254738, 'y': 43.107096}, {'x': -76.255251, 'y': 43.107259}, {'x': -76.255897, 'y': 43.107506}, {'x': -76.25758, 'y': 43.108217}, {'x': -76.257579, 'y': 43.108217}, {'x': -76.259905, 'y': 43.109169}, {'x': -76.260907, 'y': 43.109632}, {'x': -76.261319, 'y': 43.109825}, {'x': -76.262725, 'y': 43.11055}, {'x': -76.264027, 'y': 43.111259}, {'x': -76.264783, 'y': 43.11164}, {'x': -76.265515, 'y': 43.112028}, {'x': -76.266625, 'y': 43.112613}, {'x': -76.267073, 'y': 43.112821}, {'x': -76.26742, 'y': 43.112945}, {'x': -76.267604, 'y': 43.113011}, {'x': -76.267988, 'y': 43.113113}, {'x': -76.268317, 'y': 43.113187}, {'x': -76.268975, 'y': 43.113273}, {'x': -76.269336, 'y': 43.113302}]",1648457079034.0,3.0,"[{}, {}, {}, {}, {}, {}]",8.386111111111111,30.19,I-690 W,NONE,SMALL,1672518342.0,2022-03-28 08:44:39,0,False,LineString,"[[-76.247892, 43.106239], [-76.248145, 43.106308], [-76.248453, 43.106378], [-76.248733, 43.10643], [-76.249153, 43.106495], [-76.24946, 43.106526], [-76.249878, 43.106561], [-76.250364, 43.106591], [-76.252276, 43.1067], [-76.253397, 43.106806], [-76.254072, 43.106931], [-76.254738, 43.107096], [-76.255251, 43.107259], [-76.255897, 43.107506], [-76.25758, 43.108217], [-76.257579, 43.108217], [-76.259905, 43.109169], [-76.260907, 43.109632], [-76.261319, 43.109825], [-76.262725, 43.11055], [-76.264027, 43.111259], [-76.264783, 43.11164], [-76.265515, 43.112028], [-76.266625, 43.112613], [-76.267073, 43.112821], [-76.26742, 43.112945], [-76.267604, 43.113011], [-76.267988, 43.113113], [-76.268317, 43.113187], [-76.268975, 43.113273], [-76.269336, 43.113302]]",2022-03-28,-76.2290179965979,43.0850310577356,18633827,39298919,,PROPERTY DAMAGE,888,2022,OTHER,2022/03/28,1900-01-01 09:00:00,COLLISION WITH GUIDE RAIL,DAYLIGHT,STRAIGHT/ GRADE,SNOW/ICE,NONE,NOT ENTERED,SNOW,0,1970/01/01,0,0,0,0,1,,0,,No,399962.48999989,4770990.37000042,AT-INTERSECTION,[Route] 690,Onondaga,,0.0,7029729.0,Geddes,[Route] 695,695 33011022,88.0,T,11-Urban Principal Arterial Interstate,NYSDOT,NYSDOT,Interstate 690,55.0,"V1:(NOT ENTERED,NOT ENTERED)",2022-03-28,-76.247892,43.106239
447,Feature,,"Syracuse, NY",US,90.0,I-81 N,1672522406.0,2198.0,2.0,"[{'x': -76.158112, 'y': 43.062583}, {'x': -76.158364, 'y': 43.062819}, {'x': -76.158576, 'y': 43.063064}, {'x': -76.159714, 'y': 43.064378}, {'x': -76.15992, 'y': 43.064567}, {'x': -76.160436, 'y': 43.064952}, {'x': -76.160763, 'y': 43.065146}, {'x': -76.161259, 'y': 43.065388}, {'x': -76.163614, 'y': 43.066331}, {'x': -76.163746, 'y': 43.066385}, {'x': -76.164695, 'y': 43.066772}, {'x': -76.165155, 'y': 43.067021}, {'x': -76.165575, 'y': 43.0673}, {'x': -76.165967, 'y': 43.067623}, {'x': -76.166976, 'y': 43.068559}, {'x': -76.167471, 'y': 43.06902}, {'x': -76.168089, 'y': 43.069614}, {'x': -76.168299, 'y': 43.069823}, {'x': -76.168557, 'y': 43.070119}, {'x': -76.168732, 'y': 43.07034}, {'x': -76.169113, 'y': 43.070894}, {'x': -76.169229, 'y': 43.071078}, {'x': -76.169389, 'y': 43.071365}, {'x': -76.16959, 'y': 43.07181}, {'x': -76.170159, 'y': 43.073065}, {'x': -76.170629, 'y': 43.074143}, {'x': -76.170786, 'y': 43.074495}, {'x': -76.171279, 'y': 43.075621}, {'x': -76.171899, 'y': 43.077032}, {'x': -76.1722, 'y': 43.077739}, {'x': -76.172354, 'y': 43.078089}, {'x': -76.172481, 'y': 43.078451}]",1648457717720.0,3.0,"[{}, {}, {}, {}, {}]",12.744444444444444,45.88,I-81 N,NONE,NONE,1672522406.0,2022-03-28 08:55:17,0,False,LineString,"[[-76.158112, 43.062583], [-76.158364, 43.062819], [-76.158576, 43.063064], [-76.159714, 43.064378], [-76.15992, 43.064567], [-76.160436, 43.064952], [-76.160763, 43.065146], [-76.161259, 43.065388], [-76.163614, 43.066331], [-76.163746, 43.066385], [-76.164695, 43.066772], [-76.165155, 43.067021], [-76.165575, 43.0673], [-76.165967, 43.067623], [-76.166976, 43.068559], [-76.167471, 43.06902], [-76.168089, 43.069614], [-76.168299, 43.069823], [-76.168557, 43.070119], [-76.168732, 43.07034], [-76.169113, 43.070894], [-76.169229, 43.071078], [-76.169389, 43.071365], [-76.16959, 43.07181], [-76.170159, 43.073065], [-76.170629, 43.074143], [-76.170786, 43.074495], [-76.171279, 43.075621], [-76.171899, 43.077032], [-76.1722, 43.077739], [-76.172354, 43.078089], [-76.172481, 43.078451]]",2022-03-28,-76.1424790018106,43.0474120079869,18627577,39292072,,PROPERTY DAMAGE,999,2022,OTHER,2022/03/28,1900-01-01 08:42:00,COLL. W/LIGHT SUPPORT/UTILITY POLE,DAYLIGHT,STRAIGHT AND LEVEL,SNOW/ICE,TRAFFIC SIGNAL,NOT ENTERED,SNOW,0,1970/01/01,0,0,0,0,1,3301.0,0,SYRACUSE PD,No,406949.62000042,4766713.14000065,AT-INTERSECTION,ALMOND ST,Onondaga,NORTH,0.0,7031669.0,Syracuse,E GENESEE ST,92 33011003,88.0,T,11-Urban Principal Arterial Interstate,NYSDOT,NYSDOT,Interstate 81,45.0,"V1:(VIEW OBSTRUCTED/LIMITED,TURNING IMPROPER)",2022-03-28,-76.158112,43.062583
448,Feature,,"Geddes, NY",US,86.0,Exit 5: State Fair Blvd / Lakeland,1672527504.0,2459.0,2.0,"[{'x': -76.231202, 'y': 43.088173}, {'x': -76.233812, 'y': 43.091846}, {'x': -76.234495, 'y': 43.092771}, {'x': -76.234816, 'y': 43.093169}, {'x': -76.235605, 'y': 43.09397}, {'x': -76.239684, 'y': 43.097518}, {'x': -76.240403, 'y': 43.098168}, {'x': -76.240735, 'y': 43.098494}, {'x': -76.241034, 'y': 43.098806}, {'x': -76.241615, 'y': 43.099465}, {'x': -76.242332, 'y': 43.100395}, {'x': -76.24265, 'y': 43.100868}, {'x': -76.243157, 'y': 43.101693}, {'x': -76.243254, 'y': 43.101874}, {'x': -76.244207, 'y': 43.103643}, {'x': -76.244438, 'y': 43.103987}, {'x': -76.244771, 'y': 43.104398}, {'x': -76.245144, 'y': 43.104769}, {'x': -76.24542, 'y': 43.105003}, {'x': -76.245705, 'y': 43.105217}, {'x': -76.246074, 'y': 43.105453}, {'x': -76.246495, 'y': 43.105685}, {'x': -76.246821, 'y': 43.105846}, {'x': -76.247059, 'y': 43.105949}, {'x': -76.247309, 'y': 43.10605}, {'x': -76.247616, 'y': 43.106157}, {'x': -76.247892, 'y': 43.106239}]",1648458549872.0,3.0,[{}],14.619444444444444,52.63,I-690 W,NONE,NONE,1672527504.0,2022-03-28 09:09:09,0,False,LineString,"[[-76.231202, 43.088173], [-76.233812, 43.091846], [-76.234495, 43.092771], [-76.234816, 43.093169], [-76.235605, 43.09397], [-76.239684, 43.097518], [-76.240403, 43.098168], [-76.240735, 43.098494], [-76.241034, 43.098806], [-76.241615, 43.099465], [-76.242332, 43.100395], [-76.24265, 43.100868], [-76.243157, 43.101693], [-76.243254, 43.101874], [-76.244207, 43.103643], [-76.244438, 43.103987], [-76.244771, 43.104398], [-76.245144, 43.104769], [-76.24542, 43.105003], [-76.245705, 43.105217], [-76.246074, 43.105453], [-76.246495, 43.105685], [-76.246821, 43.105846], [-76.247059, 43.105949], [-76.247309, 43.10605], [-76.247616, 43.106157], [-76.247892, 43.106239]]",2022-03-28,-76.2290179965979,43.0850310577356,18633827,39298919,,PROPERTY DAMAGE,888,2022,OTHER,2022/03/28,1900-01-01 09:00:00,COLLISION WITH GUIDE RAIL,DAYLIGHT,STRAIGHT/ GRADE,SNOW/ICE,NONE,NOT ENTERED,SNOW,0,1970/01/01,0,0,0,0,1,,0,,No,399962.48999989,4770990.37000042,AT-INTERSECTION,[Route] 690,Onondaga,,0.0,7029729.0,Geddes,[Route] 695,695 33011022,88.0,T,11-Urban Principal Arterial Interstate,NYSDOT,NYSDOT,Interstate 690,55.0,"V1:(NOT ENTERED,NOT ENTERED)",2022-03-28,-76.231202,43.088173
449,Feature,,"Geddes, NY",US,132.0,I-690 W,1672529584.0,4369.0,1.0,"[{'x': -76.222017, 'y': 43.081522}, {'x': -76.222822, 'y': 43.081849}, {'x': -76.225202, 'y': 43.082816}, {'x': -76.225242, 'y': 43.082834}, {'x': -76.225612, 'y': 43.083001}, {'x': -76.226147, 'y': 43.083277}, {'x': -76.226243, 'y': 43.083332}, {'x': -76.226539, 'y': 43.083496}, {'x': -76.227201, 'y': 43.083908}, {'x': -76.227532, 'y': 43.084133}, {'x': -76.228467, 'y': 43.084864}, {'x': -76.229055, 'y': 43.085411}, {'x': -76.229607, 'y': 43.086013}, {'x': -76.22993, 'y': 43.086399}, {'x': -76.230481, 'y': 43.087109}, {'x': -76.231202, 'y': 43.088173}, {'x': -76.233812, 'y': 43.091846}, {'x': -76.234495, 'y': 43.092771}, {'x': -76.234816, 'y': 43.093169}, {'x': -76.235605, 'y': 43.09397}, {'x': -76.239684, 'y': 43.097518}, {'x': -76.240403, 'y': 43.098168}, {'x': -76.240735, 'y': 43.098494}, {'x': -76.241034, 'y': 43.098806}, {'x': -76.241615, 'y': 43.099465}, {'x': -76.242332, 'y': 43.100395}, {'x': -76.24265, 'y': 43.100868}, {'x': -76.243157, 'y': 43.101693}, {'x': -76.243254, 'y': 43.101874}, {'x': -76.244207, 'y': 43.103643}, {'x': -76.244438, 'y': 43.103987}, {'x': -76.244771, 'y': 43.104398}, {'x': -76.245144, 'y': 43.104769}, {'x': -76.24542, 'y': 43.105003}, {'x': -76.245705, 'y': 43.105217}, {'x': -76.246074, 'y': 43.105453}, {'x': -76.246495, 'y': 43.105685}, {'x': -76.246821, 'y': 43.105846}, {'x': -76.247059, 'y': 43.105949}, {'x': -76.247309, 'y': 43.10605}, {'x': -76.247616, 'y': 43.106157}, {'x': -76.247892, 'y': 43.106239}, {'x': -76.248145, 'y': 43.106308}, {'x': -76.248453, 'y': 43.106378}, {'x': -76.248733, 'y': 43.10643}, {'x': -76.249153, 'y': 43.106495}, {'x': -76.24946, 'y': 43.106526}, {'x': -76.249878, 'y': 43.106561}, {'x': -76.250364, 'y': 43.106591}, {'x': -76.252276, 'y': 43.1067}, {'x': -76.253397, 'y': 43.106806}, {'x': -76.254072, 'y': 43.106931}, {'x': -76.254738, 'y': 43.107096}, {'x': -76.255251, 'y': 43.107259}, {'x': -76.255897, 'y': 43.107506}, {'x': -76.25758, 'y': 43.108217}]",1648458742144.0,3.0,"[{}, {}, {}]",15.547222222222222,55.97,I-690 W,NONE,NONE,1672529584.0,2022-03-28 09:12:22,0,False,LineString,"[[-76.222017, 43.081522], [-76.222822, 43.081849], [-76.225202, 43.082816], [-76.225242, 43.082834], [-76.225612, 43.083001], [-76.226147, 43.083277], [-76.226243, 43.083332], [-76.226539, 43.083496], [-76.227201, 43.083908], [-76.227532, 43.084133], [-76.228467, 43.084864], [-76.229055, 43.085411], [-76.229607, 43.086013], [-76.22993, 43.086399], [-76.230481, 43.087109], [-76.231202, 43.088173], [-76.233812, 43.091846], [-76.234495, 43.092771], [-76.234816, 43.093169], [-76.235605, 43.09397], [-76.239684, 43.097518], [-76.240403, 43.098168], [-76.240735, 43.098494], [-76.241034, 43.098806], [-76.241615, 43.099465], [-76.242332, 43.100395], [-76.24265, 43.100868], [-76.243157, 43.101693], [-76.243254, 43.101874], [-76.244207, 43.103643], [-76.244438, 43.103987], [-76.244771, 43.104398], [-76.245144, 43.104769], [-76.24542, 43.105003], [-76.245705, 43.105217], [-76.246074, 43.105453], [-76.246495, 43.105685], [-76.246821, 43.105846], [-76.247059, 43.105949], [-76.247309, 43.10605], [-76.247616, 43.106157], [-76.247892, 43.106239], [-76.248145, 43.106308], [-76.248453, 43.106378], [-76.248733, 43.10643], [-76.249153, 43.106495], [-76.24946, 43.106526], [-76.249878, 43.106561], [-76.250364, 43.106591], [-76.252276, 43.1067], [-76.253397, 43.106806], [-76.254072, 43.106931], [-76.254738, 43.107096], [-76.255251, 43.107259], [-76.255897, 43.107506], [-76.25758, 43.108217]]",2022-03-28,-76.2290179965979,43.0850310577356,18633827,39298919,,PROPERTY DAMAGE,888,2022,OTHER,2022/03/28,1900-01-01 09:00:00,COLLISION WITH GUIDE RAIL,DAYLIGHT,STRAIGHT/ GRADE,SNOW/ICE,NONE,NOT ENTERED,SNOW,0,1970/01/01,0,0,0,0,1,,0,,No,399962.48999989,4770990.37000042,AT-INTERSECTION,[Route] 690,Onondaga,,0.0,7029729.0,Geddes,[Route] 695,695 33011022,88.0,T,11-Urban Principal Arterial Interstate,NYSDOT,NYSDOT,Interstate 690,55.0,"V1:(NOT ENTERED,NOT ENTERED)",2022-03-28,-76.222017,43.081522