,type,properties.blockingAlertUuid,properties.city,properties.country,properties.delay,properties.endNode,properties.id,properties.length,properties.level,properties.line,properties.pubMillis,properties.roadType,properties.segments,properties.speed,properties.speedKMH,properties.street,properties.turnType,properties.type,properties.uuid,properties.utc_timestamp,properties.day_of_week,properties.weekday_weekend,geometry.type,geometry.coordinates,key_date_jams,X,Y,OBJECTID,CaseNumber,MaxInjuryS,CrashSever,RoadwayAcc,CaseYear,CollisionT,CrashDate,CrashTimeF,CrashType,LightCondi,RoadwayCha,RoadSurfac,TrafficCon,TrafficWay,WeatherCon,Commercial,DMVInsertD,NumberOfFa,NumberOfIn,NumberOfOt,NumberOfSe,NumberOfVe,PoliceDept,NonReporta,ReportingA,NonPublicW,UTMEasting,UTMNorthin,Intersecti,ClosestCro,CountyName,DirectionF,DistanceFr,MasterInte,CityTownNa,OnStreet,ReferenceM,ACCESS_CON,DIVIDED,FUNCTIONAL,MAINT_JURI,OWNING_JUR,NAME,POSTED_SPE,ApparentFa,key_date_crashes,jams_x,jams_y
450,Feature,,"LaFayette, NY",US,91.0,I-81 S,1672571366.0,4307.0,1.0,"[{'x': -76.109567, 'y': 42.889485}, {'x': -76.109664, 'y': 42.887601}, {'x': -76.109738, 'y': 42.886608}, {'x': -76.109906, 'y': 42.883739}, {'x': -76.109998, 'y': 42.882634}, {'x': -76.11047, 'y': 42.875059}, {'x': -76.110551, 'y': 42.874124}, {'x': -76.110644, 'y': 42.873618}, {'x': -76.110797, 'y': 42.873086}, {'x': -76.111052, 'y': 42.872433}, {'x': -76.113048, 'y': 42.868631}, {'x': -76.113895, 'y': 42.867066}, {'x': -76.115126, 'y': 42.86475}, {'x': -76.116263, 'y': 42.862637}, {'x': -76.116352, 'y': 42.862462}, {'x': -76.116762, 'y': 42.86169}, {'x': -76.117361, 'y': 42.860512}, {'x': -76.117621, 'y': 42.859967}, {'x': -76.117834, 'y': 42.859476}, {'x': -76.118891, 'y': 42.856588}, {'x': -76.119076, 'y': 42.855992}, {'x': -76.119312, 'y': 42.855359}, {'x': -76.119795, 'y': 42.854093}, {'x': -76.120298, 'y': 42.852678}, {'x': -76.120487, 'y': 42.851962}]",1648461270990.0,3.0,"[{}, {}, {}]",18.01388888888889,64.85,I-81 S,NONE,NONE,1672571366.0,2022-03-28 09:54:30,0,False,LineString,"[[-76.109567, 42.889485], [-76.109664, 42.887601], [-76.109738, 42.886608], [-76.109906, 42.883739], [-76.109998, 42.882634], [-76.11047, 42.875059], [-76.110551, 42.874124], [-76.110644, 42.873618], [-76.110797, 42.873086], [-76.111052, 42.872433], [-76.113048, 42.868631], [-76.113895, 42.867066], [-76.115126, 42.86475], [-76.116263, 42.862637], [-76.116352, 42.862462], [-76.116762, 42.86169], [-76.117361, 42.860512], [-76.117621, 42.859967], [-76.117834, 42.859476], [-76.118891, 42.856588], [-76.119076, 42.855992], [-76.119312, 42.855359], [-76.119795, 42.854093], [-76.120298, 42.852678], [-76.120487, 42.851962]]",2022-03-28,-76.1126515418952,42.8998334041242,18624360,39288613,,PROPERTY DAMAGE,999,2022,OTHER,2022/03/28,1900-01-01 10:06:00,COLLISION WITH SIGN POST,DAYLIGHT,STRAIGHT AND LEVEL,SNOW/ICE,NONE,NOT ENTERED,SNOW,0,1970/01/01,0,0,0,0,1,12601.0,0,ONEIDA SP,No,409162.0,4750292.0,INTERSECTION-RELATED,,Onondaga,,0.0,7027712.0,LaFayette,,,,,Unknown,Unknown,Unknown,,,"V1:(UNSAFE SPEED,PAVEMENT SLIPPERY)",2022-03-28,-76.109567,42.889485
451,Feature,,"LaFayette, NY",US,67.0,I-81 S,1672571366.0,4307.0,1.0,"[{'x': -76.109567, 'y': 42.889485}, {'x': -76.109664, 'y': 42.887601}, {'x': -76.109738, 'y': 42.886608}, {'x': -76.109906, 'y': 42.883739}, {'x': -76.109998, 'y': 42.882634}, {'x': -76.11047, 'y': 42.875059}, {'x': -76.110551, 'y': 42.874124}, {'x': -76.110644, 'y': 42.873618}, {'x': -76.110797, 'y': 42.873086}, {'x': -76.111052, 'y': 42.872433}, {'x': -76.113048, 'y': 42.868631}, {'x': -76.113895, 'y': 42.867066}, {'x': -76.115126, 'y': 42.86475}, {'x': -76.116263, 'y': 42.862637}, {'x': -76.116352, 'y': 42.862462}, {'x': -76.116762, 'y': 42.86169}, {'x': -76.117361, 'y': 42.860512}, {'x': -76.117621, 'y': 42.859967}, {'x': -76.117834, 'y': 42.859476}, {'x': -76.118891, 'y': 42.856588}, {'x': -76.119076, 'y': 42.855992}, {'x': -76.119312, 'y': 42.855359}, {'x': -76.119795, 'y': 42.854093}, {'x': -76.120298, 'y': 42.852678}, {'x': -76.120487, 'y': 42.851962}]",1648461270990.0,3.0,"[{}, {}, {}]",20.05555555555556,72.2,I-81 S,NONE,NONE,1672571366.0,2022-03-28 09:54:30,0,False,LineString,"[[-76.109567, 42.889485], [-76.109664, 42.887601], [-76.109738, 42.886608], [-76.109906, 42.883739], [-76.109998, 42.882634], [-76.11047, 42.875059], [-76.110551, 42.874124], [-76.110644, 42.873618], [-76.110797, 42.873086], [-76.111052, 42.872433], [-76.113048, 42.868631], [-76.113895, 42.867066], [-76.115126, 42.86475], [-76.116263, 42.862637], [-76.116352, 42.862462], [-76.116762, 42.86169], [-76.117361, 42.860512], [-76.117621, 42.859967], [-76.117834, 42.859476], [-76.118891, 42.856588], [-76.119076, 42.855992], [-76.119312, 42.855359], [-76.119795, 42.854093], [-76.120298, 42.852678], [-76.120487, 42.851962]]",2022-03-28,-76.1126515418952,42.8998334041242,18624360,39288613,,PROPERTY DAMAGE,999,2022,OTHER,2022/03/28,1900-01-01 10:06:00,COLLISION WITH SIGN POST,DAYLIGHT,STRAIGHT AND LEVEL,SNOW/ICE,NONE,NOT ENTERED,SNOW,0,1970/01/01,0,0,0,0,1,12601.0,0,ONEIDA SP,No,409162.0,4750292.0,INTERSECTION-RELATED,,Onondaga,,0.0,7027712.0,LaFayette,,,,,Unknown,Unknown,Unknown,,,"V1:(UNSAFE SPEED,PAVEMENT SLIPPERY)",2022-03-28,-76.109567,42.889485
452,Feature,,"LaFayette, NY",US,70.0,I-81 S,1672688818.0,4635.0,1.0,"[{'x': -76.110052, 'y': 42.892401}, {'x': -76.109918, 'y': 42.892039}, {'x': -76.109793, 'y': 42.891707}, {'x': -76.109621, 'y': 42.890997}, {'x': -76.109573, 'y': 42.890696}, {'x': -76.10953, 'y': 42.890104}, {'x': -76.109567, 'y': 42.889485}, {'x': -76.109664, 'y': 42.887601}, {'x': -76.109738, 'y': 42.886608}, {'x': -76.109906, 'y': 42.883739}, {'x': -76.109998, 'y': 42.882634}, {'x': -76.11047, 'y': 42.875059}, {'x': -76.110551, 'y': 42.874124}, {'x': -76.110644, 'y': 42.873618}, {'x': -76.110797, 'y': 42.873086}, {'x': -76.111052, 'y': 42.872433}, {'x': -76.113048, 'y': 42.868631}, {'x': -76.113895, 'y': 42.867066}, {'x': -76.115126, 'y': 42.86475}, {'x': -76.116263, 'y': 42.862637}, {'x': -76.116352, 'y': 42.862462}, {'x': -76.116762, 'y': 42.86169}, {'x': -76.117361, 'y': 42.860512}, {'x': -76.117621, 'y': 42.859967}, {'x': -76.117834, 'y': 42.859476}, {'x': -76.118891, 'y': 42.856588}, {'x': -76.119076, 'y': 42.855992}, {'x': -76.119312, 'y': 42.855359}, {'x': -76.119795, 'y': 42.854093}, {'x': -76.120298, 'y': 42.852678}, {'x': -76.120487, 'y': 42.851962}]",1648463313777.0,3.0,"[{}, {}, {}, {}]",20.23333333333333,72.84,I-81 S,NONE,NONE,1672688818.0,2022-03-28 10:28:33,0,False,LineString,"[[-76.110052, 42.892401], [-76.109918, 42.892039], [-76.109793, 42.891707], [-76.109621, 42.890997], [-76.109573, 42.890696], [-76.10953, 42.890104], [-76.109567, 42.889485], [-76.109664, 42.887601], [-76.109738, 42.886608], [-76.109906, 42.883739], [-76.109998, 42.882634], [-76.11047, 42.875059], [-76.110551, 42.874124], [-76.110644, 42.873618], [-76.110797, 42.873086], [-76.111052, 42.872433], [-76.113048, 42.868631], [-76.113895, 42.867066], [-76.115126, 42.86475], [-76.116263, 42.862637], [-76.116352, 42.862462], [-76.116762, 42.86169], [-76.117361, 42.860512], [-76.117621, 42.859967], [-76.117834, 42.859476], [-76.118891, 42.856588], [-76.119076, 42.855992], [-76.119312, 42.855359], [-76.119795, 42.854093], [-76.120298, 42.852678], [-76.120487, 42.851962]]",2022-03-28,-76.1126515418952,42.8998334041242,18624360,39288613,,PROPERTY DAMAGE,999,2022,OTHER,2022/03/28,1900-01-01 10:06:00,COLLISION WITH SIGN POST,DAYLIGHT,STRAIGHT AND LEVEL,SNOW/ICE,NONE,NOT ENTERED,SNOW,0,1970/01/01,0,0,0,0,1,12601.0,0,ONEIDA SP,No,409162.0,4750292.0,INTERSECTION-RELATED,,Onondaga,,0.0,7027712.0,LaFayette,,,,,Unknown,Unknown,Unknown,,,"V1:(UNSAFE SPEED,PAVEMENT SLIPPERY)",2022-03-28,-76.110052,42.892401
453,Feature,,"Bronx, NY",US,157.0,I-95 S â€¢ Bruckner Expwy,1750858644.0,1480.0,3.0,"[{'x': -73.834654, 'y': 40.873151}, {'x': -73.834517, 'y': 40.872594}, {'x': -73.83418, 'y': 40.871624}, {'x': -73.833836, 'y': 40.870803}, {'x': -73.832894, 'y': 40.868783}, {'x': -73.832568, 'y': 40.868096}, {'x': -73.831743, 'y': 40.866542}, {'x': -73.830542, 'y': 40.864214}, {'x': -73.829911, 'y': 40.862831}, {'x': -73.829755, 'y': 40.862473}, {'x': -73.829605, 'y': 40.862235}, {'x': -73.829328, 'y': 40.861875}, {'x': -73.828918, 'y': 40.861425}, {'x': -73.828798, 'y': 40.861312}, {'x': -73.828247, 'y': 40.860838}]",1648744604677.0,3.0,"[{}, {}, {}, {}, {}, {}]",6.894444444444445,24.82,I-95 S,NONE,NONE,1750858644.0,2022-03-31 16:36:44,3,False,LineString,"[[-73.834654, 40.873151], [-73.834517, 40.872594], [-73.83418, 40.871624], [-73.833836, 40.870803], [-73.832894, 40.868783], [-73.832568, 40.868096], [-73.831743, 40.866542], [-73.830542, 40.864214], [-73.829911, 40.862831], [-73.829755, 40.862473], [-73.829605, 40.862235], [-73.829328, 40.861875], [-73.828918, 40.861425], [-73.828798, 40.861312], [-73.828247, 40.860838]]",2022-03-31,-73.8263400288737,40.8544714512574,18632970,39297910,C - POSSIBLE INJURY,INJURY,888,2022,REAR END,2022/03/31,1900-01-01 16:45:00,COLLISION WITH MOTOR VEHICLE,DAYLIGHT,STRAIGHT AND LEVEL,DRY,NONE,NOT ENTERED,CLEAR,0,1970/01/01,0,1,1,0,2,,0,,No,598924.39837095,4523265.03400048,Not an intersection crash,Ramp,Bronx,4.0,97.0,,Bronx,I 95,95IX1M22072,88.0,T,11-Urban Principal Arterial Interstate,NYSDOT,NYSDOT,,50.0,"V1:(NOT ENTERED,NOT ENTERED) / V2:(NOT ENTERED,NOT ENTERED)",2022-03-31,-73.834654,40.873151
454,Feature,,"Bronx, NY",US,80.0,I-95 S â€¢ Bruckner Expwy,1750858644.0,1480.0,2.0,"[{'x': -73.834654, 'y': 40.873151}, {'x': -73.834517, 'y': 40.872594}, {'x': -73.83418, 'y': 40.871624}, {'x': -73.833836, 'y': 40.870803}, {'x': -73.832894, 'y': 40.868783}, {'x': -73.832568, 'y': 40.868096}, {'x': -73.831743, 'y': 40.866542}, {'x': -73.830542, 'y': 40.864214}, {'x': -73.829911, 'y': 40.862831}, {'x': -73.829755, 'y': 40.862473}, {'x': -73.829605, 'y': 40.862235}, {'x': -73.829328, 'y': 40.861875}, {'x': -73.828918, 'y': 40.861425}, {'x': -73.828798, 'y': 40.861312}, {'x': -73.828247, 'y': 40.860838}]",1648744604677.0,3.0,"[{}, {}, {}, {}, {}, {}]",10.76388888888889,38.75,I-95 S,NONE,NONE,1750858644.0,2022-03-31 16:36:44,3,False,LineString,"[[-73.834654, 40.873151], [-73.834517, 40.872594], [-73.83418, 40.871624], [-73.833836, 40.870803], [-73.832894, 40.868783], [-73.832568, 40.868096], [-73.831743, 40.866542], [-73.830542, 40.864214], [-73.829911, 40.862831], [-73.829755, 40.862473], [-73.829605, 40.862235], [-73.829328, 40.861875], [-73.828918, 40.861425], [-73.828798, 40.861312], [-73.828247, 40.860838]]",2022-03-31,-73.8263400288737,40.8544714512574,18632970,39297910,C - POSSIBLE INJURY,INJURY,888,2022,REAR END,2022/03/31,1900-01-01 16:45:00,COLLISION WITH MOTOR VEHICLE,DAYLIGHT,STRAIGHT AND LEVEL,DRY,NONE,NOT ENTERED,CLEAR,0,1970/01/01,0,1,1,0,2,,0,,No,598924.39837095,4523265.03400048,Not an intersection crash,Ramp,Bronx,4.0,97.0,,Bronx,I 95,95IX1M22072,88.0,T,11-Urban Principal Arterial Interstate,NYSDOT,NYSDOT,,50.0,"V1:(NOT ENTERED,NOT ENTERED) / V2:(NOT ENTERED,NOT ENTERED)",2022-03-31,-73.834654,40.873151
455,Feature,,"Syracuse, NY",US,71.0,I-81 S / Binghamton,1826465068.0,1540.0,2.0,"[{'x': -76.140174, 'y': 43.024531}, {'x': -76.140265, 'y': 43.023754}, {'x': -76.140391, 'y': 43.022805}, {'x': -76.140521, 'y': 43.021533}, {'x': -76.14051, 'y': 43.019566}, {'x': -76.140452, 'y': 43.018965}, {'x': -76.140348, 'y': 43.018204}, {'x': -76.14017, 'y': 43.017335}, {'x': -76.139851, 'y': 43.016203}, {'x': -76.139533, 'y': 43.015302}, {'x': -76.139333, 'y': 43.014822}, {'x': -76.139105, 'y': 43.014337}, {'x': -76.138697, 'y': 43.013531}, {'x': -76.138335, 'y': 43.012904}, {'x': -76.137998, 'y': 43.01231}, {'x': -76.137163, 'y': 43.011111}]",1649751036661.0,3.0,"[{}, {}]",11.925,42.93,I-81 S,NONE,NONE,1826465068.0,2022-04-12 08:10:36,1,False,LineString,"[[-76.140174, 43.024531], [-76.140265, 43.023754], [-76.140391, 43.022805], [-76.140521, 43.021533], [-76.14051, 43.019566], [-76.140452, 43.018965], [-76.140348, 43.018204], [-76.14017, 43.017335], [-76.139851, 43.016203], [-76.139533, 43.015302], [-76.139333, 43.014822], [-76.139105, 43.014337], [-76.138697, 43.013531], [-76.138335, 43.012904], [-76.137998, 43.01231], [-76.137163, 43.011111]]",2022-04-12,-76.1428153798264,43.0484870782882,18646191,39312625,,PROPERTY DAMAGE,999,2022,OTHER,2022/04/12,1900-01-01 08:07:00,COLLISION WITH GUIDE RAIL,DAYLIGHT,STRAIGHT AND LEVEL,WET,NONE,NOT ENTERED,CLOUDY,0,1970/01/01,0,0,0,0,1,3301.0,0,SYRACUSE PD,No,406923.84879192,4766832.90036508,INTERSECTION-RELATED,Ramp,Onondaga,NORTH,29.0,7031709.0,Syracuse,I 81,81I33032043,88.0,T,11-Urban Principal Arterial Interstate,NYSDOT,NYSDOT,,45.0,"V1:(UNSAFE SPEED,UNKNOWN)",2022-04-12,-76.140174,43.024531
456,Feature,,"Port Crane, NY",US,71.0,I-88 E,155413278.0,3708.0,1.0,"[{'x': -75.865487, 'y': 42.163106}, {'x': -75.865215, 'y': 42.163027}, {'x': -75.864874, 'y': 42.162925}, {'x': -75.860618, 'y': 42.161479}, {'x': -75.860179, 'y': 42.161344}, {'x': -75.859206, 'y': 42.161114}, {'x': -75.858501, 'y': 42.160992}, {'x': -75.855079, 'y': 42.160547}, {'x': -75.854411, 'y': 42.160432}, {'x': -75.853402, 'y': 42.160217}, {'x': -75.85245, 'y': 42.160036}, {'x': -75.851931, 'y': 42.159981}, {'x': -75.851275, 'y': 42.159939}, {'x': -75.850574, 'y': 42.159935}, {'x': -75.849469, 'y': 42.159964}, {'x': -75.848548, 'y': 42.16002}, {'x': -75.847696, 'y': 42.160106}, {'x': -75.846324, 'y': 42.160302}, {'x': -75.845708, 'y': 42.160425}, {'x': -75.845149, 'y': 42.16056}, {'x': -75.844723, 'y': 42.16069}, {'x': -75.844304, 'y': 42.160828}, {'x': -75.843693, 'y': 42.161067}, {'x': -75.843326, 'y': 42.161237}, {'x': -75.843115, 'y': 42.161344}, {'x': -75.842347, 'y': 42.161778}, {'x': -75.841968, 'y': 42.162032}, {'x': -75.841444, 'y': 42.162435}, {'x': -75.839086, 'y': 42.164418}, {'x': -75.837293, 'y': 42.16588}, {'x': -75.836855, 'y': 42.166183}, {'x': -75.836482, 'y': 42.166392}, {'x': -75.836055, 'y': 42.166589}, {'x': -75.835639, 'y': 42.166742}, {'x': -75.835138, 'y': 42.166887}, {'x': -75.834797, 'y': 42.166957}, {'x': -75.834309, 'y': 42.167025}, {'x': -75.833807, 'y': 42.167063}, {'x': -75.833629, 'y': 42.167061}, {'x': -75.833629, 'y': 42.167062}, {'x': -75.833138, 'y': 42.167054}, {'x': -75.832942, 'y': 42.167039}, {'x': -75.832787, 'y': 42.167028}, {'x': -75.832442, 'y': 42.16698}, {'x': -75.831888, 'y': 42.166862}, {'x': -75.826896, 'y': 42.165606}, {'x': -75.825164, 'y': 42.165171}]",1650337414426.0,3.0,"[{}, {}, {}, {}, {}]",17.7,63.72,I-88 E,NONE,NONE,155413278.0,2022-04-19 03:03:34,1,False,LineString,"[[-75.865487, 42.163106], [-75.865215, 42.163027], [-75.864874, 42.162925], [-75.860618, 42.161479], [-75.860179, 42.161344], [-75.859206, 42.161114], [-75.858501, 42.160992], [-75.855079, 42.160547], [-75.854411, 42.160432], [-75.853402, 42.160217], [-75.85245, 42.160036], [-75.851931, 42.159981], [-75.851275, 42.159939], [-75.850574, 42.159935], [-75.849469, 42.159964], [-75.848548, 42.16002], [-75.847696, 42.160106], [-75.846324, 42.160302], [-75.845708, 42.160425], [-75.845149, 42.16056], [-75.844723, 42.16069], [-75.844304, 42.160828], [-75.843693, 42.161067], [-75.843326, 42.161237], [-75.843115, 42.161344], [-75.842347, 42.161778], [-75.841968, 42.162032], [-75.841444, 42.162435], [-75.839086, 42.164418], [-75.837293, 42.16588], [-75.836855, 42.166183], [-75.836482, 42.166392], [-75.836055, 42.166589], [-75.835639, 42.166742], [-75.835138, 42.166887], [-75.834797, 42.166957], [-75.834309, 42.167025], [-75.833807, 42.167063], [-75.833629, 42.167061], [-75.833629, 42.167062], [-75.833138, 42.167054], [-75.832942, 42.167039], [-75.832787, 42.167028], [-75.832442, 42.16698], [-75.831888, 42.166862], [-75.826896, 42.165606], [-75.825164, 42.165171]]",2022-04-19,-75.8597638313872,42.161240869391,18649432,39316334,,PROPERTY DAMAGE,999,2022,OTHER,2022/04/19,1900-01-01 02:36:00,COLLISION WITH TREE,DARK-ROAD UNLIGHTED,STRAIGHT AND LEVEL,SNOW/ICE,NONE,NOT ENTERED,SNOW,1,1970/01/01,0,0,0,0,1,300.0,0,BROOME CO SO,No,428976.17268463,4668036.55605329,Not an intersection crash,,Broome,,0.0,,Fenton,I 88,7 91013038,88.0,T,11-Urban Principal Arterial Interstate,NYSDOT,NYSDOT,Senator Warren M. Anderson Expressway,55.0,"V1:(OBSTRUCTION/DEBRIS,PAVEMENT SLIPPERY)",2022-04-19,-75.865487,42.163106
457,Feature,,"Rotterdam, NY",US,69.0,I-890 W,156030178.0,3381.0,1.0,"[{'x': -73.930744, 'y': 42.761046}, {'x': -73.930503, 'y': 42.76127}, {'x': -73.930327, 'y': 42.761449}, {'x': -73.930056, 'y': 42.761744}, {'x': -73.929879, 'y': 42.761959}, {'x': -73.929712, 'y': 42.762191}, {'x': -73.929508, 'y': 42.762507}, {'x': -73.929348, 'y': 42.762801}, {'x': -73.929217, 'y': 42.76307}, {'x': -73.928964, 'y': 42.763602}, {'x': -73.928719, 'y': 42.764134}, {'x': -73.928489, 'y': 42.764676}, {'x': -73.928312, 'y': 42.765129}, {'x': -73.928151, 'y': 42.765562}, {'x': -73.927988, 'y': 42.766009}, {'x': -73.927817, 'y': 42.766464}, {'x': -73.927632, 'y': 42.766961}, {'x': -73.927471, 'y': 42.767399}, {'x': -73.927306, 'y': 42.767899}, {'x': -73.927124, 'y': 42.768492}, {'x': -73.927065, 'y': 42.768695}, {'x': -73.926859, 'y': 42.769481}, {'x': -73.926571, 'y': 42.770852}, {'x': -73.92631, 'y': 42.772112}, {'x': -73.925983, 'y': 42.773715}, {'x': -73.925869, 'y': 42.774276}, {'x': -73.925775, 'y': 42.774745}, {'x': -73.925611, 'y': 42.77544}, {'x': -73.925468, 'y': 42.775942}, {'x': -73.925358, 'y': 42.77628}, {'x': -73.925214, 'y': 42.776677}, {'x': -73.925084, 'y': 42.776994}, {'x': -73.924896, 'y': 42.777401}, {'x': -73.924659, 'y': 42.777886}, {'x': -73.92446, 'y': 42.778284}, {'x': -73.924082, 'y': 42.779056}, {'x': -73.923818, 'y': 42.779682}, {'x': -73.923701, 'y': 42.779977}, {'x': -73.923613, 'y': 42.780219}, {'x': -73.92354, 'y': 42.780448}, {'x': -73.923417, 'y': 42.780862}, {'x': -73.923341, 'y': 42.781187}, {'x': -73.923296, 'y': 42.781407}, {'x': -73.923217, 'y': 42.781876}, {'x': -73.923189, 'y': 42.782198}, {'x': -73.923167, 'y': 42.782365}, {'x': -73.923151, 'y': 42.782613}, {'x': -73.923144, 'y': 42.782957}, {'x': -73.923152, 'y': 42.783248}, {'x': -73.923167, 'y': 42.783514}, {'x': -73.92318, 'y': 42.783715}, {'x': -73.923235, 'y': 42.784176}, {'x': -73.923271, 'y': 42.784419}, {'x': -73.923338, 'y': 42.784727}, {'x': -73.923419, 'y': 42.785066}, {'x': -73.923537, 'y': 42.785469}, {'x': -73.923629, 'y': 42.785736}, {'x': -73.923718, 'y': 42.785986}, {'x': -73.924066, 'y': 42.786933}, {'x': -73.924224, 'y': 42.787356}, {'x': -73.924463, 'y': 42.788021}, {'x': -73.924695, 'y': 42.788664}, {'x': -73.924837, 'y': 42.789083}, {'x': -73.924939, 'y': 42.789397}, {'x': -73.925055, 'y': 42.789749}, {'x': -73.925271, 'y': 42.79043}]",1650347298737.0,3.0,"[{}, {}, {}, {}, {}, {}, {}]",17.366666666666667,62.52,I-890 W,NONE,NONE,156030178.0,2022-04-19 05:48:18,1,False,LineString,"[[-73.930744, 42.761046], [-73.930503, 42.76127], [-73.930327, 42.761449], [-73.930056, 42.761744], [-73.929879, 42.761959], [-73.929712, 42.762191], [-73.929508, 42.762507], [-73.929348, 42.762801], [-73.929217, 42.76307], [-73.928964, 42.763602], [-73.928719, 42.764134], [-73.928489, 42.764676], [-73.928312, 42.765129], [-73.928151, 42.765562], [-73.927988, 42.766009], [-73.927817, 42.766464], [-73.927632, 42.766961], [-73.927471, 42.767399], [-73.927306, 42.767899], [-73.927124, 42.768492], [-73.927065, 42.768695], [-73.926859, 42.769481], [-73.926571, 42.770852], [-73.92631, 42.772112], [-73.925983, 42.773715], [-73.925869, 42.774276], [-73.925775, 42.774745], [-73.925611, 42.77544], [-73.925468, 42.775942], [-73.925358, 42.77628], [-73.925214, 42.776677], [-73.925084, 42.776994], [-73.924896, 42.777401], [-73.924659, 42.777886], [-73.92446, 42.778284], [-73.924082, 42.779056], [-73.923818, 42.779682], [-73.923701, 42.779977], [-73.923613, 42.780219], [-73.92354, 42.780448], [-73.923417, 42.780862], [-73.923341, 42.781187], [-73.923296, 42.781407], [-73.923217, 42.781876], [-73.923189, 42.782198], [-73.923167, 42.782365], [-73.923151, 42.782613], [-73.923144, 42.782957], [-73.923152, 42.783248], [-73.923167, 42.783514], [-73.92318, 42.783715], [-73.923235, 42.784176], [-73.923271, 42.784419], [-73.923338, 42.784727], [-73.923419, 42.785066], [-73.923537, 42.785469], [-73.923629, 42.785736], [-73.923718, 42.785986], [-73.924066, 42.786933], [-73.924224, 42.787356], [-73.924463, 42.788021], [-73.924695, 42.788664], [-73.924837, 42.789083], [-73.924939, 42.789397], [-73.925055, 42.789749], [-73.925271, 42.79043]]",2022-04-19,-73.9355625675893,42.7548668355204,18650246,39317232,,PROPERTY DAMAGE,999,2022,RIGHT ANGLE,2022/04/19,1900-01-01 06:18:00,COLLISION WITH GUIDE RAIL,DAWN,STRAIGHT AND LEVEL,WET,NONE,NOT ENTERED,RAIN,0,1970/01/01,0,0,0,0,2,10105.0,0,NYSP THRUWAY ALBANY ZONE HEADQUARTERS,No,587105.04377509,4734143.06758227,Not an intersection crash,Connecting Road,Albany,7.0,556.0,,Guilderland,I 90,,88.0,T,11-Urban Principal Arterial Interstate,NYS Thruway,NYS Thruway,NYS Thruway,65.0,"V1:(UNSAFE SPEED,PAVEMENT SLIPPERY) / V2:(NOT APPLICABLE,NOT APPLICABLE)",2022-04-19,-73.930744,42.761046
458,Feature,,"Triangle, NY",US,106.0,I-81 N,156076976.0,2960.0,2.0,"[{'x': -75.973715, 'y': 42.322156}, {'x': -75.974468, 'y': 42.32246}, {'x': -75.97534, 'y': 42.322812}, {'x': -75.97601, 'y': 42.323105}, {'x': -75.976612, 'y': 42.323428}, {'x': -75.977011, 'y': 42.323678}, {'x': -75.977434, 'y': 42.323999}, {'x': -75.977853, 'y': 42.324367}, {'x': -75.97798, 'y': 42.324498}, {'x': -75.978228, 'y': 42.324767}, {'x': -75.978463, 'y': 42.325077}, {'x': -75.978699, 'y': 42.325434}, {'x': -75.978859, 'y': 42.325733}, {'x': -75.978954, 'y': 42.325944}, {'x': -75.979158, 'y': 42.326527}, {'x': -75.979249, 'y': 42.327001}, {'x': -75.979286, 'y': 42.327496}, {'x': -75.979278, 'y': 42.327821}, {'x': -75.979202, 'y': 42.328764}, {'x': -75.979083, 'y': 42.33009}, {'x': -75.979062, 'y': 42.330327}, {'x': -75.979036, 'y': 42.330614}, {'x': -75.979029, 'y': 42.330694}, {'x': -75.978869, 'y': 42.332435}, {'x': -75.978818, 'y': 42.333026}, {'x': -75.978806, 'y': 42.333169}, {'x': -75.978772, 'y': 42.333574}, {'x': -75.978574, 'y': 42.335773}, {'x': -75.97854, 'y': 42.336147}, {'x': -75.978517, 'y': 42.336404}, {'x': -75.978339, 'y': 42.338336}, {'x': -75.978313, 'y': 42.338609}, {'x': -75.978212, 'y': 42.339714}, {'x': -75.978176, 'y': 42.340321}, {'x': -75.978189, 'y': 42.340789}, {'x': -75.978232, 'y': 42.341176}, {'x': -75.978369, 'y': 42.34171}, {'x': -75.978505, 'y': 42.342067}, {'x': -75.978765, 'y': 42.342571}, {'x': -75.97898, 'y': 42.342915}, {'x': -75.979192, 'y': 42.343174}, {'x': -75.979654, 'y': 42.343697}, {'x': -75.982114, 'y': 42.346077}]",1650349798145.0,3.0,"[{}, {}]",14.669444444444444,52.81,I-81 N,NONE,NONE,156076976.0,2022-04-19 06:29:58,1,False,LineString,"[[-75.973715, 42.322156], [-75.974468, 42.32246], [-75.97534, 42.322812], [-75.97601, 42.323105], [-75.976612, 42.323428], [-75.977011, 42.323678], [-75.977434, 42.323999], [-75.977853, 42.324367], [-75.97798, 42.324498], [-75.978228, 42.324767], [-75.978463, 42.325077], [-75.978699, 42.325434], [-75.978859, 42.325733], [-75.978954, 42.325944], [-75.979158, 42.326527], [-75.979249, 42.327001], [-75.979286, 42.327496], [-75.979278, 42.327821], [-75.979202, 42.328764], [-75.979083, 42.33009], [-75.979062, 42.330327], [-75.979036, 42.330614], [-75.979029, 42.330694], [-75.978869, 42.332435], [-75.978818, 42.333026], [-75.978806, 42.333169], [-75.978772, 42.333574], [-75.978574, 42.335773], [-75.97854, 42.336147], [-75.978517, 42.336404], [-75.978339, 42.338336], [-75.978313, 42.338609], [-75.978212, 42.339714], [-75.978176, 42.340321], [-75.978189, 42.340789], [-75.978232, 42.341176], [-75.978369, 42.34171], [-75.978505, 42.342067], [-75.978765, 42.342571], [-75.97898, 42.342915], [-75.979192, 42.343174], [-75.979654, 42.343697], [-75.982114, 42.346077]]",2022-04-19,-75.9525417571703,42.3130423679543,18649419,39316321,,PROPERTY DAMAGE,999,2022,OTHER,2022/04/19,1900-01-01 06:54:00,COLL. W/EARTH ELE./ROCK CUT/DITCH,DAWN,STRAIGHT AND LEVEL,SNOW/ICE,NONE,NOT ENTERED,SNOW,0,1970/01/01,0,0,0,0,1,300.0,0,BROOME CO SO,No,421500.23735551,4684973.19836702,Not an intersection crash,,Broome,,0.0,,Barker,I 81,81I91013146,88.0,T,1-Rural Principal Arterial Interstate,NYSDOT,NYSDOT,Interstate 81,65.0,"V1:(UNSAFE SPEED,NOT APPLICABLE)",2022-04-19,-75.973715,42.322156