,type,properties.blockingAlertUuid,properties.city,properties.country,properties.delay,properties.endNode,properties.id,properties.length,properties.level,properties.line,properties.pubMillis,properties.roadType,properties.segments,properties.speed,properties.speedKMH,properties.street,properties.turnType,properties.type,properties.uuid,properties.utc_timestamp,properties.day_of_week,properties.weekday_weekend,geometry.type,geometry.coordinates,key_date_jams,X,Y,OBJECTID,CaseNumber,MaxInjuryS,CrashSever,RoadwayAcc,CaseYear,CollisionT,CrashDate,CrashTimeF,CrashType,LightCondi,RoadwayCha,RoadSurfac,TrafficCon,TrafficWay,WeatherCon,Commercial,DMVInsertD,NumberOfFa,NumberOfIn,NumberOfOt,NumberOfSe,NumberOfVe,PoliceDept,NonReporta,ReportingA,NonPublicW,UTMEasting,UTMNorthin,Intersecti,ClosestCro,CountyName,DirectionF,DistanceFr,MasterInte,CityTownNa,OnStreet,ReferenceM,ACCESS_CON,DIVIDED,FUNCTIONAL,MAINT_JURI,OWNING_JUR,NAME,POSTED_SPE,ApparentFa,key_date_crashes,jams_x,jams_y
459,Feature,,"Cortland, NY",US,71.0,I-81 N,156076612.0,2563.0,1.0,"[{'x': -76.156534, 'y': 42.604183}, {'x': -76.156745, 'y': 42.604948}, {'x': -76.156911, 'y': 42.605482}, {'x': -76.157141, 'y': 42.606033}, {'x': -76.157262, 'y': 42.606271}, {'x': -76.157534, 'y': 42.606696}, {'x': -76.157956, 'y': 42.607225}, {'x': -76.158077, 'y': 42.60735}, {'x': -76.158509, 'y': 42.607752}, {'x': -76.158942, 'y': 42.608086}, {'x': -76.159266, 'y': 42.608309}, {'x': -76.159522, 'y': 42.608464}, {'x': -76.159783, 'y': 42.608609}, {'x': -76.160099, 'y': 42.60877}, {'x': -76.160431, 'y': 42.608919}, {'x': -76.160771, 'y': 42.609053}, {'x': -76.16112, 'y': 42.609176}, {'x': -76.161881, 'y': 42.609386}, {'x': -76.162298, 'y': 42.609471}, {'x': -76.162654, 'y': 42.609529}, {'x': -76.162975, 'y': 42.609575}, {'x': -76.163187, 'y': 42.609597}, {'x': -76.163398, 'y': 42.609611}, {'x': -76.163596, 'y': 42.609621}, {'x': -76.164004, 'y': 42.609636}, {'x': -76.164693, 'y': 42.609625}, {'x': -76.167287, 'y': 42.609509}, {'x': -76.168577, 'y': 42.609452}, {'x': -76.169875, 'y': 42.609389}, {'x': -76.170682, 'y': 42.609356}, {'x': -76.171736, 'y': 42.609308}, {'x': -76.174268, 'y': 42.609211}, {'x': -76.174947, 'y': 42.609245}, {'x': -76.175431, 'y': 42.609297}, {'x': -76.17595, 'y': 42.609382}, {'x': -76.176363, 'y': 42.609473}, {'x': -76.177051, 'y': 42.609674}, {'x': -76.17748, 'y': 42.609838}, {'x': -76.177933, 'y': 42.61004}, {'x': -76.178373, 'y': 42.610272}, {'x': -76.178779, 'y': 42.610529}, {'x': -76.17904, 'y': 42.610712}, {'x': -76.179344, 'y': 42.610958}, {'x': -76.179589, 'y': 42.61118}, {'x': -76.179888, 'y': 42.611498}, {'x': -76.180199, 'y': 42.611886}, {'x': -76.180324, 'y': 42.612073}, {'x': -76.180486, 'y': 42.612347}, {'x': -76.180672, 'y': 42.612685}, {'x': -76.180803, 'y': 42.613018}, {'x': -76.180904, 'y': 42.613368}]",1650349798238.0,3.0,"[{}, {}, {}]",16.23611111111111,58.45,I-81 N,NONE,NONE,156076612.0,2022-04-19 06:29:58,1,False,LineString,"[[-76.156534, 42.604183], [-76.156745, 42.604948], [-76.156911, 42.605482], [-76.157141, 42.606033], [-76.157262, 42.606271], [-76.157534, 42.606696], [-76.157956, 42.607225], [-76.158077, 42.60735], [-76.158509, 42.607752], [-76.158942, 42.608086], [-76.159266, 42.608309], [-76.159522, 42.608464], [-76.159783, 42.608609], [-76.160099, 42.60877], [-76.160431, 42.608919], [-76.160771, 42.609053], [-76.16112, 42.609176], [-76.161881, 42.609386], [-76.162298, 42.609471], [-76.162654, 42.609529], [-76.162975, 42.609575], [-76.163187, 42.609597], [-76.163398, 42.609611], [-76.163596, 42.609621], [-76.164004, 42.609636], [-76.164693, 42.609625], [-76.167287, 42.609509], [-76.168577, 42.609452], [-76.169875, 42.609389], [-76.170682, 42.609356], [-76.171736, 42.609308], [-76.174268, 42.609211], [-76.174947, 42.609245], [-76.175431, 42.609297], [-76.17595, 42.609382], [-76.176363, 42.609473], [-76.177051, 42.609674], [-76.17748, 42.609838], [-76.177933, 42.61004], [-76.178373, 42.610272], [-76.178779, 42.610529], [-76.17904, 42.610712], [-76.179344, 42.610958], [-76.179589, 42.61118], [-76.179888, 42.611498], [-76.180199, 42.611886], [-76.180324, 42.612073], [-76.180486, 42.612347], [-76.180672, 42.612685], [-76.180803, 42.613018], [-76.180904, 42.613368]]",2022-04-19,-76.1760038787777,42.6268948909238,18651024,39318017,,PROPERTY DAMAGE,999,2022,REAR END,2022/04/19,1900-01-01 06:35:00,COLLISION WITH MOTOR VEHICLE,DAYLIGHT,CURVE AND LEVEL,SNOW/ICE,NONE,NOT ENTERED,SNOW,0,1970/01/01,0,0,0,0,2,11201.0,0,NYSP SIDNEY,No,403567.3580051,4720053.71812128,Not an intersection crash,Ramp,Cortland,4.0,109.0,,Cortlandville,I 81,81I32023010,88.0,T,1-Rural Principal Arterial Interstate,NYSDOT,NYSDOT,,65.0,"V1:(NOT APPLICABLE,NOT APPLICABLE) / V2:(FOLLOWING TOO CLOSELY,PAVEMENT SLIPPERY)",2022-04-19,-76.156534,42.604183
460,Feature,,"Cortland, NY",US,71.0,I-81 N,156076612.0,2563.0,1.0,"[{'x': -76.156534, 'y': 42.604183}, {'x': -76.156745, 'y': 42.604948}, {'x': -76.156911, 'y': 42.605482}, {'x': -76.157141, 'y': 42.606033}, {'x': -76.157262, 'y': 42.606271}, {'x': -76.157534, 'y': 42.606696}, {'x': -76.157956, 'y': 42.607225}, {'x': -76.158077, 'y': 42.60735}, {'x': -76.158509, 'y': 42.607752}, {'x': -76.158942, 'y': 42.608086}, {'x': -76.159266, 'y': 42.608309}, {'x': -76.159522, 'y': 42.608464}, {'x': -76.159783, 'y': 42.608609}, {'x': -76.160099, 'y': 42.60877}, {'x': -76.160431, 'y': 42.608919}, {'x': -76.160771, 'y': 42.609053}, {'x': -76.16112, 'y': 42.609176}, {'x': -76.161881, 'y': 42.609386}, {'x': -76.162298, 'y': 42.609471}, {'x': -76.162654, 'y': 42.609529}, {'x': -76.162975, 'y': 42.609575}, {'x': -76.163187, 'y': 42.609597}, {'x': -76.163398, 'y': 42.609611}, {'x': -76.163596, 'y': 42.609621}, {'x': -76.164004, 'y': 42.609636}, {'x': -76.164693, 'y': 42.609625}, {'x': -76.167287, 'y': 42.609509}, {'x': -76.168577, 'y': 42.609452}, {'x': -76.169875, 'y': 42.609389}, {'x': -76.170682, 'y': 42.609356}, {'x': -76.171736, 'y': 42.609308}, {'x': -76.174268, 'y': 42.609211}, {'x': -76.174947, 'y': 42.609245}, {'x': -76.175431, 'y': 42.609297}, {'x': -76.17595, 'y': 42.609382}, {'x': -76.176363, 'y': 42.609473}, {'x': -76.177051, 'y': 42.609674}, {'x': -76.17748, 'y': 42.609838}, {'x': -76.177933, 'y': 42.61004}, {'x': -76.178373, 'y': 42.610272}, {'x': -76.178779, 'y': 42.610529}, {'x': -76.17904, 'y': 42.610712}, {'x': -76.179344, 'y': 42.610958}, {'x': -76.179589, 'y': 42.61118}, {'x': -76.179888, 'y': 42.611498}, {'x': -76.180199, 'y': 42.611886}, {'x': -76.180324, 'y': 42.612073}, {'x': -76.180486, 'y': 42.612347}, {'x': -76.180672, 'y': 42.612685}, {'x': -76.180803, 'y': 42.613018}, {'x': -76.180904, 'y': 42.613368}]",1650349798238.0,3.0,"[{}, {}, {}]",16.23611111111111,58.45,I-81 N,NONE,NONE,156076612.0,2022-04-19 06:29:58,1,False,LineString,"[[-76.156534, 42.604183], [-76.156745, 42.604948], [-76.156911, 42.605482], [-76.157141, 42.606033], [-76.157262, 42.606271], [-76.157534, 42.606696], [-76.157956, 42.607225], [-76.158077, 42.60735], [-76.158509, 42.607752], [-76.158942, 42.608086], [-76.159266, 42.608309], [-76.159522, 42.608464], [-76.159783, 42.608609], [-76.160099, 42.60877], [-76.160431, 42.608919], [-76.160771, 42.609053], [-76.16112, 42.609176], [-76.161881, 42.609386], [-76.162298, 42.609471], [-76.162654, 42.609529], [-76.162975, 42.609575], [-76.163187, 42.609597], [-76.163398, 42.609611], [-76.163596, 42.609621], [-76.164004, 42.609636], [-76.164693, 42.609625], [-76.167287, 42.609509], [-76.168577, 42.609452], [-76.169875, 42.609389], [-76.170682, 42.609356], [-76.171736, 42.609308], [-76.174268, 42.609211], [-76.174947, 42.609245], [-76.175431, 42.609297], [-76.17595, 42.609382], [-76.176363, 42.609473], [-76.177051, 42.609674], [-76.17748, 42.609838], [-76.177933, 42.61004], [-76.178373, 42.610272], [-76.178779, 42.610529], [-76.17904, 42.610712], [-76.179344, 42.610958], [-76.179589, 42.61118], [-76.179888, 42.611498], [-76.180199, 42.611886], [-76.180324, 42.612073], [-76.180486, 42.612347], [-76.180672, 42.612685], [-76.180803, 42.613018], [-76.180904, 42.613368]]",2022-04-19,-76.1809679026956,42.613797351003,18649081,39315983,,PROPERTY DAMAGE,999,2022,REAR END,2022/04/19,1900-01-01 06:39:00,COLLISION WITH MOTOR VEHICLE,DAYLIGHT,CURVE AND LEVEL,SNOW/ICE,NONE,NOT ENTERED,SNOW,0,1970/01/01,0,0,0,0,2,11101.0,0,NYSP CORTLAND,No,403140.0,4718605.0,Not an intersection crash,,Cortland,,0.0,,Cortlandville,,,,,Unknown,Unknown,Unknown,,,"V1:(UNSAFE SPEED,FOLLOWING TOO CLOSELY) / V2:(NOT APPLICABLE,NOT APPLICABLE)",2022-04-19,-76.156534,42.604183
461,Feature,,"Cortlandville, NY",US,60.0,I-81 N,156082394.0,2029.0,1.0,"[{'x': -76.180904, 'y': 42.613368}, {'x': -76.180964, 'y': 42.613709}, {'x': -76.181001, 'y': 42.614081}, {'x': -76.180998, 'y': 42.614501}, {'x': -76.180959, 'y': 42.614915}, {'x': -76.180567, 'y': 42.617532}, {'x': -76.180402, 'y': 42.618719}, {'x': -76.180255, 'y': 42.619864}, {'x': -76.180158, 'y': 42.620358}, {'x': -76.180037, 'y': 42.620835}, {'x': -76.179894, 'y': 42.621245}, {'x': -76.179664, 'y': 42.621776}, {'x': -76.179399, 'y': 42.622271}, {'x': -76.179027, 'y': 42.622861}, {'x': -76.179028, 'y': 42.622862}, {'x': -76.178794, 'y': 42.623191}, {'x': -76.178403, 'y': 42.623671}, {'x': -76.177269, 'y': 42.624875}, {'x': -76.174799, 'y': 42.627477}, {'x': -76.174455, 'y': 42.627888}, {'x': -76.174112, 'y': 42.628374}, {'x': -76.17384, 'y': 42.62883}, {'x': -76.173718, 'y': 42.629045}, {'x': -76.17347, 'y': 42.629586}, {'x': -76.173223, 'y': 42.630243}]",1650350177728.0,3.0,"[{}, {}, {}]",15.825,56.97,I-81 N,NONE,NONE,156082394.0,2022-04-19 06:36:17,1,False,LineString,"[[-76.180904, 42.613368], [-76.180964, 42.613709], [-76.181001, 42.614081], [-76.180998, 42.614501], [-76.180959, 42.614915], [-76.180567, 42.617532], [-76.180402, 42.618719], [-76.180255, 42.619864], [-76.180158, 42.620358], [-76.180037, 42.620835], [-76.179894, 42.621245], [-76.179664, 42.621776], [-76.179399, 42.622271], [-76.179027, 42.622861], [-76.179028, 42.622862], [-76.178794, 42.623191], [-76.178403, 42.623671], [-76.177269, 42.624875], [-76.174799, 42.627477], [-76.174455, 42.627888], [-76.174112, 42.628374], [-76.17384, 42.62883], [-76.173718, 42.629045], [-76.17347, 42.629586], [-76.173223, 42.630243]]",2022-04-19,-76.1760038787777,42.6268948909238,18651024,39318017,,PROPERTY DAMAGE,999,2022,REAR END,2022/04/19,1900-01-01 06:35:00,COLLISION WITH MOTOR VEHICLE,DAYLIGHT,CURVE AND LEVEL,SNOW/ICE,NONE,NOT ENTERED,SNOW,0,1970/01/01,0,0,0,0,2,11201.0,0,NYSP SIDNEY,No,403567.3580051,4720053.71812128,Not an intersection crash,Ramp,Cortland,4.0,109.0,,Cortlandville,I 81,81I32023010,88.0,T,1-Rural Principal Arterial Interstate,NYSDOT,NYSDOT,,65.0,"V1:(NOT APPLICABLE,NOT APPLICABLE) / V2:(FOLLOWING TOO CLOSELY,PAVEMENT SLIPPERY)",2022-04-19,-76.180904,42.613368
462,Feature,,"Cortlandville, NY",US,60.0,I-81 N,156082394.0,2029.0,1.0,"[{'x': -76.180904, 'y': 42.613368}, {'x': -76.180964, 'y': 42.613709}, {'x': -76.181001, 'y': 42.614081}, {'x': -76.180998, 'y': 42.614501}, {'x': -76.180959, 'y': 42.614915}, {'x': -76.180567, 'y': 42.617532}, {'x': -76.180402, 'y': 42.618719}, {'x': -76.180255, 'y': 42.619864}, {'x': -76.180158, 'y': 42.620358}, {'x': -76.180037, 'y': 42.620835}, {'x': -76.179894, 'y': 42.621245}, {'x': -76.179664, 'y': 42.621776}, {'x': -76.179399, 'y': 42.622271}, {'x': -76.179027, 'y': 42.622861}, {'x': -76.179028, 'y': 42.622862}, {'x': -76.178794, 'y': 42.623191}, {'x': -76.178403, 'y': 42.623671}, {'x': -76.177269, 'y': 42.624875}, {'x': -76.174799, 'y': 42.627477}, {'x': -76.174455, 'y': 42.627888}, {'x': -76.174112, 'y': 42.628374}, {'x': -76.17384, 'y': 42.62883}, {'x': -76.173718, 'y': 42.629045}, {'x': -76.17347, 'y': 42.629586}, {'x': -76.173223, 'y': 42.630243}]",1650350177728.0,3.0,"[{}, {}, {}]",15.825,56.97,I-81 N,NONE,NONE,156082394.0,2022-04-19 06:36:17,1,False,LineString,"[[-76.180904, 42.613368], [-76.180964, 42.613709], [-76.181001, 42.614081], [-76.180998, 42.614501], [-76.180959, 42.614915], [-76.180567, 42.617532], [-76.180402, 42.618719], [-76.180255, 42.619864], [-76.180158, 42.620358], [-76.180037, 42.620835], [-76.179894, 42.621245], [-76.179664, 42.621776], [-76.179399, 42.622271], [-76.179027, 42.622861], [-76.179028, 42.622862], [-76.178794, 42.623191], [-76.178403, 42.623671], [-76.177269, 42.624875], [-76.174799, 42.627477], [-76.174455, 42.627888], [-76.174112, 42.628374], [-76.17384, 42.62883], [-76.173718, 42.629045], [-76.17347, 42.629586], [-76.173223, 42.630243]]",2022-04-19,-76.1809679026956,42.613797351003,18649081,39315983,,PROPERTY DAMAGE,999,2022,REAR END,2022/04/19,1900-01-01 06:39:00,COLLISION WITH MOTOR VEHICLE,DAYLIGHT,CURVE AND LEVEL,SNOW/ICE,NONE,NOT ENTERED,SNOW,0,1970/01/01,0,0,0,0,2,11101.0,0,NYSP CORTLAND,No,403140.0,4718605.0,Not an intersection crash,,Cortland,,0.0,,Cortlandville,,,,,Unknown,Unknown,Unknown,,,"V1:(UNSAFE SPEED,FOLLOWING TOO CLOSELY) / V2:(NOT APPLICABLE,NOT APPLICABLE)",2022-04-19,-76.180904,42.613368
463,Feature,,"Cortland, NY",US,81.0,I-81 S,156083432.0,2614.0,1.0,"[{'x': -76.181452, 'y': 42.613357}, {'x': -76.181332, 'y': 42.612934}, {'x': -76.181177, 'y': 42.612531}, {'x': -76.18102, 'y': 42.612211}, {'x': -76.180823, 'y': 42.611911}, {'x': -76.180486, 'y': 42.61144}, {'x': -76.180066, 'y': 42.610974}, {'x': -76.17991, 'y': 42.610831}, {'x': -76.179517, 'y': 42.610499}, {'x': -76.178929, 'y': 42.610087}, {'x': -76.178631, 'y': 42.609909}, {'x': -76.178286, 'y': 42.609731}, {'x': -76.177676, 'y': 42.609456}, {'x': -76.176949, 'y': 42.609204}, {'x': -76.176158, 'y': 42.609009}, {'x': -76.175471, 'y': 42.608892}, {'x': -76.174617, 'y': 42.608812}, {'x': -76.174146, 'y': 42.608806}, {'x': -76.170816, 'y': 42.608942}, {'x': -76.170154, 'y': 42.608973}, {'x': -76.168509, 'y': 42.609047}, {'x': -76.166445, 'y': 42.609143}, {'x': -76.165405, 'y': 42.60919}, {'x': -76.164381, 'y': 42.609225}, {'x': -76.163953, 'y': 42.609228}, {'x': -76.163546, 'y': 42.609214}, {'x': -76.162911, 'y': 42.609158}, {'x': -76.16262, 'y': 42.609116}, {'x': -76.162114, 'y': 42.609016}, {'x': -76.161631, 'y': 42.608886}, {'x': -76.161356, 'y': 42.608811}, {'x': -76.161065, 'y': 42.608706}, {'x': -76.160775, 'y': 42.608597}, {'x': -76.160492, 'y': 42.608475}, {'x': -76.160106, 'y': 42.608284}, {'x': -76.159672, 'y': 42.608032}, {'x': -76.159253, 'y': 42.607754}, {'x': -76.158974, 'y': 42.607527}, {'x': -76.158703, 'y': 42.607294}, {'x': -76.158443, 'y': 42.607028}, {'x': -76.158234, 'y': 42.606781}, {'x': -76.158113, 'y': 42.606628}, {'x': -76.157874, 'y': 42.606262}, {'x': -76.157661, 'y': 42.605918}, {'x': -76.157577, 'y': 42.605732}, {'x': -76.157383, 'y': 42.605229}, {'x': -76.156979, 'y': 42.603717}]",1650350241272.0,3.0,"[{}, {}, {}]",15.344444444444443,55.24,I-81 S,NONE,NONE,156083432.0,2022-04-19 06:37:21,1,False,LineString,"[[-76.181452, 42.613357], [-76.181332, 42.612934], [-76.181177, 42.612531], [-76.18102, 42.612211], [-76.180823, 42.611911], [-76.180486, 42.61144], [-76.180066, 42.610974], [-76.17991, 42.610831], [-76.179517, 42.610499], [-76.178929, 42.610087], [-76.178631, 42.609909], [-76.178286, 42.609731], [-76.177676, 42.609456], [-76.176949, 42.609204], [-76.176158, 42.609009], [-76.175471, 42.608892], [-76.174617, 42.608812], [-76.174146, 42.608806], [-76.170816, 42.608942], [-76.170154, 42.608973], [-76.168509, 42.609047], [-76.166445, 42.609143], [-76.165405, 42.60919], [-76.164381, 42.609225], [-76.163953, 42.609228], [-76.163546, 42.609214], [-76.162911, 42.609158], [-76.16262, 42.609116], [-76.162114, 42.609016], [-76.161631, 42.608886], [-76.161356, 42.608811], [-76.161065, 42.608706], [-76.160775, 42.608597], [-76.160492, 42.608475], [-76.160106, 42.608284], [-76.159672, 42.608032], [-76.159253, 42.607754], [-76.158974, 42.607527], [-76.158703, 42.607294], [-76.158443, 42.607028], [-76.158234, 42.606781], [-76.158113, 42.606628], [-76.157874, 42.606262], [-76.157661, 42.605918], [-76.157577, 42.605732], [-76.157383, 42.605229], [-76.156979, 42.603717]]",2022-04-19,-76.1760038787777,42.6268948909238,18651024,39318017,,PROPERTY DAMAGE,999,2022,REAR END,2022/04/19,1900-01-01 06:35:00,COLLISION WITH MOTOR VEHICLE,DAYLIGHT,CURVE AND LEVEL,SNOW/ICE,NONE,NOT ENTERED,SNOW,0,1970/01/01,0,0,0,0,2,11201.0,0,NYSP SIDNEY,No,403567.3580051,4720053.71812128,Not an intersection crash,Ramp,Cortland,4.0,109.0,,Cortlandville,I 81,81I32023010,88.0,T,1-Rural Principal Arterial Interstate,NYSDOT,NYSDOT,,65.0,"V1:(NOT APPLICABLE,NOT APPLICABLE) / V2:(FOLLOWING TOO CLOSELY,PAVEMENT SLIPPERY)",2022-04-19,-76.181452,42.613357
464,Feature,,"Cortland, NY",US,81.0,I-81 S,156083432.0,2614.0,1.0,"[{'x': -76.181452, 'y': 42.613357}, {'x': -76.181332, 'y': 42.612934}, {'x': -76.181177, 'y': 42.612531}, {'x': -76.18102, 'y': 42.612211}, {'x': -76.180823, 'y': 42.611911}, {'x': -76.180486, 'y': 42.61144}, {'x': -76.180066, 'y': 42.610974}, {'x': -76.17991, 'y': 42.610831}, {'x': -76.179517, 'y': 42.610499}, {'x': -76.178929, 'y': 42.610087}, {'x': -76.178631, 'y': 42.609909}, {'x': -76.178286, 'y': 42.609731}, {'x': -76.177676, 'y': 42.609456}, {'x': -76.176949, 'y': 42.609204}, {'x': -76.176158, 'y': 42.609009}, {'x': -76.175471, 'y': 42.608892}, {'x': -76.174617, 'y': 42.608812}, {'x': -76.174146, 'y': 42.608806}, {'x': -76.170816, 'y': 42.608942}, {'x': -76.170154, 'y': 42.608973}, {'x': -76.168509, 'y': 42.609047}, {'x': -76.166445, 'y': 42.609143}, {'x': -76.165405, 'y': 42.60919}, {'x': -76.164381, 'y': 42.609225}, {'x': -76.163953, 'y': 42.609228}, {'x': -76.163546, 'y': 42.609214}, {'x': -76.162911, 'y': 42.609158}, {'x': -76.16262, 'y': 42.609116}, {'x': -76.162114, 'y': 42.609016}, {'x': -76.161631, 'y': 42.608886}, {'x': -76.161356, 'y': 42.608811}, {'x': -76.161065, 'y': 42.608706}, {'x': -76.160775, 'y': 42.608597}, {'x': -76.160492, 'y': 42.608475}, {'x': -76.160106, 'y': 42.608284}, {'x': -76.159672, 'y': 42.608032}, {'x': -76.159253, 'y': 42.607754}, {'x': -76.158974, 'y': 42.607527}, {'x': -76.158703, 'y': 42.607294}, {'x': -76.158443, 'y': 42.607028}, {'x': -76.158234, 'y': 42.606781}, {'x': -76.158113, 'y': 42.606628}, {'x': -76.157874, 'y': 42.606262}, {'x': -76.157661, 'y': 42.605918}, {'x': -76.157577, 'y': 42.605732}, {'x': -76.157383, 'y': 42.605229}, {'x': -76.156979, 'y': 42.603717}]",1650350241272.0,3.0,"[{}, {}, {}]",15.344444444444443,55.24,I-81 S,NONE,NONE,156083432.0,2022-04-19 06:37:21,1,False,LineString,"[[-76.181452, 42.613357], [-76.181332, 42.612934], [-76.181177, 42.612531], [-76.18102, 42.612211], [-76.180823, 42.611911], [-76.180486, 42.61144], [-76.180066, 42.610974], [-76.17991, 42.610831], [-76.179517, 42.610499], [-76.178929, 42.610087], [-76.178631, 42.609909], [-76.178286, 42.609731], [-76.177676, 42.609456], [-76.176949, 42.609204], [-76.176158, 42.609009], [-76.175471, 42.608892], [-76.174617, 42.608812], [-76.174146, 42.608806], [-76.170816, 42.608942], [-76.170154, 42.608973], [-76.168509, 42.609047], [-76.166445, 42.609143], [-76.165405, 42.60919], [-76.164381, 42.609225], [-76.163953, 42.609228], [-76.163546, 42.609214], [-76.162911, 42.609158], [-76.16262, 42.609116], [-76.162114, 42.609016], [-76.161631, 42.608886], [-76.161356, 42.608811], [-76.161065, 42.608706], [-76.160775, 42.608597], [-76.160492, 42.608475], [-76.160106, 42.608284], [-76.159672, 42.608032], [-76.159253, 42.607754], [-76.158974, 42.607527], [-76.158703, 42.607294], [-76.158443, 42.607028], [-76.158234, 42.606781], [-76.158113, 42.606628], [-76.157874, 42.606262], [-76.157661, 42.605918], [-76.157577, 42.605732], [-76.157383, 42.605229], [-76.156979, 42.603717]]",2022-04-19,-76.1809679026956,42.613797351003,18649081,39315983,,PROPERTY DAMAGE,999,2022,REAR END,2022/04/19,1900-01-01 06:39:00,COLLISION WITH MOTOR VEHICLE,DAYLIGHT,CURVE AND LEVEL,SNOW/ICE,NONE,NOT ENTERED,SNOW,0,1970/01/01,0,0,0,0,2,11101.0,0,NYSP CORTLAND,No,403140.0,4718605.0,Not an intersection crash,,Cortland,,0.0,,Cortlandville,,,,,Unknown,Unknown,Unknown,,,"V1:(UNSAFE SPEED,FOLLOWING TOO CLOSELY) / V2:(NOT APPLICABLE,NOT APPLICABLE)",2022-04-19,-76.181452,42.613357
465,Feature,,"Colonie, NY",US,100.0,Exit 6: NY-7 W / NY-2 E / Schenectady / Watervliet,156088178.0,5948.0,1.0,"[{'x': -73.834552, 'y': 42.701397}, {'x': -73.833719, 'y': 42.702729}, {'x': -73.833323, 'y': 42.703338}, {'x': -73.832858, 'y': 42.704048}, {'x': -73.832415, 'y': 42.704663}, {'x': -73.831877, 'y': 42.705278}, {'x': -73.831189, 'y': 42.705981}, {'x': -73.830498, 'y': 42.706674}, {'x': -73.829659, 'y': 42.707403}, {'x': -73.829253, 'y': 42.707721}, {'x': -73.828466, 'y': 42.708256}, {'x': -73.826457, 'y': 42.709528}, {'x': -73.824338, 'y': 42.710854}, {'x': -73.823436, 'y': 42.711413}, {'x': -73.820703, 'y': 42.713114}, {'x': -73.819602, 'y': 42.713773}, {'x': -73.818212, 'y': 42.714672}, {'x': -73.817274, 'y': 42.715294}, {'x': -73.816947, 'y': 42.71553}, {'x': -73.815916, 'y': 42.716358}, {'x': -73.815011, 'y': 42.717119}, {'x': -73.814518, 'y': 42.717557}, {'x': -73.81445, 'y': 42.717614}, {'x': -73.8141, 'y': 42.717912}, {'x': -73.812135, 'y': 42.719582}, {'x': -73.811165, 'y': 42.720303}, {'x': -73.808949, 'y': 42.721787}, {'x': -73.808492, 'y': 42.722077}, {'x': -73.807827, 'y': 42.72248}, {'x': -73.807054, 'y': 42.722928}, {'x': -73.805872, 'y': 42.72357}, {'x': -73.805168, 'y': 42.723932}, {'x': -73.804235, 'y': 42.724389}, {'x': -73.803256, 'y': 42.724835}, {'x': -73.801502, 'y': 42.7256}, {'x': -73.799105, 'y': 42.726639}, {'x': -73.796028, 'y': 42.727961}, {'x': -73.795362, 'y': 42.728254}, {'x': -73.794073, 'y': 42.728825}, {'x': -73.793306, 'y': 42.729201}, {'x': -73.792703, 'y': 42.729518}, {'x': -73.791969, 'y': 42.729944}, {'x': -73.7912, 'y': 42.730444}, {'x': -73.790482, 'y': 42.730942}, {'x': -73.789942, 'y': 42.731365}, {'x': -73.789655, 'y': 42.731593}, {'x': -73.789004, 'y': 42.732179}, {'x': -73.788369, 'y': 42.73281}, {'x': -73.787856, 'y': 42.733318}, {'x': -73.783582, 'y': 42.737639}, {'x': -73.783086, 'y': 42.738147}]",1650350556682.0,3.0,"[{}, {}, {}, {}, {}, {}, {}, {}, {}, {}, {}, {}]",19.14444444444445,68.92,I-87 N,NONE,NONE,156088178.0,2022-04-19 06:42:36,1,False,LineString,"[[-73.834552, 42.701397], [-73.833719, 42.702729], [-73.833323, 42.703338], [-73.832858, 42.704048], [-73.832415, 42.704663], [-73.831877, 42.705278], [-73.831189, 42.705981], [-73.830498, 42.706674], [-73.829659, 42.707403], [-73.829253, 42.707721], [-73.828466, 42.708256], [-73.826457, 42.709528], [-73.824338, 42.710854], [-73.823436, 42.711413], [-73.820703, 42.713114], [-73.819602, 42.713773], [-73.818212, 42.714672], [-73.817274, 42.715294], [-73.816947, 42.71553], [-73.815916, 42.716358], [-73.815011, 42.717119], [-73.814518, 42.717557], [-73.81445, 42.717614], [-73.8141, 42.717912], [-73.812135, 42.719582], [-73.811165, 42.720303], [-73.808949, 42.721787], [-73.808492, 42.722077], [-73.807827, 42.72248], [-73.807054, 42.722928], [-73.805872, 42.72357], [-73.805168, 42.723932], [-73.804235, 42.724389], [-73.803256, 42.724835], [-73.801502, 42.7256], [-73.799105, 42.726639], [-73.796028, 42.727961], [-73.795362, 42.728254], [-73.794073, 42.728825], [-73.793306, 42.729201], [-73.792703, 42.729518], [-73.791969, 42.729944], [-73.7912, 42.730444], [-73.790482, 42.730942], [-73.789942, 42.731365], [-73.789655, 42.731593], [-73.789004, 42.732179], [-73.788369, 42.73281], [-73.787856, 42.733318], [-73.783582, 42.737639], [-73.783086, 42.738147]]",2022-04-19,-73.8037355234224,42.6867586663987,18657785,39325595,C - POSSIBLE INJURY,INJURY,999,2022,OTHER,2022/04/19,1900-01-01 06:48:00,OTHER NON-COLLISION,DAYLIGHT,CURVE AND GRADE,SNOW/ICE,NONE,NOT ENTERED,SNOW,0,1970/01/01,0,1,1,0,1,10102.0,0,NYSP LOUDONVILLE,No,597999.97730037,4726724.50545551,Not an intersection crash,Ramp,Albany,7.0,132.0,,Albany,I 90,90I11011022,88.0,T,11-Urban Principal Arterial Interstate,NYSDOT,NYSDOT,,55.0,"V1:(OBSTRUCTION/DEBRIS,NOT APPLICABLE)",2022-04-19,-73.834552,42.701397