,type,properties.blockingAlertUuid,properties.city,properties.country,properties.delay,properties.endNode,properties.id,properties.length,properties.level,properties.line,properties.pubMillis,properties.roadType,properties.segments,properties.speed,properties.speedKMH,properties.street,properties.turnType,properties.type,properties.uuid,properties.utc_timestamp,properties.day_of_week,properties.weekday_weekend,geometry.type,geometry.coordinates,key_date_jams,X,Y,OBJECTID,CaseNumber,MaxInjuryS,CrashSever,RoadwayAcc,CaseYear,CollisionT,CrashDate,CrashTimeF,CrashType,LightCondi,RoadwayCha,RoadSurfac,TrafficCon,TrafficWay,WeatherCon,Commercial,DMVInsertD,NumberOfFa,NumberOfIn,NumberOfOt,NumberOfSe,NumberOfVe,PoliceDept,NonReporta,ReportingA,NonPublicW,UTMEasting,UTMNorthin,Intersecti,ClosestCro,CountyName,DirectionF,DistanceFr,MasterInte,CityTownNa,OnStreet,ReferenceM,ACCESS_CON,DIVIDED,FUNCTIONAL,MAINT_JURI,OWNING_JUR,NAME,POSTED_SPE,ApparentFa,key_date_crashes,jams_x,jams_y
466,Feature,,"Cortlandville, NY",US,88.0,I-81 N,156100720.0,2681.0,2.0,"[{'x': -76.131429, 'y': 42.590893}, {'x': -76.131847, 'y': 42.591252}, {'x': -76.132776, 'y': 42.591926}, {'x': -76.134673, 'y': 42.593174}, {'x': -76.136003, 'y': 42.59396}, {'x': -76.13703, 'y': 42.594519}, {'x': -76.138044, 'y': 42.595024}, {'x': -76.138648, 'y': 42.595305}, {'x': -76.139508, 'y': 42.59568}, {'x': -76.140353, 'y': 42.596016}, {'x': -76.14123, 'y': 42.596315}, {'x': -76.142036, 'y': 42.596569}, {'x': -76.142592, 'y': 42.59673}, {'x': -76.143585, 'y': 42.596984}, {'x': -76.144529, 'y': 42.597192}, {'x': -76.145933, 'y': 42.597448}, {'x': -76.149602, 'y': 42.598065}, {'x': -76.150365, 'y': 42.59821}, {'x': -76.151366, 'y': 42.598471}, {'x': -76.151774, 'y': 42.598613}, {'x': -76.152322, 'y': 42.598833}, {'x': -76.152994, 'y': 42.599163}, {'x': -76.153391, 'y': 42.599392}, {'x': -76.153974, 'y': 42.59979}, {'x': -76.15433, 'y': 42.600073}, {'x': -76.154595, 'y': 42.60031}, {'x': -76.15494, 'y': 42.600657}, {'x': -76.155398, 'y': 42.601225}, {'x': -76.155591, 'y': 42.60152}, {'x': -76.155856, 'y': 42.601999}, {'x': -76.156064, 'y': 42.602485}, {'x': -76.156217, 'y': 42.60296}, {'x': -76.156534, 'y': 42.604183}]",1650351441757.0,3.0,[{}],15.033333333333331,54.12,I-81 N,NONE,NONE,156100720.0,2022-04-19 06:57:21,1,False,LineString,"[[-76.131429, 42.590893], [-76.131847, 42.591252], [-76.132776, 42.591926], [-76.134673, 42.593174], [-76.136003, 42.59396], [-76.13703, 42.594519], [-76.138044, 42.595024], [-76.138648, 42.595305], [-76.139508, 42.59568], [-76.140353, 42.596016], [-76.14123, 42.596315], [-76.142036, 42.596569], [-76.142592, 42.59673], [-76.143585, 42.596984], [-76.144529, 42.597192], [-76.145933, 42.597448], [-76.149602, 42.598065], [-76.150365, 42.59821], [-76.151366, 42.598471], [-76.151774, 42.598613], [-76.152322, 42.598833], [-76.152994, 42.599163], [-76.153391, 42.599392], [-76.153974, 42.59979], [-76.15433, 42.600073], [-76.154595, 42.60031], [-76.15494, 42.600657], [-76.155398, 42.601225], [-76.155591, 42.60152], [-76.155856, 42.601999], [-76.156064, 42.602485], [-76.156217, 42.60296], [-76.156534, 42.604183]]",2022-04-19,-76.1370382241886,42.5945226362364,18650583,39317571,,PROPERTY DAMAGE,2,2022,OTHER,2022/04/19,1900-01-01 07:16:00,COLLISION WITH MOTOR VEHICLE,DAYLIGHT,STRAIGHT/ GRADE,SNOW/ICE,POLICE/FIRE EMERGENCY,"ONE-WAY,NOT DIVIDED",SNOW,1,1970/01/01,0,0,0,0,3,1100.0,0,CORTLAND CO SHERIFF DEPT,No,406714.28597534,4716415.33519678,Not an intersection crash,Connecting Road,Cortland,8.0,245.0,,Cortlandville,I 81,81I32021146,88.0,T,11-Urban Principal Arterial Interstate,NYSDOT,NYSDOT,Interstate 81,65.0,"V1:(UNSAFE LANE CHANGE,FAILURE TO YIELD RIGHT OF WAY) / V2:(PAVEMENT SLIPPERY,NOT APPLICABLE) / V3:(PAVEMENT SLIPPERY,NOT APPLICABLE)",2022-04-19,-76.131429,42.590893
467,Feature,,"Albany, NY",US,62.0,Exit 6: US-9 Â» Loudonville / Arbor Hill,156101998.0,2353.0,1.0,"[{'x': -73.779461, 'y': 42.681672}, {'x': -73.779227, 'y': 42.68165}, {'x': -73.778249, 'y': 42.68155}, {'x': -73.77738, 'y': 42.68146}, {'x': -73.776246, 'y': 42.68133}, {'x': -73.775445, 'y': 42.681234}, {'x': -73.774866, 'y': 42.681154}, {'x': -73.774205, 'y': 42.681068}, {'x': -73.773452, 'y': 42.680955}, {'x': -73.772729, 'y': 42.680824}, {'x': -73.771749, 'y': 42.680613}, {'x': -73.771413, 'y': 42.68053}, {'x': -73.770817, 'y': 42.680372}, {'x': -73.770363, 'y': 42.680245}, {'x': -73.769903, 'y': 42.680106}, {'x': -73.769332, 'y': 42.679918}, {'x': -73.768687, 'y': 42.679687}, {'x': -73.76808, 'y': 42.67945}, {'x': -73.767454, 'y': 42.679184}, {'x': -73.766768, 'y': 42.678869}, {'x': -73.766241, 'y': 42.67861}, {'x': -73.765726, 'y': 42.678346}, {'x': -73.765144, 'y': 42.678013}, {'x': -73.76314, 'y': 42.676674}, {'x': -73.761844, 'y': 42.675796}, {'x': -73.758169, 'y': 42.673335}, {'x': -73.755306, 'y': 42.671384}]",1650351567677.0,3.0,"[{}, {}, {}, {}]",15.927777777777775,57.34,I-90 E,NONE,NONE,156101998.0,2022-04-19 06:59:27,1,False,LineString,"[[-73.779461, 42.681672], [-73.779227, 42.68165], [-73.778249, 42.68155], [-73.77738, 42.68146], [-73.776246, 42.68133], [-73.775445, 42.681234], [-73.774866, 42.681154], [-73.774205, 42.681068], [-73.773452, 42.680955], [-73.772729, 42.680824], [-73.771749, 42.680613], [-73.771413, 42.68053], [-73.770817, 42.680372], [-73.770363, 42.680245], [-73.769903, 42.680106], [-73.769332, 42.679918], [-73.768687, 42.679687], [-73.76808, 42.67945], [-73.767454, 42.679184], [-73.766768, 42.678869], [-73.766241, 42.67861], [-73.765726, 42.678346], [-73.765144, 42.678013], [-73.76314, 42.676674], [-73.761844, 42.675796], [-73.758169, 42.673335], [-73.755306, 42.671384]]",2022-04-19,-73.8037355234224,42.6867586663987,18657785,39325595,C - POSSIBLE INJURY,INJURY,999,2022,OTHER,2022/04/19,1900-01-01 06:48:00,OTHER NON-COLLISION,DAYLIGHT,CURVE AND GRADE,SNOW/ICE,NONE,NOT ENTERED,SNOW,0,1970/01/01,0,1,1,0,1,10102.0,0,NYSP LOUDONVILLE,No,597999.97730037,4726724.50545551,Not an intersection crash,Ramp,Albany,7.0,132.0,,Albany,I 90,90I11011022,88.0,T,11-Urban Principal Arterial Interstate,NYSDOT,NYSDOT,,55.0,"V1:(OBSTRUCTION/DEBRIS,NOT APPLICABLE)",2022-04-19,-73.779461,42.681672
468,Feature,,"Colonie, NY",US,63.0,Exit 4: Wolf Rd,156108676.0,4088.0,1.0,"[{'x': -73.834552, 'y': 42.701397}, {'x': -73.833719, 'y': 42.702729}, {'x': -73.833323, 'y': 42.703338}, {'x': -73.832858, 'y': 42.704048}, {'x': -73.832415, 'y': 42.704663}, {'x': -73.831877, 'y': 42.705278}, {'x': -73.831189, 'y': 42.705981}, {'x': -73.830498, 'y': 42.706674}, {'x': -73.829659, 'y': 42.707403}, {'x': -73.829253, 'y': 42.707721}, {'x': -73.828466, 'y': 42.708256}, {'x': -73.826457, 'y': 42.709528}, {'x': -73.824338, 'y': 42.710854}, {'x': -73.823436, 'y': 42.711413}, {'x': -73.820703, 'y': 42.713114}, {'x': -73.819602, 'y': 42.713773}, {'x': -73.818212, 'y': 42.714672}, {'x': -73.817274, 'y': 42.715294}, {'x': -73.816947, 'y': 42.71553}, {'x': -73.815916, 'y': 42.716358}, {'x': -73.815011, 'y': 42.717119}, {'x': -73.814518, 'y': 42.717557}, {'x': -73.81445, 'y': 42.717614}, {'x': -73.8141, 'y': 42.717912}, {'x': -73.812135, 'y': 42.719582}, {'x': -73.811165, 'y': 42.720303}, {'x': -73.808949, 'y': 42.721787}, {'x': -73.808492, 'y': 42.722077}, {'x': -73.807827, 'y': 42.72248}, {'x': -73.807054, 'y': 42.722928}, {'x': -73.805872, 'y': 42.72357}, {'x': -73.805168, 'y': 42.723932}, {'x': -73.804235, 'y': 42.724389}, {'x': -73.803256, 'y': 42.724835}, {'x': -73.801502, 'y': 42.7256}, {'x': -73.799105, 'y': 42.726639}]",1650352135003.0,3.0,"[{}, {}, {}, {}, {}, {}, {}, {}]",19.502777777777776,70.21,I-87 N,NONE,NONE,156108676.0,2022-04-19 07:08:55,1,False,LineString,"[[-73.834552, 42.701397], [-73.833719, 42.702729], [-73.833323, 42.703338], [-73.832858, 42.704048], [-73.832415, 42.704663], [-73.831877, 42.705278], [-73.831189, 42.705981], [-73.830498, 42.706674], [-73.829659, 42.707403], [-73.829253, 42.707721], [-73.828466, 42.708256], [-73.826457, 42.709528], [-73.824338, 42.710854], [-73.823436, 42.711413], [-73.820703, 42.713114], [-73.819602, 42.713773], [-73.818212, 42.714672], [-73.817274, 42.715294], [-73.816947, 42.71553], [-73.815916, 42.716358], [-73.815011, 42.717119], [-73.814518, 42.717557], [-73.81445, 42.717614], [-73.8141, 42.717912], [-73.812135, 42.719582], [-73.811165, 42.720303], [-73.808949, 42.721787], [-73.808492, 42.722077], [-73.807827, 42.72248], [-73.807054, 42.722928], [-73.805872, 42.72357], [-73.805168, 42.723932], [-73.804235, 42.724389], [-73.803256, 42.724835], [-73.801502, 42.7256], [-73.799105, 42.726639]]",2022-04-19,-73.8037355234224,42.6867586663987,18657785,39325595,C - POSSIBLE INJURY,INJURY,999,2022,OTHER,2022/04/19,1900-01-01 06:48:00,OTHER NON-COLLISION,DAYLIGHT,CURVE AND GRADE,SNOW/ICE,NONE,NOT ENTERED,SNOW,0,1970/01/01,0,1,1,0,1,10102.0,0,NYSP LOUDONVILLE,No,597999.97730037,4726724.50545551,Not an intersection crash,Ramp,Albany,7.0,132.0,,Albany,I 90,90I11011022,88.0,T,11-Urban Principal Arterial Interstate,NYSDOT,NYSDOT,,55.0,"V1:(OBSTRUCTION/DEBRIS,NOT APPLICABLE)",2022-04-19,-73.834552,42.701397
469,Feature,,"Albany, NY",US,72.0,I-90 E,156111648.0,4027.0,1.0,"[{'x': -73.771749, 'y': 42.680613}, {'x': -73.771413, 'y': 42.68053}, {'x': -73.770817, 'y': 42.680372}, {'x': -73.770363, 'y': 42.680245}, {'x': -73.769903, 'y': 42.680106}, {'x': -73.769332, 'y': 42.679918}, {'x': -73.768687, 'y': 42.679687}, {'x': -73.76808, 'y': 42.67945}, {'x': -73.767454, 'y': 42.679184}, {'x': -73.766768, 'y': 42.678869}, {'x': -73.766241, 'y': 42.67861}, {'x': -73.765726, 'y': 42.678346}, {'x': -73.765144, 'y': 42.678013}, {'x': -73.76314, 'y': 42.676674}, {'x': -73.761844, 'y': 42.675796}, {'x': -73.758169, 'y': 42.673335}, {'x': -73.755306, 'y': 42.671384}, {'x': -73.753455, 'y': 42.670347}, {'x': -73.752607, 'y': 42.670065}, {'x': -73.751343, 'y': 42.669749}, {'x': -73.750936, 'y': 42.669678}, {'x': -73.75045, 'y': 42.669614}, {'x': -73.750067, 'y': 42.669577}, {'x': -73.749641, 'y': 42.669545}, {'x': -73.749339, 'y': 42.669532}, {'x': -73.748953, 'y': 42.669523}, {'x': -73.748452, 'y': 42.669526}, {'x': -73.747982, 'y': 42.669541}, {'x': -73.747452, 'y': 42.669586}, {'x': -73.741713, 'y': 42.669985}, {'x': -73.741419, 'y': 42.670002}, {'x': -73.740491, 'y': 42.670043}, {'x': -73.740206, 'y': 42.670044}, {'x': -73.739903, 'y': 42.670035}, {'x': -73.739652, 'y': 42.670021}, {'x': -73.73923, 'y': 42.669989}, {'x': -73.738545, 'y': 42.669901}, {'x': -73.738285, 'y': 42.669867}, {'x': -73.737775, 'y': 42.669737}, {'x': -73.737369, 'y': 42.669607}, {'x': -73.737032, 'y': 42.669479}, {'x': -73.736766, 'y': 42.669365}, {'x': -73.736022, 'y': 42.669009}, {'x': -73.731579, 'y': 42.666324}, {'x': -73.730793, 'y': 42.66588}, {'x': -73.729773, 'y': 42.665323}]",1650352387112.0,3.0,"[{}, {}, {}, {}, {}, {}]",18.355555555555554,66.08,I-90 E,NONE,NONE,156111648.0,2022-04-19 07:13:07,1,False,LineString,"[[-73.771749, 42.680613], [-73.771413, 42.68053], [-73.770817, 42.680372], [-73.770363, 42.680245], [-73.769903, 42.680106], [-73.769332, 42.679918], [-73.768687, 42.679687], [-73.76808, 42.67945], [-73.767454, 42.679184], [-73.766768, 42.678869], [-73.766241, 42.67861], [-73.765726, 42.678346], [-73.765144, 42.678013], [-73.76314, 42.676674], [-73.761844, 42.675796], [-73.758169, 42.673335], [-73.755306, 42.671384], [-73.753455, 42.670347], [-73.752607, 42.670065], [-73.751343, 42.669749], [-73.750936, 42.669678], [-73.75045, 42.669614], [-73.750067, 42.669577], [-73.749641, 42.669545], [-73.749339, 42.669532], [-73.748953, 42.669523], [-73.748452, 42.669526], [-73.747982, 42.669541], [-73.747452, 42.669586], [-73.741713, 42.669985], [-73.741419, 42.670002], [-73.740491, 42.670043], [-73.740206, 42.670044], [-73.739903, 42.670035], [-73.739652, 42.670021], [-73.73923, 42.669989], [-73.738545, 42.669901], [-73.738285, 42.669867], [-73.737775, 42.669737], [-73.737369, 42.669607], [-73.737032, 42.669479], [-73.736766, 42.669365], [-73.736022, 42.669009], [-73.731579, 42.666324], [-73.730793, 42.66588], [-73.729773, 42.665323]]",2022-04-19,-73.8037355234224,42.6867586663987,18657785,39325595,C - POSSIBLE INJURY,INJURY,999,2022,OTHER,2022/04/19,1900-01-01 06:48:00,OTHER NON-COLLISION,DAYLIGHT,CURVE AND GRADE,SNOW/ICE,NONE,NOT ENTERED,SNOW,0,1970/01/01,0,1,1,0,1,10102.0,0,NYSP LOUDONVILLE,No,597999.97730037,4726724.50545551,Not an intersection crash,Ramp,Albany,7.0,132.0,,Albany,I 90,90I11011022,88.0,T,11-Urban Principal Arterial Interstate,NYSDOT,NYSDOT,,55.0,"V1:(OBSTRUCTION/DEBRIS,NOT APPLICABLE)",2022-04-19,-73.771749,42.680613
470,Feature,,"Colonie, NY",US,88.0,I-87 N,156112794.0,4980.0,1.0,"[{'x': -73.772658, 'y': 42.74864}, {'x': -73.770009, 'y': 42.751834}, {'x': -73.768973, 'y': 42.75309}, {'x': -73.766003, 'y': 42.756671}, {'x': -73.764876, 'y': 42.758023}, {'x': -73.764531, 'y': 42.758543}, {'x': -73.764217, 'y': 42.759048}, {'x': -73.764095, 'y': 42.759277}, {'x': -73.763561, 'y': 42.760245}, {'x': -73.763106, 'y': 42.761192}, {'x': -73.762685, 'y': 42.762264}, {'x': -73.762476, 'y': 42.762938}, {'x': -73.762343, 'y': 42.763356}, {'x': -73.762219, 'y': 42.763799}, {'x': -73.762027, 'y': 42.764813}, {'x': -73.761724, 'y': 42.766827}, {'x': -73.761551, 'y': 42.7678}, {'x': -73.761551, 'y': 42.767801}, {'x': -73.761309, 'y': 42.769458}, {'x': -73.760972, 'y': 42.771503}, {'x': -73.760797, 'y': 42.772736}, {'x': -73.76063, 'y': 42.773914}, {'x': -73.760428, 'y': 42.775075}, {'x': -73.760213, 'y': 42.776158}, {'x': -73.760126, 'y': 42.776594}, {'x': -73.759927, 'y': 42.777545}, {'x': -73.759618, 'y': 42.778818}, {'x': -73.75932, 'y': 42.779975}, {'x': -73.759033, 'y': 42.780944}, {'x': -73.758871, 'y': 42.781588}, {'x': -73.75806, 'y': 42.784406}, {'x': -73.757897, 'y': 42.78507}, {'x': -73.757821, 'y': 42.785425}, {'x': -73.757792, 'y': 42.785628}, {'x': -73.757777, 'y': 42.785832}, {'x': -73.757769, 'y': 42.786019}, {'x': -73.757773, 'y': 42.786314}, {'x': -73.757793, 'y': 42.786682}, {'x': -73.757903, 'y': 42.787273}, {'x': -73.758044, 'y': 42.787728}, {'x': -73.75819, 'y': 42.788089}, {'x': -73.758333, 'y': 42.788383}, {'x': -73.758482, 'y': 42.788656}, {'x': -73.758699, 'y': 42.788998}, {'x': -73.75886, 'y': 42.789218}, {'x': -73.759028, 'y': 42.789439}, {'x': -73.759211, 'y': 42.789652}, {'x': -73.759365, 'y': 42.789816}, {'x': -73.759612, 'y': 42.790067}, {'x': -73.75985, 'y': 42.790306}, {'x': -73.760339, 'y': 42.79077}]",1650352450222.0,3.0,"[{}, {}, {}, {}, {}, {}]",19.16111111111111,68.98,I-87 N,NONE,NONE,156112794.0,2022-04-19 07:14:10,1,False,LineString,"[[-73.772658, 42.74864], [-73.770009, 42.751834], [-73.768973, 42.75309], [-73.766003, 42.756671], [-73.764876, 42.758023], [-73.764531, 42.758543], [-73.764217, 42.759048], [-73.764095, 42.759277], [-73.763561, 42.760245], [-73.763106, 42.761192], [-73.762685, 42.762264], [-73.762476, 42.762938], [-73.762343, 42.763356], [-73.762219, 42.763799], [-73.762027, 42.764813], [-73.761724, 42.766827], [-73.761551, 42.7678], [-73.761551, 42.767801], [-73.761309, 42.769458], [-73.760972, 42.771503], [-73.760797, 42.772736], [-73.76063, 42.773914], [-73.760428, 42.775075], [-73.760213, 42.776158], [-73.760126, 42.776594], [-73.759927, 42.777545], [-73.759618, 42.778818], [-73.75932, 42.779975], [-73.759033, 42.780944], [-73.758871, 42.781588], [-73.75806, 42.784406], [-73.757897, 42.78507], [-73.757821, 42.785425], [-73.757792, 42.785628], [-73.757777, 42.785832], [-73.757769, 42.786019], [-73.757773, 42.786314], [-73.757793, 42.786682], [-73.757903, 42.787273], [-73.758044, 42.787728], [-73.75819, 42.788089], [-73.758333, 42.788383], [-73.758482, 42.788656], [-73.758699, 42.788998], [-73.75886, 42.789218], [-73.759028, 42.789439], [-73.759211, 42.789652], [-73.759365, 42.789816], [-73.759612, 42.790067], [-73.75985, 42.790306], [-73.760339, 42.79077]]",2022-04-19,-73.7744994755473,42.7467605613153,18649144,39316046,,PROPERTY DAMAGE,999,2022,OTHER,2022/04/19,1900-01-01 07:44:00,COLLISION WITH GUIDE RAIL,DAYLIGHT,STRAIGHT AND LEVEL,WET,NONE,NOT ENTERED,RAIN,0,1970/01/01,0,0,0,0,1,10102.0,0,NYSP LOUDONVILLE,No,600298.38081884,4733421.73059309,Not an intersection crash,Ramp,Albany,4.0,388.0,,Colonie,I 87,87I11082044,88.0,T,11-Urban Principal Arterial Interstate,NYSDOT,NYSDOT,Adirondack Northway,55.0,"V1:(UNSAFE SPEED,PAVEMENT SLIPPERY)",2022-04-19,-73.772658,42.74864
471,Feature,,"Triangle, NY",US,67.0,I-81 N,156114206.0,2524.0,1.0,"[{'x': -75.973715, 'y': 42.322156}, {'x': -75.974468, 'y': 42.32246}, {'x': -75.97534, 'y': 42.322812}, {'x': -75.97601, 'y': 42.323105}, {'x': -75.976612, 'y': 42.323428}, {'x': -75.977011, 'y': 42.323678}, {'x': -75.977434, 'y': 42.323999}, {'x': -75.977853, 'y': 42.324367}, {'x': -75.97798, 'y': 42.324498}, {'x': -75.978228, 'y': 42.324767}, {'x': -75.978463, 'y': 42.325077}, {'x': -75.978699, 'y': 42.325434}, {'x': -75.978859, 'y': 42.325733}, {'x': -75.978954, 'y': 42.325944}, {'x': -75.979158, 'y': 42.326527}, {'x': -75.979249, 'y': 42.327001}, {'x': -75.979286, 'y': 42.327496}, {'x': -75.979278, 'y': 42.327821}, {'x': -75.979202, 'y': 42.328764}, {'x': -75.979083, 'y': 42.33009}, {'x': -75.979062, 'y': 42.330327}, {'x': -75.979036, 'y': 42.330614}, {'x': -75.979029, 'y': 42.330694}, {'x': -75.978869, 'y': 42.332435}, {'x': -75.978818, 'y': 42.333026}, {'x': -75.978806, 'y': 42.333169}, {'x': -75.978772, 'y': 42.333574}, {'x': -75.978574, 'y': 42.335773}, {'x': -75.97854, 'y': 42.336147}, {'x': -75.978517, 'y': 42.336404}, {'x': -75.978339, 'y': 42.338336}, {'x': -75.978313, 'y': 42.338609}, {'x': -75.978212, 'y': 42.339714}, {'x': -75.978176, 'y': 42.340321}, {'x': -75.978189, 'y': 42.340789}, {'x': -75.978232, 'y': 42.341176}, {'x': -75.978369, 'y': 42.34171}, {'x': -75.978505, 'y': 42.342067}, {'x': -75.978765, 'y': 42.342571}, {'x': -75.97898, 'y': 42.342915}]",1650352577078.0,3.0,[{}],16.95,61.02,I-81 N,NONE,NONE,156114206.0,2022-04-19 07:16:17,1,False,LineString,"[[-75.973715, 42.322156], [-75.974468, 42.32246], [-75.97534, 42.322812], [-75.97601, 42.323105], [-75.976612, 42.323428], [-75.977011, 42.323678], [-75.977434, 42.323999], [-75.977853, 42.324367], [-75.97798, 42.324498], [-75.978228, 42.324767], [-75.978463, 42.325077], [-75.978699, 42.325434], [-75.978859, 42.325733], [-75.978954, 42.325944], [-75.979158, 42.326527], [-75.979249, 42.327001], [-75.979286, 42.327496], [-75.979278, 42.327821], [-75.979202, 42.328764], [-75.979083, 42.33009], [-75.979062, 42.330327], [-75.979036, 42.330614], [-75.979029, 42.330694], [-75.978869, 42.332435], [-75.978818, 42.333026], [-75.978806, 42.333169], [-75.978772, 42.333574], [-75.978574, 42.335773], [-75.97854, 42.336147], [-75.978517, 42.336404], [-75.978339, 42.338336], [-75.978313, 42.338609], [-75.978212, 42.339714], [-75.978176, 42.340321], [-75.978189, 42.340789], [-75.978232, 42.341176], [-75.978369, 42.34171], [-75.978505, 42.342067], [-75.978765, 42.342571], [-75.97898, 42.342915]]",2022-04-19,-75.9525417571703,42.3130423679543,18649419,39316321,,PROPERTY DAMAGE,999,2022,OTHER,2022/04/19,1900-01-01 06:54:00,COLL. W/EARTH ELE./ROCK CUT/DITCH,DAWN,STRAIGHT AND LEVEL,SNOW/ICE,NONE,NOT ENTERED,SNOW,0,1970/01/01,0,0,0,0,1,300.0,0,BROOME CO SO,No,421500.23735551,4684973.19836702,Not an intersection crash,,Broome,,0.0,,Barker,I 81,81I91013146,88.0,T,1-Rural Principal Arterial Interstate,NYSDOT,NYSDOT,Interstate 81,65.0,"V1:(UNSAFE SPEED,NOT APPLICABLE)",2022-04-19,-75.973715,42.322156
472,Feature,,"Halfmoon, NY",US,65.0,I-87 N,156117790.0,2437.0,1.0,"[{'x': -73.762206, 'y': 42.792526}, {'x': -73.762522, 'y': 42.792826}, {'x': -73.762735, 'y': 42.793035}, {'x': -73.763032, 'y': 42.793317}, {'x': -73.763181, 'y': 42.793479}, {'x': -73.763328, 'y': 42.793649}, {'x': -73.763589, 'y': 42.793955}, {'x': -73.763716, 'y': 42.794134}, {'x': -73.763844, 'y': 42.794324}, {'x': -73.764017, 'y': 42.79463}, {'x': -73.764109, 'y': 42.794829}, {'x': -73.764312, 'y': 42.79534}, {'x': -73.764382, 'y': 42.795596}, {'x': -73.764435, 'y': 42.795947}, {'x': -73.765022, 'y': 42.80594}, {'x': -73.765099, 'y': 42.806713}, {'x': -73.765301, 'y': 42.807732}, {'x': -73.765724, 'y': 42.80924}, {'x': -73.766285, 'y': 42.811435}, {'x': -73.766433, 'y': 42.812174}, {'x': -73.766622, 'y': 42.813258}, {'x': -73.766708, 'y': 42.813917}]",1650352829048.0,3.0,[{}],16.27777777777778,58.6,I-87 N,NONE,NONE,156117790.0,2022-04-19 07:20:29,1,False,LineString,"[[-73.762206, 42.792526], [-73.762522, 42.792826], [-73.762735, 42.793035], [-73.763032, 42.793317], [-73.763181, 42.793479], [-73.763328, 42.793649], [-73.763589, 42.793955], [-73.763716, 42.794134], [-73.763844, 42.794324], [-73.764017, 42.79463], [-73.764109, 42.794829], [-73.764312, 42.79534], [-73.764382, 42.795596], [-73.764435, 42.795947], [-73.765022, 42.80594], [-73.765099, 42.806713], [-73.765301, 42.807732], [-73.765724, 42.80924], [-73.766285, 42.811435], [-73.766433, 42.812174], [-73.766622, 42.813258], [-73.766708, 42.813917]]",2022-04-19,-73.7669214226981,42.8163011708521,18652419,39319569,,PROPERTY DAMAGE,999,2022,OVERTAKING,2022/04/19,1900-01-01 07:23:00,COLLISION WITH MOTOR VEHICLE,DAYLIGHT,STRAIGHT AND LEVEL,SLUSH,NONE,NOT ENTERED,SNOW,0,1970/01/01,0,0,0,0,2,14503.0,0,CLIFTON PARK SP,No,600805.70164966,4741152.97644259,INTERSECTION-RELATED,Ramp,Saratoga,SOUTH-EAST,28.0,6005422.0,Halfmoon,I 87,87I15091017,88.0,T,11-Urban Principal Arterial Interstate,NYSDOT,NYSDOT,Adirondack Northway,65.0,"V1:(UNSAFE LANE CHANGE,PAVEMENT SLIPPERY) / V2:(NOT APPLICABLE,NOT APPLICABLE)",2022-04-19,-73.762206,42.792526