,type,properties.blockingAlertUuid,properties.city,properties.country,properties.delay,properties.endNode,properties.id,properties.length,properties.level,properties.line,properties.pubMillis,properties.roadType,properties.segments,properties.speed,properties.speedKMH,properties.street,properties.turnType,properties.type,properties.uuid,properties.utc_timestamp,properties.day_of_week,properties.weekday_weekend,geometry.type,geometry.coordinates,key_date_jams,X,Y,OBJECTID,CaseNumber,MaxInjuryS,CrashSever,RoadwayAcc,CaseYear,CollisionT,CrashDate,CrashTimeF,CrashType,LightCondi,RoadwayCha,RoadSurfac,TrafficCon,TrafficWay,WeatherCon,Commercial,DMVInsertD,NumberOfFa,NumberOfIn,NumberOfOt,NumberOfSe,NumberOfVe,PoliceDept,NonReporta,ReportingA,NonPublicW,UTMEasting,UTMNorthin,Intersecti,ClosestCro,CountyName,DirectionF,DistanceFr,MasterInte,CityTownNa,OnStreet,ReferenceM,ACCESS_CON,DIVIDED,FUNCTIONAL,MAINT_JURI,OWNING_JUR,NAME,POSTED_SPE,ApparentFa,key_date_crashes,jams_x,jams_y
480,Feature,,"Albany, NY",US,71.0,to I-90 E Â» Boston,156136072.0,3844.0,1.0,"[{'x': -73.842848, 'y': 42.697091}, {'x': -73.842422, 'y': 42.69655}, {'x': -73.84207, 'y': 42.696233}, {'x': -73.841697, 'y': 42.695956}, {'x': -73.841506, 'y': 42.69584}, {'x': -73.841251, 'y': 42.69569}, {'x': -73.840884, 'y': 42.695505}, {'x': -73.84049, 'y': 42.695353}, {'x': -73.840186, 'y': 42.695251}, {'x': -73.839848, 'y': 42.695164}, {'x': -73.839419, 'y': 42.695077}, {'x': -73.839068, 'y': 42.69503}, {'x': -73.838228, 'y': 42.694977}, {'x': -73.83497, 'y': 42.694816}, {'x': -73.833966, 'y': 42.694767}, {'x': -73.833418, 'y': 42.694719}, {'x': -73.833017, 'y': 42.694661}, {'x': -73.832514, 'y': 42.694541}, {'x': -73.830621, 'y': 42.694095}, {'x': -73.826474, 'y': 42.692982}, {'x': -73.825437, 'y': 42.692688}, {'x': -73.824624, 'y': 42.692442}, {'x': -73.823836, 'y': 42.692189}, {'x': -73.823393, 'y': 42.692039}, {'x': -73.821017, 'y': 42.691194}, {'x': -73.819357, 'y': 42.69057}, {'x': -73.81654, 'y': 42.689515}, {'x': -73.813212, 'y': 42.688347}, {'x': -73.812928, 'y': 42.688255}, {'x': -73.812333, 'y': 42.688063}, {'x': -73.811672, 'y': 42.687897}, {'x': -73.809165, 'y': 42.68738}, {'x': -73.808298, 'y': 42.687201}, {'x': -73.805655, 'y': 42.686739}, {'x': -73.805161, 'y': 42.686673}, {'x': -73.804722, 'y': 42.686633}, {'x': -73.804228, 'y': 42.686613}, {'x': -73.80383, 'y': 42.686605}, {'x': -73.803279, 'y': 42.686622}, {'x': -73.802709, 'y': 42.686667}, {'x': -73.802244, 'y': 42.686718}, {'x': -73.802013, 'y': 42.686752}, {'x': -73.800194, 'y': 42.687027}, {'x': -73.799607, 'y': 42.687097}, {'x': -73.799265, 'y': 42.687129}]",1650354342270.0,3.0,"[{}, {}, {}, {}, {}, {}, {}]",18.23611111111111,65.65,I-90 E,NONE,NONE,156136072.0,2022-04-19 07:45:42,1,False,LineString,"[[-73.842848, 42.697091], [-73.842422, 42.69655], [-73.84207, 42.696233], [-73.841697, 42.695956], [-73.841506, 42.69584], [-73.841251, 42.69569], [-73.840884, 42.695505], [-73.84049, 42.695353], [-73.840186, 42.695251], [-73.839848, 42.695164], [-73.839419, 42.695077], [-73.839068, 42.69503], [-73.838228, 42.694977], [-73.83497, 42.694816], [-73.833966, 42.694767], [-73.833418, 42.694719], [-73.833017, 42.694661], [-73.832514, 42.694541], [-73.830621, 42.694095], [-73.826474, 42.692982], [-73.825437, 42.692688], [-73.824624, 42.692442], [-73.823836, 42.692189], [-73.823393, 42.692039], [-73.821017, 42.691194], [-73.819357, 42.69057], [-73.81654, 42.689515], [-73.813212, 42.688347], [-73.812928, 42.688255], [-73.812333, 42.688063], [-73.811672, 42.687897], [-73.809165, 42.68738], [-73.808298, 42.687201], [-73.805655, 42.686739], [-73.805161, 42.686673], [-73.804722, 42.686633], [-73.804228, 42.686613], [-73.80383, 42.686605], [-73.803279, 42.686622], [-73.802709, 42.686667], [-73.802244, 42.686718], [-73.802013, 42.686752], [-73.800194, 42.687027], [-73.799607, 42.687097], [-73.799265, 42.687129]]",2022-04-19,-73.8646366205992,42.7114184886693,18650215,39317201,,PROPERTY DAMAGE,999,2022,OVERTAKING,2022/04/19,1900-01-01 07:51:00,COLLISION WITH MOTOR VEHICLE,DAYLIGHT,STRAIGHT AND LEVEL,WET,NONE,NOT ENTERED,RAIN,0,1970/01/01,0,0,0,0,2,10105.0,0,NYSP THRUWAY ALBANY ZONE HEADQUARTERS,No,592974.0,4729394.0,Not an intersection crash,,Albany,,0.0,,Albany,,,,,Unknown,Unknown,Unknown,,,"V1:(PASSING OR LANE USAGE IMPROPERLY,NOT APPLICABLE) / V2:(NOT APPLICABLE,NOT APPLICABLE)",2022-04-19,-73.842848,42.697091
481,Feature,,"Halfmoon, NY",US,101.0,I-87 S,156138252.0,2873.0,2.0,"[{'x': -73.76753, 'y': 42.816622}, {'x': -73.767363, 'y': 42.813878}, {'x': -73.767166, 'y': 42.811765}, {'x': -73.767128, 'y': 42.811444}, {'x': -73.766865, 'y': 42.809257}, {'x': -73.766227, 'y': 42.806488}, {'x': -73.765501, 'y': 42.803379}, {'x': -73.765331, 'y': 42.802404}, {'x': -73.765103, 'y': 42.800383}, {'x': -73.764717, 'y': 42.79603}, {'x': -73.764684, 'y': 42.795811}, {'x': -73.764637, 'y': 42.795586}, {'x': -73.764578, 'y': 42.795344}, {'x': -73.76448, 'y': 42.795042}, {'x': -73.764358, 'y': 42.79474}, {'x': -73.76425, 'y': 42.794536}, {'x': -73.764088, 'y': 42.794249}, {'x': -73.763943, 'y': 42.794027}, {'x': -73.763796, 'y': 42.793835}, {'x': -73.763575, 'y': 42.793557}, {'x': -73.763304, 'y': 42.793255}, {'x': -73.762876, 'y': 42.792847}, {'x': -73.762421, 'y': 42.792408}, {'x': -73.761507, 'y': 42.79156}]",1650354531998.0,3.0,"[{}, {}, {}]",14.580555555555556,52.49,I-87 S,NONE,NONE,156138252.0,2022-04-19 07:48:51,1,False,LineString,"[[-73.76753, 42.816622], [-73.767363, 42.813878], [-73.767166, 42.811765], [-73.767128, 42.811444], [-73.766865, 42.809257], [-73.766227, 42.806488], [-73.765501, 42.803379], [-73.765331, 42.802404], [-73.765103, 42.800383], [-73.764717, 42.79603], [-73.764684, 42.795811], [-73.764637, 42.795586], [-73.764578, 42.795344], [-73.76448, 42.795042], [-73.764358, 42.79474], [-73.76425, 42.794536], [-73.764088, 42.794249], [-73.763943, 42.794027], [-73.763796, 42.793835], [-73.763575, 42.793557], [-73.763304, 42.793255], [-73.762876, 42.792847], [-73.762421, 42.792408], [-73.761507, 42.79156]]",2022-04-19,-73.7669214226981,42.8163011708521,18652419,39319569,,PROPERTY DAMAGE,999,2022,OVERTAKING,2022/04/19,1900-01-01 07:23:00,COLLISION WITH MOTOR VEHICLE,DAYLIGHT,STRAIGHT AND LEVEL,SLUSH,NONE,NOT ENTERED,SNOW,0,1970/01/01,0,0,0,0,2,14503.0,0,CLIFTON PARK SP,No,600805.70164966,4741152.97644259,INTERSECTION-RELATED,Ramp,Saratoga,SOUTH-EAST,28.0,6005422.0,Halfmoon,I 87,87I15091017,88.0,T,11-Urban Principal Arterial Interstate,NYSDOT,NYSDOT,Adirondack Northway,65.0,"V1:(UNSAFE LANE CHANGE,PAVEMENT SLIPPERY) / V2:(NOT APPLICABLE,NOT APPLICABLE)",2022-04-19,-73.76753,42.816622
482,Feature,,"Halfmoon, NY",US,70.0,I-87 S,156138252.0,2873.0,1.0,"[{'x': -73.76753, 'y': 42.816622}, {'x': -73.767363, 'y': 42.813878}, {'x': -73.767166, 'y': 42.811765}, {'x': -73.767128, 'y': 42.811444}, {'x': -73.766865, 'y': 42.809257}, {'x': -73.766227, 'y': 42.806488}, {'x': -73.765501, 'y': 42.803379}, {'x': -73.765331, 'y': 42.802404}, {'x': -73.765103, 'y': 42.800383}, {'x': -73.764717, 'y': 42.79603}, {'x': -73.764684, 'y': 42.795811}, {'x': -73.764637, 'y': 42.795586}, {'x': -73.764578, 'y': 42.795344}, {'x': -73.76448, 'y': 42.795042}, {'x': -73.764358, 'y': 42.79474}, {'x': -73.76425, 'y': 42.794536}, {'x': -73.764088, 'y': 42.794249}, {'x': -73.763943, 'y': 42.794027}, {'x': -73.763796, 'y': 42.793835}, {'x': -73.763575, 'y': 42.793557}, {'x': -73.763304, 'y': 42.793255}, {'x': -73.762876, 'y': 42.792847}, {'x': -73.762421, 'y': 42.792408}, {'x': -73.761507, 'y': 42.79156}]",1650354531998.0,3.0,"[{}, {}, {}]",17.294444444444444,62.26,I-87 S,NONE,NONE,156138252.0,2022-04-19 07:48:51,1,False,LineString,"[[-73.76753, 42.816622], [-73.767363, 42.813878], [-73.767166, 42.811765], [-73.767128, 42.811444], [-73.766865, 42.809257], [-73.766227, 42.806488], [-73.765501, 42.803379], [-73.765331, 42.802404], [-73.765103, 42.800383], [-73.764717, 42.79603], [-73.764684, 42.795811], [-73.764637, 42.795586], [-73.764578, 42.795344], [-73.76448, 42.795042], [-73.764358, 42.79474], [-73.76425, 42.794536], [-73.764088, 42.794249], [-73.763943, 42.794027], [-73.763796, 42.793835], [-73.763575, 42.793557], [-73.763304, 42.793255], [-73.762876, 42.792847], [-73.762421, 42.792408], [-73.761507, 42.79156]]",2022-04-19,-73.7669214226981,42.8163011708521,18652419,39319569,,PROPERTY DAMAGE,999,2022,OVERTAKING,2022/04/19,1900-01-01 07:23:00,COLLISION WITH MOTOR VEHICLE,DAYLIGHT,STRAIGHT AND LEVEL,SLUSH,NONE,NOT ENTERED,SNOW,0,1970/01/01,0,0,0,0,2,14503.0,0,CLIFTON PARK SP,No,600805.70164966,4741152.97644259,INTERSECTION-RELATED,Ramp,Saratoga,SOUTH-EAST,28.0,6005422.0,Halfmoon,I 87,87I15091017,88.0,T,11-Urban Principal Arterial Interstate,NYSDOT,NYSDOT,Adirondack Northway,65.0,"V1:(UNSAFE LANE CHANGE,PAVEMENT SLIPPERY) / V2:(NOT APPLICABLE,NOT APPLICABLE)",2022-04-19,-73.76753,42.816622
483,Feature,,"Colonie, NY",US,63.0,I-87 N,156138008.0,2769.0,1.0,"[{'x': -73.761551, 'y': 42.767801}, {'x': -73.761309, 'y': 42.769458}, {'x': -73.760972, 'y': 42.771503}, {'x': -73.760797, 'y': 42.772736}, {'x': -73.76063, 'y': 42.773914}, {'x': -73.760428, 'y': 42.775075}, {'x': -73.760213, 'y': 42.776158}, {'x': -73.760126, 'y': 42.776594}, {'x': -73.759927, 'y': 42.777545}, {'x': -73.759618, 'y': 42.778818}, {'x': -73.75932, 'y': 42.779975}, {'x': -73.759033, 'y': 42.780944}, {'x': -73.758871, 'y': 42.781588}, {'x': -73.75806, 'y': 42.784406}, {'x': -73.757897, 'y': 42.78507}, {'x': -73.757821, 'y': 42.785425}, {'x': -73.757792, 'y': 42.785628}, {'x': -73.757777, 'y': 42.785832}, {'x': -73.757769, 'y': 42.786019}, {'x': -73.757773, 'y': 42.786314}, {'x': -73.757793, 'y': 42.786682}, {'x': -73.757903, 'y': 42.787273}, {'x': -73.758044, 'y': 42.787728}, {'x': -73.75819, 'y': 42.788089}, {'x': -73.758333, 'y': 42.788383}, {'x': -73.758482, 'y': 42.788656}, {'x': -73.758699, 'y': 42.788998}, {'x': -73.75886, 'y': 42.789218}, {'x': -73.759028, 'y': 42.789439}, {'x': -73.759211, 'y': 42.789652}, {'x': -73.759365, 'y': 42.789816}, {'x': -73.759612, 'y': 42.790067}, {'x': -73.75985, 'y': 42.790306}, {'x': -73.760339, 'y': 42.79077}, {'x': -73.761382, 'y': 42.791751}]",1650354532025.0,3.0,"[{}, {}, {}, {}]",17.522222222222222,63.08,I-87 N,NONE,NONE,156138008.0,2022-04-19 07:48:52,1,False,LineString,"[[-73.761551, 42.767801], [-73.761309, 42.769458], [-73.760972, 42.771503], [-73.760797, 42.772736], [-73.76063, 42.773914], [-73.760428, 42.775075], [-73.760213, 42.776158], [-73.760126, 42.776594], [-73.759927, 42.777545], [-73.759618, 42.778818], [-73.75932, 42.779975], [-73.759033, 42.780944], [-73.758871, 42.781588], [-73.75806, 42.784406], [-73.757897, 42.78507], [-73.757821, 42.785425], [-73.757792, 42.785628], [-73.757777, 42.785832], [-73.757769, 42.786019], [-73.757773, 42.786314], [-73.757793, 42.786682], [-73.757903, 42.787273], [-73.758044, 42.787728], [-73.75819, 42.788089], [-73.758333, 42.788383], [-73.758482, 42.788656], [-73.758699, 42.788998], [-73.75886, 42.789218], [-73.759028, 42.789439], [-73.759211, 42.789652], [-73.759365, 42.789816], [-73.759612, 42.790067], [-73.75985, 42.790306], [-73.760339, 42.79077], [-73.761382, 42.791751]]",2022-04-19,-73.7744994755473,42.7467605613153,18649144,39316046,,PROPERTY DAMAGE,999,2022,OTHER,2022/04/19,1900-01-01 07:44:00,COLLISION WITH GUIDE RAIL,DAYLIGHT,STRAIGHT AND LEVEL,WET,NONE,NOT ENTERED,RAIN,0,1970/01/01,0,0,0,0,1,10102.0,0,NYSP LOUDONVILLE,No,600298.38081884,4733421.73059309,Not an intersection crash,Ramp,Albany,4.0,388.0,,Colonie,I 87,87I11082044,88.0,T,11-Urban Principal Arterial Interstate,NYSDOT,NYSDOT,Adirondack Northway,55.0,"V1:(UNSAFE SPEED,PAVEMENT SLIPPERY)",2022-04-19,-73.761551,42.767801
484,Feature,,"Colonie, NY",US,63.0,I-87 N,156138008.0,2769.0,1.0,"[{'x': -73.761551, 'y': 42.767801}, {'x': -73.761309, 'y': 42.769458}, {'x': -73.760972, 'y': 42.771503}, {'x': -73.760797, 'y': 42.772736}, {'x': -73.76063, 'y': 42.773914}, {'x': -73.760428, 'y': 42.775075}, {'x': -73.760213, 'y': 42.776158}, {'x': -73.760126, 'y': 42.776594}, {'x': -73.759927, 'y': 42.777545}, {'x': -73.759618, 'y': 42.778818}, {'x': -73.75932, 'y': 42.779975}, {'x': -73.759033, 'y': 42.780944}, {'x': -73.758871, 'y': 42.781588}, {'x': -73.75806, 'y': 42.784406}, {'x': -73.757897, 'y': 42.78507}, {'x': -73.757821, 'y': 42.785425}, {'x': -73.757792, 'y': 42.785628}, {'x': -73.757777, 'y': 42.785832}, {'x': -73.757769, 'y': 42.786019}, {'x': -73.757773, 'y': 42.786314}, {'x': -73.757793, 'y': 42.786682}, {'x': -73.757903, 'y': 42.787273}, {'x': -73.758044, 'y': 42.787728}, {'x': -73.75819, 'y': 42.788089}, {'x': -73.758333, 'y': 42.788383}, {'x': -73.758482, 'y': 42.788656}, {'x': -73.758699, 'y': 42.788998}, {'x': -73.75886, 'y': 42.789218}, {'x': -73.759028, 'y': 42.789439}, {'x': -73.759211, 'y': 42.789652}, {'x': -73.759365, 'y': 42.789816}, {'x': -73.759612, 'y': 42.790067}, {'x': -73.75985, 'y': 42.790306}, {'x': -73.760339, 'y': 42.79077}, {'x': -73.761382, 'y': 42.791751}]",1650354532025.0,3.0,"[{}, {}, {}, {}]",17.558333333333334,63.21,I-87 N,NONE,NONE,156138008.0,2022-04-19 07:48:52,1,False,LineString,"[[-73.761551, 42.767801], [-73.761309, 42.769458], [-73.760972, 42.771503], [-73.760797, 42.772736], [-73.76063, 42.773914], [-73.760428, 42.775075], [-73.760213, 42.776158], [-73.760126, 42.776594], [-73.759927, 42.777545], [-73.759618, 42.778818], [-73.75932, 42.779975], [-73.759033, 42.780944], [-73.758871, 42.781588], [-73.75806, 42.784406], [-73.757897, 42.78507], [-73.757821, 42.785425], [-73.757792, 42.785628], [-73.757777, 42.785832], [-73.757769, 42.786019], [-73.757773, 42.786314], [-73.757793, 42.786682], [-73.757903, 42.787273], [-73.758044, 42.787728], [-73.75819, 42.788089], [-73.758333, 42.788383], [-73.758482, 42.788656], [-73.758699, 42.788998], [-73.75886, 42.789218], [-73.759028, 42.789439], [-73.759211, 42.789652], [-73.759365, 42.789816], [-73.759612, 42.790067], [-73.75985, 42.790306], [-73.760339, 42.79077], [-73.761382, 42.791751]]",2022-04-19,-73.7744994755473,42.7467605613153,18649144,39316046,,PROPERTY DAMAGE,999,2022,OTHER,2022/04/19,1900-01-01 07:44:00,COLLISION WITH GUIDE RAIL,DAYLIGHT,STRAIGHT AND LEVEL,WET,NONE,NOT ENTERED,RAIN,0,1970/01/01,0,0,0,0,1,10102.0,0,NYSP LOUDONVILLE,No,600298.38081884,4733421.73059309,Not an intersection crash,Ramp,Albany,4.0,388.0,,Colonie,I 87,87I11082044,88.0,T,11-Urban Principal Arterial Interstate,NYSDOT,NYSDOT,Adirondack Northway,55.0,"V1:(UNSAFE SPEED,PAVEMENT SLIPPERY)",2022-04-19,-73.761551,42.767801
485,Feature,,"Colonie, NY",US,130.0,Exit 3: NY-155 W / Albany Int'l Airport,156139398.0,3317.0,2.0,"[{'x': -73.834552, 'y': 42.701397}, {'x': -73.833719, 'y': 42.702729}, {'x': -73.833323, 'y': 42.703338}, {'x': -73.832858, 'y': 42.704048}, {'x': -73.832415, 'y': 42.704663}, {'x': -73.831877, 'y': 42.705278}, {'x': -73.831189, 'y': 42.705981}, {'x': -73.830498, 'y': 42.706674}, {'x': -73.829659, 'y': 42.707403}, {'x': -73.829253, 'y': 42.707721}, {'x': -73.828466, 'y': 42.708256}, {'x': -73.826457, 'y': 42.709528}, {'x': -73.824338, 'y': 42.710854}, {'x': -73.823436, 'y': 42.711413}, {'x': -73.820703, 'y': 42.713114}, {'x': -73.819602, 'y': 42.713773}, {'x': -73.818212, 'y': 42.714672}, {'x': -73.817274, 'y': 42.715294}, {'x': -73.816947, 'y': 42.71553}, {'x': -73.815916, 'y': 42.716358}, {'x': -73.815011, 'y': 42.717119}, {'x': -73.814518, 'y': 42.717557}, {'x': -73.81445, 'y': 42.717614}, {'x': -73.8141, 'y': 42.717912}, {'x': -73.812135, 'y': 42.719582}, {'x': -73.811165, 'y': 42.720303}, {'x': -73.808949, 'y': 42.721787}, {'x': -73.808492, 'y': 42.722077}, {'x': -73.807827, 'y': 42.72248}, {'x': -73.807054, 'y': 42.722928}]",1650354658365.0,3.0,"[{}, {}, {}, {}, {}, {}, {}]",13.327777777777778,47.98,I-87 N,NONE,NONE,156139398.0,2022-04-19 07:50:58,1,False,LineString,"[[-73.834552, 42.701397], [-73.833719, 42.702729], [-73.833323, 42.703338], [-73.832858, 42.704048], [-73.832415, 42.704663], [-73.831877, 42.705278], [-73.831189, 42.705981], [-73.830498, 42.706674], [-73.829659, 42.707403], [-73.829253, 42.707721], [-73.828466, 42.708256], [-73.826457, 42.709528], [-73.824338, 42.710854], [-73.823436, 42.711413], [-73.820703, 42.713114], [-73.819602, 42.713773], [-73.818212, 42.714672], [-73.817274, 42.715294], [-73.816947, 42.71553], [-73.815916, 42.716358], [-73.815011, 42.717119], [-73.814518, 42.717557], [-73.81445, 42.717614], [-73.8141, 42.717912], [-73.812135, 42.719582], [-73.811165, 42.720303], [-73.808949, 42.721787], [-73.808492, 42.722077], [-73.807827, 42.72248], [-73.807054, 42.722928]]",2022-04-19,-73.8646366205992,42.7114184886693,18650215,39317201,,PROPERTY DAMAGE,999,2022,OVERTAKING,2022/04/19,1900-01-01 07:51:00,COLLISION WITH MOTOR VEHICLE,DAYLIGHT,STRAIGHT AND LEVEL,WET,NONE,NOT ENTERED,RAIN,0,1970/01/01,0,0,0,0,2,10105.0,0,NYSP THRUWAY ALBANY ZONE HEADQUARTERS,No,592974.0,4729394.0,Not an intersection crash,,Albany,,0.0,,Albany,,,,,Unknown,Unknown,Unknown,,,"V1:(PASSING OR LANE USAGE IMPROPERLY,NOT APPLICABLE) / V2:(NOT APPLICABLE,NOT APPLICABLE)",2022-04-19,-73.834552,42.701397
486,Feature,,"Colonie, NY",US,156.0,Exit 6: NY-7 W / NY-2 E / Schenectady / Watervliet,156139398.0,6499.0,1.0,"[{'x': -73.834552, 'y': 42.701397}, {'x': -73.833719, 'y': 42.702729}, {'x': -73.833323, 'y': 42.703338}, {'x': -73.832858, 'y': 42.704048}, {'x': -73.832415, 'y': 42.704663}, {'x': -73.831877, 'y': 42.705278}, {'x': -73.831189, 'y': 42.705981}, {'x': -73.830498, 'y': 42.706674}, {'x': -73.829659, 'y': 42.707403}, {'x': -73.829253, 'y': 42.707721}, {'x': -73.828466, 'y': 42.708256}, {'x': -73.826457, 'y': 42.709528}, {'x': -73.824338, 'y': 42.710854}, {'x': -73.823436, 'y': 42.711413}, {'x': -73.820703, 'y': 42.713114}, {'x': -73.819602, 'y': 42.713773}, {'x': -73.818212, 'y': 42.714672}, {'x': -73.817274, 'y': 42.715294}, {'x': -73.816947, 'y': 42.71553}, {'x': -73.815916, 'y': 42.716358}, {'x': -73.815011, 'y': 42.717119}, {'x': -73.814518, 'y': 42.717557}, {'x': -73.81445, 'y': 42.717614}, {'x': -73.8141, 'y': 42.717912}, {'x': -73.812135, 'y': 42.719582}, {'x': -73.811165, 'y': 42.720303}, {'x': -73.808949, 'y': 42.721787}, {'x': -73.808492, 'y': 42.722077}, {'x': -73.807827, 'y': 42.72248}, {'x': -73.807054, 'y': 42.722928}, {'x': -73.805872, 'y': 42.72357}, {'x': -73.805168, 'y': 42.723932}, {'x': -73.804235, 'y': 42.724389}, {'x': -73.803256, 'y': 42.724835}, {'x': -73.801502, 'y': 42.7256}, {'x': -73.799105, 'y': 42.726639}, {'x': -73.796028, 'y': 42.727961}, {'x': -73.795362, 'y': 42.728254}, {'x': -73.794073, 'y': 42.728825}, {'x': -73.793306, 'y': 42.729201}, {'x': -73.792703, 'y': 42.729518}, {'x': -73.791969, 'y': 42.729944}, {'x': -73.7912, 'y': 42.730444}, {'x': -73.790482, 'y': 42.730942}, {'x': -73.789942, 'y': 42.731365}, {'x': -73.789655, 'y': 42.731593}, {'x': -73.789004, 'y': 42.732179}, {'x': -73.788369, 'y': 42.73281}, {'x': -73.787856, 'y': 42.733318}, {'x': -73.783582, 'y': 42.737639}, {'x': -73.783086, 'y': 42.738147}, {'x': -73.782717, 'y': 42.738516}, {'x': -73.782067, 'y': 42.739158}, {'x': -73.781372, 'y': 42.739867}, {'x': -73.780549, 'y': 42.74068}, {'x': -73.779103, 'y': 42.742145}]",1650354658365.0,3.0,"[{}, {}, {}, {}, {}, {}, {}, {}, {}, {}, {}, {}, {}, {}, {}]",16.84722222222222,60.65,I-87 N,NONE,NONE,156139398.0,2022-04-19 07:50:58,1,False,LineString,"[[-73.834552, 42.701397], [-73.833719, 42.702729], [-73.833323, 42.703338], [-73.832858, 42.704048], [-73.832415, 42.704663], [-73.831877, 42.705278], [-73.831189, 42.705981], [-73.830498, 42.706674], [-73.829659, 42.707403], [-73.829253, 42.707721], [-73.828466, 42.708256], [-73.826457, 42.709528], [-73.824338, 42.710854], [-73.823436, 42.711413], [-73.820703, 42.713114], [-73.819602, 42.713773], [-73.818212, 42.714672], [-73.817274, 42.715294], [-73.816947, 42.71553], [-73.815916, 42.716358], [-73.815011, 42.717119], [-73.814518, 42.717557], [-73.81445, 42.717614], [-73.8141, 42.717912], [-73.812135, 42.719582], [-73.811165, 42.720303], [-73.808949, 42.721787], [-73.808492, 42.722077], [-73.807827, 42.72248], [-73.807054, 42.722928], [-73.805872, 42.72357], [-73.805168, 42.723932], [-73.804235, 42.724389], [-73.803256, 42.724835], [-73.801502, 42.7256], [-73.799105, 42.726639], [-73.796028, 42.727961], [-73.795362, 42.728254], [-73.794073, 42.728825], [-73.793306, 42.729201], [-73.792703, 42.729518], [-73.791969, 42.729944], [-73.7912, 42.730444], [-73.790482, 42.730942], [-73.789942, 42.731365], [-73.789655, 42.731593], [-73.789004, 42.732179], [-73.788369, 42.73281], [-73.787856, 42.733318], [-73.783582, 42.737639], [-73.783086, 42.738147], [-73.782717, 42.738516], [-73.782067, 42.739158], [-73.781372, 42.739867], [-73.780549, 42.74068], [-73.779103, 42.742145]]",2022-04-19,-73.8646366205992,42.7114184886693,18650215,39317201,,PROPERTY DAMAGE,999,2022,OVERTAKING,2022/04/19,1900-01-01 07:51:00,COLLISION WITH MOTOR VEHICLE,DAYLIGHT,STRAIGHT AND LEVEL,WET,NONE,NOT ENTERED,RAIN,0,1970/01/01,0,0,0,0,2,10105.0,0,NYSP THRUWAY ALBANY ZONE HEADQUARTERS,No,592974.0,4729394.0,Not an intersection crash,,Albany,,0.0,,Albany,,,,,Unknown,Unknown,Unknown,,,"V1:(PASSING OR LANE USAGE IMPROPERLY,NOT APPLICABLE) / V2:(NOT APPLICABLE,NOT APPLICABLE)",2022-04-19,-73.834552,42.701397
487,Feature,,"Halfmoon, NY",US,74.0,I-87 N,156139406.0,2546.0,1.0,"[{'x': -73.761382, 'y': 42.791751}, {'x': -73.762206, 'y': 42.792526}, {'x': -73.762522, 'y': 42.792826}, {'x': -73.762735, 'y': 42.793035}, {'x': -73.763032, 'y': 42.793317}, {'x': -73.763181, 'y': 42.793479}, {'x': -73.763328, 'y': 42.793649}, {'x': -73.763589, 'y': 42.793955}, {'x': -73.763716, 'y': 42.794134}, {'x': -73.763844, 'y': 42.794324}, {'x': -73.764017, 'y': 42.79463}, {'x': -73.764109, 'y': 42.794829}, {'x': -73.764312, 'y': 42.79534}, {'x': -73.764382, 'y': 42.795596}, {'x': -73.764435, 'y': 42.795947}, {'x': -73.765022, 'y': 42.80594}, {'x': -73.765099, 'y': 42.806713}, {'x': -73.765301, 'y': 42.807732}, {'x': -73.765724, 'y': 42.80924}, {'x': -73.766285, 'y': 42.811435}, {'x': -73.766433, 'y': 42.812174}, {'x': -73.766622, 'y': 42.813258}, {'x': -73.766708, 'y': 42.813917}]",1650354658613.0,3.0,"[{}, {}]",15.675,56.43,I-87 N,NONE,NONE,156139406.0,2022-04-19 07:50:58,1,False,LineString,"[[-73.761382, 42.791751], [-73.762206, 42.792526], [-73.762522, 42.792826], [-73.762735, 42.793035], [-73.763032, 42.793317], [-73.763181, 42.793479], [-73.763328, 42.793649], [-73.763589, 42.793955], [-73.763716, 42.794134], [-73.763844, 42.794324], [-73.764017, 42.79463], [-73.764109, 42.794829], [-73.764312, 42.79534], [-73.764382, 42.795596], [-73.764435, 42.795947], [-73.765022, 42.80594], [-73.765099, 42.806713], [-73.765301, 42.807732], [-73.765724, 42.80924], [-73.766285, 42.811435], [-73.766433, 42.812174], [-73.766622, 42.813258], [-73.766708, 42.813917]]",2022-04-19,-73.7669214226981,42.8163011708521,18652419,39319569,,PROPERTY DAMAGE,999,2022,OVERTAKING,2022/04/19,1900-01-01 07:23:00,COLLISION WITH MOTOR VEHICLE,DAYLIGHT,STRAIGHT AND LEVEL,SLUSH,NONE,NOT ENTERED,SNOW,0,1970/01/01,0,0,0,0,2,14503.0,0,CLIFTON PARK SP,No,600805.70164966,4741152.97644259,INTERSECTION-RELATED,Ramp,Saratoga,SOUTH-EAST,28.0,6005422.0,Halfmoon,I 87,87I15091017,88.0,T,11-Urban Principal Arterial Interstate,NYSDOT,NYSDOT,Adirondack Northway,65.0,"V1:(UNSAFE LANE CHANGE,PAVEMENT SLIPPERY) / V2:(NOT APPLICABLE,NOT APPLICABLE)",2022-04-19,-73.761382,42.791751