,type,properties.blockingAlertUuid,properties.city,properties.country,properties.delay,properties.endNode,properties.id,properties.length,properties.level,properties.line,properties.pubMillis,properties.roadType,properties.segments,properties.speed,properties.speedKMH,properties.street,properties.turnType,properties.type,properties.uuid,properties.utc_timestamp,properties.day_of_week,properties.weekday_weekend,geometry.type,geometry.coordinates,key_date_jams,X,Y,OBJECTID,CaseNumber,MaxInjuryS,CrashSever,RoadwayAcc,CaseYear,CollisionT,CrashDate,CrashTimeF,CrashType,LightCondi,RoadwayCha,RoadSurfac,TrafficCon,TrafficWay,WeatherCon,Commercial,DMVInsertD,NumberOfFa,NumberOfIn,NumberOfOt,NumberOfSe,NumberOfVe,PoliceDept,NonReporta,ReportingA,NonPublicW,UTMEasting,UTMNorthin,Intersecti,ClosestCro,CountyName,DirectionF,DistanceFr,MasterInte,CityTownNa,OnStreet,ReferenceM,ACCESS_CON,DIVIDED,FUNCTIONAL,MAINT_JURI,OWNING_JUR,NAME,POSTED_SPE,ApparentFa,key_date_crashes,jams_x,jams_y
488,Feature,,"Halfmoon, NY",US,73.0,I-87 N,156139406.0,2546.0,1.0,"[{'x': -73.761382, 'y': 42.791751}, {'x': -73.762206, 'y': 42.792526}, {'x': -73.762522, 'y': 42.792826}, {'x': -73.762735, 'y': 42.793035}, {'x': -73.763032, 'y': 42.793317}, {'x': -73.763181, 'y': 42.793479}, {'x': -73.763328, 'y': 42.793649}, {'x': -73.763589, 'y': 42.793955}, {'x': -73.763716, 'y': 42.794134}, {'x': -73.763844, 'y': 42.794324}, {'x': -73.764017, 'y': 42.79463}, {'x': -73.764109, 'y': 42.794829}, {'x': -73.764312, 'y': 42.79534}, {'x': -73.764382, 'y': 42.795596}, {'x': -73.764435, 'y': 42.795947}, {'x': -73.765022, 'y': 42.80594}, {'x': -73.765099, 'y': 42.806713}, {'x': -73.765301, 'y': 42.807732}, {'x': -73.765724, 'y': 42.80924}, {'x': -73.766285, 'y': 42.811435}, {'x': -73.766433, 'y': 42.812174}, {'x': -73.766622, 'y': 42.813258}, {'x': -73.766708, 'y': 42.813917}]",1650354658613.0,3.0,"[{}, {}]",15.76388888888889,56.75,I-87 N,NONE,NONE,156139406.0,2022-04-19 07:50:58,1,False,LineString,"[[-73.761382, 42.791751], [-73.762206, 42.792526], [-73.762522, 42.792826], [-73.762735, 42.793035], [-73.763032, 42.793317], [-73.763181, 42.793479], [-73.763328, 42.793649], [-73.763589, 42.793955], [-73.763716, 42.794134], [-73.763844, 42.794324], [-73.764017, 42.79463], [-73.764109, 42.794829], [-73.764312, 42.79534], [-73.764382, 42.795596], [-73.764435, 42.795947], [-73.765022, 42.80594], [-73.765099, 42.806713], [-73.765301, 42.807732], [-73.765724, 42.80924], [-73.766285, 42.811435], [-73.766433, 42.812174], [-73.766622, 42.813258], [-73.766708, 42.813917]]",2022-04-19,-73.7669214226981,42.8163011708521,18652419,39319569,,PROPERTY DAMAGE,999,2022,OVERTAKING,2022/04/19,1900-01-01 07:23:00,COLLISION WITH MOTOR VEHICLE,DAYLIGHT,STRAIGHT AND LEVEL,SLUSH,NONE,NOT ENTERED,SNOW,0,1970/01/01,0,0,0,0,2,14503.0,0,CLIFTON PARK SP,No,600805.70164966,4741152.97644259,INTERSECTION-RELATED,Ramp,Saratoga,SOUTH-EAST,28.0,6005422.0,Halfmoon,I 87,87I15091017,88.0,T,11-Urban Principal Arterial Interstate,NYSDOT,NYSDOT,Adirondack Northway,65.0,"V1:(UNSAFE LANE CHANGE,PAVEMENT SLIPPERY) / V2:(NOT APPLICABLE,NOT APPLICABLE)",2022-04-19,-73.761382,42.791751
489,Feature,,"Colonie, NY",US,65.0,Exit 4: Wolf Rd,156140874.0,2216.0,1.0,"[{'x': -73.772273, 'y': 42.749608}, {'x': -73.776275, 'y': 42.745626}, {'x': -73.780132, 'y': 42.741809}, {'x': -73.783425, 'y': 42.738567}, {'x': -73.783802, 'y': 42.738196}, {'x': -73.78587, 'y': 42.736116}, {'x': -73.786614, 'y': 42.735369}, {'x': -73.787681, 'y': 42.7343}, {'x': -73.788417, 'y': 42.733582}]",1650354785259.0,3.0,"[{}, {}, {}, {}, {}]",15.702777777777778,56.53,I-87 S,NONE,NONE,156140874.0,2022-04-19 07:53:05,1,False,LineString,"[[-73.772273, 42.749608], [-73.776275, 42.745626], [-73.780132, 42.741809], [-73.783425, 42.738567], [-73.783802, 42.738196], [-73.78587, 42.736116], [-73.786614, 42.735369], [-73.787681, 42.7343], [-73.788417, 42.733582]]",2022-04-19,-73.7744994755473,42.7467605613153,18649144,39316046,,PROPERTY DAMAGE,999,2022,OTHER,2022/04/19,1900-01-01 07:44:00,COLLISION WITH GUIDE RAIL,DAYLIGHT,STRAIGHT AND LEVEL,WET,NONE,NOT ENTERED,RAIN,0,1970/01/01,0,0,0,0,1,10102.0,0,NYSP LOUDONVILLE,No,600298.38081884,4733421.73059309,Not an intersection crash,Ramp,Albany,4.0,388.0,,Colonie,I 87,87I11082044,88.0,T,11-Urban Principal Arterial Interstate,NYSDOT,NYSDOT,Adirondack Northway,55.0,"V1:(UNSAFE SPEED,PAVEMENT SLIPPERY)",2022-04-19,-73.772273,42.749608
490,Feature,,"Colonie, NY",US,144.0,Exit 4: Wolf Rd,156140874.0,5409.0,1.0,"[{'x': -73.761507, 'y': 42.79156}, {'x': -73.760575, 'y': 42.790665}, {'x': -73.760081, 'y': 42.790204}, {'x': -73.759707, 'y': 42.789834}, {'x': -73.759559, 'y': 42.789677}, {'x': -73.759401, 'y': 42.7895}, {'x': -73.759149, 'y': 42.789195}, {'x': -73.75898, 'y': 42.788967}, {'x': -73.758841, 'y': 42.78876}, {'x': -73.758693, 'y': 42.78851}, {'x': -73.75854, 'y': 42.788228}, {'x': -73.758409, 'y': 42.787949}, {'x': -73.758273, 'y': 42.787552}, {'x': -73.758187, 'y': 42.787284}, {'x': -73.758133, 'y': 42.787068}, {'x': -73.758095, 'y': 42.786853}, {'x': -73.758059, 'y': 42.786629}, {'x': -73.75804, 'y': 42.78636}, {'x': -73.758055, 'y': 42.785671}, {'x': -73.758093, 'y': 42.785421}, {'x': -73.758212, 'y': 42.784899}, {'x': -73.758363, 'y': 42.784343}, {'x': -73.7592, 'y': 42.781644}, {'x': -73.759476, 'y': 42.780685}, {'x': -73.75971, 'y': 42.780015}, {'x': -73.760477, 'y': 42.777627}, {'x': -73.760752, 'y': 42.776545}, {'x': -73.760768, 'y': 42.77648}, {'x': -73.760882, 'y': 42.77602}, {'x': -73.761093, 'y': 42.775162}, {'x': -73.761324, 'y': 42.773888}, {'x': -73.761392, 'y': 42.773207}, {'x': -73.761891, 'y': 42.768494}, {'x': -73.762017, 'y': 42.76727}, {'x': -73.762065, 'y': 42.766731}, {'x': -73.762263, 'y': 42.764934}, {'x': -73.762427, 'y': 42.764072}, {'x': -73.762502, 'y': 42.763762}, {'x': -73.762579, 'y': 42.763481}, {'x': -73.762709, 'y': 42.763052}, {'x': -73.762907, 'y': 42.762408}, {'x': -73.763276, 'y': 42.761411}, {'x': -73.763701, 'y': 42.760512}, {'x': -73.764302, 'y': 42.759404}, {'x': -73.764671, 'y': 42.758817}, {'x': -73.76553, 'y': 42.757628}, {'x': -73.766477, 'y': 42.756456}, {'x': -73.76693, 'y': 42.755931}, {'x': -73.769192, 'y': 42.753199}, {'x': -73.769879, 'y': 42.752339}, {'x': -73.770908, 'y': 42.751098}, {'x': -73.771582, 'y': 42.750327}, {'x': -73.772273, 'y': 42.749608}, {'x': -73.775412, 'y': 42.746484}]",1650354785259.0,3.0,"[{}, {}, {}, {}, {}, {}, {}]",17.225,62.01,I-87 S,NONE,NONE,156140874.0,2022-04-19 07:53:05,1,False,LineString,"[[-73.761507, 42.79156], [-73.760575, 42.790665], [-73.760081, 42.790204], [-73.759707, 42.789834], [-73.759559, 42.789677], [-73.759401, 42.7895], [-73.759149, 42.789195], [-73.75898, 42.788967], [-73.758841, 42.78876], [-73.758693, 42.78851], [-73.75854, 42.788228], [-73.758409, 42.787949], [-73.758273, 42.787552], [-73.758187, 42.787284], [-73.758133, 42.787068], [-73.758095, 42.786853], [-73.758059, 42.786629], [-73.75804, 42.78636], [-73.758055, 42.785671], [-73.758093, 42.785421], [-73.758212, 42.784899], [-73.758363, 42.784343], [-73.7592, 42.781644], [-73.759476, 42.780685], [-73.75971, 42.780015], [-73.760477, 42.777627], [-73.760752, 42.776545], [-73.760768, 42.77648], [-73.760882, 42.77602], [-73.761093, 42.775162], [-73.761324, 42.773888], [-73.761392, 42.773207], [-73.761891, 42.768494], [-73.762017, 42.76727], [-73.762065, 42.766731], [-73.762263, 42.764934], [-73.762427, 42.764072], [-73.762502, 42.763762], [-73.762579, 42.763481], [-73.762709, 42.763052], [-73.762907, 42.762408], [-73.763276, 42.761411], [-73.763701, 42.760512], [-73.764302, 42.759404], [-73.764671, 42.758817], [-73.76553, 42.757628], [-73.766477, 42.756456], [-73.76693, 42.755931], [-73.769192, 42.753199], [-73.769879, 42.752339], [-73.770908, 42.751098], [-73.771582, 42.750327], [-73.772273, 42.749608], [-73.775412, 42.746484]]",2022-04-19,-73.7669214226981,42.8163011708521,18652419,39319569,,PROPERTY DAMAGE,999,2022,OVERTAKING,2022/04/19,1900-01-01 07:23:00,COLLISION WITH MOTOR VEHICLE,DAYLIGHT,STRAIGHT AND LEVEL,SLUSH,NONE,NOT ENTERED,SNOW,0,1970/01/01,0,0,0,0,2,14503.0,0,CLIFTON PARK SP,No,600805.70164966,4741152.97644259,INTERSECTION-RELATED,Ramp,Saratoga,SOUTH-EAST,28.0,6005422.0,Halfmoon,I 87,87I15091017,88.0,T,11-Urban Principal Arterial Interstate,NYSDOT,NYSDOT,Adirondack Northway,65.0,"V1:(UNSAFE LANE CHANGE,PAVEMENT SLIPPERY) / V2:(NOT APPLICABLE,NOT APPLICABLE)",2022-04-19,-73.761507,42.79156
491,Feature,,"Albany, NY",US,79.0,to I-90 E Â» Boston,156142252.0,3844.0,1.0,"[{'x': -73.842848, 'y': 42.697091}, {'x': -73.842422, 'y': 42.69655}, {'x': -73.84207, 'y': 42.696233}, {'x': -73.841697, 'y': 42.695956}, {'x': -73.841506, 'y': 42.69584}, {'x': -73.841251, 'y': 42.69569}, {'x': -73.840884, 'y': 42.695505}, {'x': -73.84049, 'y': 42.695353}, {'x': -73.840186, 'y': 42.695251}, {'x': -73.839848, 'y': 42.695164}, {'x': -73.839419, 'y': 42.695077}, {'x': -73.839068, 'y': 42.69503}, {'x': -73.838228, 'y': 42.694977}, {'x': -73.83497, 'y': 42.694816}, {'x': -73.833966, 'y': 42.694767}, {'x': -73.833418, 'y': 42.694719}, {'x': -73.833017, 'y': 42.694661}, {'x': -73.832514, 'y': 42.694541}, {'x': -73.830621, 'y': 42.694095}, {'x': -73.826474, 'y': 42.692982}, {'x': -73.825437, 'y': 42.692688}, {'x': -73.824624, 'y': 42.692442}, {'x': -73.823836, 'y': 42.692189}, {'x': -73.823393, 'y': 42.692039}, {'x': -73.821017, 'y': 42.691194}, {'x': -73.819357, 'y': 42.69057}, {'x': -73.81654, 'y': 42.689515}, {'x': -73.813212, 'y': 42.688347}, {'x': -73.812928, 'y': 42.688255}, {'x': -73.812333, 'y': 42.688063}, {'x': -73.811672, 'y': 42.687897}, {'x': -73.809165, 'y': 42.68738}, {'x': -73.808298, 'y': 42.687201}, {'x': -73.805655, 'y': 42.686739}, {'x': -73.805161, 'y': 42.686673}, {'x': -73.804722, 'y': 42.686633}, {'x': -73.804228, 'y': 42.686613}, {'x': -73.80383, 'y': 42.686605}, {'x': -73.803279, 'y': 42.686622}, {'x': -73.802709, 'y': 42.686667}, {'x': -73.802244, 'y': 42.686718}, {'x': -73.802013, 'y': 42.686752}, {'x': -73.800194, 'y': 42.687027}, {'x': -73.799607, 'y': 42.687097}, {'x': -73.799265, 'y': 42.687129}]",1650354911719.0,3.0,"[{}, {}, {}, {}, {}, {}, {}]",17.55,63.18,I-90 E,NONE,NONE,156142252.0,2022-04-19 07:55:11,1,False,LineString,"[[-73.842848, 42.697091], [-73.842422, 42.69655], [-73.84207, 42.696233], [-73.841697, 42.695956], [-73.841506, 42.69584], [-73.841251, 42.69569], [-73.840884, 42.695505], [-73.84049, 42.695353], [-73.840186, 42.695251], [-73.839848, 42.695164], [-73.839419, 42.695077], [-73.839068, 42.69503], [-73.838228, 42.694977], [-73.83497, 42.694816], [-73.833966, 42.694767], [-73.833418, 42.694719], [-73.833017, 42.694661], [-73.832514, 42.694541], [-73.830621, 42.694095], [-73.826474, 42.692982], [-73.825437, 42.692688], [-73.824624, 42.692442], [-73.823836, 42.692189], [-73.823393, 42.692039], [-73.821017, 42.691194], [-73.819357, 42.69057], [-73.81654, 42.689515], [-73.813212, 42.688347], [-73.812928, 42.688255], [-73.812333, 42.688063], [-73.811672, 42.687897], [-73.809165, 42.68738], [-73.808298, 42.687201], [-73.805655, 42.686739], [-73.805161, 42.686673], [-73.804722, 42.686633], [-73.804228, 42.686613], [-73.80383, 42.686605], [-73.803279, 42.686622], [-73.802709, 42.686667], [-73.802244, 42.686718], [-73.802013, 42.686752], [-73.800194, 42.687027], [-73.799607, 42.687097], [-73.799265, 42.687129]]",2022-04-19,-73.8646366205992,42.7114184886693,18650215,39317201,,PROPERTY DAMAGE,999,2022,OVERTAKING,2022/04/19,1900-01-01 07:51:00,COLLISION WITH MOTOR VEHICLE,DAYLIGHT,STRAIGHT AND LEVEL,WET,NONE,NOT ENTERED,RAIN,0,1970/01/01,0,0,0,0,2,10105.0,0,NYSP THRUWAY ALBANY ZONE HEADQUARTERS,No,592974.0,4729394.0,Not an intersection crash,,Albany,,0.0,,Albany,,,,,Unknown,Unknown,Unknown,,,"V1:(PASSING OR LANE USAGE IMPROPERLY,NOT APPLICABLE) / V2:(NOT APPLICABLE,NOT APPLICABLE)",2022-04-19,-73.842848,42.697091
492,Feature,,"Virgil, NY",US,214.0,I-81 S,156151918.0,6923.0,1.0,"[{'x': -76.091137, 'y': 42.542128}, {'x': -76.089112, 'y': 42.538674}, {'x': -76.08872, 'y': 42.537996}, {'x': -76.08846, 'y': 42.537472}, {'x': -76.088101, 'y': 42.536621}, {'x': -76.087867, 'y': 42.535819}, {'x': -76.087643, 'y': 42.534882}, {'x': -76.087468, 'y': 42.533914}, {'x': -76.087384, 'y': 42.533248}, {'x': -76.087318, 'y': 42.532497}, {'x': -76.087094, 'y': 42.530041}, {'x': -76.087002, 'y': 42.529193}, {'x': -76.086913, 'y': 42.528665}, {'x': -76.086787, 'y': 42.528159}, {'x': -76.086605, 'y': 42.527589}, {'x': -76.086498, 'y': 42.527313}, {'x': -76.08627, 'y': 42.526812}, {'x': -76.085973, 'y': 42.526223}, {'x': -76.085728, 'y': 42.52582}, {'x': -76.085337, 'y': 42.525256}, {'x': -76.082564, 'y': 42.521851}, {'x': -76.082425, 'y': 42.521655}, {'x': -76.081895, 'y': 42.520889}, {'x': -76.081336, 'y': 42.51993}, {'x': -76.080892, 'y': 42.518998}, {'x': -76.080692, 'y': 42.518525}, {'x': -76.080515, 'y': 42.518046}, {'x': -76.080354, 'y': 42.517552}, {'x': -76.080237, 'y': 42.517111}, {'x': -76.080026, 'y': 42.516141}, {'x': -76.079959, 'y': 42.515724}, {'x': -76.079894, 'y': 42.515145}, {'x': -76.079848, 'y': 42.514468}, {'x': -76.079704, 'y': 42.512527}, {'x': -76.079508, 'y': 42.510159}, {'x': -76.079452, 'y': 42.509656}, {'x': -76.079275, 'y': 42.508607}, {'x': -76.079163, 'y': 42.508117}, {'x': -76.078899, 'y': 42.507149}, {'x': -76.078661, 'y': 42.506428}, {'x': -76.078484, 'y': 42.505939}, {'x': -76.078189, 'y': 42.505271}, {'x': -76.077811, 'y': 42.504456}, {'x': -76.077376, 'y': 42.503652}, {'x': -76.076862, 'y': 42.502794}, {'x': -76.076204, 'y': 42.501823}, {'x': -76.075483, 'y': 42.500853}, {'x': -76.074709, 'y': 42.499763}, {'x': -76.074482, 'y': 42.49943}, {'x': -76.074005, 'y': 42.49864}, {'x': -76.073774, 'y': 42.498209}, {'x': -76.073472, 'y': 42.497609}, {'x': -76.073184, 'y': 42.49689}, {'x': -76.072978, 'y': 42.496307}, {'x': -76.07233, 'y': 42.494292}, {'x': -76.072136, 'y': 42.493736}, {'x': -76.07188, 'y': 42.493076}, {'x': -76.071586, 'y': 42.492434}, {'x': -76.071124, 'y': 42.491615}, {'x': -76.070946, 'y': 42.491353}, {'x': -76.070447, 'y': 42.490657}, {'x': -76.070058, 'y': 42.490172}, {'x': -76.069787, 'y': 42.489859}, {'x': -76.069162, 'y': 42.489227}, {'x': -76.068639, 'y': 42.488748}, {'x': -76.0655, 'y': 42.486077}, {'x': -76.064972, 'y': 42.485628}, {'x': -76.063651, 'y': 42.484502}]",1650355671749.0,3.0,[{}],15.825,56.97,I-81 S,NONE,NONE,156151918.0,2022-04-19 08:07:51,1,False,LineString,"[[-76.091137, 42.542128], [-76.089112, 42.538674], [-76.08872, 42.537996], [-76.08846, 42.537472], [-76.088101, 42.536621], [-76.087867, 42.535819], [-76.087643, 42.534882], [-76.087468, 42.533914], [-76.087384, 42.533248], [-76.087318, 42.532497], [-76.087094, 42.530041], [-76.087002, 42.529193], [-76.086913, 42.528665], [-76.086787, 42.528159], [-76.086605, 42.527589], [-76.086498, 42.527313], [-76.08627, 42.526812], [-76.085973, 42.526223], [-76.085728, 42.52582], [-76.085337, 42.525256], [-76.082564, 42.521851], [-76.082425, 42.521655], [-76.081895, 42.520889], [-76.081336, 42.51993], [-76.080892, 42.518998], [-76.080692, 42.518525], [-76.080515, 42.518046], [-76.080354, 42.517552], [-76.080237, 42.517111], [-76.080026, 42.516141], [-76.079959, 42.515724], [-76.079894, 42.515145], [-76.079848, 42.514468], [-76.079704, 42.512527], [-76.079508, 42.510159], [-76.079452, 42.509656], [-76.079275, 42.508607], [-76.079163, 42.508117], [-76.078899, 42.507149], [-76.078661, 42.506428], [-76.078484, 42.505939], [-76.078189, 42.505271], [-76.077811, 42.504456], [-76.077376, 42.503652], [-76.076862, 42.502794], [-76.076204, 42.501823], [-76.075483, 42.500853], [-76.074709, 42.499763], [-76.074482, 42.49943], [-76.074005, 42.49864], [-76.073774, 42.498209], [-76.073472, 42.497609], [-76.073184, 42.49689], [-76.072978, 42.496307], [-76.07233, 42.494292], [-76.072136, 42.493736], [-76.07188, 42.493076], [-76.071586, 42.492434], [-76.071124, 42.491615], [-76.070946, 42.491353], [-76.070447, 42.490657], [-76.070058, 42.490172], [-76.069787, 42.489859], [-76.069162, 42.489227], [-76.068639, 42.488748], [-76.0655, 42.486077], [-76.064972, 42.485628], [-76.063651, 42.484502]]",2022-04-19,-76.1029602309249,42.5552229645021,18649205,39316107,,PROPERTY DAMAGE,999,2022,OTHER,2022/04/19,1900-01-01 08:34:00,COLLISION WITH SNOW EMBANKMENT,DAYLIGHT,STRAIGHT/ GRADE,SNOW/ICE,NONE,NOT ENTERED,SNOW,0,1970/01/01,0,0,0,0,1,11102.0,0,NYSP MARATHON SATELLITE,No,409453.32563403,4712014.43455021,Not an intersection crash,,Cortland,,0.0,,Cortlandville,I 81,81I32021113,88.0,T,1-Rural Principal Arterial Interstate,NYSDOT,NYSDOT,Interstate 81,65.0,"V1:(UNSAFE SPEED,PAVEMENT SLIPPERY)",2022-04-19,-76.091137,42.542128
493,Feature,,"Colonie, NY",US,76.0,Exit 3: NY-155 W / Albany Int'l Airport,156160804.0,3317.0,1.0,"[{'x': -73.834552, 'y': 42.701397}, {'x': -73.833719, 'y': 42.702729}, {'x': -73.833323, 'y': 42.703338}, {'x': -73.832858, 'y': 42.704048}, {'x': -73.832415, 'y': 42.704663}, {'x': -73.831877, 'y': 42.705278}, {'x': -73.831189, 'y': 42.705981}, {'x': -73.830498, 'y': 42.706674}, {'x': -73.829659, 'y': 42.707403}, {'x': -73.829253, 'y': 42.707721}, {'x': -73.828466, 'y': 42.708256}, {'x': -73.826457, 'y': 42.709528}, {'x': -73.824338, 'y': 42.710854}, {'x': -73.823436, 'y': 42.711413}, {'x': -73.820703, 'y': 42.713114}, {'x': -73.819602, 'y': 42.713773}, {'x': -73.818212, 'y': 42.714672}, {'x': -73.817274, 'y': 42.715294}, {'x': -73.816947, 'y': 42.71553}, {'x': -73.815916, 'y': 42.716358}, {'x': -73.815011, 'y': 42.717119}, {'x': -73.814518, 'y': 42.717557}, {'x': -73.81445, 'y': 42.717614}, {'x': -73.8141, 'y': 42.717912}, {'x': -73.812135, 'y': 42.719582}, {'x': -73.811165, 'y': 42.720303}, {'x': -73.808949, 'y': 42.721787}, {'x': -73.808492, 'y': 42.722077}, {'x': -73.807827, 'y': 42.72248}, {'x': -73.807054, 'y': 42.722928}]",1650356500908.0,3.0,"[{}, {}, {}, {}, {}, {}, {}]",17.041666666666668,61.35,I-87 N,NONE,NONE,156160804.0,2022-04-19 08:21:40,1,False,LineString,"[[-73.834552, 42.701397], [-73.833719, 42.702729], [-73.833323, 42.703338], [-73.832858, 42.704048], [-73.832415, 42.704663], [-73.831877, 42.705278], [-73.831189, 42.705981], [-73.830498, 42.706674], [-73.829659, 42.707403], [-73.829253, 42.707721], [-73.828466, 42.708256], [-73.826457, 42.709528], [-73.824338, 42.710854], [-73.823436, 42.711413], [-73.820703, 42.713114], [-73.819602, 42.713773], [-73.818212, 42.714672], [-73.817274, 42.715294], [-73.816947, 42.71553], [-73.815916, 42.716358], [-73.815011, 42.717119], [-73.814518, 42.717557], [-73.81445, 42.717614], [-73.8141, 42.717912], [-73.812135, 42.719582], [-73.811165, 42.720303], [-73.808949, 42.721787], [-73.808492, 42.722077], [-73.807827, 42.72248], [-73.807054, 42.722928]]",2022-04-19,-73.8646366205992,42.7114184886693,18650215,39317201,,PROPERTY DAMAGE,999,2022,OVERTAKING,2022/04/19,1900-01-01 07:51:00,COLLISION WITH MOTOR VEHICLE,DAYLIGHT,STRAIGHT AND LEVEL,WET,NONE,NOT ENTERED,RAIN,0,1970/01/01,0,0,0,0,2,10105.0,0,NYSP THRUWAY ALBANY ZONE HEADQUARTERS,No,592974.0,4729394.0,Not an intersection crash,,Albany,,0.0,,Albany,,,,,Unknown,Unknown,Unknown,,,"V1:(PASSING OR LANE USAGE IMPROPERLY,NOT APPLICABLE) / V2:(NOT APPLICABLE,NOT APPLICABLE)",2022-04-19,-73.834552,42.701397
494,Feature,,"Syracuse, NY",US,76.0,to I-81 S Â» Binghamton,215591148.0,1251.0,2.0,"[{'x': -76.162898, 'y': 43.055277}, {'x': -76.162667, 'y': 43.055253}, {'x': -76.161218, 'y': 43.055066}, {'x': -76.160766, 'y': 43.054994}, {'x': -76.160362, 'y': 43.054914}, {'x': -76.159999, 'y': 43.054841}, {'x': -76.158918, 'y': 43.054566}, {'x': -76.158424, 'y': 43.05447}, {'x': -76.158079, 'y': 43.054392}, {'x': -76.157697, 'y': 43.054336}, {'x': -76.157476, 'y': 43.054312}, {'x': -76.15719, 'y': 43.054289}, {'x': -76.156808, 'y': 43.054266}, {'x': -76.154966, 'y': 43.054128}, {'x': -76.154713, 'y': 43.054109}, {'x': -76.154338, 'y': 43.054074}, {'x': -76.153917, 'y': 43.054026}, {'x': -76.153625, 'y': 43.053975}, {'x': -76.153402, 'y': 43.053922}, {'x': -76.153032, 'y': 43.053828}, {'x': -76.15259, 'y': 43.053675}, {'x': -76.152126, 'y': 43.053453}, {'x': -76.151832, 'y': 43.05327}, {'x': -76.151523, 'y': 43.053036}, {'x': -76.15049, 'y': 43.052105}, {'x': -76.15015, 'y': 43.051864}, {'x': -76.149712, 'y': 43.051622}, {'x': -76.149394, 'y': 43.051471}, {'x': -76.149086, 'y': 43.051353}]",1650543925370.0,3.0,"[{}, {}, {}]",9.702777777777778,34.93,I-690 E,NONE,NONE,215591148.0,2022-04-21 12:25:25,3,False,LineString,"[[-76.162898, 43.055277], [-76.162667, 43.055253], [-76.161218, 43.055066], [-76.160766, 43.054994], [-76.160362, 43.054914], [-76.159999, 43.054841], [-76.158918, 43.054566], [-76.158424, 43.05447], [-76.158079, 43.054392], [-76.157697, 43.054336], [-76.157476, 43.054312], [-76.15719, 43.054289], [-76.156808, 43.054266], [-76.154966, 43.054128], [-76.154713, 43.054109], [-76.154338, 43.054074], [-76.153917, 43.054026], [-76.153625, 43.053975], [-76.153402, 43.053922], [-76.153032, 43.053828], [-76.15259, 43.053675], [-76.152126, 43.053453], [-76.151832, 43.05327], [-76.151523, 43.053036], [-76.15049, 43.052105], [-76.15015, 43.051864], [-76.149712, 43.051622], [-76.149394, 43.051471], [-76.149086, 43.051353]]",2022-04-21,-76.1424979828585,43.0443730273274,18656162,39323768,,PROPERTY DAMAGE,999,2022,OVERTAKING,2022/04/21,1900-01-01 12:17:00,COLLISION WITH MOTOR VEHICLE,DAYLIGHT,STRAIGHT AND LEVEL,DRY,TRAFFIC SIGNAL,NOT ENTERED,CLOUDY,0,1970/01/01,0,0,0,0,2,3301.0,0,SYRACUSE PD,No,406943.48000073,4766375.68000111,AT-INTERSECTION,HARRISON ST,Onondaga,SOUTH-EAST,0.0,15000550.0,Syracuse,ALMOND ST,,0.0,F,14-Urban Principal Arterial Other,City or Village,City or Village,HARRISON STREET,30.0,"V1:(TRAFFIC CONTROL DEVICES DISREGARDED,NOT APPLICABLE) / V2:(TRAFFIC CONTROL DEVICES DISREGARDED,NOT APPLICABLE)",2022-04-21,-76.162898,43.055277
495,Feature,,"Buffalo, NY",US,86.0,Exit 2: NY-354 â€¢ Clinton St / US-62 â€¢ Bailey Ave,127229202.0,1122.0,3.0,"[{'x': -78.801334, 'y': 42.876356}, {'x': -78.804939, 'y': 42.876417}, {'x': -78.805905, 'y': 42.876394}, {'x': -78.806602, 'y': 42.876366}, {'x': -78.807364, 'y': 42.876315}, {'x': -78.808211, 'y': 42.876213}, {'x': -78.809289, 'y': 42.876056}, {'x': -78.810212, 'y': 42.875851}, {'x': -78.810985, 'y': 42.875615}, {'x': -78.81172, 'y': 42.875328}, {'x': -78.812363, 'y': 42.875018}, {'x': -78.813125, 'y': 42.87457}, {'x': -78.814061, 'y': 42.87384}]",1651046446415.0,3.0,[{}],8.75,31.5,I-190 N,NONE,NONE,127229202.0,2022-04-27 08:00:46,2,False,LineString,"[[-78.801334, 42.876356], [-78.804939, 42.876417], [-78.805905, 42.876394], [-78.806602, 42.876366], [-78.807364, 42.876315], [-78.808211, 42.876213], [-78.809289, 42.876056], [-78.810212, 42.875851], [-78.810985, 42.875615], [-78.81172, 42.875328], [-78.812363, 42.875018], [-78.813125, 42.87457], [-78.814061, 42.87384]]",2022-04-27,-78.768194240908,42.884305340435,18657900,39325710,,PROPERTY DAMAGE,2,2022,SIDESWIPE,2022/04/27,1900-01-01 07:31:00,COLLISION WITH MOTOR VEHICLE,DAYLIGHT,STRAIGHT AND LEVEL,SNOW/ICE,NONE,"TWO-WAY,DIVIDED,POSITIVE MEDIA BARR",SNOW,1,1970/01/01,0,0,0,0,2,11404.0,0,NYSP THRUWAY BUFFALO,No,192268.40748566,4754858.83579411,Not an intersection crash,,Erie,,0.0,,Cheektowaga,I 90,,88.0,T,11-Urban Principal Arterial Interstate,NYS Thruway,NYS Thruway,NYS Thruway,55.0,"V1:(UNSAFE LANE CHANGE,TIRE FAILURE/INADEQUATE) / V2:(NOT APPLICABLE,NOT APPLICABLE)",2022-04-27,-78.801334,42.876356