,type,properties.blockingAlertUuid,properties.city,properties.country,properties.delay,properties.endNode,properties.id,properties.length,properties.level,properties.line,properties.pubMillis,properties.roadType,properties.segments,properties.speed,properties.speedKMH,properties.street,properties.turnType,properties.type,properties.uuid,properties.utc_timestamp,properties.day_of_week,properties.weekday_weekend,geometry.type,geometry.coordinates,key_date_jams,X,Y,OBJECTID,CaseNumber,MaxInjuryS,CrashSever,RoadwayAcc,CaseYear,CollisionT,CrashDate,CrashTimeF,CrashType,LightCondi,RoadwayCha,RoadSurfac,TrafficCon,TrafficWay,WeatherCon,Commercial,DMVInsertD,NumberOfFa,NumberOfIn,NumberOfOt,NumberOfSe,NumberOfVe,PoliceDept,NonReporta,ReportingA,NonPublicW,UTMEasting,UTMNorthin,Intersecti,ClosestCro,CountyName,DirectionF,DistanceFr,MasterInte,CityTownNa,OnStreet,ReferenceM,ACCESS_CON,DIVIDED,FUNCTIONAL,MAINT_JURI,OWNING_JUR,NAME,POSTED_SPE,ApparentFa,key_date_crashes,jams_x,jams_y
496,Feature,,"Buffalo, NY",US,86.0,Exit 2: NY-354 â€¢ Clinton St / US-62 â€¢ Bailey Ave,127229202.0,1122.0,3.0,"[{'x': -78.801334, 'y': 42.876356}, {'x': -78.804939, 'y': 42.876417}, {'x': -78.805905, 'y': 42.876394}, {'x': -78.806602, 'y': 42.876366}, {'x': -78.807364, 'y': 42.876315}, {'x': -78.808211, 'y': 42.876213}, {'x': -78.809289, 'y': 42.876056}, {'x': -78.810212, 'y': 42.875851}, {'x': -78.810985, 'y': 42.875615}, {'x': -78.81172, 'y': 42.875328}, {'x': -78.812363, 'y': 42.875018}, {'x': -78.813125, 'y': 42.87457}, {'x': -78.814061, 'y': 42.87384}]",1651046446415.0,3.0,[{}],8.75,31.5,I-190 N,NONE,NONE,127229202.0,2022-04-27 08:00:46,2,False,LineString,"[[-78.801334, 42.876356], [-78.804939, 42.876417], [-78.805905, 42.876394], [-78.806602, 42.876366], [-78.807364, 42.876315], [-78.808211, 42.876213], [-78.809289, 42.876056], [-78.810212, 42.875851], [-78.810985, 42.875615], [-78.81172, 42.875328], [-78.812363, 42.875018], [-78.813125, 42.87457], [-78.814061, 42.87384]]",2022-04-27,-78.7896805778149,42.8719799230606,18657775,39325585,C - POSSIBLE INJURY,INJURY,999,2022,REAR END,2022/04/27,1900-01-01 07:55:00,COLLISION WITH MOTOR VEHICLE,DAYLIGHT,STRAIGHT AND LEVEL,WET,NONE,NOT ENTERED,SNOW,0,1970/01/01,0,1,1,0,2,11404.0,0,NYSP THRUWAY BUFFALO,No,190451.8244792,4753568.80477197,Not an intersection crash,,Erie,,0.0,,Cheektowaga,I 90,,89.0,T,11-Urban Principal Arterial Interstate,NYS Thruway,NYS Thruway,NYS Thruway,55.0,"V1:(FOLLOWING TOO CLOSELY,UNSAFE SPEED) / V2:(NOT APPLICABLE,NOT APPLICABLE)",2022-04-27,-78.801334,42.876356
497,Feature,,"Bronx, NY",US,213.0,to I-95 S / Upper Level George Washington Br,667887188.0,188.0,4.0,"[{'x': -73.927662, 'y': 40.845452}, {'x': -73.928785, 'y': 40.845721}, {'x': -73.929426, 'y': 40.845867}, {'x': -73.929793, 'y': 40.845942}]",1651801467841.0,3.0,[{}],0.8361111111111111,3.01,I-95 S,NONE,NONE,667887188.0,2022-05-06 01:44:27,4,False,LineString,"[[-73.927662, 40.845452], [-73.928785, 40.845721], [-73.929426, 40.845867], [-73.929793, 40.845942]]",2022-05-06,-73.9225524393462,40.8504441928284,18669012,39337784,,PROPERTY DAMAGE,888,2022,OVERTAKING,2022/05/06,1900-01-01 02:05:00,COLLISION WITH MOTOR VEHICLE,DARK-ROAD LIGHTED,STRAIGHT AND LEVEL,DRY,NONE,NOT ENTERED,CLEAR,0,1970/01/01,0,0,0,0,2,3030.0,0,NYC PD,No,590820.28681373,4522713.74532193,Not an intersection crash,,Bronx,,0.0,,Bronx,MAJOR DEEGAN EXPY,87IX1M11039,88.0,T,11-Urban Principal Arterial Interstate,NYSDOT,NYSDOT,Major Deegan Exp,50.0,"V1:(DRIVER INATTENTION,UNSAFE LANE CHANGE) / V2:(NOT APPLICABLE,NOT APPLICABLE)",2022-05-06,-73.927662,40.845452
498,Feature,,"Bronx, NY",US,111.0,to I-95 S / Upper Level George Washington Br,667887188.0,188.0,4.0,"[{'x': -73.927662, 'y': 40.845452}, {'x': -73.928785, 'y': 40.845721}, {'x': -73.929426, 'y': 40.845867}, {'x': -73.929793, 'y': 40.845942}]",1651801467841.0,3.0,[{}],1.538888888888889,5.54,I-95 S,NONE,NONE,667887188.0,2022-05-06 01:44:27,4,False,LineString,"[[-73.927662, 40.845452], [-73.928785, 40.845721], [-73.929426, 40.845867], [-73.929793, 40.845942]]",2022-05-06,-73.9225524393462,40.8504441928284,18669012,39337784,,PROPERTY DAMAGE,888,2022,OVERTAKING,2022/05/06,1900-01-01 02:05:00,COLLISION WITH MOTOR VEHICLE,DARK-ROAD LIGHTED,STRAIGHT AND LEVEL,DRY,NONE,NOT ENTERED,CLEAR,0,1970/01/01,0,0,0,0,2,3030.0,0,NYC PD,No,590820.28681373,4522713.74532193,Not an intersection crash,,Bronx,,0.0,,Bronx,MAJOR DEEGAN EXPY,87IX1M11039,88.0,T,11-Urban Principal Arterial Interstate,NYSDOT,NYSDOT,Major Deegan Exp,50.0,"V1:(DRIVER INATTENTION,UNSAFE LANE CHANGE) / V2:(NOT APPLICABLE,NOT APPLICABLE)",2022-05-06,-73.927662,40.845452
499,Feature,,"New Rochelle, NY",US,3251.0,to I-95 S,713545964.0,726.0,4.0,"[{'x': -73.782032, 'y': 40.916198}, {'x': -73.782841, 'y': 40.915139}, {'x': -73.783997, 'y': 40.913555}, {'x': -73.784511, 'y': 40.912751}, {'x': -73.784746, 'y': 40.912277}, {'x': -73.785312, 'y': 40.910915}, {'x': -73.785645, 'y': 40.910291}]",1651919536557.0,3.0,[{}],0.2194444444444444,0.79,I-95 S,NONE,LARGE,713545964.0,2022-05-07 10:32:16,5,True,LineString,"[[-73.782032, 40.916198], [-73.782841, 40.915139], [-73.783997, 40.913555], [-73.784511, 40.912751], [-73.784746, 40.912277], [-73.785312, 40.910915], [-73.785645, 40.910291]]",2022-05-07,-73.7856612570923,40.910187130564,18676860,39346456,,PROPERTY DAMAGE,999,2022,REAR END,2022/05/07,1900-01-01 10:23:00,COLLISION WITH MOTOR VEHICLE,DAYLIGHT,STRAIGHT AND LEVEL,WET,NONE,NOT ENTERED,RAIN,0,1970/01/01,0,0,0,0,2,15905.0,0,SP THRUWAY NEW ROCHELLE,No,602267.35760768,4529496.82523419,INTERSECTION-RELATED,Ramp,Westchester,SOUTH-EAST,1.0,9013773.0,New Rochelle,I 95,,88.0,T,11-Urban Principal Arterial Interstate,NYS Thruway,NYS Thruway,,55.0,"V1:(UNSAFE LANE CHANGE,UNSAFE SPEED) / V2:(NOT APPLICABLE,NOT APPLICABLE)",2022-05-07,-73.782032,40.916198
500,Feature,,"New Rochelle, NY",US,1794.0,I-95 S,713545964.0,2029.0,4.0,"[{'x': -73.781146, 'y': 40.917241}, {'x': -73.7814, 'y': 40.916973}, {'x': -73.781656, 'y': 40.91669}, {'x': -73.782032, 'y': 40.916198}, {'x': -73.782841, 'y': 40.915139}, {'x': -73.783997, 'y': 40.913555}, {'x': -73.784511, 'y': 40.912751}, {'x': -73.784746, 'y': 40.912277}, {'x': -73.785312, 'y': 40.910915}, {'x': -73.785645, 'y': 40.910291}, {'x': -73.786034, 'y': 40.909756}, {'x': -73.786671, 'y': 40.909119}, {'x': -73.787174, 'y': 40.908752}, {'x': -73.787541, 'y': 40.908551}, {'x': -73.788108, 'y': 40.908266}, {'x': -73.788387, 'y': 40.908155}, {'x': -73.789351, 'y': 40.907769}, {'x': -73.789945, 'y': 40.907447}, {'x': -73.790336, 'y': 40.907195}, {'x': -73.790762, 'y': 40.906857}, {'x': -73.791198, 'y': 40.906437}, {'x': -73.791573, 'y': 40.905971}, {'x': -73.791895, 'y': 40.905472}, {'x': -73.792398, 'y': 40.904656}, {'x': -73.792462, 'y': 40.904558}, {'x': -73.793052, 'y': 40.903652}, {'x': -73.79328, 'y': 40.903317}, {'x': -73.793568, 'y': 40.902939}, {'x': -73.794081, 'y': 40.902312}]",1651919536557.0,3.0,"[{}, {}, {}, {}]",1.0833333333333333,3.9,I-95 S,NONE,LARGE,713545964.0,2022-05-07 10:32:16,5,True,LineString,"[[-73.781146, 40.917241], [-73.7814, 40.916973], [-73.781656, 40.91669], [-73.782032, 40.916198], [-73.782841, 40.915139], [-73.783997, 40.913555], [-73.784511, 40.912751], [-73.784746, 40.912277], [-73.785312, 40.910915], [-73.785645, 40.910291], [-73.786034, 40.909756], [-73.786671, 40.909119], [-73.787174, 40.908752], [-73.787541, 40.908551], [-73.788108, 40.908266], [-73.788387, 40.908155], [-73.789351, 40.907769], [-73.789945, 40.907447], [-73.790336, 40.907195], [-73.790762, 40.906857], [-73.791198, 40.906437], [-73.791573, 40.905971], [-73.791895, 40.905472], [-73.792398, 40.904656], [-73.792462, 40.904558], [-73.793052, 40.903652], [-73.79328, 40.903317], [-73.793568, 40.902939], [-73.794081, 40.902312]]",2022-05-07,-73.7856612570923,40.910187130564,18676860,39346456,,PROPERTY DAMAGE,999,2022,REAR END,2022/05/07,1900-01-01 10:23:00,COLLISION WITH MOTOR VEHICLE,DAYLIGHT,STRAIGHT AND LEVEL,WET,NONE,NOT ENTERED,RAIN,0,1970/01/01,0,0,0,0,2,15905.0,0,SP THRUWAY NEW ROCHELLE,No,602267.35760768,4529496.82523419,INTERSECTION-RELATED,Ramp,Westchester,SOUTH-EAST,1.0,9013773.0,New Rochelle,I 95,,88.0,T,11-Urban Principal Arterial Interstate,NYS Thruway,NYS Thruway,,55.0,"V1:(UNSAFE LANE CHANGE,UNSAFE SPEED) / V2:(NOT APPLICABLE,NOT APPLICABLE)",2022-05-07,-73.781146,40.917241
501,Feature,,"Brewster, NY",US,81.0,I-84 E,671944248.0,1774.0,2.0,"[{'x': -73.596665, 'y': 41.389683}, {'x': -73.594359, 'y': 41.388537}, {'x': -73.593273, 'y': 41.387971}, {'x': -73.593273, 'y': 41.387972}, {'x': -73.591921, 'y': 41.387296}, {'x': -73.591001, 'y': 41.386869}, {'x': -73.586189, 'y': 41.384502}, {'x': -73.585481, 'y': 41.384183}, {'x': -73.584777, 'y': 41.383907}, {'x': -73.584166, 'y': 41.383698}, {'x': -73.583481, 'y': 41.383491}, {'x': -73.582684, 'y': 41.383295}, {'x': -73.582081, 'y': 41.383165}, {'x': -73.581476, 'y': 41.383053}, {'x': -73.58093, 'y': 41.382974}, {'x': -73.580009, 'y': 41.382874}, {'x': -73.579405, 'y': 41.382833}, {'x': -73.578143, 'y': 41.382832}, {'x': -73.57795, 'y': 41.382834}]",1652551801495.0,3.0,"[{}, {}, {}, {}]",12.213888888888889,43.97,I-84 E,NONE,NONE,671944248.0,2022-05-14 18:10:01,5,True,LineString,"[[-73.596665, 41.389683], [-73.594359, 41.388537], [-73.593273, 41.387971], [-73.593273, 41.387972], [-73.591921, 41.387296], [-73.591001, 41.386869], [-73.586189, 41.384502], [-73.585481, 41.384183], [-73.584777, 41.383907], [-73.584166, 41.383698], [-73.583481, 41.383491], [-73.582684, 41.383295], [-73.582081, 41.383165], [-73.581476, 41.383053], [-73.58093, 41.382974], [-73.580009, 41.382874], [-73.579405, 41.382833], [-73.578143, 41.382832], [-73.57795, 41.382834]]",2022-05-14,-73.600284308329,41.3948872455055,18683529,39353592,C - POSSIBLE INJURY,INJURY,0,2022,RIGHT ANGLE,2022/05/14,1900-01-01 18:16:00,COLLISION WITH MOTOR VEHICLE,DAYLIGHT,STRAIGHT AND LEVEL,DRY,NONE,"TWO-WAY,DIVIDED,POSITIVE MEDIA BARR",CLOUDY,1,1970/01/01,0,3,3,0,2,11308.0,0,SP THRUWAY EAST FISHKILL,No,617014.33761292,4583540.01937943,INTERSECTION-RELATED,Ramp,Putnam,SOUTH-EAST,12.0,7010337.0,Southeast,I 84,84I84031095,88.0,T,11-Urban Principal Arterial Interstate,NYSDOT,NYSDOT,,55.0,"V1:(TURNING IMPROPER,FAILURE TO YIELD RIGHT OF WAY) / V2:(NOT APPLICABLE,NOT APPLICABLE)",2022-05-14,-73.596665,41.389683
502,Feature,,"Bronx, NY",US,80.0,I-95 S â€¢ Bruckner Expwy,685475478.0,1210.0,2.0,"[{'x': -73.833836, 'y': 40.870803}, {'x': -73.832894, 'y': 40.868783}, {'x': -73.832568, 'y': 40.868096}, {'x': -73.831743, 'y': 40.866542}, {'x': -73.830542, 'y': 40.864214}, {'x': -73.829911, 'y': 40.862831}, {'x': -73.829755, 'y': 40.862473}, {'x': -73.829605, 'y': 40.862235}, {'x': -73.829328, 'y': 40.861875}, {'x': -73.828918, 'y': 40.861425}, {'x': -73.828798, 'y': 40.861312}, {'x': -73.828247, 'y': 40.860838}]",1652574461488.0,3.0,"[{}, {}, {}, {}, {}]",9.533333333333331,34.32,I-95 S,NONE,NONE,685475478.0,2022-05-15 00:27:41,6,True,LineString,"[[-73.833836, 40.870803], [-73.832894, 40.868783], [-73.832568, 40.868096], [-73.831743, 40.866542], [-73.830542, 40.864214], [-73.829911, 40.862831], [-73.829755, 40.862473], [-73.829605, 40.862235], [-73.829328, 40.861875], [-73.828918, 40.861425], [-73.828798, 40.861312], [-73.828247, 40.860838]]",2022-05-15,-73.8326029616192,40.8685820644623,18680454,39350321,B - INJURY,INJURY,0,2022,OVERTAKING,2022/05/15,1900-01-01 00:05:00,COLLISION WITH MOTOR VEHICLE,DARK-ROAD LIGHTED,STRAIGHT AND LEVEL,WET,NONE,"TWO-WAY,DIVIDED,POSITIVE MEDIA BARR",RAIN,1,1970/01/01,0,1,1,0,2,3030.0,0,NYC PD,No,598375.62000042,4524824.39999981,Not an intersection crash,,Bronx,,0.0,,Bronx,NEW ENGLAND TRWY,,88.0,T,11-Urban Principal Arterial Interstate,NYS Thruway,NYS Thruway,New England Thruway,50.0,"V1:(NOT APPLICABLE,NOT APPLICABLE) / V2:(UNSAFE LANE CHANGE,NOT APPLICABLE)",2022-05-15,-73.833836,40.870803
503,Feature,,"Fishkill, NY",US,104.0,I-84 W,1336790136.0,1184.0,3.0,"[{'x': -73.964883, 'y': 41.521187}, {'x': -73.966298, 'y': 41.520181}, {'x': -73.966601, 'y': 41.519994}, {'x': -73.967366, 'y': 41.519562}, {'x': -73.968668, 'y': 41.518998}, {'x': -73.96975, 'y': 41.518632}, {'x': -73.970521, 'y': 41.518433}, {'x': -73.971711, 'y': 41.518174}, {'x': -73.973185, 'y': 41.517982}, {'x': -73.974589, 'y': 41.517906}, {'x': -73.976111, 'y': 41.517946}, {'x': -73.977823, 'y': 41.518059}]",1653623925582.0,3.0,"[{}, {}]",8.072222222222223,29.06,I-84 W,NONE,NONE,1336790136.0,2022-05-27 03:58:45,4,False,LineString,"[[-73.964883, 41.521187], [-73.966298, 41.520181], [-73.966601, 41.519994], [-73.967366, 41.519562], [-73.968668, 41.518998], [-73.96975, 41.518632], [-73.970521, 41.518433], [-73.971711, 41.518174], [-73.973185, 41.517982], [-73.974589, 41.517906], [-73.976111, 41.517946], [-73.977823, 41.518059]]",2022-05-27,-73.9955214563735,41.5193549066556,18695126,39366235,,PROPERTY DAMAGE,999,2022,OTHER,2022/05/27,1900-01-01 04:20:00,COLLISION WITH MOTOR VEHICLE,DARK-ROAD UNLIGHTED,STRAIGHT AND LEVEL,DRY,NO PASSING ZONE,NOT ENTERED,CLOUDY,0,1970/01/01,0,0,0,0,3,11301.0,0,WAPPINGER SP,No,583812.12481164,4596900.0092771,Not an intersection crash,,Dutchess,,0.0,,Fishkill,I 84,84I82021001,,,Unknown,Unknown,Unknown,,,"V1:(FOLLOWING TOO CLOSELY,NOT APPLICABLE) / V2:(UNSAFE LANE CHANGE,NOT APPLICABLE) / V3:(NOT APPLICABLE,NOT APPLICABLE)",2022-05-27,-73.964883,41.521187
504,Feature,,"Fishkill, NY",US,104.0,I-84 W,1336790136.0,1184.0,3.0,"[{'x': -73.964883, 'y': 41.521187}, {'x': -73.966298, 'y': 41.520181}, {'x': -73.966601, 'y': 41.519994}, {'x': -73.967366, 'y': 41.519562}, {'x': -73.968668, 'y': 41.518998}, {'x': -73.96975, 'y': 41.518632}, {'x': -73.970521, 'y': 41.518433}, {'x': -73.971711, 'y': 41.518174}, {'x': -73.973185, 'y': 41.517982}, {'x': -73.974589, 'y': 41.517906}, {'x': -73.976111, 'y': 41.517946}, {'x': -73.977823, 'y': 41.518059}]",1653623925582.0,3.0,"[{}, {}]",8.072222222222223,29.06,I-84 W,NONE,NONE,1336790136.0,2022-05-27 03:58:45,4,False,LineString,"[[-73.964883, 41.521187], [-73.966298, 41.520181], [-73.966601, 41.519994], [-73.967366, 41.519562], [-73.968668, 41.518998], [-73.96975, 41.518632], [-73.970521, 41.518433], [-73.971711, 41.518174], [-73.973185, 41.517982], [-73.974589, 41.517906], [-73.976111, 41.517946], [-73.977823, 41.518059]]",2022-05-27,-73.9934804477296,41.5191181834634,18695904,39367220,B - INJURY,INJURY,999,2022,REAR END,2022/05/27,1900-01-01 03:47:00,COLLISION WITH MOTOR VEHICLE,DARK-ROAD UNLIGHTED,STRAIGHT AND LEVEL,DRY,HIGHWAY WORK AREA,NOT ENTERED,CLEAR,0,2022/08/30,0,2,2,0,2,,0,SP THRUWAY EAST FISHKILL,No,583982.73160928,4596875.70920466,Not an intersection crash,INTERSTATE 84,Dutchess,3.0,977.16311844,,Fishkill,INTERSTATE 84 EASTBOUND,84I82021002,,,Unknown,Unknown,Unknown,,,"V1:(FOLLOWING TOO CLOSELY,ALCOHOL INVOLVEMENT) / V2:(NOT APPLICABLE,NOT APPLICABLE)",2022-05-27,-73.964883,41.521187
505,Feature,,"Newburgh, NY",US,72.0,I-84 E,1336890526.0,1486.0,2.0,"[{'x': -74.014639, 'y': 41.520019}, {'x': -74.014635, 'y': 41.520021}, {'x': -74.01288, 'y': 41.520608}, {'x': -74.01235, 'y': 41.520753}, {'x': -74.011569, 'y': 41.520828}, {'x': -74.011126, 'y': 41.52084}, {'x': -74.010373, 'y': 41.520808}, {'x': -73.997155, 'y': 41.51952}]",1653624706451.0,3.0,"[{}, {}]",11.344444444444443,40.84,I-84 E,NONE,NONE,1336890526.0,2022-05-27 04:11:46,4,False,LineString,"[[-74.014639, 41.520019], [-74.014635, 41.520021], [-74.01288, 41.520608], [-74.01235, 41.520753], [-74.011569, 41.520828], [-74.011126, 41.52084], [-74.010373, 41.520808], [-73.997155, 41.51952]]",2022-05-27,-73.9955214563735,41.5193549066556,18695126,39366235,,PROPERTY DAMAGE,999,2022,OTHER,2022/05/27,1900-01-01 04:20:00,COLLISION WITH MOTOR VEHICLE,DARK-ROAD UNLIGHTED,STRAIGHT AND LEVEL,DRY,NO PASSING ZONE,NOT ENTERED,CLOUDY,0,1970/01/01,0,0,0,0,3,11301.0,0,WAPPINGER SP,No,583812.12481164,4596900.0092771,Not an intersection crash,,Dutchess,,0.0,,Fishkill,I 84,84I82021001,,,Unknown,Unknown,Unknown,,,"V1:(FOLLOWING TOO CLOSELY,NOT APPLICABLE) / V2:(UNSAFE LANE CHANGE,NOT APPLICABLE) / V3:(NOT APPLICABLE,NOT APPLICABLE)",2022-05-27,-74.014639,41.520019
506,Feature,,"Newburgh, NY",US,72.0,I-84 E,1336890526.0,1486.0,2.0,"[{'x': -74.014639, 'y': 41.520019}, {'x': -74.014635, 'y': 41.520021}, {'x': -74.01288, 'y': 41.520608}, {'x': -74.01235, 'y': 41.520753}, {'x': -74.011569, 'y': 41.520828}, {'x': -74.011126, 'y': 41.52084}, {'x': -74.010373, 'y': 41.520808}, {'x': -73.997155, 'y': 41.51952}]",1653624706451.0,3.0,"[{}, {}]",11.344444444444443,40.84,I-84 E,NONE,NONE,1336890526.0,2022-05-27 04:11:46,4,False,LineString,"[[-74.014639, 41.520019], [-74.014635, 41.520021], [-74.01288, 41.520608], [-74.01235, 41.520753], [-74.011569, 41.520828], [-74.011126, 41.52084], [-74.010373, 41.520808], [-73.997155, 41.51952]]",2022-05-27,-73.9934804477296,41.5191181834634,18695904,39367220,B - INJURY,INJURY,999,2022,REAR END,2022/05/27,1900-01-01 03:47:00,COLLISION WITH MOTOR VEHICLE,DARK-ROAD UNLIGHTED,STRAIGHT AND LEVEL,DRY,HIGHWAY WORK AREA,NOT ENTERED,CLEAR,0,2022/08/30,0,2,2,0,2,,0,SP THRUWAY EAST FISHKILL,No,583982.73160928,4596875.70920466,Not an intersection crash,INTERSTATE 84,Dutchess,3.0,977.16311844,,Fishkill,INTERSTATE 84 EASTBOUND,84I82021002,,,Unknown,Unknown,Unknown,,,"V1:(FOLLOWING TOO CLOSELY,ALCOHOL INVOLVEMENT) / V2:(NOT APPLICABLE,NOT APPLICABLE)",2022-05-27,-74.014639,41.520019
507,Feature,,"Beacon, NY",US,60.0,I-84 E,1336930932.0,1632.0,2.0,"[{'x': -73.997155, 'y': 41.51952}, {'x': -73.982019, 'y': 41.517973}, {'x': -73.981394, 'y': 41.517907}, {'x': -73.980615, 'y': 41.517854}, {'x': -73.979855, 'y': 41.517813}, {'x': -73.977759, 'y': 41.517796}]",1653625054823.0,3.0,"[{}, {}]",13.202777777777778,47.53,I-84 E,NONE,NONE,1336930932.0,2022-05-27 04:17:34,4,False,LineString,"[[-73.997155, 41.51952], [-73.982019, 41.517973], [-73.981394, 41.517907], [-73.980615, 41.517854], [-73.979855, 41.517813], [-73.977759, 41.517796]]",2022-05-27,-73.9955214563735,41.5193549066556,18695126,39366235,,PROPERTY DAMAGE,999,2022,OTHER,2022/05/27,1900-01-01 04:20:00,COLLISION WITH MOTOR VEHICLE,DARK-ROAD UNLIGHTED,STRAIGHT AND LEVEL,DRY,NO PASSING ZONE,NOT ENTERED,CLOUDY,0,1970/01/01,0,0,0,0,3,11301.0,0,WAPPINGER SP,No,583812.12481164,4596900.0092771,Not an intersection crash,,Dutchess,,0.0,,Fishkill,I 84,84I82021001,,,Unknown,Unknown,Unknown,,,"V1:(FOLLOWING TOO CLOSELY,NOT APPLICABLE) / V2:(UNSAFE LANE CHANGE,NOT APPLICABLE) / V3:(NOT APPLICABLE,NOT APPLICABLE)",2022-05-27,-73.997155,41.51952
508,Feature,,"Beacon, NY",US,60.0,I-84 E,1336930932.0,1632.0,2.0,"[{'x': -73.997155, 'y': 41.51952}, {'x': -73.982019, 'y': 41.517973}, {'x': -73.981394, 'y': 41.517907}, {'x': -73.980615, 'y': 41.517854}, {'x': -73.979855, 'y': 41.517813}, {'x': -73.977759, 'y': 41.517796}]",1653625054823.0,3.0,"[{}, {}]",13.202777777777778,47.53,I-84 E,NONE,NONE,1336930932.0,2022-05-27 04:17:34,4,False,LineString,"[[-73.997155, 41.51952], [-73.982019, 41.517973], [-73.981394, 41.517907], [-73.980615, 41.517854], [-73.979855, 41.517813], [-73.977759, 41.517796]]",2022-05-27,-73.9934804477296,41.5191181834634,18695904,39367220,B - INJURY,INJURY,999,2022,REAR END,2022/05/27,1900-01-01 03:47:00,COLLISION WITH MOTOR VEHICLE,DARK-ROAD UNLIGHTED,STRAIGHT AND LEVEL,DRY,HIGHWAY WORK AREA,NOT ENTERED,CLEAR,0,2022/08/30,0,2,2,0,2,,0,SP THRUWAY EAST FISHKILL,No,583982.73160928,4596875.70920466,Not an intersection crash,INTERSTATE 84,Dutchess,3.0,977.16311844,,Fishkill,INTERSTATE 84 EASTBOUND,84I82021002,,,Unknown,Unknown,Unknown,,,"V1:(FOLLOWING TOO CLOSELY,ALCOHOL INVOLVEMENT) / V2:(NOT APPLICABLE,NOT APPLICABLE)",2022-05-27,-73.997155,41.51952
509,Feature,,"Newburgh, NY",US,101.0,I-84 E,1337142998.0,1113.0,3.0,"[{'x': -74.010373, 'y': 41.520808}, {'x': -73.997155, 'y': 41.51952}]",1653627037377.0,3.0,[{}],7.644444444444445,27.52,I-84 E,NONE,NONE,1337142998.0,2022-05-27 04:50:37,4,False,LineString,"[[-74.010373, 41.520808], [-73.997155, 41.51952]]",2022-05-27,-73.9955214563735,41.5193549066556,18695126,39366235,,PROPERTY DAMAGE,999,2022,OTHER,2022/05/27,1900-01-01 04:20:00,COLLISION WITH MOTOR VEHICLE,DARK-ROAD UNLIGHTED,STRAIGHT AND LEVEL,DRY,NO PASSING ZONE,NOT ENTERED,CLOUDY,0,1970/01/01,0,0,0,0,3,11301.0,0,WAPPINGER SP,No,583812.12481164,4596900.0092771,Not an intersection crash,,Dutchess,,0.0,,Fishkill,I 84,84I82021001,,,Unknown,Unknown,Unknown,,,"V1:(FOLLOWING TOO CLOSELY,NOT APPLICABLE) / V2:(UNSAFE LANE CHANGE,NOT APPLICABLE) / V3:(NOT APPLICABLE,NOT APPLICABLE)",2022-05-27,-74.010373,41.520808
510,Feature,,"Newburgh, NY",US,92.0,I-84 E,1337142998.0,1113.0,3.0,"[{'x': -74.010373, 'y': 41.520808}, {'x': -73.997155, 'y': 41.51952}]",1653627037377.0,3.0,[{}],8.097222222222221,29.15,I-84 E,NONE,NONE,1337142998.0,2022-05-27 04:50:37,4,False,LineString,"[[-74.010373, 41.520808], [-73.997155, 41.51952]]",2022-05-27,-73.9955214563735,41.5193549066556,18695126,39366235,,PROPERTY DAMAGE,999,2022,OTHER,2022/05/27,1900-01-01 04:20:00,COLLISION WITH MOTOR VEHICLE,DARK-ROAD UNLIGHTED,STRAIGHT AND LEVEL,DRY,NO PASSING ZONE,NOT ENTERED,CLOUDY,0,1970/01/01,0,0,0,0,3,11301.0,0,WAPPINGER SP,No,583812.12481164,4596900.0092771,Not an intersection crash,,Dutchess,,0.0,,Fishkill,I 84,84I82021001,,,Unknown,Unknown,Unknown,,,"V1:(FOLLOWING TOO CLOSELY,NOT APPLICABLE) / V2:(UNSAFE LANE CHANGE,NOT APPLICABLE) / V3:(NOT APPLICABLE,NOT APPLICABLE)",2022-05-27,-74.010373,41.520808
511,Feature,,"Plattsburgh, NY",US,63.0,Exit 37: NY-3 Â» Plattsburgh,185760962.0,3643.0,1.0,"[{'x': -73.459107, 'y': 44.717048}, {'x': -73.462737, 'y': 44.715105}, {'x': -73.465581, 'y': 44.713585}, {'x': -73.468822, 'y': 44.71185}, {'x': -73.470191, 'y': 44.71109}, {'x': -73.47251, 'y': 44.709839}, {'x': -73.482297, 'y': 44.704281}, {'x': -73.485112, 'y': 44.702674}, {'x': -73.48566, 'y': 44.702339}, {'x': -73.486142, 'y': 44.702019}, {'x': -73.486735, 'y': 44.701589}, {'x': -73.487299, 'y': 44.70113}, {'x': -73.487816, 'y': 44.700654}, {'x': -73.48835, 'y': 44.7001}, {'x': -73.488653, 'y': 44.69975}, {'x': -73.48899, 'y': 44.699319}, {'x': -73.489418, 'y': 44.698684}, {'x': -73.489704, 'y': 44.698197}, {'x': -73.489965, 'y': 44.697667}, {'x': -73.490189, 'y': 44.697129}, {'x': -73.490275, 'y': 44.696878}, {'x': -73.490427, 'y': 44.696406}, {'x': -73.490855, 'y': 44.694594}]",1656995417179.0,3.0,"[{}, {}, {}, {}, {}, {}]",19.93055555555556,71.75,I-87 S,NONE,NONE,185760962.0,2022-07-05 04:30:17,1,False,LineString,"[[-73.459107, 44.717048], [-73.462737, 44.715105], [-73.465581, 44.713585], [-73.468822, 44.71185], [-73.470191, 44.71109], [-73.47251, 44.709839], [-73.482297, 44.704281], [-73.485112, 44.702674], [-73.48566, 44.702339], [-73.486142, 44.702019], [-73.486735, 44.701589], [-73.487299, 44.70113], [-73.487816, 44.700654], [-73.48835, 44.7001], [-73.488653, 44.69975], [-73.48899, 44.699319], [-73.489418, 44.698684], [-73.489704, 44.698197], [-73.489965, 44.697667], [-73.490189, 44.697129], [-73.490275, 44.696878], [-73.490427, 44.696406], [-73.490855, 44.694594]]",2022-07-05,-73.4824586703069,44.7041887576719,18737600,39417387,,PROPERTY DAMAGE,999,2022,OTHER,2022/07/05,1900-01-01 04:49:00,COLLISION WITH DEER,DAWN,STRAIGHT AND LEVEL,DRY,NONE,NOT ENTERED,CLEAR,0,1970/01/01,0,0,0,0,1,10906.0,0,STATE POLICE VALCOUR,No,620219.46495334,4951210.44081381,Not an intersection crash,Connecting Road,Clinton,7.0,580.0,,Plattsburgh,I 87,87I71051153,88.0,T,11-Urban Principal Arterial Interstate,NYSDOT,NYSDOT,,65.0,"V1:(ANIMALS ACTION,NOT APPLICABLE)",2022-07-05,-73.459107,44.717048